version 1

nodes
0 "Object01" -1
1 "zx01" 0
2 "zx02" 0
3 "joint4" 2
4 "joint5" 3
5 "joint6" 2
6 "joint7" 5
7 "joint8" 2
8 "joint9" 7
9 "joint10" 2
10 "joint11" 9
11 "joint12" 2
end

skeleton
time 0
0 0.000006 -36.000000 0.000011 1.570796 -0.000000 0.000000
1 0.000001 0.000022 -63.344849 0.000000 -0.000000 0.000000
2 -0.000012 -0.000020 31.595551 0.000000 -0.000000 -0.279253
3 -4.874016 17.520721 3.704285 -2.898099 0.071210 -3.141592
4 0.000000 0.000000 22.152386 0.000000 -0.000000 0.000000
5 5.375000 -18.145748 4.148399 -2.872393 0.073546 0.000000
6 0.000000 0.000000 23.000437 0.000000 -0.000000 0.000000
7 17.229124 5.000000 2.665062 3.068758 0.256878 0.000000
8 0.000000 0.000000 20.585697 0.000000 -0.000000 0.000000
9 -17.253017 -5.000000 3.665054 3.072937 0.244312 -3.141592
10 0.000000 0.000000 21.309191 0.000000 -0.000000 0.000000
11 0.000553 0.000000 8.622208 0.000000 -0.000000 0.000000
end

triangles
StkOfkingDanielas1.tga
2 2.436736 -65.953102 -14.348571 0.863184 0.243200 0.442412 0.314000 0.655600
2 1.731370 -59.442101 -16.045786 0.837748 -0.122400 0.532202 0.409000 0.526900
2 -1.583710 -59.442101 -16.060223 -0.833988 0.091100 0.544262 0.409000 0.526900
StkOfkingDanielas1.tga
2 2.436736 -65.953102 -14.348571 0.863184 0.243200 0.442412 0.314000 0.655600
2 -1.583710 -59.442101 -16.060223 -0.833988 0.091100 0.544262 0.409000 0.526900
2 -2.303852 -65.953102 -14.369182 -0.969560 0.186900 0.158175 0.314000 0.655600
StkOfkingDanielas1.tga
2 1.731370 -59.442101 -16.045786 0.837748 -0.122400 0.532202 0.409000 0.526900
2 1.504505 -49.327499 -10.695927 0.966874 0.040400 0.251849 0.108900 0.326900
2 -1.403537 -49.327499 -10.708661 -0.859361 -0.113900 0.498587 0.108900 0.326900
StkOfkingDanielas1.tga
2 1.731370 -59.442101 -16.045786 0.837748 -0.122400 0.532202 0.409000 0.526900
2 -1.403537 -49.327499 -10.708661 -0.859361 -0.113900 0.498587 0.108900 0.326900
2 -1.583710 -59.442101 -16.060223 -0.833988 0.091100 0.544262 0.409000 0.526900
StkOfkingDanielas1.tga
2 1.504505 -49.327499 -10.695927 0.966874 0.040400 0.251849 0.108900 0.326900
2 0.052247 -34.828602 -11.110991 -0.001963 0.907900 0.419075 0.131800 0.040300
2 -1.403537 -49.327499 -10.708661 -0.859361 -0.113900 0.498587 0.108900 0.326900
StkOfkingDanielas1.tga
2 0.114735 -81.530502 -25.439589 0.003095 -0.713100 -0.701009 0.806700 0.916400
2 3.135319 -77.194504 -16.914936 0.697785 -0.371300 0.612595 0.672400 0.874500
2 -2.980096 -77.194504 -16.941622 -0.885706 -0.378400 0.268849 0.636100 0.894500
StkOfkingDanielas1.tga
2 3.135319 -77.194504 -16.914936 0.697785 -0.371300 0.612595 0.672400 0.874500
2 3.131095 -71.894989 -15.951375 0.899030 -0.433400 0.062411 0.562800 0.854200
2 -2.984219 -71.894989 -15.978070 -0.933376 -0.245100 0.262232 0.541800 0.865200
StkOfkingDanielas1.tga
2 3.135319 -77.194504 -16.914936 0.697785 -0.371300 0.612595 0.672400 0.874500
2 -2.984219 -71.894989 -15.978070 -0.933376 -0.245100 0.262232 0.541800 0.865200
2 -2.980096 -77.194504 -16.941622 -0.885706 -0.378400 0.268849 0.636100 0.894500
StkOfkingDanielas1.tga
2 3.131095 -71.894989 -15.951375 0.899030 -0.433400 0.062411 0.562800 0.854200
2 2.154923 -70.953400 -10.559620 0.709824 -0.660800 0.243894 0.447300 0.828800
2 -2.055156 -70.953400 -10.577956 -0.448664 -0.864100 0.227897 0.447300 0.828800
StkOfkingDanielas1.tga
2 3.131095 -71.894989 -15.951375 0.899030 -0.433400 0.062411 0.562800 0.854200
2 -2.055156 -70.953400 -10.577956 -0.448664 -0.864100 0.227897 0.447300 0.828800
2 -2.984219 -71.894989 -15.978070 -0.933376 -0.245100 0.262232 0.541800 0.865200
StkOfkingDanielas1.tga
2 1.504505 -49.327499 -10.695927 0.966874 0.040400 0.251849 0.108900 0.326900
2 0.062358 -48.845795 -13.432303 0.004022 0.381100 -0.924523 0.334500 0.278800
2 0.052247 -34.828602 -11.110991 -0.001963 0.907900 0.419075 0.131800 0.040300
StkOfkingDanielas1.tga
2 0.102164 -76.231003 -22.548914 0.004227 0.247700 -0.968795 0.773200 0.858800
2 3.135319 -77.194504 -16.914936 0.697785 -0.371300 0.612595 0.458000 0.877800
2 0.114735 -81.530502 -25.439589 0.003095 -0.713100 -0.701009 0.935300 0.963500
StkOfkingDanielas1.tga
2 3.131095 -71.894989 -15.951375 0.899030 -0.433400 0.062411 0.404000 0.773000
2 2.436736 -65.953102 -14.348571 0.863184 0.243200 0.442412 0.314000 0.655600
2 2.154923 -70.953400 -10.559620 0.709824 -0.660800 0.243894 0.101400 0.754400
StkOfkingDanielas1.tga
2 1.504505 -49.327499 -10.695927 0.966874 0.040400 0.251849 0.108900 0.326900
2 0.094102 -59.442101 -20.710129 0.003883 0.441000 -0.897436 0.742600 0.488200
2 0.062358 -48.845795 -13.432303 0.004022 0.381100 -0.924523 0.334500 0.278800
StkOfkingDanielas1.tga
2 1.731370 -59.442101 -16.045786 0.837748 -0.122400 0.532202 0.409000 0.526900
2 0.094102 -59.442101 -20.710129 0.003883 0.441000 -0.897436 0.742600 0.488200
2 1.504505 -49.327499 -10.695927 0.966874 0.040400 0.251849 0.108900 0.326900
StkOfkingDanielas1.tga
2 1.731370 -59.442101 -16.045786 0.837748 -0.122400 0.532202 0.409000 0.526900
2 0.100750 -69.004402 -22.227797 0.004218 0.207300 -0.978259 0.900100 0.740100
2 0.094102 -59.442101 -20.710129 0.003883 0.441000 -0.897436 0.742600 0.488200
StkOfkingDanielas1.tga
2 2.436736 -65.953102 -14.348571 0.863184 0.243200 0.442412 0.314000 0.655600
2 0.100750 -69.004402 -22.227797 0.004218 0.207300 -0.978259 0.900100 0.740100
2 1.731370 -59.442101 -16.045786 0.837748 -0.122400 0.532202 0.409000 0.526900
StkOfkingDanielas1.tga
2 3.131095 -71.894989 -15.951375 0.899030 -0.433400 0.062411 0.404000 0.773000
2 0.100750 -69.004402 -22.227797 0.004218 0.207300 -0.978259 0.900100 0.740100
2 2.436736 -65.953102 -14.348571 0.863184 0.243200 0.442412 0.314000 0.655600
StkOfkingDanielas1.tga
2 3.131095 -71.894989 -15.951375 0.899030 -0.433400 0.062411 0.404000 0.773000
2 0.102164 -76.231003 -22.548914 0.004227 0.247700 -0.968795 0.773200 0.858800
2 0.100750 -69.004402 -22.227797 0.004218 0.207300 -0.978259 0.900100 0.740100
StkOfkingDanielas1.tga
2 3.131095 -71.894989 -15.951375 0.899030 -0.433400 0.062411 0.404000 0.773000
2 3.135319 -77.194504 -16.914936 0.697785 -0.371300 0.612595 0.458000 0.877800
2 0.102164 -76.231003 -22.548914 0.004227 0.247700 -0.968795 0.773200 0.858800
StkOfkingDanielas1.tga
2 -1.403537 -49.327499 -10.708661 -0.859361 -0.113900 0.498587 0.108900 0.326900
2 0.052247 -34.828602 -11.110991 -0.001963 0.907900 0.419075 0.131800 0.040300
2 0.062358 -48.845795 -13.432303 0.004022 0.381100 -0.924523 0.334500 0.278800
StkOfkingDanielas1.tga
2 0.102164 -76.231003 -22.548914 0.004227 0.247700 -0.968795 0.773200 0.858800
2 0.114735 -81.530502 -25.439589 0.003095 -0.713100 -0.701009 0.935300 0.963500
2 -2.980096 -77.194504 -16.941622 -0.885706 -0.378400 0.268849 0.458000 0.877800
StkOfkingDanielas1.tga
2 -2.984219 -71.894989 -15.978070 -0.933376 -0.245100 0.262232 0.404000 0.773000
2 -2.055156 -70.953400 -10.577956 -0.448664 -0.864100 0.227897 0.101400 0.754400
2 -2.303852 -65.953102 -14.369182 -0.969560 0.186900 0.158175 0.314000 0.655600
StkOfkingDanielas1.tga
2 -1.403537 -49.327499 -10.708661 -0.859361 -0.113900 0.498587 0.108900 0.326900
2 0.062358 -48.845795 -13.432303 0.004022 0.381100 -0.924523 0.334500 0.278800
2 0.094102 -59.442101 -20.710129 0.003883 0.441000 -0.897436 0.742600 0.488200
StkOfkingDanielas1.tga
2 -1.583710 -59.442101 -16.060223 -0.833988 0.091100 0.544262 0.409000 0.526900
2 -1.403537 -49.327499 -10.708661 -0.859361 -0.113900 0.498587 0.108900 0.326900
2 0.094102 -59.442101 -20.710129 0.003883 0.441000 -0.897436 0.742600 0.488200
StkOfkingDanielas1.tga
2 -1.583710 -59.442101 -16.060223 -0.833988 0.091100 0.544262 0.409000 0.526900
2 0.094102 -59.442101 -20.710129 0.003883 0.441000 -0.897436 0.742600 0.488200
2 0.100750 -69.004402 -22.227797 0.004218 0.207300 -0.978259 0.900100 0.740100
StkOfkingDanielas1.tga
2 -2.303852 -65.953102 -14.369182 -0.969560 0.186900 0.158175 0.314000 0.655600
2 -1.583710 -59.442101 -16.060223 -0.833988 0.091100 0.544262 0.409000 0.526900
2 0.100750 -69.004402 -22.227797 0.004218 0.207300 -0.978259 0.900100 0.740100
StkOfkingDanielas1.tga
2 -2.984219 -71.894989 -15.978070 -0.933376 -0.245100 0.262232 0.404000 0.773000
2 -2.303852 -65.953102 -14.369182 -0.969560 0.186900 0.158175 0.314000 0.655600
2 0.100750 -69.004402 -22.227797 0.004218 0.207300 -0.978259 0.900100 0.740100
StkOfkingDanielas1.tga
2 -2.984219 -71.894989 -15.978070 -0.933376 -0.245100 0.262232 0.404000 0.773000
2 0.100750 -69.004402 -22.227797 0.004218 0.207300 -0.978259 0.900100 0.740100
2 0.102164 -76.231003 -22.548914 0.004227 0.247700 -0.968795 0.773200 0.858800
StkOfkingDanielas1.tga
2 -2.984219 -71.894989 -15.978070 -0.933376 -0.245100 0.262232 0.404000 0.773000
2 0.102164 -76.231003 -22.548914 0.004227 0.247700 -0.968795 0.773200 0.858800
2 -2.980096 -77.194504 -16.941622 -0.885706 -0.378400 0.268849 0.458000 0.877800
StkOfkingDanielas1.tga
2 14.312335 -65.953102 2.392729 -0.442412 0.243200 0.863184 0.314000 0.655600
2 16.009655 -59.442104 1.687357 -0.532202 -0.122300 0.837748 0.409000 0.526900
2 16.024088 -59.442101 -1.627723 -0.544262 0.091100 -0.833988 0.409000 0.526900
StkOfkingDanielas1.tga
2 14.312335 -65.953102 2.392729 -0.442412 0.243200 0.863184 0.314000 0.655600
2 16.024088 -59.442101 -1.627723 -0.544262 0.091100 -0.833988 0.409000 0.526900
2 14.333046 -65.953102 -2.347867 -0.158175 0.186900 -0.969560 0.314000 0.655600
StkOfkingDanielas1.tga
2 16.009655 -59.442104 1.687357 -0.532202 -0.122300 0.837748 0.409000 0.526900
2 10.659795 -49.327499 1.460491 -0.251849 0.040400 0.966874 0.108900 0.326900
2 10.672529 -49.327499 -1.447552 -0.498587 -0.113900 -0.859361 0.108900 0.326900
StkOfkingDanielas1.tga
2 16.009655 -59.442104 1.687357 -0.532202 -0.122300 0.837748 0.409000 0.526900
2 10.672529 -49.327499 -1.447552 -0.498587 -0.113900 -0.859361 0.108900 0.326900
2 16.024088 -59.442101 -1.627723 -0.544262 0.091100 -0.833988 0.409000 0.526900
StkOfkingDanielas1.tga
2 10.659795 -49.327499 1.460491 -0.251849 0.040400 0.966874 0.108900 0.326900
2 11.074868 -34.828602 0.008231 -0.419075 0.907900 -0.001963 0.131800 0.040300
2 10.672529 -49.327499 -1.447552 -0.498587 -0.113900 -0.859361 0.108900 0.326900
StkOfkingDanielas1.tga
2 25.403444 -81.530502 0.070720 0.701009 -0.713200 0.003096 0.806700 0.916400
2 16.878798 -77.194504 3.091305 -0.612595 -0.371300 0.697785 0.672400 0.874500
2 16.905491 -77.194504 -3.024010 -0.268849 -0.378400 -0.885706 0.636100 0.894500
StkOfkingDanielas1.tga
2 16.878798 -77.194504 3.091305 -0.612595 -0.371300 0.697785 0.672400 0.874500
2 15.915236 -71.895004 3.087080 -0.062411 -0.433400 0.899030 0.562800 0.854200
2 15.941932 -71.894997 -3.028234 -0.262232 -0.245100 -0.933376 0.541800 0.865200
StkOfkingDanielas1.tga
2 16.878798 -77.194504 3.091305 -0.612595 -0.371300 0.697785 0.672400 0.874500
2 15.941932 -71.894997 -3.028234 -0.262232 -0.245100 -0.933376 0.541800 0.865200
2 16.905491 -77.194504 -3.024010 -0.268849 -0.378400 -0.885706 0.636100 0.894500
StkOfkingDanielas1.tga
2 15.915236 -71.895004 3.087080 -0.062411 -0.433400 0.899030 0.562800 0.854200
2 10.523484 -70.953400 2.110909 -0.243894 -0.660800 0.709824 0.447300 0.828800
2 10.541820 -70.953400 -2.099169 -0.227897 -0.864100 -0.448663 0.447300 0.828800
StkOfkingDanielas1.tga
2 15.915236 -71.895004 3.087080 -0.062411 -0.433400 0.899030 0.562800 0.854200
2 10.541820 -70.953400 -2.099169 -0.227897 -0.864100 -0.448663 0.447300 0.828800
2 15.941932 -71.894997 -3.028234 -0.262232 -0.245100 -0.933376 0.541800 0.865200
StkOfkingDanielas1.tga
2 10.659795 -49.327499 1.460491 -0.251849 0.040400 0.966874 0.108900 0.326900
2 13.396172 -48.845802 0.018343 0.924523 0.381100 0.004022 0.334500 0.278800
2 11.074868 -34.828602 0.008231 -0.419075 0.907900 -0.001963 0.131800 0.040300
StkOfkingDanielas1.tga
2 22.512777 -76.231003 0.058147 0.968795 0.247700 0.004227 0.773200 0.858800
2 16.878798 -77.194504 3.091305 -0.612595 -0.371300 0.697785 0.458000 0.877800
2 25.403444 -81.530502 0.070720 0.701009 -0.713200 0.003096 0.935300 0.963500
StkOfkingDanielas1.tga
2 15.915236 -71.895004 3.087080 -0.062411 -0.433400 0.899030 0.404000 0.773000
2 14.312335 -65.953102 2.392729 -0.442412 0.243200 0.863184 0.314000 0.655600
2 10.523484 -70.953400 2.110909 -0.243894 -0.660800 0.709824 0.101400 0.754400
StkOfkingDanielas1.tga
2 10.659795 -49.327499 1.460491 -0.251849 0.040400 0.966874 0.108900 0.326900
2 20.673996 -59.442101 0.050088 0.897436 0.441000 0.003883 0.742600 0.488200
2 13.396172 -48.845802 0.018343 0.924523 0.381100 0.004022 0.334500 0.278800
StkOfkingDanielas1.tga
2 16.009655 -59.442104 1.687357 -0.532202 -0.122300 0.837748 0.409000 0.526900
2 20.673996 -59.442101 0.050088 0.897436 0.441000 0.003883 0.742600 0.488200
2 10.659795 -49.327499 1.460491 -0.251849 0.040400 0.966874 0.108900 0.326900
StkOfkingDanielas1.tga
2 16.009655 -59.442104 1.687357 -0.532202 -0.122300 0.837748 0.409000 0.526900
2 22.191658 -69.004410 0.056736 0.978259 0.207300 0.004218 0.900100 0.740100
2 20.673996 -59.442101 0.050088 0.897436 0.441000 0.003883 0.742600 0.488200
StkOfkingDanielas1.tga
2 14.312335 -65.953102 2.392729 -0.442412 0.243200 0.863184 0.314000 0.655600
2 22.191658 -69.004410 0.056736 0.978259 0.207300 0.004218 0.900100 0.740100
2 16.009655 -59.442104 1.687357 -0.532202 -0.122300 0.837748 0.409000 0.526900
StkOfkingDanielas1.tga
2 15.915236 -71.895004 3.087080 -0.062411 -0.433400 0.899030 0.404000 0.773000
2 22.191658 -69.004410 0.056736 0.978259 0.207300 0.004218 0.900100 0.740100
2 14.312335 -65.953102 2.392729 -0.442412 0.243200 0.863184 0.314000 0.655600
StkOfkingDanielas1.tga
2 15.915236 -71.895004 3.087080 -0.062411 -0.433400 0.899030 0.404000 0.773000
2 22.512777 -76.231003 0.058147 0.968795 0.247700 0.004227 0.773200 0.858800
2 22.191658 -69.004410 0.056736 0.978259 0.207300 0.004218 0.900100 0.740100
StkOfkingDanielas1.tga
2 15.915236 -71.895004 3.087080 -0.062411 -0.433400 0.899030 0.404000 0.773000
2 16.878798 -77.194504 3.091305 -0.612595 -0.371300 0.697785 0.458000 0.877800
2 22.512777 -76.231003 0.058147 0.968795 0.247700 0.004227 0.773200 0.858800
StkOfkingDanielas1.tga
2 10.672529 -49.327499 -1.447552 -0.498587 -0.113900 -0.859361 0.108900 0.326900
2 11.074868 -34.828602 0.008231 -0.419075 0.907900 -0.001963 0.131800 0.040300
2 13.396172 -48.845802 0.018343 0.924523 0.381100 0.004022 0.334500 0.278800
StkOfkingDanielas1.tga
2 22.512777 -76.231003 0.058147 0.968795 0.247700 0.004227 0.773200 0.858800
2 25.403444 -81.530502 0.070720 0.701009 -0.713200 0.003096 0.935300 0.963500
2 16.905491 -77.194504 -3.024010 -0.268849 -0.378400 -0.885706 0.458000 0.877800
StkOfkingDanielas1.tga
2 15.941932 -71.894997 -3.028234 -0.262232 -0.245100 -0.933376 0.404000 0.773000
2 10.541820 -70.953400 -2.099169 -0.227897 -0.864100 -0.448663 0.101400 0.754400
2 14.333046 -65.953102 -2.347867 -0.158175 0.186900 -0.969560 0.314000 0.655600
StkOfkingDanielas1.tga
2 10.672529 -49.327499 -1.447552 -0.498587 -0.113900 -0.859361 0.108900 0.326900
2 13.396172 -48.845802 0.018343 0.924523 0.381100 0.004022 0.334500 0.278800
2 20.673996 -59.442101 0.050088 0.897436 0.441000 0.003883 0.742600 0.488200
StkOfkingDanielas1.tga
2 16.024088 -59.442101 -1.627723 -0.544262 0.091100 -0.833988 0.409000 0.526900
2 10.672529 -49.327499 -1.447552 -0.498587 -0.113900 -0.859361 0.108900 0.326900
2 20.673996 -59.442101 0.050088 0.897436 0.441000 0.003883 0.742600 0.488200
StkOfkingDanielas1.tga
2 16.024088 -59.442101 -1.627723 -0.544262 0.091100 -0.833988 0.409000 0.526900
2 20.673996 -59.442101 0.050088 0.897436 0.441000 0.003883 0.742600 0.488200
2 22.191658 -69.004410 0.056736 0.978259 0.207300 0.004218 0.900100 0.740100
StkOfkingDanielas1.tga
2 14.333046 -65.953102 -2.347867 -0.158175 0.186900 -0.969560 0.314000 0.655600
2 16.024088 -59.442101 -1.627723 -0.544262 0.091100 -0.833988 0.409000 0.526900
2 22.191658 -69.004410 0.056736 0.978259 0.207300 0.004218 0.900100 0.740100
StkOfkingDanielas1.tga
2 15.941932 -71.894997 -3.028234 -0.262232 -0.245100 -0.933376 0.404000 0.773000
2 14.333046 -65.953102 -2.347867 -0.158175 0.186900 -0.969560 0.314000 0.655600
2 22.191658 -69.004410 0.056736 0.978259 0.207300 0.004218 0.900100 0.740100
StkOfkingDanielas1.tga
2 15.941932 -71.894997 -3.028234 -0.262232 -0.245100 -0.933376 0.404000 0.773000
2 22.191658 -69.004410 0.056736 0.978259 0.207300 0.004218 0.900100 0.740100
2 22.512777 -76.231003 0.058147 0.968795 0.247700 0.004227 0.773200 0.858800
StkOfkingDanielas1.tga
2 15.941932 -71.894997 -3.028234 -0.262232 -0.245100 -0.933376 0.404000 0.773000
2 22.512777 -76.231003 0.058147 0.968795 0.247700 0.004227 0.773200 0.858800
2 16.905491 -77.194504 -3.024010 -0.268849 -0.378400 -0.885706 0.458000 0.877800
StkOfkingDanielas1.tga
2 -2.428857 -65.953102 14.268424 -0.863184 0.243200 -0.442412 0.314000 0.655600
2 -1.723490 -59.442101 15.965644 -0.837748 -0.122400 -0.532202 0.409000 0.526900
2 1.591589 -59.442101 15.980079 0.833988 0.091100 -0.544262 0.409000 0.526900
StkOfkingDanielas1.tga
2 -2.428857 -65.953102 14.268424 -0.863184 0.243200 -0.442412 0.314000 0.655600
2 1.591589 -59.442101 15.980079 0.833988 0.091100 -0.544262 0.409000 0.526900
2 2.311731 -65.953102 14.289037 0.969560 0.186900 -0.158175 0.314000 0.655600
StkOfkingDanielas1.tga
2 -1.723490 -59.442101 15.965644 -0.837748 -0.122400 -0.532202 0.409000 0.526900
2 -1.496621 -49.327499 10.615785 -0.966874 0.040400 -0.251849 0.108900 0.326900
2 1.411420 -49.327499 10.628518 0.859361 -0.113900 -0.498587 0.108900 0.326900
StkOfkingDanielas1.tga
2 -1.723490 -59.442101 15.965644 -0.837748 -0.122400 -0.532202 0.409000 0.526900
2 1.411420 -49.327499 10.628518 0.859361 -0.113900 -0.498587 0.108900 0.326900
2 1.591589 -59.442101 15.980079 0.833988 0.091100 -0.544262 0.409000 0.526900
StkOfkingDanielas1.tga
2 -1.496621 -49.327499 10.615785 -0.966874 0.040400 -0.251849 0.108900 0.326900
2 -0.044361 -34.828602 11.030854 0.001963 0.907900 -0.419076 0.131800 0.040300
2 1.411420 -49.327499 10.628518 0.859361 -0.113900 -0.498587 0.108900 0.326900
StkOfkingDanielas1.tga
2 -0.106858 -81.530502 25.359432 -0.003095 -0.713200 0.701009 0.806700 0.916400
2 -3.127443 -77.194504 16.834785 -0.697785 -0.371300 -0.612595 0.672400 0.874500
2 2.987870 -77.194504 16.861479 0.885706 -0.378400 -0.268849 0.636100 0.894500
StkOfkingDanielas1.tga
2 -3.127443 -77.194504 16.834785 -0.697785 -0.371300 -0.612595 0.672400 0.874500
2 -3.123218 -71.895004 15.871225 -0.899030 -0.433400 -0.062411 0.562800 0.854200
2 2.992095 -71.895004 15.897920 0.933376 -0.245100 -0.262232 0.541800 0.865200
StkOfkingDanielas1.tga
2 -3.127443 -77.194504 16.834785 -0.697785 -0.371300 -0.612595 0.672400 0.874500
2 2.992095 -71.895004 15.897920 0.933376 -0.245100 -0.262232 0.541800 0.865200
2 2.987870 -77.194504 16.861479 0.885706 -0.378400 -0.268849 0.636100 0.894500
StkOfkingDanielas1.tga
2 -3.123218 -71.895004 15.871225 -0.899030 -0.433400 -0.062411 0.562800 0.854200
2 -2.147044 -70.953400 10.479474 -0.709824 -0.660800 -0.243894 0.447300 0.828800
2 2.063033 -70.953400 10.497809 0.448664 -0.864100 -0.227897 0.447300 0.828800
StkOfkingDanielas1.tga
2 -3.123218 -71.895004 15.871225 -0.899030 -0.433400 -0.062411 0.562800 0.854200
2 2.063033 -70.953400 10.497809 0.448664 -0.864100 -0.227897 0.447300 0.828800
2 2.992095 -71.895004 15.897920 0.933376 -0.245100 -0.262232 0.541800 0.865200
StkOfkingDanielas1.tga
2 -1.496621 -49.327499 10.615785 -0.966874 0.040400 -0.251849 0.108900 0.326900
2 -0.054474 -48.845802 13.352161 -0.004022 0.381100 0.924523 0.334500 0.278800
2 -0.044361 -34.828602 11.030854 0.001963 0.907900 -0.419076 0.131800 0.040300
StkOfkingDanielas1.tga
2 -0.094285 -76.231003 22.468765 -0.004227 0.247700 0.968795 0.773200 0.858800
2 -3.127443 -77.194504 16.834785 -0.697785 -0.371300 -0.612595 0.458000 0.877800
2 -0.106858 -81.530502 25.359432 -0.003095 -0.713200 0.701009 0.935300 0.963500
StkOfkingDanielas1.tga
2 -3.123218 -71.895004 15.871225 -0.899030 -0.433400 -0.062411 0.404000 0.773000
2 -2.428857 -65.953102 14.268424 -0.863184 0.243200 -0.442412 0.314000 0.655600
2 -2.147044 -70.953400 10.479474 -0.709824 -0.660800 -0.243894 0.101400 0.754400
StkOfkingDanielas1.tga
2 -1.496621 -49.327499 10.615785 -0.966874 0.040400 -0.251849 0.108900 0.326900
2 -0.086223 -59.442101 20.629986 -0.003883 0.441000 0.897435 0.742600 0.488200
2 -0.054474 -48.845802 13.352161 -0.004022 0.381100 0.924523 0.334500 0.278800
StkOfkingDanielas1.tga
2 -1.723490 -59.442101 15.965644 -0.837748 -0.122400 -0.532202 0.409000 0.526900
2 -0.086223 -59.442101 20.629986 -0.003883 0.441000 0.897435 0.742600 0.488200
2 -1.496621 -49.327499 10.615785 -0.966874 0.040400 -0.251849 0.108900 0.326900
StkOfkingDanielas1.tga
2 -1.723490 -59.442101 15.965644 -0.837748 -0.122400 -0.532202 0.409000 0.526900
2 -0.092871 -69.004402 22.147644 -0.004218 0.207300 0.978259 0.900100 0.740100
2 -0.086223 -59.442101 20.629986 -0.003883 0.441000 0.897435 0.742600 0.488200
StkOfkingDanielas1.tga
2 -2.428857 -65.953102 14.268424 -0.863184 0.243200 -0.442412 0.314000 0.655600
2 -0.092871 -69.004402 22.147644 -0.004218 0.207300 0.978259 0.900100 0.740100
2 -1.723490 -59.442101 15.965644 -0.837748 -0.122400 -0.532202 0.409000 0.526900
StkOfkingDanielas1.tga
2 -3.123218 -71.895004 15.871225 -0.899030 -0.433400 -0.062411 0.404000 0.773000
2 -0.092871 -69.004402 22.147644 -0.004218 0.207300 0.978259 0.900100 0.740100
2 -2.428857 -65.953102 14.268424 -0.863184 0.243200 -0.442412 0.314000 0.655600
StkOfkingDanielas1.tga
2 -3.123218 -71.895004 15.871225 -0.899030 -0.433400 -0.062411 0.404000 0.773000
2 -0.094285 -76.231003 22.468765 -0.004227 0.247700 0.968795 0.773200 0.858800
2 -0.092871 -69.004402 22.147644 -0.004218 0.207300 0.978259 0.900100 0.740100
StkOfkingDanielas1.tga
2 -3.123218 -71.895004 15.871225 -0.899030 -0.433400 -0.062411 0.404000 0.773000
2 -3.127443 -77.194504 16.834785 -0.697785 -0.371300 -0.612595 0.458000 0.877800
2 -0.094285 -76.231003 22.468765 -0.004227 0.247700 0.968795 0.773200 0.858800
StkOfkingDanielas1.tga
2 1.411420 -49.327499 10.628518 0.859361 -0.113900 -0.498587 0.108900 0.326900
2 -0.044361 -34.828602 11.030854 0.001963 0.907900 -0.419076 0.131800 0.040300
2 -0.054474 -48.845802 13.352161 -0.004022 0.381100 0.924523 0.334500 0.278800
StkOfkingDanielas1.tga
2 -0.094285 -76.231003 22.468765 -0.004227 0.247700 0.968795 0.773200 0.858800
2 -0.106858 -81.530502 25.359432 -0.003095 -0.713200 0.701009 0.935300 0.963500
2 2.987870 -77.194504 16.861479 0.885706 -0.378400 -0.268849 0.458000 0.877800
StkOfkingDanielas1.tga
2 2.992095 -71.895004 15.897920 0.933376 -0.245100 -0.262232 0.404000 0.773000
2 2.063033 -70.953400 10.497809 0.448664 -0.864100 -0.227897 0.101400 0.754400
2 2.311731 -65.953102 14.289037 0.969560 0.186900 -0.158175 0.314000 0.655600
StkOfkingDanielas1.tga
2 1.411420 -49.327499 10.628518 0.859361 -0.113900 -0.498587 0.108900 0.326900
2 -0.054474 -48.845802 13.352161 -0.004022 0.381100 0.924523 0.334500 0.278800
2 -0.086223 -59.442101 20.629986 -0.003883 0.441000 0.897435 0.742600 0.488200
StkOfkingDanielas1.tga
2 1.591589 -59.442101 15.980079 0.833988 0.091100 -0.544262 0.409000 0.526900
2 1.411420 -49.327499 10.628518 0.859361 -0.113900 -0.498587 0.108900 0.326900
2 -0.086223 -59.442101 20.629986 -0.003883 0.441000 0.897435 0.742600 0.488200
StkOfkingDanielas1.tga
2 1.591589 -59.442101 15.980079 0.833988 0.091100 -0.544262 0.409000 0.526900
2 -0.086223 -59.442101 20.629986 -0.003883 0.441000 0.897435 0.742600 0.488200
2 -0.092871 -69.004402 22.147644 -0.004218 0.207300 0.978259 0.900100 0.740100
StkOfkingDanielas1.tga
2 2.311731 -65.953102 14.289037 0.969560 0.186900 -0.158175 0.314000 0.655600
2 1.591589 -59.442101 15.980079 0.833988 0.091100 -0.544262 0.409000 0.526900
2 -0.092871 -69.004402 22.147644 -0.004218 0.207300 0.978259 0.900100 0.740100
StkOfkingDanielas1.tga
2 2.992095 -71.895004 15.897920 0.933376 -0.245100 -0.262232 0.404000 0.773000
2 2.311731 -65.953102 14.289037 0.969560 0.186900 -0.158175 0.314000 0.655600
2 -0.092871 -69.004402 22.147644 -0.004218 0.207300 0.978259 0.900100 0.740100
StkOfkingDanielas1.tga
2 2.992095 -71.895004 15.897920 0.933376 -0.245100 -0.262232 0.404000 0.773000
2 -0.092871 -69.004402 22.147644 -0.004218 0.207300 0.978259 0.900100 0.740100
2 -0.094285 -76.231003 22.468765 -0.004227 0.247700 0.968795 0.773200 0.858800
StkOfkingDanielas1.tga
2 2.992095 -71.895004 15.897920 0.933376 -0.245100 -0.262232 0.404000 0.773000
2 -0.094285 -76.231003 22.468765 -0.004227 0.247700 0.968795 0.773200 0.858800
2 2.987870 -77.194504 16.861479 0.885706 -0.378400 -0.268849 0.458000 0.877800
StkOfkingDanielas1.tga
2 -14.304561 -65.953102 -2.472873 0.442412 0.243200 -0.863184 0.314000 0.655600
2 -16.001776 -59.442097 -1.767504 0.532202 -0.122300 -0.837748 0.409000 0.526900
2 -16.016209 -59.442101 1.547577 0.544262 0.091100 0.833988 0.409000 0.526900
StkOfkingDanielas1.tga
2 -14.304561 -65.953102 -2.472873 0.442412 0.243200 -0.863184 0.314000 0.655600
2 -16.016209 -59.442101 1.547577 0.544262 0.091100 0.833988 0.409000 0.526900
2 -14.325171 -65.953102 2.267716 0.158175 0.186900 0.969560 0.314000 0.655600
StkOfkingDanielas1.tga
2 -16.001776 -59.442097 -1.767504 0.532202 -0.122300 -0.837748 0.409000 0.526900
2 -10.651908 -49.327499 -1.540535 0.251849 0.040400 -0.966874 0.108900 0.326900
2 -10.664651 -49.327499 1.367407 0.498587 -0.113900 0.859361 0.108900 0.326900
StkOfkingDanielas1.tga
2 -16.001776 -59.442097 -1.767504 0.532202 -0.122300 -0.837748 0.409000 0.526900
2 -10.664651 -49.327499 1.367407 0.498587 -0.113900 0.859361 0.108900 0.326900
2 -16.016209 -59.442101 1.547577 0.544262 0.091100 0.833988 0.409000 0.526900
StkOfkingDanielas1.tga
2 -10.651908 -49.327499 -1.540535 0.251849 0.040400 -0.966874 0.108900 0.326900
2 -11.066978 -34.828602 -0.088377 0.419172 0.907900 0.001935 0.131800 0.040300
2 -10.664651 -49.327499 1.367407 0.498587 -0.113900 0.859361 0.108900 0.326900
StkOfkingDanielas1.tga
2 -25.395571 -81.530502 -0.150874 -0.701009 -0.713100 -0.003095 0.806700 0.916400
2 -16.870922 -77.194504 -3.171458 0.612595 -0.371200 -0.697785 0.672400 0.874500
2 -16.897608 -77.194504 2.943955 0.268849 -0.378400 0.885706 0.636100 0.894500
StkOfkingDanielas1.tga
2 -16.870922 -77.194504 -3.171458 0.612595 -0.371200 -0.697785 0.672400 0.874500
2 -15.907364 -71.894989 -3.167233 0.062411 -0.433400 -0.899030 0.562800 0.854200
2 -15.934056 -71.894997 2.948080 0.262232 -0.245100 0.933377 0.541800 0.865200
StkOfkingDanielas1.tga
2 -16.870922 -77.194504 -3.171458 0.612595 -0.371200 -0.697785 0.672400 0.874500
2 -15.934056 -71.894997 2.948080 0.262232 -0.245100 0.933377 0.541800 0.865200
2 -16.897608 -77.194504 2.943955 0.268849 -0.378400 0.885706 0.636100 0.894500
StkOfkingDanielas1.tga
2 -15.907364 -71.894989 -3.167233 0.062411 -0.433400 -0.899030 0.562800 0.854200
2 -10.515612 -70.953400 -2.191060 0.243894 -0.660800 -0.709824 0.447300 0.828800
2 -10.533945 -70.953400 2.019018 0.227897 -0.864100 0.448664 0.447300 0.828800
StkOfkingDanielas1.tga
2 -15.907364 -71.894989 -3.167233 0.062411 -0.433400 -0.899030 0.562800 0.854200
2 -10.533945 -70.953400 2.019018 0.227897 -0.864100 0.448664 0.447300 0.828800
2 -15.934056 -71.894997 2.948080 0.262232 -0.245100 0.933377 0.541800 0.865200
StkOfkingDanielas1.tga
2 -10.651908 -49.327499 -1.540535 0.251849 0.040400 -0.966874 0.108900 0.326900
2 -13.388293 -48.845795 -0.098489 -0.924523 0.381100 -0.004023 0.334500 0.278800
2 -11.066978 -34.828602 -0.088377 0.419172 0.907900 0.001935 0.131800 0.040300
StkOfkingDanielas1.tga
2 -22.504900 -76.231003 -0.138300 -0.968795 0.247700 -0.004228 0.773200 0.858800
2 -16.870922 -77.194504 -3.171458 0.612595 -0.371200 -0.697785 0.458000 0.877800
2 -25.395571 -81.530502 -0.150874 -0.701009 -0.713100 -0.003095 0.935300 0.963500
StkOfkingDanielas1.tga
2 -15.907364 -71.894989 -3.167233 0.062411 -0.433400 -0.899030 0.404000 0.773000
2 -14.304561 -65.953102 -2.472873 0.442412 0.243200 -0.863184 0.314000 0.655600
2 -10.515612 -70.953400 -2.191060 0.243894 -0.660800 -0.709824 0.101400 0.754400
StkOfkingDanielas1.tga
2 -10.651908 -49.327499 -1.540535 0.251849 0.040400 -0.966874 0.108900 0.326900
2 -20.666115 -59.442097 -0.130237 -0.897436 0.441000 -0.003884 0.742600 0.488200
2 -13.388293 -48.845795 -0.098489 -0.924523 0.381100 -0.004023 0.334500 0.278800
StkOfkingDanielas1.tga
2 -16.001776 -59.442097 -1.767504 0.532202 -0.122300 -0.837748 0.409000 0.526900
2 -20.666115 -59.442097 -0.130237 -0.897436 0.441000 -0.003884 0.742600 0.488200
2 -10.651908 -49.327499 -1.540535 0.251849 0.040400 -0.966874 0.108900 0.326900
StkOfkingDanielas1.tga
2 -16.001776 -59.442097 -1.767504 0.532202 -0.122300 -0.837748 0.409000 0.526900
2 -22.183781 -69.004395 -0.136886 -0.978259 0.207300 -0.004218 0.900100 0.740100
2 -20.666115 -59.442097 -0.130237 -0.897436 0.441000 -0.003884 0.742600 0.488200
StkOfkingDanielas1.tga
2 -14.304561 -65.953102 -2.472873 0.442412 0.243200 -0.863184 0.314000 0.655600
2 -22.183781 -69.004395 -0.136886 -0.978259 0.207300 -0.004218 0.900100 0.740100
2 -16.001776 -59.442097 -1.767504 0.532202 -0.122300 -0.837748 0.409000 0.526900
StkOfkingDanielas1.tga
2 -15.907364 -71.894989 -3.167233 0.062411 -0.433400 -0.899030 0.404000 0.773000
2 -22.183781 -69.004395 -0.136886 -0.978259 0.207300 -0.004218 0.900100 0.740100
2 -14.304561 -65.953102 -2.472873 0.442412 0.243200 -0.863184 0.314000 0.655600
StkOfkingDanielas1.tga
2 -15.907364 -71.894989 -3.167233 0.062411 -0.433400 -0.899030 0.404000 0.773000
2 -22.504900 -76.231003 -0.138300 -0.968795 0.247700 -0.004228 0.773200 0.858800
2 -22.183781 -69.004395 -0.136886 -0.978259 0.207300 -0.004218 0.900100 0.740100
StkOfkingDanielas1.tga
2 -15.907364 -71.894989 -3.167233 0.062411 -0.433400 -0.899030 0.404000 0.773000
2 -16.870922 -77.194504 -3.171458 0.612595 -0.371200 -0.697785 0.458000 0.877800
2 -22.504900 -76.231003 -0.138300 -0.968795 0.247700 -0.004228 0.773200 0.858800
StkOfkingDanielas1.tga
2 -10.664651 -49.327499 1.367407 0.498587 -0.113900 0.859361 0.108900 0.326900
2 -11.066978 -34.828602 -0.088377 0.419172 0.907900 0.001935 0.131800 0.040300
2 -13.388293 -48.845795 -0.098489 -0.924523 0.381100 -0.004023 0.334500 0.278800
StkOfkingDanielas1.tga
2 -22.504900 -76.231003 -0.138300 -0.968795 0.247700 -0.004228 0.773200 0.858800
2 -25.395571 -81.530502 -0.150874 -0.701009 -0.713100 -0.003095 0.935300 0.963500
2 -16.897608 -77.194504 2.943955 0.268849 -0.378400 0.885706 0.458000 0.877800
StkOfkingDanielas1.tga
2 -15.934056 -71.894997 2.948080 0.262232 -0.245100 0.933377 0.404000 0.773000
2 -10.533945 -70.953400 2.019018 0.227897 -0.864100 0.448664 0.101400 0.754400
2 -14.325171 -65.953102 2.267716 0.158175 0.186900 0.969560 0.314000 0.655600
StkOfkingDanielas1.tga
2 -10.664651 -49.327499 1.367407 0.498587 -0.113900 0.859361 0.108900 0.326900
2 -13.388293 -48.845795 -0.098489 -0.924523 0.381100 -0.004023 0.334500 0.278800
2 -20.666115 -59.442097 -0.130237 -0.897436 0.441000 -0.003884 0.742600 0.488200
StkOfkingDanielas1.tga
2 -16.016209 -59.442101 1.547577 0.544262 0.091100 0.833988 0.409000 0.526900
2 -10.664651 -49.327499 1.367407 0.498587 -0.113900 0.859361 0.108900 0.326900
2 -20.666115 -59.442097 -0.130237 -0.897436 0.441000 -0.003884 0.742600 0.488200
StkOfkingDanielas1.tga
2 -16.016209 -59.442101 1.547577 0.544262 0.091100 0.833988 0.409000 0.526900
2 -20.666115 -59.442097 -0.130237 -0.897436 0.441000 -0.003884 0.742600 0.488200
2 -22.183781 -69.004395 -0.136886 -0.978259 0.207300 -0.004218 0.900100 0.740100
StkOfkingDanielas1.tga
2 -14.325171 -65.953102 2.267716 0.158175 0.186900 0.969560 0.314000 0.655600
2 -16.016209 -59.442101 1.547577 0.544262 0.091100 0.833988 0.409000 0.526900
2 -22.183781 -69.004395 -0.136886 -0.978259 0.207300 -0.004218 0.900100 0.740100
StkOfkingDanielas1.tga
2 -15.934056 -71.894997 2.948080 0.262232 -0.245100 0.933377 0.404000 0.773000
2 -14.325171 -65.953102 2.267716 0.158175 0.186900 0.969560 0.314000 0.655600
2 -22.183781 -69.004395 -0.136886 -0.978259 0.207300 -0.004218 0.900100 0.740100
StkOfkingDanielas1.tga
2 -15.934056 -71.894997 2.948080 0.262232 -0.245100 0.933377 0.404000 0.773000
2 -22.183781 -69.004395 -0.136886 -0.978259 0.207300 -0.004218 0.900100 0.740100
2 -22.504900 -76.231003 -0.138300 -0.968795 0.247700 -0.004228 0.773200 0.858800
StkOfkingDanielas1.tga
2 -15.934056 -71.894997 2.948080 0.262232 -0.245100 0.933377 0.404000 0.773000
2 -22.504900 -76.231003 -0.138300 -0.968795 0.247700 -0.004228 0.773200 0.858800
2 -16.897608 -77.194504 2.943955 0.268849 -0.378400 0.885706 0.458000 0.877800
StkOfkingDanielas.jpg
2 -2.841408 -67.317497 -3.620353 -0.770516 0.628000 0.109318 0.138300 0.710600
2 2.576457 -66.617897 -7.641005 0.919824 0.378400 0.103366 0.249000 0.693300
2 -2.502118 -66.617897 -7.663135 -0.882733 0.345800 0.318035 0.249000 0.693300
StkOfkingDanielas.jpg
2 -2.841408 -67.317497 -3.620353 -0.770516 0.628000 0.109318 0.138300 0.710600
2 2.880410 -67.317497 -3.595381 0.840672 0.529900 0.112123 0.138300 0.710600
2 2.576457 -66.617897 -7.641005 0.919824 0.378400 0.103366 0.249000 0.693300
StkOfkingDanielas.jpg
2 -2.502118 -66.617897 -7.663135 -0.882733 0.345800 0.318035 0.249000 0.693300
2 1.660726 -61.484596 -8.736135 0.789840 0.082200 0.607837 0.268400 0.535100
2 -1.576865 -61.484596 -8.750284 -0.809276 -0.123700 0.574211 0.268400 0.535100
StkOfkingDanielas.jpg
2 -2.502118 -66.617897 -7.663135 -0.882733 0.345800 0.318035 0.249000 0.693300
2 2.576457 -66.617897 -7.641005 0.919824 0.378400 0.103366 0.249000 0.693300
2 1.660726 -61.484596 -8.736135 0.789840 0.082200 0.607837 0.268400 0.535100
StkOfkingDanielas.jpg
2 -1.576865 -61.484596 -8.750284 -0.809276 -0.123700 0.574211 0.268400 0.535100
2 1.230256 -57.624901 -6.277344 0.756828 -0.399900 0.517018 0.200900 0.405300
2 -1.167946 -57.624901 -6.287789 -0.765723 -0.494600 0.411191 0.200900 0.405300
StkOfkingDanielas.jpg
2 -1.576865 -61.484596 -8.750284 -0.809276 -0.123700 0.574211 0.268400 0.535100
2 1.660726 -61.484596 -8.736135 0.789840 0.082200 0.607837 0.268400 0.535100
2 1.230256 -57.624901 -6.277344 0.756828 -0.399900 0.517018 0.200900 0.405300
StkOfkingDanielas.jpg
2 -1.167946 -57.624901 -6.287789 -0.765723 -0.494600 0.411191 0.200900 0.405300
2 0.879206 -55.852100 -2.722666 0.575492 -0.660500 0.482151 0.102800 0.362300
2 -0.847847 -55.852100 -2.730177 -0.578893 -0.577300 0.575873 0.102800 0.362300
StkOfkingDanielas.jpg
2 -1.167946 -57.624901 -6.287789 -0.765723 -0.494600 0.411191 0.200900 0.405300
2 1.230256 -57.624901 -6.277344 0.756828 -0.399900 0.517018 0.200900 0.405300
2 0.879206 -55.852100 -2.722666 0.575492 -0.660500 0.482151 0.102800 0.362300
StkOfkingDanielas.jpg
2 -0.847847 -55.852100 -2.730177 -0.578893 -0.577300 0.575873 0.102800 0.362300
2 0.976579 -52.307999 0.021496 0.746491 -0.392100 0.537564 0.019500 0.239200
2 -0.969207 -52.307999 0.012994 -0.935960 -0.200300 0.289501 0.019500 0.239200
StkOfkingDanielas.jpg
2 -0.847847 -55.852100 -2.730177 -0.578893 -0.577300 0.575873 0.102800 0.362300
2 0.879206 -55.852100 -2.722666 0.575492 -0.660500 0.482151 0.102800 0.362300
2 0.976579 -52.307999 0.021496 0.746491 -0.392100 0.537564 0.019500 0.239200
StkOfkingDanielas.jpg
2 -2.179346 -74.713898 -7.943726 -0.788142 -0.613500 0.049666 0.264800 0.961300
2 2.864581 -68.806702 0.030182 0.823928 -0.439500 0.357753 0.028800 0.768500
2 -2.857229 -68.806702 0.005309 -0.909212 -0.198400 0.366095 0.028800 0.768500
StkOfkingDanielas.jpg
2 -2.857229 -68.806702 0.005309 -0.909212 -0.198400 0.366095 0.028800 0.768500
2 0.003677 -63.500099 0.017143 -0.001629 0.925000 0.379968 0.030600 0.606400
2 -2.841408 -67.317497 -3.620353 -0.770516 0.628000 0.109318 0.138300 0.710600
StkOfkingDanielas.jpg
2 -0.969207 -52.307999 0.012994 -0.935960 -0.200300 0.289501 0.019500 0.239200
2 0.003720 -46.376202 0.016440 0.002765 0.776600 -0.629966 0.028800 0.036300
2 -0.636771 -53.014801 -4.433506 -0.975652 0.181900 -0.122832 0.160800 0.253000
StkOfkingDanielas.jpg
2 -0.847847 -55.852100 -2.730177 -0.578893 -0.577300 0.575873 0.102800 0.362300
2 -0.969207 -52.307999 0.012994 -0.935960 -0.200300 0.289501 0.019500 0.239200
2 -0.636771 -53.014801 -4.433506 -0.975652 0.181900 -0.122832 0.160800 0.253000
StkOfkingDanielas.jpg
2 -0.847847 -55.852100 -2.730177 -0.578893 -0.577300 0.575873 0.102800 0.362300
2 -0.636771 -53.014801 -4.433506 -0.975652 0.181900 -0.122832 0.160800 0.253000
2 -1.167946 -57.624901 -6.287789 -0.765723 -0.494600 0.411191 0.200900 0.405300
StkOfkingDanielas.jpg
2 -1.167946 -57.624901 -6.287789 -0.765723 -0.494600 0.411191 0.200900 0.405300
2 -0.636771 -53.014801 -4.433506 -0.975652 0.181900 -0.122832 0.160800 0.253000
2 -0.729892 -56.538700 -9.169758 -0.964231 0.171300 -0.202361 0.301400 0.368000
StkOfkingDanielas.jpg
2 -1.167946 -57.624901 -6.287789 -0.765723 -0.494600 0.411191 0.200900 0.405300
2 -0.729892 -56.538700 -9.169758 -0.964231 0.171300 -0.202361 0.301400 0.368000
2 -1.576865 -61.484596 -8.750284 -0.809276 -0.123700 0.574211 0.268400 0.535100
StkOfkingDanielas.jpg
2 -1.576865 -61.484596 -8.750284 -0.809276 -0.123700 0.574211 0.268400 0.535100
2 -0.729892 -56.538700 -9.169758 -0.964231 0.171300 -0.202361 0.301400 0.368000
2 -0.988787 -63.305599 -11.889363 -0.936904 0.079500 -0.340338 0.382100 0.588900
StkOfkingDanielas.jpg
2 -1.576865 -61.484596 -8.750284 -0.809276 -0.123700 0.574211 0.268400 0.535100
2 -0.988787 -63.305599 -11.889363 -0.936904 0.079500 -0.340338 0.382100 0.588900
2 -2.502118 -66.617897 -7.663135 -0.882733 0.345800 0.318035 0.249000 0.693300
StkOfkingDanielas.jpg
2 -2.502118 -66.617897 -7.663135 -0.882733 0.345800 0.318035 0.249000 0.693300
2 -0.988787 -63.305599 -11.889363 -0.936904 0.079500 -0.340338 0.382100 0.588900
2 -2.038786 -71.078300 -10.653874 -0.930345 -0.058300 -0.362089 0.345300 0.842600
StkOfkingDanielas.jpg
2 -2.502118 -66.617897 -7.663135 -0.882733 0.345800 0.318035 0.249000 0.693300
2 -2.038786 -71.078300 -10.653874 -0.930345 -0.058300 -0.362089 0.345300 0.842600
2 -2.179346 -74.713898 -7.943726 -0.788142 -0.613500 0.049666 0.264800 0.961300
StkOfkingDanielas.jpg
2 -2.502118 -66.617897 -7.663135 -0.882733 0.345800 0.318035 0.249000 0.693300
2 -2.179346 -74.713898 -7.943726 -0.788142 -0.613500 0.049666 0.264800 0.961300
2 -2.841408 -67.317497 -3.620353 -0.770516 0.628000 0.109318 0.138300 0.710600
StkOfkingDanielas.jpg
2 -2.841408 -67.317497 -3.620353 -0.770516 0.628000 0.109318 0.138300 0.710600
2 -2.179346 -74.713898 -7.943726 -0.788142 -0.613500 0.049666 0.264800 0.961300
2 -2.857229 -68.806702 0.005309 -0.909212 -0.198400 0.366095 0.028800 0.768500
StkOfkingDanielas.jpg
2 2.864581 -68.806702 0.030182 0.823928 -0.439500 0.357753 0.028800 0.768500
2 2.880410 -67.317497 -3.595381 0.840672 0.529900 0.112123 0.138300 0.710600
2 0.003677 -63.500099 0.017143 -0.001629 0.925000 0.379968 0.030600 0.606400
StkOfkingDanielas.jpg
2 0.976579 -52.307999 0.021496 0.746491 -0.392100 0.537564 0.019500 0.239200
2 0.682937 -53.014801 -4.427768 0.980572 0.165600 -0.105260 0.160800 0.253000
2 0.003720 -46.376202 0.016440 0.002765 0.776600 -0.629966 0.028800 0.036300
StkOfkingDanielas.jpg
2 0.879206 -55.852100 -2.722666 0.575492 -0.660500 0.482151 0.102800 0.362300
2 0.682937 -53.014801 -4.427768 0.980572 0.165600 -0.105260 0.160800 0.253000
2 0.976579 -52.307999 0.021496 0.746491 -0.392100 0.537564 0.019500 0.239200
StkOfkingDanielas.jpg
2 1.230256 -57.624901 -6.277344 0.756828 -0.399900 0.517018 0.200900 0.405300
2 0.817378 -56.538696 -9.163062 0.964736 0.196200 -0.175725 0.301400 0.368000
2 0.682937 -53.014801 -4.427768 0.980572 0.165600 -0.105260 0.160800 0.253000
StkOfkingDanielas.jpg
2 1.230256 -57.624901 -6.277344 0.756828 -0.399900 0.517018 0.200900 0.405300
2 0.682937 -53.014801 -4.427768 0.980572 0.165600 -0.105260 0.160800 0.253000
2 0.879206 -55.852100 -2.722666 0.575492 -0.660500 0.482151 0.102800 0.362300
StkOfkingDanielas.jpg
2 1.660726 -61.484596 -8.736135 0.789840 0.082200 0.607837 0.268400 0.535100
2 1.100038 -63.305599 -11.880304 0.954741 0.120600 -0.271895 0.382100 0.588900
2 0.817378 -56.538696 -9.163062 0.964736 0.196200 -0.175725 0.301400 0.368000
StkOfkingDanielas.jpg
2 1.660726 -61.484596 -8.736135 0.789840 0.082200 0.607837 0.268400 0.535100
2 0.817378 -56.538696 -9.163062 0.964736 0.196200 -0.175725 0.301400 0.368000
2 1.230256 -57.624901 -6.277344 0.756828 -0.399900 0.517018 0.200900 0.405300
StkOfkingDanielas.jpg
2 2.576457 -66.617897 -7.641005 0.919824 0.378400 0.103366 0.249000 0.693300
2 2.139179 -71.078300 -10.635579 0.940683 -0.048400 -0.335796 0.345300 0.842600
2 1.100038 -63.305599 -11.880304 0.954741 0.120600 -0.271895 0.382100 0.588900
StkOfkingDanielas.jpg
2 2.576457 -66.617897 -7.641005 0.919824 0.378400 0.103366 0.249000 0.693300
2 1.100038 -63.305599 -11.880304 0.954741 0.120600 -0.271895 0.382100 0.588900
2 1.660726 -61.484596 -8.736135 0.789840 0.082200 0.607837 0.268400 0.535100
StkOfkingDanielas.jpg
2 2.576457 -66.617897 -7.641005 0.919824 0.378400 0.103366 0.249000 0.693300
2 2.256092 -74.713898 -7.924350 0.799932 -0.595500 -0.073852 0.264800 0.961300
2 2.139179 -71.078300 -10.635579 0.940683 -0.048400 -0.335796 0.345300 0.842600
StkOfkingDanielas.jpg
2 2.864581 -68.806702 0.030182 0.823928 -0.439500 0.357753 0.028800 0.768500
2 -2.179346 -74.713898 -7.943726 -0.788142 -0.613500 0.049666 0.264800 0.961300
2 2.256092 -74.713898 -7.924350 0.799932 -0.595500 -0.073852 0.264800 0.961300
StkOfkingDanielas.jpg
2 2.864581 -68.806702 0.030182 0.823928 -0.439500 0.357753 0.028800 0.768500
2 2.256092 -74.713898 -7.924350 0.799932 -0.595500 -0.073852 0.264800 0.961300
2 2.576457 -66.617897 -7.641005 0.919824 0.378400 0.103366 0.249000 0.693300
StkOfkingDanielas.jpg
2 2.880410 -67.317497 -3.595381 0.840672 0.529900 0.112123 0.138300 0.710600
2 2.864581 -68.806702 0.030182 0.823928 -0.439500 0.357753 0.028800 0.768500
2 2.576457 -66.617897 -7.641005 0.919824 0.378400 0.103366 0.249000 0.693300
StkOfkingDanielas.jpg
2 0.003720 -46.376202 0.016440 0.002765 0.776600 -0.629966 0.028800 0.036300
2 0.027518 -51.571701 -5.444185 0.481564 0.699900 -0.527471 0.190900 0.205900
2 -0.636771 -53.014801 -4.433506 -0.975652 0.181900 -0.122832 0.160800 0.253000
StkOfkingDanielas.jpg
2 0.003720 -46.376202 0.016440 0.002765 0.776600 -0.629966 0.028800 0.036300
2 0.682937 -53.014801 -4.427768 0.980572 0.165600 -0.105260 0.160800 0.253000
2 0.027518 -51.571701 -5.444185 0.481564 0.699900 -0.527471 0.190900 0.205900
StkOfkingDanielas.jpg
2 -0.636771 -53.014801 -4.433506 -0.975652 0.181900 -0.122832 0.160800 0.253000
2 0.052027 -55.103500 -11.064116 0.006745 0.679100 -0.733993 0.357800 0.321200
2 -0.729892 -56.538700 -9.169758 -0.964231 0.171300 -0.202361 0.301400 0.368000
StkOfkingDanielas.jpg
2 0.052027 -55.103500 -11.064116 0.006745 0.679100 -0.733993 0.357800 0.321200
2 -0.636771 -53.014801 -4.433506 -0.975652 0.181900 -0.122832 0.160800 0.253000
2 0.027518 -51.571701 -5.444185 0.481564 0.699900 -0.527471 0.190900 0.205900
StkOfkingDanielas.jpg
2 0.817378 -56.538696 -9.163062 0.964736 0.196200 -0.175725 0.301400 0.368000
2 0.027518 -51.571701 -5.444185 0.481564 0.699900 -0.527471 0.190900 0.205900
2 0.682937 -53.014801 -4.427768 0.980572 0.165600 -0.105260 0.160800 0.253000
StkOfkingDanielas.jpg
2 0.027518 -51.571701 -5.444185 0.481564 0.699900 -0.527471 0.190900 0.205900
2 0.817378 -56.538696 -9.163062 0.964736 0.196200 -0.175725 0.301400 0.368000
2 0.052027 -55.103500 -11.064116 0.006745 0.679100 -0.733993 0.357800 0.321200
StkOfkingDanielas.jpg
2 -0.729892 -56.538700 -9.169758 -0.964231 0.171300 -0.202361 0.301400 0.368000
2 0.068812 -62.692101 -14.911219 -0.049354 0.192400 -0.980062 0.472000 0.568900
2 -0.988787 -63.305599 -11.889363 -0.936904 0.079500 -0.340338 0.382100 0.588900
StkOfkingDanielas.jpg
2 0.068812 -62.692101 -14.911219 -0.049354 0.192400 -0.980062 0.472000 0.568900
2 -0.729892 -56.538700 -9.169758 -0.964231 0.171300 -0.202361 0.301400 0.368000
2 0.052027 -55.103500 -11.064116 0.006745 0.679100 -0.733993 0.357800 0.321200
StkOfkingDanielas.jpg
2 1.100038 -63.305599 -11.880304 0.954741 0.120600 -0.271895 0.382100 0.588900
2 0.052027 -55.103500 -11.064116 0.006745 0.679100 -0.733993 0.357800 0.321200
2 0.817378 -56.538696 -9.163062 0.964736 0.196200 -0.175725 0.301400 0.368000
StkOfkingDanielas.jpg
2 0.052027 -55.103500 -11.064116 0.006745 0.679100 -0.733993 0.357800 0.321200
2 1.100038 -63.305599 -11.880304 0.954741 0.120600 -0.271895 0.382100 0.588900
2 0.068812 -62.692101 -14.911219 -0.049354 0.192400 -0.980062 0.472000 0.568900
StkOfkingDanielas.jpg
2 -0.988787 -63.305599 -11.889363 -0.936904 0.079500 -0.340338 0.382100 0.588900
2 0.062759 -72.987091 -13.527668 -0.279921 -0.507100 -0.815119 0.430900 0.904900
2 -2.038786 -71.078300 -10.653874 -0.930345 -0.058300 -0.362089 0.345300 0.842600
StkOfkingDanielas.jpg
2 0.062759 -72.987091 -13.527668 -0.279921 -0.507100 -0.815119 0.430900 0.904900
2 -0.988787 -63.305599 -11.889363 -0.936904 0.079500 -0.340338 0.382100 0.588900
2 0.068812 -62.692101 -14.911219 -0.049354 0.192400 -0.980062 0.472000 0.568900
StkOfkingDanielas.jpg
2 2.139179 -71.078300 -10.635579 0.940683 -0.048400 -0.335796 0.345300 0.842600
2 0.068812 -62.692101 -14.911219 -0.049354 0.192400 -0.980062 0.472000 0.568900
2 1.100038 -63.305599 -11.880304 0.954741 0.120600 -0.271895 0.382100 0.588900
StkOfkingDanielas.jpg
2 0.068812 -62.692101 -14.911219 -0.049354 0.192400 -0.980062 0.472000 0.568900
2 2.139179 -71.078300 -10.635579 0.940683 -0.048400 -0.335796 0.345300 0.842600
2 0.062759 -72.987091 -13.527668 -0.279921 -0.507100 -0.815119 0.430900 0.904900
StkOfkingDanielas.jpg
2 -2.179346 -74.713898 -7.943726 -0.788142 -0.613500 0.049666 0.264800 0.961300
2 -2.038786 -71.078300 -10.653874 -0.930345 -0.058300 -0.362089 0.345300 0.842600
2 0.062759 -72.987091 -13.527668 -0.279921 -0.507100 -0.815119 0.430900 0.904900
StkOfkingDanielas.jpg
2 2.256092 -74.713898 -7.924350 0.799932 -0.595500 -0.073852 0.264800 0.961300
2 0.062759 -72.987091 -13.527668 -0.279921 -0.507100 -0.815119 0.430900 0.904900
2 2.139179 -71.078300 -10.635579 0.940683 -0.048400 -0.335796 0.345300 0.842600
StkOfkingDanielas.jpg
2 0.062759 -72.987091 -13.527668 -0.279921 -0.507100 -0.815119 0.430900 0.904900
2 2.256092 -74.713898 -7.924350 0.799932 -0.595500 -0.073852 0.264800 0.961300
2 -2.179346 -74.713898 -7.943726 -0.788142 -0.613500 0.049666 0.264800 0.961300
StkOfkingDanielas.jpg
2 0.003937 -83.101997 -0.040078 0.000000 -1.000000 0.000000 0.544500 0.382800
2 -4.701024 -76.231003 -0.060639 -0.990663 -0.136100 -0.004303 0.544500 0.260300
2 -1.430452 -76.231003 -4.521087 -0.302063 -0.136100 -0.943489 0.403700 0.260300
StkOfkingDanielas.jpg
2 0.003937 -83.101997 -0.040078 0.000000 -1.000000 0.000000 0.544500 0.382800
2 -1.430452 -76.231003 -4.521087 -0.302063 -0.136100 -0.943489 0.403700 0.260300
2 3.822418 -76.231003 -2.789018 0.803997 -0.136100 -0.578835 0.470800 0.260300
StkOfkingDanielas.jpg
2 0.003937 -83.101997 -0.040078 0.000000 -1.000000 0.000000 0.544500 0.382800
2 3.822418 -76.231003 -2.789018 0.803997 -0.136100 -0.578835 0.470800 0.260300
2 3.798254 -76.231003 2.742078 0.798912 -0.136100 0.585782 0.618200 0.260300
StkOfkingDanielas.jpg
2 0.003937 -83.101997 -0.040078 0.000000 -1.000000 0.000000 0.544500 0.382800
2 3.798254 -76.231003 2.742078 0.798912 -0.136100 0.585782 0.618200 0.260300
2 -1.469507 -76.231003 4.428283 -0.310280 -0.136100 0.940873 0.685300 0.260300
StkOfkingDanielas.jpg
2 0.003937 -83.101997 -0.040078 0.000000 -1.000000 0.000000 0.544500 0.382800
2 -1.469507 -76.231003 4.428283 -0.310280 -0.136100 0.940873 0.685300 0.260300
2 -4.701024 -76.231003 -0.060639 -0.990663 -0.136100 -0.004303 0.544500 0.260300
StkOfkingDanielas.jpg
2 0.003940 -63.214401 -0.040076 0.000000 1.000000 -0.000000 0.544500 0.028100
2 -1.430452 -76.231003 -4.521087 -0.302063 -0.136100 -0.943489 0.403700 0.260300
2 -4.701024 -76.231003 -0.060639 -0.990663 -0.136100 -0.004303 0.544500 0.260300
StkOfkingDanielas.jpg
2 0.003940 -63.214401 -0.040076 0.000000 1.000000 -0.000000 0.544500 0.028100
2 3.822418 -76.231003 -2.789018 0.803997 -0.136100 -0.578835 0.470800 0.260300
2 -1.430452 -76.231003 -4.521087 -0.302063 -0.136100 -0.943489 0.403700 0.260300
StkOfkingDanielas.jpg
2 0.003940 -63.214401 -0.040076 0.000000 1.000000 -0.000000 0.544500 0.028100
2 3.798254 -76.231003 2.742078 0.798912 -0.136100 0.585782 0.618200 0.260300
2 3.822418 -76.231003 -2.789018 0.803997 -0.136100 -0.578835 0.470800 0.260300
StkOfkingDanielas.jpg
2 0.003940 -63.214401 -0.040076 0.000000 1.000000 -0.000000 0.544500 0.028100
2 -1.469507 -76.231003 4.428283 -0.310280 -0.136100 0.940873 0.685300 0.260300
2 3.798254 -76.231003 2.742078 0.798912 -0.136100 0.585782 0.618200 0.260300
StkOfkingDanielas.jpg
2 0.003940 -63.214401 -0.040076 0.000000 1.000000 -0.000000 0.544500 0.028100
2 -4.701024 -76.231003 -0.060639 -0.990663 -0.136100 -0.004303 0.544500 0.260300
2 -1.469507 -76.231003 4.428283 -0.310280 -0.136100 0.940873 0.685300 0.260300
StkOfkingDanielas.jpg
0 -0.130425 33.914101 -0.374841 -0.006400 1.000000 -0.001900 0.611100 0.704000
0 1.571977 26.469002 -7.506860 -0.127700 -0.218500 -0.967400 0.493300 0.805400
0 -0.711441 21.599899 -3.340377 -0.700000 -0.018200 -0.713900 0.567900 0.871800
StkOfkingDanielas.jpg
0 -2.526603 26.469002 6.554939 -0.755700 0.077500 0.650400 0.728900 0.805400
0 -0.130425 33.914101 -0.374841 -0.006400 1.000000 -0.001900 0.611100 0.704000
0 -2.213871 21.599899 1.813953 -0.924400 -0.157700 0.347200 0.654300 0.871800
StkOfkingDanielas.jpg
0 2.918098 26.469002 -7.114505 0.761900 0.103600 -0.639300 0.493300 0.805400
0 -0.130425 33.914101 -0.374841 -0.006400 1.000000 -0.001900 0.611100 0.704000
0 2.605386 21.599899 -2.373619 0.921500 -0.179600 -0.344300 0.567900 0.871800
StkOfkingDanielas.jpg
0 -0.130425 33.914101 -0.374841 -0.006400 1.000000 -0.001900 0.611100 0.704000
0 -1.180482 26.469002 6.947293 0.134200 -0.205400 0.969400 0.728900 0.805400
0 1.103053 21.599899 2.780730 0.701900 -0.041600 0.711100 0.654300 0.871800
StkOfkingDanielas.jpg
0 2.918098 26.469002 -7.114505 0.761900 0.103600 -0.639300 0.493300 0.805400
0 1.571977 26.469002 -7.506860 -0.127700 -0.218500 -0.967400 0.493300 0.805400
0 -0.130425 33.914101 -0.374841 -0.006400 1.000000 -0.001900 0.611100 0.704000
StkOfkingDanielas.jpg
0 -2.213871 21.599899 1.813953 -0.924400 -0.157700 0.347200 0.654300 0.871800
0 1.103053 21.599899 2.780730 0.701900 -0.041600 0.711100 0.654300 0.871800
0 -1.180482 26.469002 6.947293 0.134200 -0.205400 0.969400 0.728900 0.805400
StkOfkingDanielas.jpg
0 -1.180482 26.469002 6.947293 0.134200 -0.205400 0.969400 0.728900 0.805400
0 -2.526603 26.469002 6.554939 -0.755700 0.077500 0.650400 0.728900 0.805400
0 -2.213871 21.599899 1.813953 -0.924400 -0.157700 0.347200 0.654300 0.871800
StkOfkingDanielas.jpg
0 1.175791 17.710602 -4.554526 0.265400 0.010600 -0.964100 0.540700 0.924800
0 -0.711441 21.599899 -3.340377 -0.700000 -0.018200 -0.713900 0.567900 0.871800
0 2.605386 21.599899 -2.373619 0.921500 -0.179600 -0.344300 0.567900 0.871800
StkOfkingDanielas.jpg
0 -0.711441 21.599899 -3.340377 -0.700000 -0.018200 -0.713900 0.567900 0.871800
0 1.175791 17.710602 -4.554526 0.265400 0.010600 -0.964100 0.540700 0.924800
0 -1.991743 16.617500 -0.917395 -0.958200 -0.062500 -0.279300 0.611100 0.939600
StkOfkingDanielas.jpg
0 -1.991743 16.617500 -0.917395 -0.958200 -0.062500 -0.279300 0.611100 0.939600
0 -2.213871 21.599899 1.813953 -0.924400 -0.157700 0.347200 0.654300 0.871800
0 -0.711441 21.599899 -3.340377 -0.700000 -0.018200 -0.713900 0.567900 0.871800
StkOfkingDanielas.jpg
0 1.571977 26.469002 -7.506860 -0.127700 -0.218500 -0.967400 0.493300 0.805400
0 2.918098 26.469002 -7.114505 0.761900 0.103600 -0.639300 0.493300 0.805400
0 2.605386 21.599899 -2.373619 0.921500 -0.179600 -0.344300 0.567900 0.871800
StkOfkingDanielas.jpg
0 2.605386 21.599899 -2.373619 0.921500 -0.179600 -0.344300 0.567900 0.871800
0 -0.711441 21.599899 -3.340377 -0.700000 -0.018200 -0.713900 0.567900 0.871800
0 1.571977 26.469002 -7.506860 -0.127700 -0.218500 -0.967400 0.493300 0.805400
StkOfkingDanielas.jpg
0 -1.991743 16.617500 -0.917395 -0.958200 -0.062500 -0.279300 0.611100 0.939600
0 -1.274521 17.710602 3.851971 -0.294200 0.010600 0.955700 0.681500 0.924800
0 -2.213871 21.599899 1.813953 -0.924400 -0.157700 0.347200 0.654300 0.871800
StkOfkingDanielas.jpg
0 -2.213871 21.599899 1.813953 -0.924400 -0.157700 0.347200 0.654300 0.871800
0 -0.130425 33.914101 -0.374841 -0.006400 1.000000 -0.001900 0.611100 0.704000
0 -0.711441 21.599899 -3.340377 -0.700000 -0.018200 -0.713900 0.567900 0.871800
StkOfkingDanielas.jpg
0 -2.213871 21.599899 1.813953 -0.924400 -0.157700 0.347200 0.654300 0.871800
0 -1.274521 17.710602 3.851971 -0.294200 0.010600 0.955700 0.681500 0.924800
0 1.103053 21.599899 2.780730 0.701900 -0.041600 0.711100 0.654300 0.871800
StkOfkingDanielas.jpg
0 1.893014 16.617500 0.214839 0.946000 -0.170300 0.275700 0.611100 0.939600
0 1.175791 17.710602 -4.554526 0.265400 0.010600 -0.964100 0.540700 0.924800
0 2.605386 21.599899 -2.373619 0.921500 -0.179600 -0.344300 0.567900 0.871800
StkOfkingDanielas.jpg
0 2.605386 21.599899 -2.373619 0.921500 -0.179600 -0.344300 0.567900 0.871800
0 -0.130425 33.914101 -0.374841 -0.006400 1.000000 -0.001900 0.611100 0.704000
0 1.103053 21.599899 2.780730 0.701900 -0.041600 0.711100 0.654300 0.871800
StkOfkingDanielas.jpg
0 1.103053 21.599899 2.780730 0.701900 -0.041600 0.711100 0.654300 0.871800
0 -1.274521 17.710602 3.851971 -0.294200 0.010600 0.955700 0.681500 0.924800
0 1.893014 16.617500 0.214839 0.946000 -0.170300 0.275700 0.611100 0.939600
StkOfkingDanielas.jpg
0 1.893014 16.617500 0.214839 0.946000 -0.170300 0.275700 0.611100 0.939600
0 2.605386 21.599899 -2.373619 0.921500 -0.179600 -0.344300 0.567900 0.871800
0 1.103053 21.599899 2.780730 0.701900 -0.041600 0.711100 0.654300 0.871800
StkOfkingDanielas.jpg
0 -0.130425 33.914101 -0.374841 -0.006400 1.000000 -0.001900 0.611100 0.704000
0 -2.526603 26.469002 6.554939 -0.755700 0.077500 0.650400 0.728900 0.805400
0 -1.180482 26.469002 6.947293 0.134200 -0.205400 0.969400 0.728900 0.805400
StkOfkingDanielas.jpg
0 -0.578257 -36.162601 1.933940 -0.278400 0.047400 0.959300 0.903500 0.756800
0 -2.444489 -36.162601 -0.476357 -0.998400 0.047400 0.031700 0.859400 0.756800
0 -4.984447 -48.369499 -0.398689 -0.944800 -0.199700 0.259600 0.878700 0.918200
StkOfkingDanielas.jpg
0 -4.984447 -48.369499 -0.398689 -0.944800 -0.199700 0.259600 0.878700 0.918200
0 -1.289353 -48.369499 4.373485 -0.032300 -0.712700 0.700800 0.965900 0.918200
0 -0.578257 -36.162601 1.933940 -0.278400 0.047400 0.959300 0.903500 0.756800
StkOfkingDanielas.jpg
0 -2.444489 -36.162601 -0.476357 -0.998400 0.047400 0.031700 0.859400 0.756800
0 -0.728871 -36.162601 -2.995970 -0.338700 0.047400 -0.939700 0.788200 0.756800
0 -1.587576 -48.369499 -5.387653 -0.469500 -0.520700 -0.713100 0.737700 0.918200
StkOfkingDanielas.jpg
0 -1.587576 -48.369499 -5.387653 -0.469500 -0.520700 -0.713100 0.737700 0.918200
0 -4.984447 -48.369499 -0.398689 -0.944800 -0.199700 0.259600 0.878700 0.918200
0 -2.444489 -36.162601 -0.476357 -0.998400 0.047400 0.031700 0.859400 0.756800
StkOfkingDanielas.jpg
0 -0.728871 -36.162601 -2.995970 -0.338700 0.047400 -0.939700 0.788200 0.756800
0 2.197546 -36.162601 -2.142962 0.789100 0.047400 -0.612500 0.788200 0.756800
0 4.206856 -48.369499 -3.698659 0.533100 -0.520700 -0.666900 0.737700 0.918200
StkOfkingDanielas.jpg
0 4.206856 -48.369499 -3.698659 0.533100 -0.520700 -0.666900 0.737700 0.918200
0 -1.587576 -48.369499 -5.387653 -0.469500 -0.520700 -0.713100 0.737700 0.918200
0 -0.728871 -36.162601 -2.995970 -0.338700 0.047400 -0.939700 0.788200 0.756800
StkOfkingDanielas.jpg
0 2.197546 -36.162601 -2.142962 0.789100 0.047400 -0.612500 0.788200 0.756800
0 2.290631 -36.162601 0.903841 0.826300 0.047400 0.561200 0.859400 0.756800
0 4.391179 -48.369499 2.334017 0.917000 -0.199700 0.345300 0.878700 0.918200
StkOfkingDanielas.jpg
0 4.391179 -48.369499 2.334017 0.917000 -0.199700 0.345300 0.878700 0.918200
0 4.206856 -48.369499 -3.698659 0.533100 -0.520700 -0.666900 0.737700 0.918200
0 2.197546 -36.162601 -2.142962 0.789100 0.047400 -0.612500 0.788200 0.756800
StkOfkingDanielas.jpg
0 2.290631 -36.162601 0.903841 0.826300 0.047400 0.561200 0.859400 0.756800
0 -0.578257 -36.162601 1.933940 -0.278400 0.047400 0.959300 0.903500 0.756800
0 -1.289353 -48.369499 4.373485 -0.032300 -0.712700 0.700800 0.965900 0.918200
StkOfkingDanielas.jpg
0 -1.289353 -48.369499 4.373485 -0.032300 -0.712700 0.700800 0.965900 0.918200
0 4.391179 -48.369499 2.334017 0.917000 -0.199700 0.345300 0.878700 0.918200
0 2.290631 -36.162601 0.903841 0.826300 0.047400 0.561200 0.859400 0.756800
StkOfkingDanielas.jpg
0 4.206856 -48.369499 -3.698659 0.533100 -0.520700 -0.666900 0.737700 0.918200
0 4.391179 -48.369499 2.334017 0.917000 -0.199700 0.345300 0.878700 0.918200
0 -1.289353 -48.369499 4.373485 -0.032300 -0.712700 0.700800 0.965900 0.918200
StkOfkingDanielas.jpg
0 -1.587576 -48.369499 -5.387653 -0.469500 -0.520700 -0.713100 0.737700 0.918200
0 4.206856 -48.369499 -3.698659 0.533100 -0.520700 -0.666900 0.737700 0.918200
0 -1.289353 -48.369499 4.373485 -0.032300 -0.712700 0.700800 0.965900 0.918200
StkOfkingDanielas.jpg
0 -4.984447 -48.369499 -0.398689 -0.944800 -0.199700 0.259600 0.878700 0.918200
0 -1.587576 -48.369499 -5.387653 -0.469500 -0.520700 -0.713100 0.737700 0.918200
0 -1.289353 -48.369499 4.373485 -0.032300 -0.712700 0.700800 0.965900 0.918200
StkOfkingDanielas.jpg
0 -1.039652 -21.399101 3.516946 -0.408800 0.571000 0.711900 0.944000 0.561600
0 -4.092578 -21.399101 -0.426014 -0.939000 0.281600 -0.197300 0.872000 0.561600
0 -2.444489 -36.162601 -0.476357 -0.998400 0.047400 0.031700 0.859400 0.756800
StkOfkingDanielas.jpg
0 -2.444489 -36.162601 -0.476357 -0.998400 0.047400 0.031700 0.859400 0.756800
0 -0.578257 -36.162601 1.933940 -0.278400 0.047400 0.959300 0.903500 0.756800
0 -1.039652 -21.399101 3.516946 -0.408800 0.571000 0.711900 0.944000 0.561600
StkOfkingDanielas.jpg
0 -4.092578 -21.399101 -0.426014 -0.939000 0.281600 -0.197300 0.872000 0.561600
0 -1.286111 -21.399101 -4.547900 -0.072000 0.739200 -0.669600 0.755400 0.561600
0 -0.728871 -36.162601 -2.995970 -0.338700 0.047400 -0.939700 0.788200 0.756800
StkOfkingDanielas.jpg
0 -0.728871 -36.162601 -2.995970 -0.338700 0.047400 -0.939700 0.788200 0.756800
0 -2.444489 -36.162601 -0.476357 -0.998400 0.047400 0.031700 0.859400 0.756800
0 -4.092578 -21.399101 -0.426014 -0.939000 0.281600 -0.197300 0.872000 0.561600
StkOfkingDanielas.jpg
0 -1.286111 -21.399101 -4.547900 -0.072000 0.739200 -0.669600 0.755400 0.561600
0 3.501330 -21.399101 -3.152399 0.875600 0.281600 -0.392300 0.755400 0.561600
0 2.197546 -36.162601 -2.142962 0.789100 0.047400 -0.612500 0.788200 0.756800
StkOfkingDanielas.jpg
0 2.197546 -36.162601 -2.142962 0.789100 0.047400 -0.612500 0.788200 0.756800
0 -0.728871 -36.162601 -2.995970 -0.338700 0.047400 -0.939700 0.788200 0.756800
0 -1.286111 -21.399101 -4.547900 -0.072000 0.739200 -0.669600 0.755400 0.561600
StkOfkingDanielas.jpg
0 3.501330 -21.399101 -3.152399 0.875600 0.281600 -0.392300 0.755400 0.561600
0 3.653570 -21.399101 1.831872 0.550800 0.571000 0.608800 0.872000 0.561600
0 2.290631 -36.162601 0.903841 0.826300 0.047400 0.561200 0.859400 0.756800
StkOfkingDanielas.jpg
0 2.290631 -36.162601 0.903841 0.826300 0.047400 0.561200 0.859400 0.756800
0 2.197546 -36.162601 -2.142962 0.789100 0.047400 -0.612500 0.788200 0.756800
0 3.501330 -21.399101 -3.152399 0.875600 0.281600 -0.392300 0.755400 0.561600
StkOfkingDanielas.jpg
0 3.653570 -21.399101 1.831872 0.550800 0.571000 0.608800 0.872000 0.561600
0 -1.039652 -21.399101 3.516946 -0.408800 0.571000 0.711900 0.944000 0.561600
0 -0.578257 -36.162601 1.933940 -0.278400 0.047400 0.959300 0.903500 0.756800
StkOfkingDanielas.jpg
0 -0.578257 -36.162601 1.933940 -0.278400 0.047400 0.959300 0.903500 0.756800
0 2.290631 -36.162601 0.903841 0.826300 0.047400 0.561200 0.859400 0.756800
0 3.653570 -21.399101 1.831872 0.550800 0.571000 0.608800 0.872000 0.561600
StkOfkingDanielas.jpg
0 -1.286111 -21.399101 -4.547900 -0.072000 0.739200 -0.669600 0.755400 0.561600
0 -1.039652 -21.399101 3.516946 -0.408800 0.571000 0.711900 0.944000 0.561600
0 3.653570 -21.399101 1.831872 0.550800 0.571000 0.608800 0.872000 0.561600
StkOfkingDanielas.jpg
0 3.653570 -21.399101 1.831872 0.550800 0.571000 0.608800 0.872000 0.561600
0 3.501330 -21.399101 -3.152399 0.875600 0.281600 -0.392300 0.755400 0.561600
0 -1.286111 -21.399101 -4.547900 -0.072000 0.739200 -0.669600 0.755400 0.561600
StkOfkingDanielas.jpg
0 -1.039652 -21.399101 3.516946 -0.408800 0.571000 0.711900 0.944000 0.561600
0 -1.286111 -21.399101 -4.547900 -0.072000 0.739200 -0.669600 0.755400 0.561600
0 -4.092578 -21.399101 -0.426014 -0.939000 0.281600 -0.197300 0.872000 0.561600
StkOfkingDanielas.jpg
0 1.354324 17.907108 -4.696522 0.509900 0.444100 -0.736800 0.733700 0.040200
0 -4.270259 17.907104 -1.610735 -0.822100 0.024200 -0.568900 0.845200 0.040200
0 -1.184471 17.907104 4.013849 -0.509900 0.444100 0.736800 0.956700 0.040200
StkOfkingDanielas.jpg
0 -1.184471 17.907104 4.013849 -0.509900 0.444100 0.736800 0.956700 0.040200
0 4.440114 17.907104 0.928060 0.822100 0.024200 0.568900 0.845200 0.040200
0 1.354324 17.907108 -4.696522 0.509900 0.444100 -0.736800 0.733700 0.040200
StkOfkingDanielas.jpg
0 0.815155 13.819099 -2.846565 0.280900 -0.223700 -0.933300 0.781100 0.093800
0 2.590153 13.819099 0.388889 0.933300 -0.223700 0.280900 0.845200 0.093800
0 2.590150 -22.998899 0.388882 0.999300 -0.000000 -0.038100 0.845200 0.582700
StkOfkingDanielas.jpg
0 2.590150 -22.998899 0.388882 0.999300 -0.000000 -0.038100 0.845200 0.582700
0 0.815151 -22.998899 -2.846572 -0.038100 -0.000000 -0.999300 0.781100 0.582700
0 0.815155 13.819099 -2.846565 0.280900 -0.223700 -0.933300 0.781100 0.093800
StkOfkingDanielas.jpg
0 2.590153 13.819099 0.388889 0.933300 -0.223700 0.280900 0.845200 0.093800
0 -0.645301 13.819099 2.163888 -0.280900 -0.223700 0.933300 0.909400 0.093800
0 -0.645304 -22.998899 2.163880 0.038100 0.000000 0.999300 0.909400 0.582700
StkOfkingDanielas.jpg
0 -0.645304 -22.998899 2.163880 0.038100 0.000000 0.999300 0.909400 0.582700
0 2.590150 -22.998899 0.388882 0.999300 -0.000000 -0.038100 0.845200 0.582700
0 2.590153 13.819099 0.388889 0.933300 -0.223700 0.280900 0.845200 0.093800
StkOfkingDanielas.jpg
0 -0.645301 13.819099 2.163888 -0.280900 -0.223700 0.933300 0.909400 0.093800
0 -2.420300 13.819099 -1.071567 -0.933300 -0.223700 -0.280900 0.845200 0.093800
0 -2.420303 -22.998899 -1.071574 -0.999300 0.000000 0.038100 0.845200 0.582700
StkOfkingDanielas.jpg
0 -2.420303 -22.998899 -1.071574 -0.999300 0.000000 0.038100 0.845200 0.582700
0 -0.645304 -22.998899 2.163880 0.038100 0.000000 0.999300 0.909400 0.582700
0 -0.645301 13.819099 2.163888 -0.280900 -0.223700 0.933300 0.909400 0.093800
StkOfkingDanielas.jpg
0 -2.420300 13.819099 -1.071567 -0.933300 -0.223700 -0.280900 0.845200 0.093800
0 0.815155 13.819099 -2.846565 0.280900 -0.223700 -0.933300 0.781100 0.093800
0 0.815151 -22.998899 -2.846572 -0.038100 -0.000000 -0.999300 0.781100 0.582700
StkOfkingDanielas.jpg
0 0.815151 -22.998899 -2.846572 -0.038100 -0.000000 -0.999300 0.781100 0.582700
0 -2.420303 -22.998899 -1.071574 -0.999300 0.000000 0.038100 0.845200 0.582700
0 -2.420300 13.819099 -1.071567 -0.933300 -0.223700 -0.280900 0.845200 0.093800
StkOfkingDanielas.jpg
0 0.815155 13.819099 -2.846565 0.280900 -0.223700 -0.933300 0.781100 0.093800
0 -2.420300 13.819099 -1.071567 -0.933300 -0.223700 -0.280900 0.845200 0.093800
0 -4.270259 17.907104 -1.610735 -0.822100 0.024200 -0.568900 0.845200 0.040200
StkOfkingDanielas.jpg
0 -4.270259 17.907104 -1.610735 -0.822100 0.024200 -0.568900 0.845200 0.040200
0 1.354324 17.907108 -4.696522 0.509900 0.444100 -0.736800 0.733700 0.040200
0 0.815155 13.819099 -2.846565 0.280900 -0.223700 -0.933300 0.781100 0.093800
StkOfkingDanielas.jpg
0 -2.420300 13.819099 -1.071567 -0.933300 -0.223700 -0.280900 0.845200 0.093800
0 -0.645301 13.819099 2.163888 -0.280900 -0.223700 0.933300 0.909400 0.093800
0 -1.184471 17.907104 4.013849 -0.509900 0.444100 0.736800 0.956700 0.040200
StkOfkingDanielas.jpg
0 -1.184471 17.907104 4.013849 -0.509900 0.444100 0.736800 0.956700 0.040200
0 -4.270259 17.907104 -1.610735 -0.822100 0.024200 -0.568900 0.845200 0.040200
0 -2.420300 13.819099 -1.071567 -0.933300 -0.223700 -0.280900 0.845200 0.093800
StkOfkingDanielas.jpg
0 -0.645301 13.819099 2.163888 -0.280900 -0.223700 0.933300 0.909400 0.093800
0 2.590153 13.819099 0.388889 0.933300 -0.223700 0.280900 0.845200 0.093800
0 4.440114 17.907104 0.928060 0.822100 0.024200 0.568900 0.845200 0.040200
StkOfkingDanielas.jpg
0 4.440114 17.907104 0.928060 0.822100 0.024200 0.568900 0.845200 0.040200
0 -1.184471 17.907104 4.013849 -0.509900 0.444100 0.736800 0.956700 0.040200
0 -0.645301 13.819099 2.163888 -0.280900 -0.223700 0.933300 0.909400 0.093800
StkOfkingDanielas.jpg
0 2.590153 13.819099 0.388889 0.933300 -0.223700 0.280900 0.845200 0.093800
0 0.815155 13.819099 -2.846565 0.280900 -0.223700 -0.933300 0.781100 0.093800
0 1.354324 17.907108 -4.696522 0.509900 0.444100 -0.736800 0.733700 0.040200
StkOfkingDanielas.jpg
0 1.354324 17.907108 -4.696522 0.509900 0.444100 -0.736800 0.733700 0.040200
0 4.440114 17.907104 0.928060 0.822100 0.024200 0.568900 0.845200 0.040200
0 2.590153 13.819099 0.388889 0.933300 -0.223700 0.280900 0.845200 0.093800
StkOfkingDanielas.jpg
2 -2.875468 -67.086197 4.194807 -0.769481 0.628000 -0.115996 0.138300 0.710600
2 -2.571521 -66.386597 8.240334 -0.879982 0.345800 -0.325764 0.249000 0.693300
2 2.507062 -66.386597 8.262562 0.920679 0.378400 -0.095368 0.249000 0.693300
StkOfkingDanielas.jpg
2 -2.875468 -67.086197 4.194807 -0.769481 0.628000 -0.115996 0.138300 0.710600
2 2.507062 -66.386597 8.262562 0.920679 0.378400 -0.095368 0.249000 0.693300
2 2.846251 -67.086197 4.219787 0.841632 0.529900 -0.104743 0.138300 0.710600
StkOfkingDanielas.jpg
2 -2.571521 -66.386597 8.240334 -0.879982 0.345800 -0.325764 0.249000 0.693300
2 -1.655782 -61.253300 9.335567 -0.804265 -0.123700 -0.581230 0.268400 0.535100
2 1.581810 -61.253300 9.349715 0.795089 0.082200 -0.600832 0.268400 0.535100
StkOfkingDanielas.jpg
2 -2.571521 -66.386597 8.240334 -0.879982 0.345800 -0.325764 0.249000 0.693300
2 1.581810 -61.253300 9.349715 0.795089 0.082200 -0.600832 0.268400 0.535100
2 2.507062 -66.386597 8.262562 0.920679 0.378400 -0.095368 0.249000 0.693300
StkOfkingDanielas.jpg
2 -1.655782 -61.253300 9.335567 -0.804265 -0.123700 -0.581230 0.268400 0.535100
2 -1.225411 -57.393600 6.876782 -0.762091 -0.494600 -0.417825 0.200900 0.405300
2 1.172791 -57.393600 6.887228 0.761329 -0.399900 -0.510320 0.200900 0.405300
StkOfkingDanielas.jpg
2 -1.655782 -61.253300 9.335567 -0.804265 -0.123700 -0.581230 0.268400 0.535100
2 1.172791 -57.393600 6.887228 0.761329 -0.399900 -0.510320 0.200900 0.405300
2 1.581810 -61.253300 9.349715 0.795089 0.082200 -0.600832 0.268400 0.535100
StkOfkingDanielas.jpg
2 -1.225411 -57.393600 6.876782 -0.762091 -0.494600 -0.417825 0.200900 0.405300
2 -0.874261 -55.620796 3.322095 -0.573856 -0.577300 -0.580928 0.102800 0.362300
2 0.852793 -55.620796 3.329607 0.579633 -0.660500 -0.477153 0.102800 0.362300
StkOfkingDanielas.jpg
2 -1.225411 -57.393600 6.876782 -0.762091 -0.494600 -0.417825 0.200900 0.405300
2 0.852793 -55.620796 3.329607 0.579633 -0.660500 -0.477153 0.102800 0.362300
2 1.172791 -57.393600 6.887228 0.761329 -0.399900 -0.510320 0.200900 0.405300
StkOfkingDanielas.jpg
2 -0.874261 -55.620796 3.322095 -0.573856 -0.577300 -0.580928 0.102800 0.362300
2 -0.971634 -52.076698 0.577935 -0.933402 -0.200300 -0.297650 0.019500 0.239200
2 0.974054 -52.076698 0.586445 0.751104 -0.392100 -0.531107 0.019500 0.239200
StkOfkingDanielas.jpg
2 -0.874261 -55.620796 3.322095 -0.573856 -0.577300 -0.580928 0.102800 0.362300
2 0.974054 -52.076698 0.586445 0.751104 -0.392100 -0.531107 0.019500 0.239200
2 0.852793 -55.620796 3.329607 0.579633 -0.660500 -0.477153 0.102800 0.362300
StkOfkingDanielas.jpg
2 -2.251250 -74.482597 8.523786 -0.787707 -0.613500 -0.056569 0.264800 0.961300
2 -2.859647 -68.575401 0.569145 -0.905907 -0.198400 -0.374090 0.028800 0.768500
2 2.862072 -68.575401 0.594126 0.827016 -0.439500 -0.350536 0.028800 0.768500
StkOfkingDanielas.jpg
2 -2.859647 -68.575401 0.569145 -0.905907 -0.198400 -0.374090 0.028800 0.768500
2 -2.875468 -67.086197 4.194807 -0.769481 0.628000 -0.115996 0.138300 0.710600
2 0.001267 -63.268799 0.582283 0.001629 0.925000 -0.379969 0.030600 0.606400
StkOfkingDanielas.jpg
2 -0.971634 -52.076698 0.577935 -0.933402 -0.200300 -0.297650 0.019500 0.239200
2 -0.678098 -52.783501 5.027110 -0.976621 0.181900 0.114322 0.160800 0.253000
2 0.001219 -46.144901 0.582893 -0.002765 0.776600 0.629966 0.028800 0.036300
StkOfkingDanielas.jpg
2 -0.874261 -55.620796 3.322095 -0.573856 -0.577300 -0.580928 0.102800 0.362300
2 -0.678098 -52.783501 5.027110 -0.976621 0.181900 0.114322 0.160800 0.253000
2 -0.971634 -52.076698 0.577935 -0.933402 -0.200300 -0.297650 0.019500 0.239200
StkOfkingDanielas.jpg
2 -0.874261 -55.620796 3.322095 -0.573856 -0.577300 -0.580928 0.102800 0.362300
2 -1.225411 -57.393600 6.876782 -0.762091 -0.494600 -0.417825 0.200900 0.405300
2 -0.678098 -52.783501 5.027110 -0.976621 0.181900 0.114322 0.160800 0.253000
StkOfkingDanielas.jpg
2 -1.225411 -57.393600 6.876782 -0.762091 -0.494600 -0.417825 0.200900 0.405300
2 -0.812432 -56.307400 9.762497 -0.965955 0.171300 0.193967 0.301400 0.368000
2 -0.678098 -52.783501 5.027110 -0.976621 0.181900 0.114322 0.160800 0.253000
StkOfkingDanielas.jpg
2 -1.225411 -57.393600 6.876782 -0.762091 -0.494600 -0.417825 0.200900 0.405300
2 -1.655782 -61.253300 9.335567 -0.804265 -0.123700 -0.581230 0.268400 0.535100
2 -0.812432 -56.307400 9.762497 -0.965955 0.171300 0.193967 0.301400 0.368000
StkOfkingDanielas.jpg
2 -1.655782 -61.253300 9.335567 -0.804265 -0.123700 -0.581230 0.268400 0.535100
2 -1.095102 -63.074303 12.479634 -0.939862 0.079500 0.332127 0.382100 0.588900
2 -0.812432 -56.307400 9.762497 -0.965955 0.171300 0.193967 0.301400 0.368000
StkOfkingDanielas.jpg
2 -1.655782 -61.253300 9.335567 -0.804265 -0.123700 -0.581230 0.268400 0.535100
2 -2.571521 -66.386597 8.240334 -0.879982 0.345800 -0.325764 0.249000 0.693300
2 -1.095102 -63.074303 12.479634 -0.939862 0.079500 0.332127 0.382100 0.588900
StkOfkingDanielas.jpg
2 -2.571521 -66.386597 8.240334 -0.879982 0.345800 -0.325764 0.249000 0.693300
2 -2.134237 -70.847000 11.235008 -0.933413 -0.058300 0.353893 0.345300 0.842600
2 -1.095102 -63.074303 12.479634 -0.939862 0.079500 0.332127 0.382100 0.588900
StkOfkingDanielas.jpg
2 -2.571521 -66.386597 8.240334 -0.879982 0.345800 -0.325764 0.249000 0.693300
2 -2.251250 -74.482597 8.523786 -0.787707 -0.613500 -0.056569 0.264800 0.961300
2 -2.134237 -70.847000 11.235008 -0.933413 -0.058300 0.353893 0.345300 0.842600
StkOfkingDanielas.jpg
2 -2.571521 -66.386597 8.240334 -0.879982 0.345800 -0.325764 0.249000 0.693300
2 -2.875468 -67.086197 4.194807 -0.769481 0.628000 -0.115996 0.138300 0.710600
2 -2.251250 -74.482597 8.523786 -0.787707 -0.613500 -0.056569 0.264800 0.961300
StkOfkingDanielas.jpg
2 -2.875468 -67.086197 4.194807 -0.769481 0.628000 -0.115996 0.138300 0.710600
2 -2.859647 -68.575401 0.569145 -0.905907 -0.198400 -0.374090 0.028800 0.768500
2 -2.251250 -74.482597 8.523786 -0.787707 -0.613500 -0.056569 0.264800 0.961300
StkOfkingDanielas.jpg
2 2.862072 -68.575401 0.594126 0.827016 -0.439500 -0.350536 0.028800 0.768500
2 0.001267 -63.268799 0.582283 0.001629 0.925000 -0.379969 0.030600 0.606400
2 2.846251 -67.086197 4.219787 0.841632 0.529900 -0.104743 0.138300 0.710600
StkOfkingDanielas.jpg
2 0.974054 -52.076698 0.586445 0.751104 -0.392100 -0.531107 0.019500 0.239200
2 0.001219 -46.144901 0.582893 -0.002765 0.776600 0.629966 0.028800 0.036300
2 0.641717 -52.783501 5.032937 0.979613 0.165600 0.113790 0.160800 0.253000
StkOfkingDanielas.jpg
2 0.852793 -55.620796 3.329607 0.579633 -0.660500 -0.477153 0.102800 0.362300
2 0.974054 -52.076698 0.586445 0.751104 -0.392100 -0.531107 0.019500 0.239200
2 0.641717 -52.783501 5.032937 0.979613 0.165600 0.113790 0.160800 0.253000
StkOfkingDanielas.jpg
2 1.172791 -57.393600 6.887228 0.761329 -0.399900 -0.510320 0.200900 0.405300
2 0.641717 -52.783501 5.032937 0.979613 0.165600 0.113790 0.160800 0.253000
2 0.734736 -56.307400 9.769201 0.963142 0.196100 0.184052 0.301400 0.368000
StkOfkingDanielas.jpg
2 1.172791 -57.393600 6.887228 0.761329 -0.399900 -0.510320 0.200900 0.405300
2 0.852793 -55.620796 3.329607 0.579633 -0.660500 -0.477153 0.102800 0.362300
2 0.641717 -52.783501 5.032937 0.979613 0.165600 0.113790 0.160800 0.253000
StkOfkingDanielas.jpg
2 1.581810 -61.253300 9.349715 0.795089 0.082200 -0.600832 0.268400 0.535100
2 0.734736 -56.307400 9.769201 0.963142 0.196100 0.184052 0.301400 0.368000
2 0.993631 -63.074303 12.488802 0.952341 0.120600 0.280256 0.382100 0.588900
StkOfkingDanielas.jpg
2 1.581810 -61.253300 9.349715 0.795089 0.082200 -0.600832 0.268400 0.535100
2 1.172791 -57.393600 6.887228 0.761329 -0.399900 -0.510320 0.200900 0.405300
2 0.734736 -56.307400 9.769201 0.963142 0.196100 0.184052 0.301400 0.368000
StkOfkingDanielas.jpg
2 2.507062 -66.386597 8.262562 0.920679 0.378400 -0.095368 0.249000 0.693300
2 0.993631 -63.074303 12.488802 0.952341 0.120600 0.280256 0.382100 0.588900
2 2.043618 -70.847000 11.253209 0.937732 -0.048400 0.343950 0.345300 0.842600
StkOfkingDanielas.jpg
2 2.507062 -66.386597 8.262562 0.920679 0.378400 -0.095368 0.249000 0.693300
2 1.581810 -61.253300 9.349715 0.795089 0.082200 -0.600832 0.268400 0.535100
2 0.993631 -63.074303 12.488802 0.952341 0.120600 0.280256 0.382100 0.588900
StkOfkingDanielas.jpg
2 2.507062 -66.386597 8.262562 0.920679 0.378400 -0.095368 0.249000 0.693300
2 2.043618 -70.847000 11.253209 0.937732 -0.048400 0.343950 0.345300 0.842600
2 2.184288 -74.482597 8.543153 0.799269 -0.595500 0.080927 0.264800 0.961300
StkOfkingDanielas.jpg
2 2.862072 -68.575401 0.594126 0.827016 -0.439500 -0.350536 0.028800 0.768500
2 2.184288 -74.482597 8.543153 0.799269 -0.595500 0.080927 0.264800 0.961300
2 -2.251250 -74.482597 8.523786 -0.787707 -0.613500 -0.056569 0.264800 0.961300
StkOfkingDanielas.jpg
2 2.862072 -68.575401 0.594126 0.827016 -0.439500 -0.350536 0.028800 0.768500
2 2.507062 -66.386597 8.262562 0.920679 0.378400 -0.095368 0.249000 0.693300
2 2.184288 -74.482597 8.543153 0.799269 -0.595500 0.080927 0.264800 0.961300
StkOfkingDanielas.jpg
2 2.846251 -67.086197 4.219787 0.841632 0.529900 -0.104743 0.138300 0.710600
2 2.507062 -66.386597 8.262562 0.920679 0.378400 -0.095368 0.249000 0.693300
2 2.862072 -68.575401 0.594126 0.827016 -0.439500 -0.350536 0.028800 0.768500
StkOfkingDanielas.jpg
2 0.001219 -46.144901 0.582893 -0.002765 0.776600 0.629966 0.028800 0.036300
2 -0.678098 -52.783501 5.027110 -0.976621 0.181900 0.114322 0.160800 0.253000
2 -0.022580 -51.340401 6.043519 0.476915 0.699900 0.531639 0.190900 0.205900
StkOfkingDanielas.jpg
2 0.001219 -46.144901 0.582893 -0.002765 0.776600 0.629966 0.028800 0.036300
2 -0.022580 -51.340401 6.043519 0.476915 0.699900 0.531639 0.190900 0.205900
2 0.641717 -52.783501 5.032937 0.979613 0.165600 0.113790 0.160800 0.253000
StkOfkingDanielas.jpg
2 -0.678098 -52.783501 5.027110 -0.976621 0.181900 0.114322 0.160800 0.253000
2 -0.812432 -56.307400 9.762497 -0.965955 0.171300 0.193967 0.301400 0.368000
2 -0.047080 -54.872200 11.663547 0.000343 0.679100 0.734041 0.357800 0.321200
StkOfkingDanielas.jpg
2 -0.047080 -54.872200 11.663547 0.000343 0.679100 0.734041 0.357800 0.321200
2 -0.022580 -51.340401 6.043519 0.476915 0.699900 0.531639 0.190900 0.205900
2 -0.678098 -52.783501 5.027110 -0.976621 0.181900 0.114322 0.160800 0.253000
StkOfkingDanielas.jpg
2 0.734736 -56.307400 9.769201 0.963142 0.196100 0.184052 0.301400 0.368000
2 0.641717 -52.783501 5.032937 0.979613 0.165600 0.113790 0.160800 0.253000
2 -0.022580 -51.340401 6.043519 0.476915 0.699900 0.531639 0.190900 0.205900
StkOfkingDanielas.jpg
2 -0.022580 -51.340401 6.043519 0.476915 0.699900 0.531639 0.190900 0.205900
2 -0.047080 -54.872200 11.663547 0.000343 0.679100 0.734041 0.357800 0.321200
2 0.734736 -56.307400 9.769201 0.963142 0.196100 0.184052 0.301400 0.368000
StkOfkingDanielas.jpg
2 -0.812432 -56.307400 9.762497 -0.965955 0.171300 0.193967 0.301400 0.368000
2 -1.095102 -63.074303 12.479634 -0.939862 0.079500 0.332127 0.382100 0.588900
2 -0.063867 -62.460800 15.510651 -0.057829 0.192400 0.979587 0.472000 0.568900
StkOfkingDanielas.jpg
2 -0.063867 -62.460800 15.510651 -0.057829 0.192400 0.979587 0.472000 0.568900
2 -0.047080 -54.872200 11.663547 0.000343 0.679100 0.734041 0.357800 0.321200
2 -0.812432 -56.307400 9.762497 -0.965955 0.171300 0.193967 0.301400 0.368000
StkOfkingDanielas.jpg
2 0.993631 -63.074303 12.488802 0.952341 0.120600 0.280256 0.382100 0.588900
2 0.734736 -56.307400 9.769201 0.963142 0.196100 0.184052 0.301400 0.368000
2 -0.047080 -54.872200 11.663547 0.000343 0.679100 0.734041 0.357800 0.321200
StkOfkingDanielas.jpg
2 -0.047080 -54.872200 11.663547 0.000343 0.679100 0.734041 0.357800 0.321200
2 -0.063867 -62.460800 15.510651 -0.057829 0.192400 0.979587 0.472000 0.568900
2 0.993631 -63.074303 12.488802 0.952341 0.120600 0.280256 0.382100 0.588900
StkOfkingDanielas.jpg
2 -1.095102 -63.074303 12.479634 -0.939862 0.079500 0.332127 0.382100 0.588900
2 -2.134237 -70.847000 11.235008 -0.933413 -0.058300 0.353893 0.345300 0.842600
2 -0.057918 -72.755798 14.127104 -0.287106 -0.507100 0.812721 0.430900 0.904900
StkOfkingDanielas.jpg
2 -0.057918 -72.755798 14.127104 -0.287106 -0.507100 0.812721 0.430900 0.904900
2 -0.063867 -62.460800 15.510651 -0.057829 0.192400 0.979587 0.472000 0.568900
2 -1.095102 -63.074303 12.479634 -0.939862 0.079500 0.332127 0.382100 0.588900
StkOfkingDanielas.jpg
2 2.043618 -70.847000 11.253209 0.937732 -0.048400 0.343950 0.345300 0.842600
2 0.993631 -63.074303 12.488802 0.952341 0.120600 0.280256 0.382100 0.588900
2 -0.063867 -62.460800 15.510651 -0.057829 0.192400 0.979587 0.472000 0.568900
StkOfkingDanielas.jpg
2 -0.063867 -62.460800 15.510651 -0.057829 0.192400 0.979587 0.472000 0.568900
2 -0.057918 -72.755798 14.127104 -0.287106 -0.507100 0.812721 0.430900 0.904900
2 2.043618 -70.847000 11.253209 0.937732 -0.048400 0.343950 0.345300 0.842600
StkOfkingDanielas.jpg
2 -2.251250 -74.482597 8.523786 -0.787707 -0.613500 -0.056569 0.264800 0.961300
2 -0.057918 -72.755798 14.127104 -0.287106 -0.507100 0.812721 0.430900 0.904900
2 -2.134237 -70.847000 11.235008 -0.933413 -0.058300 0.353893 0.345300 0.842600
StkOfkingDanielas.jpg
2 2.184288 -74.482597 8.543153 0.799269 -0.595500 0.080927 0.264800 0.961300
2 2.043618 -70.847000 11.253209 0.937732 -0.048400 0.343950 0.345300 0.842600
2 -0.057918 -72.755798 14.127104 -0.287106 -0.507100 0.812721 0.430900 0.904900
StkOfkingDanielas.jpg
2 -0.057918 -72.755798 14.127104 -0.287106 -0.507100 0.812721 0.430900 0.904900
2 -2.251250 -74.482597 8.523786 -0.787707 -0.613500 -0.056569 0.264800 0.961300
2 2.184288 -74.482597 8.543153 0.799269 -0.595500 0.080927 0.264800 0.961300
StkOfkingDanielas.jpg
2 3.584219 -67.317497 -2.885424 -0.109318 0.628000 -0.770517 0.138300 0.710600
2 7.604869 -66.617897 2.532441 -0.103366 0.378400 0.919824 0.249000 0.693300
2 7.626999 -66.617897 -2.546133 -0.318035 0.345800 -0.882733 0.249000 0.693300
StkOfkingDanielas.jpg
2 3.584219 -67.317497 -2.885424 -0.109318 0.628000 -0.770517 0.138300 0.710600
2 3.559245 -67.317497 2.836396 -0.112123 0.529900 0.840671 0.138300 0.710600
2 7.604869 -66.617897 2.532441 -0.103366 0.378400 0.919824 0.249000 0.693300
StkOfkingDanielas.jpg
2 7.626999 -66.617897 -2.546133 -0.318035 0.345800 -0.882733 0.249000 0.693300
2 8.700000 -61.484604 1.616713 -0.607837 0.082200 0.789840 0.268400 0.535100
2 8.714150 -61.484600 -1.620879 -0.574211 -0.123700 -0.809276 0.268400 0.535100
StkOfkingDanielas.jpg
2 7.626999 -66.617897 -2.546133 -0.318035 0.345800 -0.882733 0.249000 0.693300
2 7.604869 -66.617897 2.532441 -0.103366 0.378400 0.919824 0.249000 0.693300
2 8.700000 -61.484604 1.616713 -0.607837 0.082200 0.789840 0.268400 0.535100
StkOfkingDanielas.jpg
2 8.714150 -61.484600 -1.620879 -0.574211 -0.123700 -0.809276 0.268400 0.535100
2 6.241211 -57.624901 1.186242 -0.517018 -0.399900 0.756828 0.200900 0.405300
2 6.251656 -57.624901 -1.211960 -0.411191 -0.494600 -0.765723 0.200900 0.405300
StkOfkingDanielas.jpg
2 8.714150 -61.484600 -1.620879 -0.574211 -0.123700 -0.809276 0.268400 0.535100
2 8.700000 -61.484604 1.616713 -0.607837 0.082200 0.789840 0.268400 0.535100
2 6.241211 -57.624901 1.186242 -0.517018 -0.399900 0.756828 0.200900 0.405300
StkOfkingDanielas.jpg
2 6.251656 -57.624901 -1.211960 -0.411191 -0.494600 -0.765723 0.200900 0.405300
2 2.686532 -55.852100 0.835192 -0.482150 -0.660500 0.575493 0.102800 0.362300
2 2.694045 -55.852100 -0.891861 -0.575873 -0.577300 -0.578893 0.102800 0.362300
StkOfkingDanielas.jpg
2 6.251656 -57.624901 -1.211960 -0.411191 -0.494600 -0.765723 0.200900 0.405300
2 6.241211 -57.624901 1.186242 -0.517018 -0.399900 0.756828 0.200900 0.405300
2 2.686532 -55.852100 0.835192 -0.482150 -0.660500 0.575493 0.102800 0.362300
StkOfkingDanielas.jpg
2 2.694045 -55.852100 -0.891861 -0.575873 -0.577300 -0.578893 0.102800 0.362300
2 -0.057629 -52.307999 0.932567 -0.537563 -0.392100 0.746491 0.019500 0.239200
2 -0.049126 -52.307999 -1.013221 -0.289501 -0.200300 -0.935960 0.019500 0.239200
StkOfkingDanielas.jpg
2 2.694045 -55.852100 -0.891861 -0.575873 -0.577300 -0.578893 0.102800 0.362300
2 2.686532 -55.852100 0.835192 -0.482150 -0.660500 0.575493 0.102800 0.362300
2 -0.057629 -52.307999 0.932567 -0.537563 -0.392100 0.746491 0.019500 0.239200
StkOfkingDanielas.jpg
2 7.907588 -74.713898 -2.223361 -0.049665 -0.613500 -0.788141 0.264800 0.961300
2 -0.066318 -68.806702 2.820566 -0.357753 -0.439500 0.823928 0.028800 0.768500
2 -0.041437 -68.806702 -2.901144 -0.366191 -0.198400 -0.909184 0.028800 0.768500
StkOfkingDanielas.jpg
2 -0.041437 -68.806702 -2.901144 -0.366191 -0.198400 -0.909184 0.028800 0.768500
2 -0.053279 -63.500099 -0.040338 -0.379969 0.925000 -0.001630 0.030600 0.606400
2 3.584219 -67.317497 -2.885424 -0.109318 0.628000 -0.770517 0.138300 0.710600
StkOfkingDanielas.jpg
2 -0.049126 -52.307999 -1.013221 -0.289501 -0.200300 -0.935960 0.019500 0.239200
2 -0.052571 -46.376202 -0.040293 0.629966 0.776600 0.002765 0.028800 0.036300
2 4.397373 -53.014801 -0.680784 0.122832 0.181900 -0.975652 0.160800 0.253000
StkOfkingDanielas.jpg
2 2.694045 -55.852100 -0.891861 -0.575873 -0.577300 -0.578893 0.102800 0.362300
2 -0.049126 -52.307999 -1.013221 -0.289501 -0.200300 -0.935960 0.019500 0.239200
2 4.397373 -53.014801 -0.680784 0.122832 0.181900 -0.975652 0.160800 0.253000
StkOfkingDanielas.jpg
2 2.694045 -55.852100 -0.891861 -0.575873 -0.577300 -0.578893 0.102800 0.362300
2 4.397373 -53.014801 -0.680784 0.122832 0.181900 -0.975652 0.160800 0.253000
2 6.251656 -57.624901 -1.211960 -0.411191 -0.494600 -0.765723 0.200900 0.405300
StkOfkingDanielas.jpg
2 6.251656 -57.624901 -1.211960 -0.411191 -0.494600 -0.765723 0.200900 0.405300
2 4.397373 -53.014801 -0.680784 0.122832 0.181900 -0.975652 0.160800 0.253000
2 9.133626 -56.538700 -0.773905 0.202361 0.171300 -0.964231 0.301400 0.368000
StkOfkingDanielas.jpg
2 6.251656 -57.624901 -1.211960 -0.411191 -0.494600 -0.765723 0.200900 0.405300
2 9.133626 -56.538700 -0.773905 0.202361 0.171300 -0.964231 0.301400 0.368000
2 8.714150 -61.484600 -1.620879 -0.574211 -0.123700 -0.809276 0.268400 0.535100
StkOfkingDanielas.jpg
2 8.714150 -61.484600 -1.620879 -0.574211 -0.123700 -0.809276 0.268400 0.535100
2 9.133626 -56.538700 -0.773905 0.202361 0.171300 -0.964231 0.301400 0.368000
2 11.853228 -63.305599 -1.032800 0.340338 0.079500 -0.936904 0.382100 0.588900
StkOfkingDanielas.jpg
2 8.714150 -61.484600 -1.620879 -0.574211 -0.123700 -0.809276 0.268400 0.535100
2 11.853228 -63.305599 -1.032800 0.340338 0.079500 -0.936904 0.382100 0.588900
2 7.626999 -66.617897 -2.546133 -0.318035 0.345800 -0.882733 0.249000 0.693300
StkOfkingDanielas.jpg
2 7.626999 -66.617897 -2.546133 -0.318035 0.345800 -0.882733 0.249000 0.693300
2 11.853228 -63.305599 -1.032800 0.340338 0.079500 -0.936904 0.382100 0.588900
2 10.617736 -71.078300 -2.082799 0.362089 -0.058300 -0.930345 0.345300 0.842600
StkOfkingDanielas.jpg
2 7.626999 -66.617897 -2.546133 -0.318035 0.345800 -0.882733 0.249000 0.693300
2 10.617736 -71.078300 -2.082799 0.362089 -0.058300 -0.930345 0.345300 0.842600
2 7.907588 -74.713898 -2.223361 -0.049665 -0.613500 -0.788141 0.264800 0.961300
StkOfkingDanielas.jpg
2 7.626999 -66.617897 -2.546133 -0.318035 0.345800 -0.882733 0.249000 0.693300
2 7.907588 -74.713898 -2.223361 -0.049665 -0.613500 -0.788141 0.264800 0.961300
2 3.584219 -67.317497 -2.885424 -0.109318 0.628000 -0.770517 0.138300 0.710600
StkOfkingDanielas.jpg
2 3.584219 -67.317497 -2.885424 -0.109318 0.628000 -0.770517 0.138300 0.710600
2 7.907588 -74.713898 -2.223361 -0.049665 -0.613500 -0.788141 0.264800 0.961300
2 -0.041437 -68.806702 -2.901144 -0.366191 -0.198400 -0.909184 0.028800 0.768500
StkOfkingDanielas.jpg
2 -0.066318 -68.806702 2.820566 -0.357753 -0.439500 0.823928 0.028800 0.768500
2 3.559245 -67.317497 2.836396 -0.112123 0.529900 0.840671 0.138300 0.710600
2 -0.053279 -63.500099 -0.040338 -0.379969 0.925000 -0.001630 0.030600 0.606400
StkOfkingDanielas.jpg
2 -0.057629 -52.307999 0.932567 -0.537563 -0.392100 0.746491 0.019500 0.239200
2 4.391638 -53.014801 0.638922 0.105260 0.165600 0.980572 0.160800 0.253000
2 -0.052571 -46.376202 -0.040293 0.629966 0.776600 0.002765 0.028800 0.036300
StkOfkingDanielas.jpg
2 2.686532 -55.852100 0.835192 -0.482150 -0.660500 0.575493 0.102800 0.362300
2 4.391638 -53.014801 0.638922 0.105260 0.165600 0.980572 0.160800 0.253000
2 -0.057629 -52.307999 0.932567 -0.537563 -0.392100 0.746491 0.019500 0.239200
StkOfkingDanielas.jpg
2 6.241211 -57.624901 1.186242 -0.517018 -0.399900 0.756828 0.200900 0.405300
2 9.126929 -56.538700 0.773364 0.175725 0.196200 0.964736 0.301400 0.368000
2 4.391638 -53.014801 0.638922 0.105260 0.165600 0.980572 0.160800 0.253000
StkOfkingDanielas.jpg
2 6.241211 -57.624901 1.186242 -0.517018 -0.399900 0.756828 0.200900 0.405300
2 4.391638 -53.014801 0.638922 0.105260 0.165600 0.980572 0.160800 0.253000
2 2.686532 -55.852100 0.835192 -0.482150 -0.660500 0.575493 0.102800 0.362300
StkOfkingDanielas.jpg
2 8.700000 -61.484604 1.616713 -0.607837 0.082200 0.789840 0.268400 0.535100
2 11.844169 -63.305603 1.056025 0.271895 0.120600 0.954740 0.382100 0.588900
2 9.126929 -56.538700 0.773364 0.175725 0.196200 0.964736 0.301400 0.368000
StkOfkingDanielas.jpg
2 8.700000 -61.484604 1.616713 -0.607837 0.082200 0.789840 0.268400 0.535100
2 9.126929 -56.538700 0.773364 0.175725 0.196200 0.964736 0.301400 0.368000
2 6.241211 -57.624901 1.186242 -0.517018 -0.399900 0.756828 0.200900 0.405300
StkOfkingDanielas.jpg
2 7.604869 -66.617897 2.532441 -0.103366 0.378400 0.919824 0.249000 0.693300
2 10.599442 -71.078308 2.095165 0.335796 -0.048400 0.940683 0.345300 0.842600
2 11.844169 -63.305603 1.056025 0.271895 0.120600 0.954740 0.382100 0.588900
StkOfkingDanielas.jpg
2 7.604869 -66.617897 2.532441 -0.103366 0.378400 0.919824 0.249000 0.693300
2 11.844169 -63.305603 1.056025 0.271895 0.120600 0.954740 0.382100 0.588900
2 8.700000 -61.484604 1.616713 -0.607837 0.082200 0.789840 0.268400 0.535100
StkOfkingDanielas.jpg
2 7.604869 -66.617897 2.532441 -0.103366 0.378400 0.919824 0.249000 0.693300
2 7.888214 -74.713898 2.212078 0.073852 -0.595500 0.799932 0.264800 0.961300
2 10.599442 -71.078308 2.095165 0.335796 -0.048400 0.940683 0.345300 0.842600
StkOfkingDanielas.jpg
2 -0.066318 -68.806702 2.820566 -0.357753 -0.439500 0.823928 0.028800 0.768500
2 7.907588 -74.713898 -2.223361 -0.049665 -0.613500 -0.788141 0.264800 0.961300
2 7.888214 -74.713898 2.212078 0.073852 -0.595500 0.799932 0.264800 0.961300
StkOfkingDanielas.jpg
2 -0.066318 -68.806702 2.820566 -0.357753 -0.439500 0.823928 0.028800 0.768500
2 7.888214 -74.713898 2.212078 0.073852 -0.595500 0.799932 0.264800 0.961300
2 7.604869 -66.617897 2.532441 -0.103366 0.378400 0.919824 0.249000 0.693300
StkOfkingDanielas.jpg
2 3.559245 -67.317497 2.836396 -0.112123 0.529900 0.840671 0.138300 0.710600
2 -0.066318 -68.806702 2.820566 -0.357753 -0.439500 0.823928 0.028800 0.768500
2 7.604869 -66.617897 2.532441 -0.103366 0.378400 0.919824 0.249000 0.693300
StkOfkingDanielas.jpg
2 -0.052571 -46.376202 -0.040293 0.629966 0.776600 0.002765 0.028800 0.036300
2 5.408055 -51.571701 -0.016495 0.527471 0.699900 0.481564 0.190900 0.205900
2 4.397373 -53.014801 -0.680784 0.122832 0.181900 -0.975652 0.160800 0.253000
StkOfkingDanielas.jpg
2 -0.052571 -46.376202 -0.040293 0.629966 0.776600 0.002765 0.028800 0.036300
2 4.391638 -53.014801 0.638922 0.105260 0.165600 0.980572 0.160800 0.253000
2 5.408055 -51.571701 -0.016495 0.527471 0.699900 0.481564 0.190900 0.205900
StkOfkingDanielas.jpg
2 4.397373 -53.014801 -0.680784 0.122832 0.181900 -0.975652 0.160800 0.253000
2 11.027982 -55.103500 0.008013 0.733993 0.679100 0.006745 0.357800 0.321200
2 9.133626 -56.538700 -0.773905 0.202361 0.171300 -0.964231 0.301400 0.368000
StkOfkingDanielas.jpg
2 11.027982 -55.103500 0.008013 0.733993 0.679100 0.006745 0.357800 0.321200
2 4.397373 -53.014801 -0.680784 0.122832 0.181900 -0.975652 0.160800 0.253000
2 5.408055 -51.571701 -0.016495 0.527471 0.699900 0.481564 0.190900 0.205900
StkOfkingDanielas.jpg
2 9.126929 -56.538700 0.773364 0.175725 0.196200 0.964736 0.301400 0.368000
2 5.408055 -51.571701 -0.016495 0.527471 0.699900 0.481564 0.190900 0.205900
2 4.391638 -53.014801 0.638922 0.105260 0.165600 0.980572 0.160800 0.253000
StkOfkingDanielas.jpg
2 5.408055 -51.571701 -0.016495 0.527471 0.699900 0.481564 0.190900 0.205900
2 9.126929 -56.538700 0.773364 0.175725 0.196200 0.964736 0.301400 0.368000
2 11.027982 -55.103500 0.008013 0.733993 0.679100 0.006745 0.357800 0.321200
StkOfkingDanielas.jpg
2 9.133626 -56.538700 -0.773905 0.202361 0.171300 -0.964231 0.301400 0.368000
2 14.875083 -62.692101 0.024797 0.980062 0.192400 -0.049354 0.472000 0.568900
2 11.853228 -63.305599 -1.032800 0.340338 0.079500 -0.936904 0.382100 0.588900
StkOfkingDanielas.jpg
2 14.875083 -62.692101 0.024797 0.980062 0.192400 -0.049354 0.472000 0.568900
2 9.133626 -56.538700 -0.773905 0.202361 0.171300 -0.964231 0.301400 0.368000
2 11.027982 -55.103500 0.008013 0.733993 0.679100 0.006745 0.357800 0.321200
StkOfkingDanielas.jpg
2 11.844169 -63.305603 1.056025 0.271895 0.120600 0.954740 0.382100 0.588900
2 11.027982 -55.103500 0.008013 0.733993 0.679100 0.006745 0.357800 0.321200
2 9.126929 -56.538700 0.773364 0.175725 0.196200 0.964736 0.301400 0.368000
StkOfkingDanielas.jpg
2 11.027982 -55.103500 0.008013 0.733993 0.679100 0.006745 0.357800 0.321200
2 11.844169 -63.305603 1.056025 0.271895 0.120600 0.954740 0.382100 0.588900
2 14.875083 -62.692101 0.024797 0.980062 0.192400 -0.049354 0.472000 0.568900
StkOfkingDanielas.jpg
2 11.853228 -63.305599 -1.032800 0.340338 0.079500 -0.936904 0.382100 0.588900
2 13.491529 -72.987099 0.018743 0.815120 -0.507100 -0.279921 0.430900 0.904900
2 10.617736 -71.078300 -2.082799 0.362089 -0.058300 -0.930345 0.345300 0.842600
StkOfkingDanielas.jpg
2 13.491529 -72.987099 0.018743 0.815120 -0.507100 -0.279921 0.430900 0.904900
2 11.853228 -63.305599 -1.032800 0.340338 0.079500 -0.936904 0.382100 0.588900
2 14.875083 -62.692101 0.024797 0.980062 0.192400 -0.049354 0.472000 0.568900
StkOfkingDanielas.jpg
2 10.599442 -71.078308 2.095165 0.335796 -0.048400 0.940683 0.345300 0.842600
2 14.875083 -62.692101 0.024797 0.980062 0.192400 -0.049354 0.472000 0.568900
2 11.844169 -63.305603 1.056025 0.271895 0.120600 0.954740 0.382100 0.588900
StkOfkingDanielas.jpg
2 14.875083 -62.692101 0.024797 0.980062 0.192400 -0.049354 0.472000 0.568900
2 10.599442 -71.078308 2.095165 0.335796 -0.048400 0.940683 0.345300 0.842600
2 13.491529 -72.987099 0.018743 0.815120 -0.507100 -0.279921 0.430900 0.904900
StkOfkingDanielas.jpg
2 7.907588 -74.713898 -2.223361 -0.049665 -0.613500 -0.788141 0.264800 0.961300
2 10.617736 -71.078300 -2.082799 0.362089 -0.058300 -0.930345 0.345300 0.842600
2 13.491529 -72.987099 0.018743 0.815120 -0.507100 -0.279921 0.430900 0.904900
StkOfkingDanielas.jpg
2 7.888214 -74.713898 2.212078 0.073852 -0.595500 0.799932 0.264800 0.961300
2 13.491529 -72.987099 0.018743 0.815120 -0.507100 -0.279921 0.430900 0.904900
2 10.599442 -71.078308 2.095165 0.335796 -0.048400 0.940683 0.345300 0.842600
StkOfkingDanielas.jpg
2 13.491529 -72.987099 0.018743 0.815120 -0.507100 -0.279921 0.430900 0.904900
2 7.888214 -74.713898 2.212078 0.073852 -0.595500 0.799932 0.264800 0.961300
2 7.907588 -74.713898 -2.223361 -0.049665 -0.613500 -0.788141 0.264800 0.961300
StkOfkingDanielas.jpg
2 -3.551367 -67.317497 -2.916548 0.115995 0.628000 -0.769481 0.138300 0.710600
2 -7.596991 -66.617897 -2.612591 0.325763 0.345800 -0.879982 0.249000 0.693300
2 -7.619120 -66.617897 2.465982 0.095368 0.378400 0.920678 0.249000 0.693300
StkOfkingDanielas.jpg
2 -3.551367 -67.317497 -2.916548 0.115995 0.628000 -0.769481 0.138300 0.710600
2 -7.619120 -66.617897 2.465982 0.095368 0.378400 0.920678 0.249000 0.693300
2 -3.576340 -67.317497 2.805273 0.104743 0.529800 0.841632 0.138300 0.710600
StkOfkingDanielas.jpg
2 -7.596991 -66.617897 -2.612591 0.325763 0.345800 -0.879982 0.249000 0.693300
2 -8.692122 -61.484596 -1.696860 0.581230 -0.123700 -0.804265 0.268400 0.535100
2 -8.706273 -61.484600 1.540731 0.600928 0.082100 0.795061 0.268400 0.535100
StkOfkingDanielas.jpg
2 -7.596991 -66.617897 -2.612591 0.325763 0.345800 -0.879982 0.249000 0.693300
2 -8.706273 -61.484600 1.540731 0.600928 0.082100 0.795061 0.268400 0.535100
2 -7.619120 -66.617897 2.465982 0.095368 0.378400 0.920678 0.249000 0.693300
StkOfkingDanielas.jpg
2 -8.692122 -61.484596 -1.696860 0.581230 -0.123700 -0.804265 0.268400 0.535100
2 -6.233329 -57.624901 -1.266390 0.417825 -0.494600 -0.762090 0.200900 0.405300
2 -6.243774 -57.624901 1.131812 0.510320 -0.399900 0.761329 0.200900 0.405300
StkOfkingDanielas.jpg
2 -8.692122 -61.484596 -1.696860 0.581230 -0.123700 -0.804265 0.268400 0.535100
2 -6.243774 -57.624901 1.131812 0.510320 -0.399900 0.761329 0.200900 0.405300
2 -8.706273 -61.484600 1.540731 0.600928 0.082100 0.795061 0.268400 0.535100
StkOfkingDanielas.jpg
2 -6.233329 -57.624901 -1.266390 0.417825 -0.494600 -0.762090 0.200900 0.405300
2 -2.678652 -55.852100 -0.915339 0.580928 -0.577300 -0.573856 0.102800 0.362300
2 -2.686163 -55.852100 0.811715 0.477153 -0.660500 0.579633 0.102800 0.362300
StkOfkingDanielas.jpg
2 -6.233329 -57.624901 -1.266390 0.417825 -0.494600 -0.762090 0.200900 0.405300
2 -2.686163 -55.852100 0.811715 0.477153 -0.660500 0.579633 0.102800 0.362300
2 -6.243774 -57.624901 1.131812 0.510320 -0.399900 0.761329 0.200900 0.405300
StkOfkingDanielas.jpg
2 -2.678652 -55.852100 -0.915339 0.580928 -0.577300 -0.573856 0.102800 0.362300
2 0.065510 -52.307999 -1.012712 0.297650 -0.200300 -0.933402 0.019500 0.239200
2 0.057007 -52.307999 0.933074 0.531011 -0.392100 0.751131 0.019500 0.239200
StkOfkingDanielas.jpg
2 -2.678652 -55.852100 -0.915339 0.580928 -0.577300 -0.573856 0.102800 0.362300
2 0.057007 -52.307999 0.933074 0.531011 -0.392100 0.751131 0.019500 0.239200
2 -2.686163 -55.852100 0.811715 0.477153 -0.660500 0.579633 0.102800 0.362300
StkOfkingDanielas.jpg
2 -7.880337 -74.713898 -2.292229 0.056597 -0.613500 -0.787611 0.264800 0.961300
2 0.074196 -68.806702 -2.900718 0.374090 -0.198400 -0.905907 0.028800 0.768500
2 0.049323 -68.806702 2.821092 0.350536 -0.439500 0.827016 0.028800 0.768500
StkOfkingDanielas.jpg
2 0.074196 -68.806702 -2.900718 0.374090 -0.198400 -0.905907 0.028800 0.768500
2 -3.551367 -67.317497 -2.916548 0.115995 0.628000 -0.769481 0.138300 0.710600
2 0.061158 -63.500099 -0.039812 0.379969 0.925000 0.001629 0.030600 0.606400
StkOfkingDanielas.jpg
2 0.065510 -52.307999 -1.012712 0.297650 -0.200300 -0.933402 0.019500 0.239200
2 -4.383754 -53.014801 -0.719068 -0.114322 0.181900 -0.976621 0.160800 0.253000
2 0.060454 -46.376202 -0.039851 -0.629966 0.776600 -0.002765 0.028800 0.036300
StkOfkingDanielas.jpg
2 -2.678652 -55.852100 -0.915339 0.580928 -0.577300 -0.573856 0.102800 0.362300
2 -4.383754 -53.014801 -0.719068 -0.114322 0.181900 -0.976621 0.160800 0.253000
2 0.065510 -52.307999 -1.012712 0.297650 -0.200300 -0.933402 0.019500 0.239200
StkOfkingDanielas.jpg
2 -2.678652 -55.852100 -0.915339 0.580928 -0.577300 -0.573856 0.102800 0.362300
2 -6.233329 -57.624901 -1.266390 0.417825 -0.494600 -0.762090 0.200900 0.405300
2 -4.383754 -53.014801 -0.719068 -0.114322 0.181900 -0.976621 0.160800 0.253000
StkOfkingDanielas.jpg
2 -6.233329 -57.624901 -1.266390 0.417825 -0.494600 -0.762090 0.200900 0.405300
2 -9.119052 -56.538700 -0.853510 -0.193967 0.171300 -0.965955 0.301400 0.368000
2 -4.383754 -53.014801 -0.719068 -0.114322 0.181900 -0.976621 0.160800 0.253000
StkOfkingDanielas.jpg
2 -6.233329 -57.624901 -1.266390 0.417825 -0.494600 -0.762090 0.200900 0.405300
2 -8.692122 -61.484596 -1.696860 0.581230 -0.123700 -0.804265 0.268400 0.535100
2 -9.119052 -56.538700 -0.853510 -0.193967 0.171300 -0.965955 0.301400 0.368000
StkOfkingDanielas.jpg
2 -8.692122 -61.484596 -1.696860 0.581230 -0.123700 -0.804265 0.268400 0.535100
2 -11.836292 -63.305595 -1.136173 -0.332127 0.079500 -0.939862 0.382100 0.588900
2 -9.119052 -56.538700 -0.853510 -0.193967 0.171300 -0.965955 0.301400 0.368000
StkOfkingDanielas.jpg
2 -8.692122 -61.484596 -1.696860 0.581230 -0.123700 -0.804265 0.268400 0.535100
2 -7.596991 -66.617897 -2.612591 0.325763 0.345800 -0.879982 0.249000 0.693300
2 -11.836292 -63.305595 -1.136173 -0.332127 0.079500 -0.939862 0.382100 0.588900
StkOfkingDanielas.jpg
2 -7.596991 -66.617897 -2.612591 0.325763 0.345800 -0.879982 0.249000 0.693300
2 -10.591569 -71.078293 -2.175316 -0.353893 -0.058300 -0.933413 0.345300 0.842600
2 -11.836292 -63.305595 -1.136173 -0.332127 0.079500 -0.939862 0.382100 0.588900
StkOfkingDanielas.jpg
2 -7.596991 -66.617897 -2.612591 0.325763 0.345800 -0.879982 0.249000 0.693300
2 -7.880337 -74.713898 -2.292229 0.056597 -0.613500 -0.787611 0.264800 0.961300
2 -10.591569 -71.078293 -2.175316 -0.353893 -0.058300 -0.933413 0.345300 0.842600
StkOfkingDanielas.jpg
2 -7.596991 -66.617897 -2.612591 0.325763 0.345800 -0.879982 0.249000 0.693300
2 -3.551367 -67.317497 -2.916548 0.115995 0.628000 -0.769481 0.138300 0.710600
2 -7.880337 -74.713898 -2.292229 0.056597 -0.613500 -0.787611 0.264800 0.961300
StkOfkingDanielas.jpg
2 -3.551367 -67.317497 -2.916548 0.115995 0.628000 -0.769481 0.138300 0.710600
2 0.074196 -68.806702 -2.900718 0.374090 -0.198400 -0.905907 0.028800 0.768500
2 -7.880337 -74.713898 -2.292229 0.056597 -0.613500 -0.787611 0.264800 0.961300
StkOfkingDanielas.jpg
2 0.049323 -68.806702 2.821092 0.350536 -0.439500 0.827016 0.028800 0.768500
2 0.061158 -63.500099 -0.039812 0.379969 0.925000 0.001629 0.030600 0.606400
2 -3.576340 -67.317497 2.805273 0.104743 0.529800 0.841632 0.138300 0.710600
StkOfkingDanielas.jpg
2 0.057007 -52.307999 0.933074 0.531011 -0.392100 0.751131 0.019500 0.239200
2 0.060454 -46.376202 -0.039851 -0.629966 0.776600 -0.002765 0.028800 0.036300
2 -4.389491 -53.014801 0.600640 -0.113790 0.165600 0.979613 0.160800 0.253000
StkOfkingDanielas.jpg
2 -2.686163 -55.852100 0.811715 0.477153 -0.660500 0.579633 0.102800 0.362300
2 0.057007 -52.307999 0.933074 0.531011 -0.392100 0.751131 0.019500 0.239200
2 -4.389491 -53.014801 0.600640 -0.113790 0.165600 0.979613 0.160800 0.253000
StkOfkingDanielas.jpg
2 -6.243774 -57.624901 1.131812 0.510320 -0.399900 0.761329 0.200900 0.405300
2 -4.389491 -53.014801 0.600640 -0.113790 0.165600 0.979613 0.160800 0.253000
2 -9.125850 -56.538700 0.693767 -0.184052 0.196200 0.963142 0.301400 0.368000
StkOfkingDanielas.jpg
2 -6.243774 -57.624901 1.131812 0.510320 -0.399900 0.761329 0.200900 0.405300
2 -2.686163 -55.852100 0.811715 0.477153 -0.660500 0.579633 0.102800 0.362300
2 -4.389491 -53.014801 0.600640 -0.113790 0.165600 0.979613 0.160800 0.253000
StkOfkingDanielas.jpg
2 -8.706273 -61.484600 1.540731 0.600928 0.082100 0.795061 0.268400 0.535100
2 -9.125850 -56.538700 0.693767 -0.184052 0.196200 0.963142 0.301400 0.368000
2 -11.845354 -63.305599 0.952652 -0.280256 0.120600 0.952341 0.382100 0.588900
StkOfkingDanielas.jpg
2 -8.706273 -61.484600 1.540731 0.600928 0.082100 0.795061 0.268400 0.535100
2 -6.243774 -57.624901 1.131812 0.510320 -0.399900 0.761329 0.200900 0.405300
2 -9.125850 -56.538700 0.693767 -0.184052 0.196200 0.963142 0.301400 0.368000
StkOfkingDanielas.jpg
2 -7.619120 -66.617897 2.465982 0.095368 0.378400 0.920678 0.249000 0.693300
2 -11.845354 -63.305599 0.952652 -0.280256 0.120600 0.952341 0.382100 0.588900
2 -10.609861 -71.078300 2.002648 -0.343950 -0.048400 0.937732 0.345300 0.842600
StkOfkingDanielas.jpg
2 -7.619120 -66.617897 2.465982 0.095368 0.378400 0.920678 0.249000 0.693300
2 -8.706273 -61.484600 1.540731 0.600928 0.082100 0.795061 0.268400 0.535100
2 -11.845354 -63.305599 0.952652 -0.280256 0.120600 0.952341 0.382100 0.588900
StkOfkingDanielas.jpg
2 -7.619120 -66.617897 2.465982 0.095368 0.378400 0.920678 0.249000 0.693300
2 -10.609861 -71.078300 2.002648 -0.343950 -0.048400 0.937732 0.345300 0.842600
2 -7.899713 -74.713898 2.143208 -0.080830 -0.595500 0.799241 0.264800 0.961300
StkOfkingDanielas.jpg
2 0.049323 -68.806702 2.821092 0.350536 -0.439500 0.827016 0.028800 0.768500
2 -7.899713 -74.713898 2.143208 -0.080830 -0.595500 0.799241 0.264800 0.961300
2 -7.880337 -74.713898 -2.292229 0.056597 -0.613500 -0.787611 0.264800 0.961300
StkOfkingDanielas.jpg
2 0.049323 -68.806702 2.821092 0.350536 -0.439500 0.827016 0.028800 0.768500
2 -7.619120 -66.617897 2.465982 0.095368 0.378400 0.920678 0.249000 0.693300
2 -7.899713 -74.713898 2.143208 -0.080830 -0.595500 0.799241 0.264800 0.961300
StkOfkingDanielas.jpg
2 -3.576340 -67.317497 2.805273 0.104743 0.529800 0.841632 0.138300 0.710600
2 -7.619120 -66.617897 2.465982 0.095368 0.378400 0.920678 0.249000 0.693300
2 0.049323 -68.806702 2.821092 0.350536 -0.439500 0.827016 0.028800 0.768500
StkOfkingDanielas.jpg
2 0.060454 -46.376202 -0.039851 -0.629966 0.776600 -0.002765 0.028800 0.036300
2 -4.383754 -53.014801 -0.719068 -0.114322 0.181900 -0.976621 0.160800 0.253000
2 -5.400172 -51.571701 -0.063649 -0.531639 0.699900 0.476914 0.190900 0.205900
StkOfkingDanielas.jpg
2 0.060454 -46.376202 -0.039851 -0.629966 0.776600 -0.002765 0.028800 0.036300
2 -5.400172 -51.571701 -0.063649 -0.531639 0.699900 0.476914 0.190900 0.205900
2 -4.389491 -53.014801 0.600640 -0.113790 0.165600 0.979613 0.160800 0.253000
StkOfkingDanielas.jpg
2 -4.383754 -53.014801 -0.719068 -0.114322 0.181900 -0.976621 0.160800 0.253000
2 -9.119052 -56.538700 -0.853510 -0.193967 0.171300 -0.965955 0.301400 0.368000
2 -11.020104 -55.103500 -0.088159 -0.734041 0.679100 0.000342 0.357800 0.321200
StkOfkingDanielas.jpg
2 -11.020104 -55.103500 -0.088159 -0.734041 0.679100 0.000342 0.357800 0.321200
2 -5.400172 -51.571701 -0.063649 -0.531639 0.699900 0.476914 0.190900 0.205900
2 -4.383754 -53.014801 -0.719068 -0.114322 0.181900 -0.976621 0.160800 0.253000
StkOfkingDanielas.jpg
2 -9.125850 -56.538700 0.693767 -0.184052 0.196200 0.963142 0.301400 0.368000
2 -4.389491 -53.014801 0.600640 -0.113790 0.165600 0.979613 0.160800 0.253000
2 -5.400172 -51.571701 -0.063649 -0.531639 0.699900 0.476914 0.190900 0.205900
StkOfkingDanielas.jpg
2 -5.400172 -51.571701 -0.063649 -0.531639 0.699900 0.476914 0.190900 0.205900
2 -11.020104 -55.103500 -0.088159 -0.734041 0.679100 0.000342 0.357800 0.321200
2 -9.125850 -56.538700 0.693767 -0.184052 0.196200 0.963142 0.301400 0.368000
StkOfkingDanielas.jpg
2 -9.119052 -56.538700 -0.853510 -0.193967 0.171300 -0.965955 0.301400 0.368000
2 -11.836292 -63.305595 -1.136173 -0.332127 0.079500 -0.939862 0.382100 0.588900
2 -14.867209 -62.692101 -0.104947 -0.979587 0.192400 -0.057829 0.472000 0.568900
StkOfkingDanielas.jpg
2 -14.867209 -62.692101 -0.104947 -0.979587 0.192400 -0.057829 0.472000 0.568900
2 -11.020104 -55.103500 -0.088159 -0.734041 0.679100 0.000342 0.357800 0.321200
2 -9.119052 -56.538700 -0.853510 -0.193967 0.171300 -0.965955 0.301400 0.368000
StkOfkingDanielas.jpg
2 -11.845354 -63.305599 0.952652 -0.280256 0.120600 0.952341 0.382100 0.588900
2 -9.125850 -56.538700 0.693767 -0.184052 0.196200 0.963142 0.301400 0.368000
2 -11.020104 -55.103500 -0.088159 -0.734041 0.679100 0.000342 0.357800 0.321200
StkOfkingDanielas.jpg
2 -11.020104 -55.103500 -0.088159 -0.734041 0.679100 0.000342 0.357800 0.321200
2 -14.867209 -62.692101 -0.104947 -0.979587 0.192400 -0.057829 0.472000 0.568900
2 -11.845354 -63.305599 0.952652 -0.280256 0.120600 0.952341 0.382100 0.588900
StkOfkingDanielas.jpg
2 -11.836292 -63.305595 -1.136173 -0.332127 0.079500 -0.939862 0.382100 0.588900
2 -10.591569 -71.078293 -2.175316 -0.353893 -0.058300 -0.933413 0.345300 0.842600
2 -13.483658 -72.987099 -0.098898 -0.812597 -0.507100 -0.287037 0.430900 0.904900
StkOfkingDanielas.jpg
2 -13.483658 -72.987099 -0.098898 -0.812597 -0.507100 -0.287037 0.430900 0.904900
2 -14.867209 -62.692101 -0.104947 -0.979587 0.192400 -0.057829 0.472000 0.568900
2 -11.836292 -63.305595 -1.136173 -0.332127 0.079500 -0.939862 0.382100 0.588900
StkOfkingDanielas.jpg
2 -10.609861 -71.078300 2.002648 -0.343950 -0.048400 0.937732 0.345300 0.842600
2 -11.845354 -63.305599 0.952652 -0.280256 0.120600 0.952341 0.382100 0.588900
2 -14.867209 -62.692101 -0.104947 -0.979587 0.192400 -0.057829 0.472000 0.568900
StkOfkingDanielas.jpg
2 -14.867209 -62.692101 -0.104947 -0.979587 0.192400 -0.057829 0.472000 0.568900
2 -13.483658 -72.987099 -0.098898 -0.812597 -0.507100 -0.287037 0.430900 0.904900
2 -10.609861 -71.078300 2.002648 -0.343950 -0.048400 0.937732 0.345300 0.842600
StkOfkingDanielas.jpg
2 -7.880337 -74.713898 -2.292229 0.056597 -0.613500 -0.787611 0.264800 0.961300
2 -13.483658 -72.987099 -0.098898 -0.812597 -0.507100 -0.287037 0.430900 0.904900
2 -10.591569 -71.078293 -2.175316 -0.353893 -0.058300 -0.933413 0.345300 0.842600
StkOfkingDanielas.jpg
2 -7.899713 -74.713898 2.143208 -0.080830 -0.595500 0.799241 0.264800 0.961300
2 -10.609861 -71.078300 2.002648 -0.343950 -0.048400 0.937732 0.345300 0.842600
2 -13.483658 -72.987099 -0.098898 -0.812597 -0.507100 -0.287037 0.430900 0.904900
StkOfkingDanielas.jpg
2 -13.483658 -72.987099 -0.098898 -0.812597 -0.507100 -0.287037 0.430900 0.904900
2 -7.880337 -74.713898 -2.292229 0.056597 -0.613500 -0.787611 0.264800 0.961300
2 -7.899713 -74.713898 2.143208 -0.080830 -0.595500 0.799241 0.264800 0.961300
StkOfkingDanielas2.tga
2 0.057785 -67.787903 -12.376302 0.999935 0.000000 0.004349 0.000500 0.314200
2 0.032834 -53.514397 -6.668730 1.000031 0.000000 0.004321 0.231600 -0.684800
2 -0.049907 -67.787903 12.296152 1.000031 0.000000 0.004321 0.999500 0.314200
StkOfkingDanielas2.tga
2 -0.024952 -53.514404 6.588585 1.000031 0.000000 0.004321 0.768400 -0.684800
2 -0.049907 -67.787903 12.296152 1.000031 0.000000 0.004321 0.999500 0.314200
2 0.032834 -53.514397 -6.668730 1.000031 0.000000 0.004321 0.231600 -0.684800
StkOfkingDanielas2.tga
2 -12.332290 -67.787903 -0.093922 0.004349 -0.000000 -0.999935 0.000500 0.314200
2 -6.624717 -53.514400 -0.068965 0.004321 -0.000000 -1.000031 0.231600 -0.684800
2 12.340163 -67.787903 0.013770 0.004321 -0.000000 -1.000031 0.999500 0.314200
StkOfkingDanielas2.tga
2 6.632599 -53.514400 -0.011180 0.004321 -0.000000 -1.000031 0.768400 -0.684800
2 12.340163 -67.787903 0.013770 0.004321 -0.000000 -1.000031 0.999500 0.314200
2 -6.624717 -53.514400 -0.068965 0.004321 -0.000000 -1.000031 0.231600 -0.684800
end
