2
0	50.0000	250.000	169.49998	0.0	0.0	450.0	1.0000000
0	50.0000	650.000	169.50002	0.0	0.0	450.0	1.0000000
0	50.0000	1050.000	169.50003	0.0	0.0	450.0	1.0000000
0	50.0000	1450.000	169.49998	0.0	0.0	450.0	1.0000000
0	250.0000	50.000	169.49997	0.0	0.0	360.0	1.0000000
0	650.0000	50.000	169.49997	0.0	0.0	360.0	1.0000000
0	1050.0000	50.000	169.49997	0.0	0.0	360.0	1.0000000
3	450.0000	50.000	169.49998	0.0	0.0	540.0	1.0000000
3	850.0000	50.000	169.49998	0.0	0.0	540.0	1.0000000
3	1250.0000	50.000	169.49998	0.0	0.0	540.0	1.0000000
3	50.0000	50.000	169.50003	0.0	0.0	540.0	1.0000000
3	50.0000	1250.000	169.50002	0.0	0.0	540.0	1.0000000
3	50.0000	850.000	169.50003	0.0	0.0	540.0	1.0000000
3	50.0000	450.000	169.50002	0.0	0.0	540.0	1.0000000
5	1250.0000	50.000	169.49998	0.0	0.0	540.0	1.0000000
5	1250.0000	450.000	169.50000	0.0	0.0	540.0	1.0000000
5	1250.0000	850.000	169.50003	0.0	0.0	540.0	1.0000000
5	1250.0000	1250.000	169.50000	0.0	0.0	540.0	1.0000000
6	1150.0000	1450.000	169.49997	0.0	0.0	810.0	1.0000000
6	1150.0000	1050.000	169.49998	0.0	0.0	810.0	1.0000000
6	1150.0000	650.000	169.50003	0.0	0.0	810.0	1.0000000
6	1150.0000	250.000	169.50003	0.0	0.0	810.0	1.0000000
12	946.0905	1552.375	259.49997	0.0	0.0	810.0	1.0000000
12	649.2560	1553.591	259.49997	0.0	0.0	810.0	1.0000000
12	349.2460	1552.731	259.49997	0.0	0.0	810.0	1.0000000
12	951.7359	1450.245	284.50000	0.0	0.0	810.0	1.0000000
12	653.5201	1448.132	284.49997	0.0	0.0	810.0	1.0000000
12	348.6100	1446.317	284.50000	0.0	0.0	810.0	1.0000000
17	198.5076	1388.078	149.49997	0.0	0.0	390.0	1.0000000
25	369.0749	1343.955	176.20355	-50.0	0.0	-330.0	1.0000000
25	155.3500	1160.070	203.03658	-50.0	0.0	-240.0	1.0000000
25	421.4342	1155.630	199.80444	-115.0	0.0	-390.0	1.0000000
26	298.7834	1240.858	180.98909	-85.0	0.0	-540.0	1.0000000
27	302.2729	1285.914	171.98003	-5.0	0.0	-420.0	1.0000000
27	198.6845	1347.783	154.50002	-5.0	0.0	-300.0	1.0000000
27	162.7268	1502.146	162.82269	-5.0	0.0	-360.0	1.3999996
27	193.3505	1266.221	176.23657	-5.0	0.0	-600.0	1.3799996
52	159.9949	1589.365	205.14224	0.0	0.0	0.0	1.0000000
60	100.0000	800.000	185.13828	0.0	0.0	450.0	1.0000000
59	550.0000	650.000	169.50003	0.0	0.0	480.0	1.0000000
59	850.0000	750.000	169.50003	0.0	0.0	300.0	1.0000000
59	750.0000	550.000	179.52272	0.0	0.0	300.0	1.0000000
59	450.0000	850.000	169.50002	0.0	0.0	300.0	1.0000000
59	750.0000	950.000	171.52092	0.0	0.0	300.0	1.0000000
0	50.0000	2650.000	169.50000	0.0	0.0	450.0	1.0000000
0	50.0000	3050.000	169.50003	0.0	0.0	450.0	1.0000000
3	50.0000	2850.000	169.50002	0.0	0.0	540.0	1.0000000
3	50.0000	2450.000	169.50003	0.0	0.0	540.0	1.0000000
5	1250.0000	2850.000	169.49997	0.0	0.0	540.0	1.0000000
5	1250.0000	1650.000	169.49998	0.0	0.0	540.0	1.0000000
5	1250.0000	2050.000	169.49998	0.0	0.0	540.0	1.0000000
5	1250.0000	2450.000	169.50000	0.0	0.0	540.0	1.0000000
6	1150.0000	3050.000	169.50002	0.0	0.0	810.0	1.0000000
6	1150.0000	2650.000	169.50000	0.0	0.0	810.0	1.0000000
6	1150.0000	2250.000	169.50002	0.0	0.0	810.0	1.0000000
5	1350.0000	1750.000	169.49998	0.0	0.0	810.0	1.0000000
12	358.2140	2252.343	284.49997	0.0	0.0	810.0	1.0000000
12	939.8625	2257.842	284.50003	0.0	0.0	810.0	1.0000000
12	657.0829	2256.606	284.50000	0.0	0.0	810.0	1.0000000
12	949.0529	2320.718	369.50000	0.0	0.0	810.0	1.0000000
12	950.3845	2184.141	209.50005	0.0	0.0	810.0	1.0000000
12	655.0952	2175.259	214.49998	0.0	0.0	810.0	1.0000000
12	350.3934	2173.731	214.49997	0.0	0.0	810.0	1.0000000
12	843.2537	2339.735	444.49997	0.0	0.0	810.0	1.0000000
12	728.8859	2341.494	444.49997	0.0	0.0	810.0	1.0000000
14	1550.0000	1750.000	169.49997	0.0	0.0	0.0	1.0000000
14	1450.0000	1750.000	169.50000	0.0	0.0	0.0	1.0000000
16	50.0000	1800.000	169.50002	0.0	0.0	90.0	1.0000000
3	50.0000	2050.000	169.49997	0.0	0.0	0.0	1.0000000
17	290.9437	1645.933	169.49997	0.0	0.0	60.0	1.0000000
17	314.9811	2031.052	124.49998	0.0	0.0	60.0	1.0000000
17	1099.5704	2322.723	124.49998	0.0	0.0	60.0	1.0000000
0	50.0000	2250.000	169.50003	0.0	0.0	450.0	1.0000000
17	803.7029	2320.422	149.49998	0.0	0.0	390.0	1.0000000
27	791.8067	2171.161	202.49696	-5.0	0.0	-600.0	1.1199999
28	213.7625	2081.872	243.04024	65.0	0.0	-720.0	1.5399995
29	318.1660	2032.952	164.87469	15.0	0.0	-630.0	1.4799995
36	253.5477	2355.167	103.42534	0.0	0.0	960.0	1.0000000
36	173.8171	3048.825	172.72791	-69.0	0.0	1039.0	1.0000000
40	1050.0000	2650.000	169.50000	0.0	0.0	1080.0	1.0000000
40	1150.0000	2650.000	169.49998	0.0	0.0	1080.0	1.0000000
41	293.3725	1667.187	59.80960	0.0	0.0	1140.0	1.0000000
41	292.9946	1972.385	54.50000	0.0	0.0	1140.0	1.0000000
1	210.4936	1783.419	339.49997	0.0	0.0	60.0	1.0000000
1	841.1879	2264.649	233.85229	0.0	0.0	0.0	1.0000000
52	224.9482	2051.255	260.15869	0.0	0.0	60.0	1.0000000
60	1000.0000	2300.000	169.50002	0.0	0.0	450.0	1.0000000
60	800.0000	2250.000	203.74268	0.0	0.0	360.0	1.0000000
0	250.0000	3650.000	169.50000	0.0	0.0	360.0	1.0000000
0	1050.0000	3650.000	169.49998	0.0	0.0	360.0	1.0000000
3	850.0000	3650.000	169.50002	0.0	0.0	630.0	1.0000000
3	50.0000	3650.000	169.50000	0.0	0.0	630.0	1.0000000
0	50.0000	3450.000	169.49997	0.0	0.0	450.0	1.0000000
3	50.0000	3250.000	169.50003	0.0	0.0	540.0	1.0000000
5	1250.0000	3650.000	169.49997	0.0	0.0	540.0	1.0000000
5	1250.0000	3250.000	169.49997	0.0	0.0	540.0	1.0000000
6	1150.0000	3450.000	169.50000	0.0	0.0	810.0	1.0000000
16	600.0000	3650.000	169.49998	0.0	0.0	0.0	1.0000000
3	1250.0000	3650.000	169.49997	0.0	0.0	720.0	1.0000000
31	850.0000	3550.000	213.22412	0.0	0.0	90.0	1.0000000
33	463.8044	3247.876	169.50006	-65.0	0.0	30.0	1.0000000
34	850.0000	3400.000	182.21799	-65.0	0.0	30.0	1.0000000
35	600.8467	3383.023	344.50003	-10.0	0.0	0.0	1.0000000
35	1045.2484	3561.789	186.82864	-10.0	0.0	0.0	1.0000000
36	1049.5907	3472.844	129.90218	0.0	0.0	960.0	1.0000000
1	863.5913	3519.323	371.65991	0.0	0.0	60.0	1.0000000
52	828.8163	3478.022	267.78711	0.0	0.0	0.0	1.0000000
60	1000.0000	3400.000	178.77571	0.0	0.0	360.0	1.0000000
0	50.0000	5650.000	169.49998	0.0	0.0	90.0	1.0000000
0	50.0000	5950.000	169.49998	0.0	0.0	90.0	1.0000000
0	50.0000	6250.000	169.49998	0.0	0.0	90.0	1.0000000
0	50.0000	5350.000	169.50000	0.0	0.0	90.0	1.0000000
0	50.0000	5050.000	169.50000	0.0	0.0	90.0	1.0000000
0	-507.9578	5140.763	-30.34833	0.0	0.0	0.0	1.0000000
3	50.0000	4850.000	169.49997	0.0	0.0	-180.0	1.0000000
0	250.0000	4850.000	169.49997	0.0	0.0	0.0	1.0000000
3	450.0000	4850.000	169.49997	0.0	0.0	-180.0	1.0000000
0	650.0000	4850.000	169.49997	0.0	0.0	0.0	1.0000000
3	850.0000	4850.000	169.49997	0.0	0.0	-180.0	1.0000000
0	1050.0000	4850.000	169.49997	0.0	0.0	0.0	1.0000000
3	1250.0000	4850.000	169.49997	0.0	0.0	-180.0	1.0000000
0	1450.0000	4850.000	169.49997	0.0	0.0	0.0	1.0000000
52	130.9360	5225.822	167.12769	0.0	0.0	1170.0	1.0000000
46	150.0000	5150.000	205.39191	0.0	0.0	1170.0	1.0000000
46	250.0000	5100.000	210.75723	0.0	0.0	1170.0	1.0000000
47	250.0377	5476.165	200.98489	0.0	0.0	1080.0	1.0000000
47	167.9391	5423.001	213.35783	0.0	0.0	1170.0	1.0000000
47	135.5301	5930.023	219.37163	0.0	0.0	1110.0	1.0000000
47	1439.8428	5442.885	184.78784	0.0	0.0	1020.0	1.0000000
47	1265.8120	5375.437	179.88547	0.0	0.0	780.0	1.0000000
47	1077.9493	5424.272	179.50000	0.0	0.0	870.0	1.0000000
47	1348.7084	5447.006	190.08678	0.0	0.0	870.0	1.0000000
46	1279.3721	5454.067	177.89896	0.0	0.0	750.0	1.0000000
46	174.6083	5419.449	207.68468	0.0	0.0	750.0	1.0000000
47	316.1719	5147.992	199.06471	0.0	0.0	750.0	1.0000000
47	251.1839	5372.148	187.20239	0.0	0.0	750.0	1.0000000
0	50.0000	6550.000	169.50003	0.0	0.0	90.0	1.0000000
0	50.0000	6850.000	169.49997	0.0	0.0	90.0	1.0000000
0	50.0000	7150.000	169.50000	0.0	0.0	90.0	1.0000000
0	50.0000	7450.000	169.50002	0.0	0.0	90.0	1.0000000
0	50.0000	7750.000	169.50003	0.0	0.0	90.0	1.0000000
47	200.0000	7900.000	213.46541	0.0	0.0	1140.0	1.0000000
47	225.0761	7520.869	257.10776	0.0	0.0	1080.0	1.0000000
47	218.1567	7550.167	210.60771	0.0	0.0	1080.0	1.0000000
47	250.9933	6481.181	208.89803	0.0	0.0	1080.0	1.0000000
47	103.4860	6649.908	189.57896	0.0	0.0	1080.0	1.0000000
47	214.3704	6559.242	228.20876	0.0	0.0	1080.0	1.0000000
47	177.7535	6934.326	208.26111	0.0	0.0	1080.0	1.0000000
55	739.9923	7453.119	165.80602	0.0	0.0	0.0	1.9199991
55	1149.0835	7452.333	171.65390	0.0	0.0	0.0	1.7799993
41	735.7415	7470.064	220.11264	0.0	0.0	0.0	1.0000000
0	50.0000	8050.000	169.50000	0.0	0.0	90.0	1.0000000
0	50.0000	8950.000	169.49998	0.0	0.0	90.0	1.0000000
0	50.0000	9250.000	169.50003	0.0	0.0	90.0	1.0000000
0	50.0000	9550.000	169.49998	0.0	0.0	90.0	1.0000000
15	50.0000	8500.000	169.50002	0.0	0.0	90.0	1.0000000
3	50.0000	8250.000	169.50003	0.0	0.0	90.0	1.0000000
3	50.0000	8750.000	169.49998	0.0	0.0	90.0	1.0000000
52	106.6077	8766.014	182.27792	0.0	0.0	1170.0	1.0000000
52	117.3504	8190.319	182.58606	0.0	0.0	1170.0	1.0000000
47	200.0000	9100.000	182.87572	0.0	0.0	1080.0	1.0000000
47	200.0000	9200.000	198.62012	0.0	0.0	1170.0	1.0000000
47	150.0000	9300.000	204.10449	0.0	0.0	1110.0	1.0000000
47	300.0000	9550.000	189.89305	0.0	0.0	1110.0	1.0000000
47	600.0000	9250.000	191.74469	0.0	0.0	1110.0	1.0000000
47	250.0000	8800.000	176.40367	0.0	0.0	1110.0	1.0000000
47	150.0000	8850.000	202.97231	0.0	0.0	1200.0	1.0000000
47	200.0000	8150.000	199.55066	0.0	0.0	1200.0	1.0000000
47	550.0000	8100.000	202.16910	0.0	0.0	1080.0	1.0000000
47	402.8014	8435.004	229.49995	0.0	0.0	1080.0	1.0000000
24	1539.8359	9149.335	106.50764	0.0	0.0	-1170.0	1.0000000
52	91.0826	8058.161	164.30502	0.0	0.0	90.0	1.0000000
52	151.1730	8544.404	151.77423	0.0	0.0	90.0	1.0000000
55	752.3478	8841.324	172.72308	0.0	0.0	0.0	1.9199991
55	1149.4469	8852.536	177.23875	0.0	0.0	0.0	1.8599992
55	749.2925	8151.129	176.47797	0.0	0.0	0.0	1.8999991
55	1145.3890	8157.999	165.80597	0.0	0.0	0.0	1.8799992
55	1145.9465	9456.518	165.11264	0.0	0.0	0.0	1.9599991
55	742.7373	9459.378	165.11264	0.0	0.0	0.0	1.9799991
41	743.6856	8863.446	222.85419	0.0	0.0	0.0	1.0000000
41	1140.1891	9480.066	220.11264	0.0	0.0	0.0	1.0000000
41	1142.0710	8175.827	220.11267	0.0	0.0	0.0	1.0000000
0	50.0000	9850.000	169.50000	0.0	0.0	90.0	1.0000000
0	50.0000	10150.000	169.50002	0.0	0.0	90.0	1.0000000
0	50.0000	10450.000	169.49998	0.0	0.0	90.0	1.0000000
0	50.0000	10750.000	169.50000	0.0	0.0	90.0	1.0000000
0	50.0000	11050.000	169.49998	0.0	0.0	90.0	1.0000000
47	200.0000	11000.000	202.17706	0.0	0.0	1080.0	1.0000000
0	50.0000	11350.000	169.49997	0.0	0.0	90.0	1.0000000
0	50.0000	11650.000	169.50002	0.0	0.0	90.0	1.0000000
0	50.0000	11950.000	169.50000	0.0	0.0	90.0	1.0000000
0	50.0000	12250.000	169.50000	0.0	0.0	90.0	1.0000000
0	50.0000	12550.000	169.50002	0.0	0.0	90.0	1.0000000
46	400.0000	12700.000	198.07980	0.0	0.0	1110.0	1.0000000
46	250.0000	12150.000	214.17459	0.0	0.0	1140.0	1.0000000
47	300.0000	12650.000	185.19055	0.0	0.0	1110.0	1.0000000
47	450.0000	12550.000	170.19518	0.0	0.0	1050.0	1.0000000
47	200.0000	12150.000	199.59616	0.0	0.0	1050.0	1.0000000
47	250.0000	12250.000	207.85022	0.0	0.0	1140.0	1.0000000
47	250.0000	12000.000	181.35001	0.0	0.0	1080.0	1.0000000
47	200.0000	11300.000	189.31294	0.0	0.0	1080.0	1.0000000
47	1150.0000	12800.000	205.07556	0.0	0.0	960.0	1.0000000
0	50.0000	12850.000	169.50003	0.0	0.0	90.0	1.0000000
0	50.0000	13150.000	169.50002	0.0	0.0	90.0	1.0000000
0	250.0000	13350.000	169.49997	0.0	0.0	0.0	1.0000000
0	650.0000	13350.000	169.49997	0.0	0.0	0.0	1.0000000
0	1050.0000	13350.000	169.50002	0.0	0.0	0.0	1.0000000
0	1250.0000	13150.000	169.49997	0.0	0.0	90.0	1.0000000
0	1450.0000	12950.000	169.50002	0.0	0.0	0.0	1.0000000
3	1250.0000	12950.000	169.49997	0.0	0.0	0.0	1.0000000
3	1250.0000	13350.000	169.49995	0.0	0.0	0.0	1.0000000
3	850.0000	13350.000	169.49998	0.0	0.0	0.0	1.0000000
3	450.0000	13350.000	169.49997	0.0	0.0	0.0	1.0000000
3	50.0000	13350.000	169.49998	0.0	0.0	0.0	1.0000000
52	135.2681	13299.470	187.37592	0.0	0.0	1080.0	1.0000000
52	882.2134	13306.211	169.17679	0.0	0.0	1080.0	1.0000000
46	189.0118	13008.188	210.69357	0.0	0.0	1100.0	1.0000000
46	200.0000	13150.000	203.09666	0.0	0.0	1170.0	1.0000000
46	300.0000	13200.000	181.51912	0.0	0.0	1080.0	1.0000000
46	813.7781	13202.266	206.35912	0.0	0.0	1050.0	1.0000000
46	1133.4541	12905.218	200.36978	0.0	0.0	1050.0	1.0000000
46	650.0000	13200.000	188.72223	0.0	0.0	1080.0	1.0000000
47	1000.0000	13000.000	206.26007	0.0	0.0	960.0	1.0000000
47	850.0000	13150.000	189.65332	0.0	0.0	960.0	1.0000000
47	746.5450	13122.885	190.53789	0.0	0.0	990.0	1.0000000
47	600.0000	13200.000	179.50160	0.0	0.0	930.0	1.0000000
47	250.0000	13200.000	195.62103	0.0	0.0	1020.0	1.0000000
47	200.0000	13100.000	183.09444	0.0	0.0	1170.0	1.0000000
47	300.0000	12900.000	175.86740	0.0	0.0	1170.0	1.0000000
47	350.0000	13100.000	170.20520	0.0	0.0	1080.0	1.0000000
47	800.0000	13200.000	203.86679	0.0	0.0	1020.0	1.0000000
0	1050.0000	20650.000	169.49997	0.0	0.0	0.0	1.0000000
0	1450.0000	20650.000	169.49998	0.0	0.0	0.0	1.0000000
0	650.0000	20650.000	169.49998	0.0	0.0	0.0	1.0000000
0	250.0000	20650.000	169.49997	0.0	0.0	0.0	1.0000000
3	850.0000	20650.000	169.50002	0.0	0.0	-90.0	1.0000000
3	450.0000	20650.000	169.50002	0.0	0.0	-90.0	1.0000000
3	1250.0000	20650.000	169.49998	0.0	0.0	-90.0	1.0000000
3	50.0000	20750.000	169.50002	0.0	0.0	-180.0	1.0000000
3	50.0000	20650.000	169.50000	0.0	0.0	-180.0	1.0000000
0	50.0000	20950.000	169.50003	0.0	0.0	90.0	1.0000000
0	50.0000	21250.000	169.49998	0.0	0.0	90.0	1.0000000
0	50.0000	21550.000	169.50002	0.0	0.0	90.0	1.0000000
0	50.0000	21850.000	169.49997	0.0	0.0	90.0	1.0000000
0	50.0000	22150.000	169.49997	0.0	0.0	90.0	1.0000000
0	950.0000	22150.000	169.49998	0.0	0.0	90.0	1.0000000
0	950.0000	21750.000	169.50003	0.0	0.0	90.0	1.0000000
0	1550.0000	21550.000	169.49997	0.0	0.0	0.0	1.0000000
3	950.0000	22350.000	169.50005	0.0	0.0	-180.0	1.0000000
3	950.0000	21950.000	169.49998	0.0	0.0	-180.0	1.0000000
3	950.0000	21550.000	169.50002	0.0	0.0	-180.0	1.0000000
3	1350.0000	21550.000	169.50002	0.0	0.0	-180.0	1.0000000
41	953.7091	21500.984	209.50002	0.0	0.0	1080.0	1.0000000
41	108.7948	21582.080	219.49998	-5.0	0.0	450.0	1.0000000
1	1412.2303	21447.162	169.49998	0.0	0.0	0.0	1.0000000
1	153.8790	20845.678	205.77171	0.0	0.0	60.0	1.0000000
4	1250.0000	21400.000	169.49998	0.0	0.0	150.0	1.0000000
4	750.0000	21450.000	169.50002	0.0	0.0	240.0	1.0000000
4	950.0000	21350.000	204.96584	0.0	0.0	300.0	1.0000000
0	1167.6243	21571.330	39.66521	-15.0	0.0	-30.0	1.0000000
4	1050.0000	21900.000	169.50002	-5.0	0.0	60.0	1.0000000
4	1200.0000	21850.000	169.50000	-5.0	0.0	-90.0	1.0000000
3	1214.5918	21450.590	-1.62503	-5.0	0.0	-90.0	1.0000000
3	1047.0554	21567.312	8.67168	-25.0	0.0	180.0	1.0000000
29	229.1441	21770.070	207.53633	-25.0	0.0	240.0	1.0000000
27	200.0000	20950.000	216.49677	-25.0	0.0	300.0	1.0000000
27	250.0000	20850.000	206.79401	-25.0	0.0	450.0	1.0000000
56	158.7321	22174.803	459.50000	5.0	0.0	-270.0	1.0000000
56	832.3749	22142.580	459.50000	5.0	0.0	-360.0	1.0000000
57	735.3177	22139.623	474.50000	5.0	0.0	-420.0	1.0000000
25	200.0000	22050.000	169.50000	5.0	0.0	-480.0	1.7199993
26	250.0000	21950.000	169.49998	85.0	0.0	-480.0	1.0000000
4	350.0000	22100.000	169.50003	10.0	0.0	-270.0	1.0000000
4	150.0000	22200.000	169.49997	10.0	0.0	-450.0	1.0000000
4	750.0000	22000.000	169.49998	10.0	0.0	-270.0	1.0000000
3	350.0000	22150.000	169.50002	0.0	0.0	0.0	1.0000000
56	301.9113	22167.982	499.50006	5.0	0.0	-300.0	1.0000000
3	750.0000	22150.000	169.50005	0.0	0.0	-720.0	1.0000000
0	50.0000	22450.000	169.50000	0.0	0.0	90.0	1.0000000
0	50.0000	22750.000	169.49997	0.0	0.0	90.0	1.0000000
0	50.0000	23050.000	169.49997	0.0	0.0	90.0	1.0000000
0	50.0000	23350.000	169.50003	0.0	0.0	90.0	1.0000000
0	50.0000	23650.000	169.50003	0.0	0.0	90.0	1.0000000
0	50.0000	23950.000	169.50002	0.0	0.0	90.0	1.0000000
0	1550.0000	23950.000	169.49997	0.0	0.0	0.0	1.0000000
0	1150.0000	23950.000	169.49997	0.0	0.0	0.0	1.0000000
0	950.0000	23750.000	169.49997	0.0	0.0	90.0	1.0000000
0	950.0000	23350.000	169.50000	0.0	0.0	90.0	1.0000000
0	950.0000	22950.000	169.50002	0.0	0.0	90.0	1.0000000
0	950.0000	22550.000	169.50000	0.0	0.0	90.0	1.0000000
3	950.0000	23950.000	169.50003	0.0	0.0	-180.0	1.0000000
3	1350.0000	23950.000	169.50002	0.0	0.0	-180.0	1.0000000
3	950.0000	23550.000	169.50005	0.0	0.0	-180.0	1.0000000
3	950.0000	23150.000	169.49997	0.0	0.0	-180.0	1.0000000
3	950.0000	22750.000	169.50003	0.0	0.0	-180.0	1.0000000
42	1189.1420	23751.398	169.49994	0.0	0.0	1080.0	1.0000000
20	1100.0000	23700.000	169.50002	0.0	0.0	630.0	1.0000000
41	87.8987	23189.816	209.49997	0.0	0.0	1170.0	1.0000000
27	1214.0828	23793.963	169.49998	0.0	0.0	720.0	1.0000000
1	1069.6794	23801.207	339.50000	-45.0	0.0	30.0	1.0000000
0	50.0000	24250.000	169.50003	0.0	0.0	90.0	1.0000000
0	50.0000	24550.000	169.50003	0.0	0.0	90.0	1.0000000
0	50.0000	24850.000	169.50000	0.0	0.0	90.0	1.0000000
0	250.0000	25150.000	169.49998	0.0	0.0	0.0	1.0000000
0	550.0000	25150.000	169.49997	0.0	0.0	0.0	1.0000000
3	50.0000	25050.000	169.49998	0.0	0.0	-180.0	1.0000000
3	50.0000	25150.000	169.50003	0.0	0.0	-180.0	1.0000000
7	850.0000	24300.000	169.49998	0.0	0.0	720.0	1.0000000
7	200.0000	24950.000	169.49997	0.0	0.0	630.0	1.0000000
41	88.2770	24392.865	209.49998	0.0	0.0	1170.0	1.0000000
36	1250.0000	24350.000	169.49998	0.0	0.0	0.0	1.0000000
36	1250.0000	24750.000	169.50002	0.0	0.0	0.0	1.0000000
36	650.0000	24750.000	169.50000	0.0	0.0	0.0	1.0000000
36	650.0000	24350.000	169.49997	0.0	0.0	0.0	1.0000000
1	161.8546	25038.371	334.50000	-20.0	0.0	390.0	1.1199999
1	205.2064	24998.051	239.49998	-20.0	0.0	390.0	1.0000000
1	932.3578	24247.725	114.50000	-45.0	0.0	60.0	1.0000000
0	1450.0000	25050.000	169.49995	0.0	0.0	1080.0	1.0000000
0	1150.0000	25050.000	169.49998	0.0	0.0	1080.0	1.0000000
0	850.0000	25050.000	169.50002	0.0	0.0	0.0	1.0000000
3	650.0000	25050.000	169.49998	0.0	0.0	0.0	1.0000000
12	1741.2024	1041.203	124.49997	0.0	0.0	810.0	1.0000000
12	1810.4537	493.195	84.50002	0.0	0.0	810.0	1.0000000
12	1745.1060	649.441	314.50003	0.0	0.0	810.0	1.0000000
14	3150.0000	1250.000	169.50002	0.0	0.0	0.0	1.0000000
5	2950.0000	950.000	169.50003	0.0	0.0	0.0	1.0000000
5	2650.0000	950.000	169.50000	0.0	0.0	0.0	1.0000000
5	2350.0000	950.000	169.49997	0.0	0.0	0.0	1.0000000
5	2150.0000	350.000	169.50000	0.0	0.0	0.0	1.0000000
5	2450.0000	350.000	169.50002	0.0	0.0	0.0	1.0000000
5	2750.0000	350.000	169.50000	0.0	0.0	0.0	1.0000000
5	3050.0000	350.000	169.50000	0.0	0.0	0.0	1.0000000
5	2950.0000	1250.000	169.49997	0.0	0.0	0.0	1.0000000
12	3150.0000	750.000	169.49998	0.0	0.0	810.0	1.0000000
14	2250.0000	350.000	169.50002	0.0	0.0	0.0	1.0000000
14	2350.0000	350.000	169.50002	0.0	0.0	0.0	1.0000000
14	2650.0000	350.000	169.49997	0.0	0.0	0.0	1.0000000
14	2550.0000	350.000	169.50002	0.0	0.0	0.0	1.0000000
14	2850.0000	350.000	169.50002	0.0	0.0	0.0	1.0000000
14	2950.0000	350.000	169.49997	0.0	0.0	0.0	1.0000000
14	3150.0000	350.000	169.50005	0.0	0.0	0.0	1.0000000
14	2850.0000	950.000	169.50003	0.0	0.0	0.0	1.0000000
14	2750.0000	950.000	169.49998	0.0	0.0	0.0	1.0000000
14	2550.0000	950.000	169.49998	0.0	0.0	0.0	1.0000000
14	2350.0000	850.000	169.49997	0.0	0.0	0.0	1.0000000
14	2350.0000	750.000	169.49997	0.0	0.0	0.0	1.0000000
14	2350.0000	650.000	169.49998	0.0	0.0	0.0	1.0000000
14	2950.0000	1050.000	169.50003	0.0	0.0	0.0	1.0000000
14	2450.0000	950.000	169.50002	0.0	0.0	0.0	1.0000000
14	2950.0000	1150.000	169.50003	0.0	0.0	0.0	1.0000000
14	3050.0000	1250.000	169.50002	0.0	0.0	0.0	1.0000000
14	2950.0000	1550.000	169.49998	0.0	0.0	0.0	1.0000000
40	2750.0000	1250.000	169.49997	0.0	0.0	1080.0	1.0000000
40	2450.0000	550.000	169.50000	0.0	0.0	1080.0	1.0000000
40	2450.0000	450.000	169.50002	0.0	0.0	1080.0	1.0000000
40	2750.0000	1150.000	169.50000	0.0	0.0	1080.0	1.0000000
5	1750.0000	1750.000	169.49998	0.0	0.0	810.0	1.0000000
5	2150.0000	1750.000	169.49998	0.0	0.0	810.0	1.0000000
5	2550.0000	1750.000	169.49997	0.0	0.0	810.0	1.0000000
5	2950.0000	1750.000	169.50000	0.0	0.0	810.0	1.0000000
14	1650.0000	1750.000	169.50002	0.0	0.0	0.0	1.0000000
14	1850.0000	1750.000	169.50003	0.0	0.0	0.0	1.0000000
14	1950.0000	1750.000	169.50003	0.0	0.0	0.0	1.0000000
14	2050.0000	1750.000	169.50003	0.0	0.0	0.0	1.0000000
14	2950.0000	1850.000	169.50003	0.0	0.0	0.0	1.0000000
14	2650.0000	1750.000	169.49997	0.0	0.0	0.0	1.0000000
14	2450.0000	1750.000	169.49997	0.0	0.0	0.0	1.0000000
14	2350.0000	1750.000	169.49998	0.0	0.0	0.0	1.0000000
14	2250.0000	1750.000	169.50000	0.0	0.0	0.0	1.0000000
5	2950.0000	2450.000	169.49998	0.0	0.0	810.0	1.0000000
5	2250.0000	2250.000	169.49997	0.0	0.0	810.0	1.0000000
5	1950.0000	2250.000	169.50003	0.0	0.0	810.0	1.0000000
5	1750.0000	2250.000	169.49997	0.0	0.0	810.0	1.0000000
5	1950.0000	2450.000	169.49997	0.0	0.0	810.0	1.0000000
5	1950.0000	2850.000	169.49998	0.0	0.0	810.0	1.0000000
5	1750.0000	2850.000	169.50000	0.0	0.0	810.0	1.0000000
5	1950.0000	3050.000	169.50002	0.0	0.0	810.0	1.0000000
5	2450.0000	2750.000	169.50000	0.0	0.0	810.0	1.0000000
5	3150.0000	2750.000	169.50000	0.0	0.0	810.0	1.0000000
5	2850.0000	2750.000	169.50000	0.0	0.0	810.0	1.0000000
5	2650.0000	2250.000	169.49997	0.0	0.0	810.0	1.0000000
5	2950.0000	2050.000	169.49998	0.0	0.0	810.0	1.0000000
14	2950.0000	1950.000	169.50003	0.0	0.0	0.0	1.0000000
14	2950.0000	1650.000	169.49998	0.0	0.0	0.0	1.0000000
14	2950.0000	2150.000	169.50002	0.0	0.0	0.0	1.0000000
14	2950.0000	2250.000	169.50003	0.0	0.0	0.0	1.0000000
14	2950.0000	2350.000	169.50000	0.0	0.0	0.0	1.0000000
14	2550.0000	2250.000	169.49997	0.0	0.0	0.0	1.0000000
14	2450.0000	2250.000	169.50003	0.0	0.0	0.0	1.0000000
14	2350.0000	2250.000	169.49997	0.0	0.0	0.0	1.0000000
14	2450.0000	2550.000	169.50003	0.0	0.0	0.0	1.0000000
14	2450.0000	2650.000	169.49998	0.0	0.0	0.0	1.0000000
14	2550.0000	2750.000	169.49997	0.0	0.0	0.0	1.0000000
14	2650.0000	2750.000	169.49997	0.0	0.0	0.0	1.0000000
14	2750.0000	2750.000	169.50003	0.0	0.0	0.0	1.0000000
14	2950.0000	2750.000	169.49997	0.0	0.0	0.0	1.0000000
14	3050.0000	2750.000	169.50000	0.0	0.0	0.0	1.0000000
14	1850.0000	2250.000	169.50003	0.0	0.0	0.0	1.0000000
14	1950.0000	2350.000	169.50003	0.0	0.0	0.0	1.0000000
14	1850.0000	2850.000	169.50003	0.0	0.0	0.0	1.0000000
14	1950.0000	2950.000	169.49997	0.0	0.0	0.0	1.0000000
40	2350.0000	2450.000	169.49997	0.0	0.0	1080.0	1.0000000
40	2750.0000	2150.000	169.50003	0.0	0.0	1080.0	1.0000000
40	2250.0000	2450.000	169.49995	0.0	0.0	1080.0	1.0000000
40	2350.0000	2950.000	169.50002	0.0	0.0	1080.0	1.0000000
40	2350.0000	2850.000	169.50000	0.0	0.0	1080.0	1.0000000
41	1792.5864	1665.872	-10.49998	0.0	0.0	1080.0	1.0000000
41	2202.1970	1669.143	-10.50002	0.0	0.0	1080.0	1.0000000
41	2893.0991	3009.169	-50.49998	0.0	0.0	1260.0	1.0000000
40	1950.0000	1950.000	169.50002	0.0	0.0	1080.0	1.0000000
3	1650.0000	4850.000	169.49997	0.0	0.0	-180.0	1.0000000
0	1850.0000	4850.000	169.49997	0.0	0.0	0.0	1.0000000
3	2050.0000	4850.000	169.49997	0.0	0.0	-180.0	1.0000000
0	2250.0000	4850.000	169.49997	0.0	0.0	0.0	1.0000000
3	2450.0000	4850.000	169.49997	0.0	0.0	-180.0	1.0000000
0	2650.0000	4850.000	169.49997	0.0	0.0	0.0	1.0000000
3	2850.0000	4850.000	169.49997	0.0	0.0	-180.0	1.0000000
0	3050.0000	4850.000	169.49997	0.0	0.0	0.0	1.0000000
11	2911.5359	6358.363	90.47607	-10.0	0.0	-300.0	1.0000000
47	1898.9951	6015.580	207.07349	0.0	0.0	1110.0	1.0000000
47	1906.6353	5325.267	179.95061	0.0	0.0	1110.0	1.0000000
47	2034.9607	5361.132	181.76465	0.0	0.0	1110.0	1.0000000
47	1965.9944	5334.335	181.83192	0.0	0.0	960.0	1.0000000
47	2058.9934	5421.281	185.31252	0.0	0.0	1020.0	1.0000000
47	2165.5574	5333.220	179.96925	0.0	0.0	1020.0	1.0000000
47	2039.9318	5183.334	196.13705	0.0	0.0	1110.0	1.0000000
46	2054.9543	5438.422	187.30693	0.0	0.0	780.0	1.0000000
53	2939.9990	6381.605	180.57584	0.0	0.0	30.0	1.0000000
48	2537.2673	6063.746	169.86455	0.0	0.0	30.0	1.3599997
46	2250.0000	7050.000	236.24750	0.0	0.0	1170.0	1.0000000
46	2250.0000	7000.000	218.76611	0.0	0.0	1110.0	1.0000000
46	2250.0000	7850.000	238.70326	0.0	0.0	1110.0	1.0000000
47	2337.3428	7045.062	222.87601	0.0	0.0	1110.0	1.0000000
47	2200.5344	6962.213	217.13152	0.0	0.0	1110.0	1.0000000
47	3059.1709	7156.571	219.39189	0.0	0.0	1110.0	1.0000000
48	2250.0000	7500.000	178.30698	0.0	0.0	0.0	2.5599985
49	2500.0000	7600.000	205.36729	0.0	0.0	0.0	3.9799972
49	2300.0000	7600.000	185.48300	0.0	0.0	180.0	4.1999969
46	2900.0000	6950.000	184.63165	0.0	0.0	60.0	1.0000000
46	2950.0000	6800.000	189.19621	0.0	0.0	60.0	1.0000000
47	3000.0000	6700.000	191.37117	0.0	0.0	60.0	1.0000000
47	3000.0000	6900.000	176.02527	0.0	0.0	60.0	1.0000000
1	2353.4182	7141.599	233.00414	0.0	0.0	60.0	1.0000000
1	2331.3989	7361.711	325.19196	0.0	0.0	90.0	1.0000000
53	1606.4760	6973.204	169.49997	0.0	0.0	-120.0	1.0000000
24	2730.3914	7462.336	162.60242	30.0	0.0	-960.0	1.0000000
22	2307.9990	7043.738	214.00549	-10.0	0.0	-990.0	1.0000000
24	2495.9197	7517.155	217.42574	-10.0	0.0	-1050.0	1.0000000
24	2407.9902	7376.942	213.34280	-15.0	0.0	-1020.0	1.0000000
54	2548.3005	7363.865	272.77631	0.0	0.0	-360.0	1.8399992
48	2242.6946	7186.258	215.33435	0.0	0.0	420.0	2.1199989
55	3050.8723	6753.053	166.54822	0.0	0.0	360.0	2.0399990
55	2156.2512	6744.730	187.26921	0.0	0.0	360.0	1.7799993
49	2792.2104	7647.363	163.08118	0.0	0.0	60.0	4.2199969
11	1700.0000	6850.000	169.50002	-10.0	0.0	-300.0	1.0000000
22	1850.0000	6800.000	171.55170	35.0	0.0	-960.0	1.0000000
41	3090.3672	6785.409	233.96072	-20.0	0.0	-960.0	1.0000000
41	2200.1892	6777.637	228.71245	-20.0	0.0	-960.0	1.0000000
55	2157.3381	7044.489	187.03149	0.0	0.0	540.0	1.8199992
1	2792.1545	7294.496	182.30988	-55.0	0.0	0.0	1.0000000
55	3046.8977	7054.435	179.95557	0.0	0.0	360.0	2.0199990
23	2778.3748	7129.897	216.75636	-10.0	0.0	-1020.0	1.0000000
48	2971.6497	7244.113	219.24550	-10.0	0.0	390.0	2.3399987
48	1700.0000	8450.000	196.19633	-10.0	0.0	360.0	2.1599989
11	2850.0000	8750.000	169.50046	-10.0	0.0	-240.0	1.3399997
11	2960.2336	8595.839	71.16660	-10.0	0.0	-300.0	1.0000000
53	2529.7095	9537.589	172.84390	0.0	0.0	-120.0	1.0000000
53	2939.1406	8715.520	169.49998	0.0	0.0	-300.0	1.0000000
23	3100.0000	8700.000	182.06660	0.0	0.0	-900.0	1.1199999
24	2571.1216	8662.838	118.45320	0.0	0.0	-1080.0	1.3399997
24	1964.4005	8756.272	120.24850	0.0	0.0	-1110.0	1.2799997
23	1693.4677	9590.303	127.18860	0.0	0.0	-1230.0	1.0000000
49	1800.0000	10000.000	189.41664	0.0	0.0	210.0	3.1399980
48	2150.0000	10600.000	221.01936	20.0	0.0	210.0	2.3599987
48	2650.0000	10450.000	218.37177	5.0	0.0	-120.0	1.8599992
11	3000.0000	9950.000	186.34203	5.0	0.0	-300.0	1.0000000
11	2050.0000	10950.000	177.96071	-5.0	0.0	-240.0	1.0000000
11	2100.0000	10300.000	170.55672	5.0	0.0	-330.0	1.0000000
11	2936.2886	10800.692	92.63139	-10.0	0.0	-360.0	1.0000000
46	1850.0000	9900.000	217.37758	0.0	0.0	1110.0	1.0000000
46	2650.0000	10400.000	219.62852	0.0	0.0	1110.0	1.0000000
49	2000.0000	11300.000	183.07503	0.0	0.0	210.0	3.2399979
48	2850.0000	11250.000	198.67802	5.0	0.0	-120.0	1.0000000
3	2685.9998	11987.917	-30.50002	15.0	0.0	-60.0	1.0000000
47	2600.0000	12700.000	175.84314	0.0	0.0	960.0	1.0000000
52	3015.2031	12707.354	247.56131	0.0	0.0	0.0	1.0000000
46	2600.0000	12800.000	181.06787	0.0	0.0	1140.0	1.0000000
47	2700.0000	12800.000	191.52257	0.0	0.0	960.0	1.0000000
47	2500.0000	12800.000	174.86269	0.0	0.0	960.0	1.0000000
0	2550.0000	12950.000	169.49997	0.0	0.0	0.0	1.0000000
3	2750.0000	12950.000	169.49997	0.0	0.0	0.0	1.0000000
3	2350.0000	12950.000	169.49997	0.0	0.0	0.0	1.0000000
0	2150.0000	12950.000	169.50000	0.0	0.0	0.0	1.0000000
0	1750.0000	12950.000	169.50003	0.0	0.0	0.0	1.0000000
3	1950.0000	12950.000	169.50002	0.0	0.0	0.0	1.0000000
15	3000.0000	12900.000	169.50002	0.0	0.0	0.0	1.0000000
3	1650.0000	20650.000	169.50002	0.0	0.0	-270.0	1.0000000
0	1850.0000	20650.000	169.49998	0.0	0.0	360.0	1.0000000
0	2150.0000	20650.000	169.49998	0.0	0.0	360.0	1.0000000
0	2450.0000	20650.000	169.49998	0.0	0.0	360.0	1.0000000
0	2750.0000	20650.000	169.49995	0.0	0.0	360.0	1.0000000
0	3050.0000	20650.000	169.49998	0.0	0.0	360.0	1.0000000
0	1950.0000	21550.000	169.49997	0.0	0.0	0.0	1.0000000
3	1750.0000	21550.000	169.50003	0.0	0.0	-180.0	1.0000000
3	2150.0000	21550.000	169.50000	0.0	0.0	-180.0	1.0000000
3	3150.0000	21450.000	169.49998	0.0	0.0	-90.0	1.0000000
0	3150.0000	21650.000	169.49995	0.0	0.0	90.0	1.0000000
0	3150.0000	21950.000	169.49997	0.0	0.0	90.0	1.0000000
0	3150.0000	22250.000	169.50000	0.0	0.0	90.0	1.0000000
34	2161.7744	21666.168	169.49995	0.0	0.0	540.0	1.0000000
36	2150.0000	22300.000	169.50002	0.0	0.0	1170.0	1.0000000
36	1650.0000	22300.000	169.49998	0.0	0.0	1170.0	1.0000000
36	2150.0000	22050.000	169.49997	0.0	0.0	1170.0	1.0000000
36	1650.0000	22050.000	169.49997	0.0	0.0	1170.0	1.0000000
35	1683.8424	22170.506	269.49991	0.0	0.0	1170.0	1.0000000
35	2182.4304	22171.746	264.50000	0.0	0.0	1170.0	1.0000000
41	1683.4474	22299.518	264.50000	0.0	0.0	1170.0	1.0000000
41	2184.9536	22299.238	264.50000	0.0	0.0	1170.0	1.0000000
28	1787.1388	22320.896	169.49998	0.0	0.0	720.0	1.0000000
29	1793.7855	22360.480	169.50000	0.0	0.0	720.0	1.0000000
27	1700.0000	22150.000	169.49998	0.0	0.0	1050.0	1.0000000
27	1750.0000	22250.000	169.49998	0.0	0.0	930.0	1.0000000
28	1650.0000	22150.000	169.50000	0.0	0.0	930.0	1.6799994
29	2200.0000	22150.000	169.49997	0.0	0.0	930.0	1.4999995
36	2950.0000	21650.000	169.50003	0.0	0.0	540.0	1.0000000
36	2650.0000	21650.000	167.87543	0.0	0.0	540.0	1.0000000
35	2809.0542	21627.268	274.50006	0.0	0.0	1080.0	1.0000000
35	2795.8948	21656.637	129.22557	0.0	0.0	720.0	1.0000000
10	3150.0000	21200.000	169.49998	0.0	0.0	810.0	1.0000000
12	3148.0969	21039.070	439.50000	0.0	0.0	1170.0	1.0000000
1	1724.5231	21435.432	194.63562	0.0	0.0	0.0	1.0000000
4	2900.0000	21050.000	169.50002	-5.0	0.0	-90.0	1.0000000
4	2200.0000	21450.000	171.77969	-5.0	0.0	-90.0	1.0000000
0	3150.0000	23950.000	169.49998	0.0	0.0	0.0	1.0000000
3	2950.0000	23950.000	169.50000	0.0	0.0	0.0	1.0000000
0	2750.0000	23950.000	169.49998	0.0	0.0	0.0	1.0000000
3	2550.0000	23950.000	169.50002	0.0	0.0	0.0	1.0000000
0	2350.0000	23950.000	169.50002	0.0	0.0	0.0	1.0000000
0	1950.0000	23950.000	169.49997	0.0	0.0	0.0	1.0000000
3	2150.0000	23950.000	169.49995	0.0	0.0	-180.0	1.0000000
3	1750.0000	23950.000	169.50000	0.0	0.0	-180.0	1.0000000
3	2950.0000	23050.000	169.50000	0.0	0.0	-180.0	1.0000000
3	2550.0000	23050.000	169.50003	0.0	0.0	-180.0	1.0000000
3	2150.0000	23050.000	169.49998	0.0	0.0	-180.0	1.0000000
0	1950.0000	23050.000	169.50002	0.0	0.0	0.0	1.0000000
0	2350.0000	23050.000	169.50003	0.0	0.0	0.0	1.0000000
0	2750.0000	23050.000	169.50000	0.0	0.0	0.0	1.0000000
0	3150.0000	23050.000	169.49998	0.0	0.0	0.0	1.0000000
0	3150.0000	22550.000	169.49997	0.0	0.0	90.0	1.0000000
0	3150.0000	22850.000	169.50003	0.0	0.0	90.0	1.0000000
41	2959.0103	23861.152	169.50000	0.0	0.0	1080.0	1.0000000
41	2148.7334	23910.508	169.50000	0.0	0.0	1080.0	1.0000000
34	2262.8528	22728.820	-176.41260	0.0	0.0	540.0	1.0000000
36	2150.0000	22550.000	169.49997	0.0	0.0	1170.0	1.0000000
36	1650.0000	22550.000	169.49998	0.0	0.0	1170.0	1.0000000
35	1685.8784	22421.955	269.49994	0.0	0.0	1170.0	1.0000000
35	2180.5239	22421.025	264.50000	0.0	0.0	1170.0	1.0000000
42	2850.0000	22750.000	169.50002	0.0	0.0	1170.0	1.0000000
1	3060.7866	22871.928	359.50000	-45.0	0.0	0.0	0.7400002
4	1650.0000	22650.000	170.17928	-5.0	0.0	60.0	1.0000000
3	1739.5656	23093.830	70.50000	-15.0	0.0	-180.0	1.0000000
52	2817.2654	23889.074	169.30452	360.0	0.0	-1080.0	1.0000000
0	1750.0000	25150.000	169.50000	0.0	0.0	0.0	1.0000000
0	1843.7234	25572.512	-126.20325	0.0	0.0	0.0	1.0000000
0	2050.0000	25150.000	169.49997	0.0	0.0	0.0	1.0000000
0	2350.0000	25150.000	169.49998	0.0	0.0	0.0	1.0000000
0	2650.0000	25150.000	169.49998	0.0	0.0	0.0	1.0000000
36	1850.0000	24750.000	169.49997	0.0	0.0	0.0	1.0000000
36	1850.0000	24350.000	169.50003	0.0	0.0	0.0	1.0000000
38	2600.0000	24550.000	169.49998	0.0	0.0	90.0	1.0000000
37	2600.0000	24400.000	169.49998	0.0	0.0	0.0	1.0000000
37	2600.0000	24700.000	169.50000	0.0	0.0	0.0	1.0000000
30	2450.0000	24550.000	169.50002	0.0	0.0	720.0	1.2599998
37	2450.0000	24550.000	169.50002	0.0	0.0	0.0	1.3399997
20	2379.5776	24896.295	169.50003	0.0	0.0	690.0	1.0000000
21	2357.3770	24933.895	239.49995	0.0	0.0	720.0	1.0000000
10	2599.7068	24892.389	164.49994	0.0	0.0	810.0	1.0000000
10	2799.8601	24417.508	169.49997	0.0	0.0	0.0	1.0000000
10	3144.3513	24415.830	169.50000	0.0	0.0	6480.0	1.0000000
43	2620.1338	24843.471	169.49994	0.0	0.0	90.0	1.0000000
44	2827.6050	25004.707	109.49998	45.0	0.0	270.0	1.0000000
46	3199.8687	24979.416	189.49992	5.0	0.0	390.0	1.0000000
41	2613.3289	24706.008	177.88177	0.0	0.0	90.0	1.0000000
34	2750.0000	24950.000	169.50003	0.0	0.0	90.0	1.0000000
30	2944.4299	24950.584	169.49997	0.0	0.0	90.0	1.0000000
30	3050.8350	24950.457	169.49994	0.0	0.0	90.0	1.0000000
30	3051.7595	24776.393	169.49992	0.0	0.0	90.0	1.0000000
30	2954.9868	24774.635	169.49997	0.0	0.0	90.0	1.0000000
33	3010.6196	24866.789	307.88168	-90.0	0.0	360.0	1.6999993
43	3007.8591	24769.844	319.49994	-90.0	0.0	-360.0	1.0000000
0	2950.0000	25150.000	169.50002	0.0	0.0	0.0	1.0000000
45	2634.9819	24674.812	189.49997	5.0	0.0	390.0	1.0000000
35	2956.3923	25086.930	169.49997	0.0	0.0	720.0	1.0000000
33	3009.5908	24862.430	307.88168	-90.0	0.0	180.0	1.6599994
1	2682.0969	25009.000	239.50003	-20.0	0.0	390.0	1.0000000
1	3116.1150	25027.057	128.36761	-20.0	0.0	390.0	1.0000000
1	2528.9214	24569.424	354.49994	-45.0	0.0	30.0	0.7600002
1	2508.6470	24430.059	259.49991	-45.0	0.0	30.0	1.0000000
31	2445.0022	24465.482	169.49995	0.0	0.0	810.0	1.0000000
38	2472.1650	24401.295	169.49994	0.0	0.0	0.0	1.0000000
37	2344.7632	24398.256	169.49992	0.0	0.0	0.0	1.0000000
38	2349.2358	24516.182	169.49994	0.0	0.0	90.0	1.0000000
38	2480.7869	24686.074	169.49997	0.0	0.0	0.0	1.0000000
37	2345.3052	24684.314	169.49994	0.0	0.0	0.0	1.0000000
3	1650.0000	25050.000	169.49998	0.0	0.0	0.0	1.0000000
0	4550.0000	50.000	169.49998	0.0	0.0	0.0	1.0000000
0	4250.0000	50.000	169.49997	0.0	0.0	0.0	1.0000000
0	3950.0000	50.000	169.50003	0.0	0.0	0.0	1.0000000
0	3650.0000	50.000	169.50002	0.0	0.0	0.0	1.0000000
48	4258.1162	400.639	205.27827	0.0	0.0	-270.0	1.0000000
49	4268.0415	271.594	176.84425	-5.0	0.0	-390.0	4.5599966
49	4572.8970	1583.316	157.08308	15.0	0.0	-540.0	3.3599977
49	4301.7363	908.514	205.17661	15.0	0.0	-540.0	3.0799980
48	4335.2109	1271.823	185.20685	-10.0	0.0	780.0	1.0000000
48	4390.4526	922.354	196.88078	0.0	0.0	-270.0	1.4199996
50	3950.0000	1150.000	169.49998	0.0	0.0	90.0	1.0000000
48	3944.7083	969.889	169.49995	0.0	0.0	-210.0	2.3199987
48	3985.5542	1369.280	159.49995	0.0	0.0	-390.0	2.2399988
48	4051.7351	1371.215	139.91786	0.0	0.0	-660.0	1.4799995
48	3966.6768	910.047	139.14183	0.0	0.0	-660.0	1.5199995
5	3250.0000	1250.000	169.49997	0.0	0.0	0.0	1.0000000
14	3250.0000	350.000	169.50005	0.0	0.0	0.0	1.0000000
17	4166.5352	1318.212	195.37473	-30.0	0.0	30.0	0.7200003
17	4054.0867	1010.421	175.91884	-10.0	3.0	60.0	1.0000000
3	3450.0000	50.000	169.49997	0.0	0.0	630.0	1.0000000
3	3350.0000	50.000	169.50003	0.0	0.0	630.0	1.0000000
40	3350.0000	950.000	169.50002	0.0	0.0	1080.0	1.0000000
40	3550.0000	950.000	169.50003	0.0	0.0	1080.0	1.0000000
1	4068.6260	1246.423	360.48297	0.0	0.0	60.0	0.6800003
47	4600.0000	550.000	179.95866	-15.0	0.0	-180.0	1.0000000
47	3550.0000	900.000	169.50002	-15.0	0.0	-180.0	1.0000000
5	3350.0000	2350.000	169.49997	0.0	0.0	810.0	1.0000000
5	3450.0000	2250.000	169.50000	0.0	0.0	810.0	1.0000000
5	3550.0000	2050.000	169.50002	0.0	0.0	810.0	1.0000000
50	4650.0000	2000.000	169.50000	0.0	0.0	30.0	1.0000000
48	4520.2275	1891.704	159.62444	0.0	0.0	-690.0	2.1799989
48	4445.9321	1846.732	139.14180	0.0	0.0	-660.0	1.6999993
0	4550.0000	2050.000	169.50000	0.0	0.0	450.0	1.0000000
0	4550.0000	2350.000	169.50003	0.0	0.0	450.0	1.0000000
0	4550.0000	2650.000	169.50002	0.0	0.0	450.0	1.0000000
0	4550.0000	2950.000	169.49998	0.0	0.0	450.0	1.0000000
0	4350.0000	3150.000	169.49997	0.0	0.0	360.0	1.0000000
0	4050.0000	3150.000	169.49998	0.0	0.0	360.0	1.0000000
0	3750.0000	3150.000	169.49997	0.0	0.0	360.0	1.0000000
0	3450.0000	3150.000	169.49998	0.0	0.0	360.0	1.0000000
3	3250.0000	3150.000	169.49997	0.0	0.0	180.0	1.0000000
3	4550.0000	3150.000	169.49997	0.0	0.0	180.0	1.0000000
17	4631.7754	1830.163	196.90031	-13.0	0.0	10.0	1.0000000
30	4050.0000	2550.000	169.50003	0.0	0.0	0.0	1.2399998
30	4050.0000	3050.000	169.50000	0.0	0.0	0.0	1.1999998
30	3750.0000	3050.000	169.50000	0.0	0.0	0.0	1.1999998
30	3750.0000	2550.000	169.50000	0.0	0.0	0.0	1.1999998
40	3950.0000	1850.000	169.50002	0.0	0.0	1080.0	1.0000000
40	3950.0000	1750.000	169.49998	0.0	0.0	1080.0	1.0000000
40	3950.0000	1650.000	169.50000	0.0	0.0	1080.0	1.0000000
41	3749.6074	3070.316	118.12003	0.0	0.0	1080.0	1.0000000
44	4131.4473	2462.247	121.22363	55.0	0.0	900.0	1.0000000
47	4000.0000	1750.000	169.49998	-15.0	0.0	-60.0	1.0000000
5	3250.0000	2450.000	169.49998	0.0	0.0	810.0	1.0000000
3	3250.0000	4850.000	169.49997	0.0	0.0	-180.0	1.0000000
0	3450.0000	4850.000	169.49997	0.0	0.0	0.0	1.0000000
3	3650.0000	4850.000	169.49997	0.0	0.0	-180.0	1.0000000
0	3850.0000	4850.000	169.49997	0.0	0.0	0.0	1.0000000
3	4050.0000	4850.000	169.49997	0.0	0.0	-180.0	1.0000000
0	4250.0000	4850.000	169.49997	0.0	0.0	0.0	1.0000000
3	4450.0000	4850.000	169.49997	0.0	0.0	-180.0	1.0000000
0	4650.0000	4850.000	169.49997	0.0	0.0	0.0	1.0000000
48	3750.0000	6250.000	225.34215	-10.0	0.0	360.0	2.3999987
23	3466.9480	6346.308	138.42218	-10.0	0.0	-990.0	1.0000000
22	3531.7686	7205.867	181.81230	25.0	0.0	-1200.0	1.0000000
24	3480.3938	6785.429	136.94391	-10.0	0.0	-990.0	1.0000000
48	3450.0000	8000.000	218.29266	20.0	0.0	210.0	2.0999990
48	3800.0000	9150.000	222.82214	20.0	0.0	210.0	2.3399987
11	3500.0000	8850.000	181.62309	5.0	0.0	-300.0	1.0000000
53	3580.9998	9545.931	172.09291	0.0	0.0	-300.0	1.0000000
24	3308.7153	9354.326	65.00101	-5.0	0.0	-840.0	1.3599997
48	3200.0000	11150.000	203.46393	-10.0	0.0	360.0	1.7199993
48	3400.0000	10650.000	243.23619	20.0	0.0	210.0	2.3999987
11	3530.8474	9624.582	68.31760	-10.0	0.0	-360.0	1.0000000
24	3220.7717	9880.160	109.28363	-5.0	0.0	-930.0	1.3799996
20	4500.0000	12700.000	211.75525	15.0	0.0	-60.0	1.0000000
20	4600.0000	12750.000	199.01712	15.0	0.0	-30.0	1.0000000
20	4100.0000	12750.000	214.98203	15.0	0.0	-120.0	1.0000000
20	4650.0000	12550.000	173.27945	-50.0	0.0	-60.0	1.0000000
21	4350.0000	12700.000	179.62535	-50.0	0.0	-60.0	1.0000000
21	4600.0000	12550.000	174.08928	-50.0	0.0	-120.0	1.0000000
21	4165.7803	12730.630	240.17357	-50.0	0.0	-90.0	1.0000000
46	4600.0000	12350.000	193.65915	0.0	0.0	1080.0	1.0000000
46	4600.0000	12400.000	196.94272	0.0	0.0	1170.0	1.0000000
47	4150.0000	12700.000	179.27493	0.0	0.0	1170.0	1.0000000
47	4350.0000	12650.000	175.09355	0.0	0.0	1170.0	1.0000000
47	4550.0000	12200.000	174.65088	0.0	0.0	1170.0	1.0000000
47	4400.0000	12350.000	171.09540	0.0	0.0	1170.0	1.0000000
47	4350.0000	12700.000	179.63452	0.0	0.0	1170.0	1.0000000
47	4150.0000	12750.000	189.77385	0.0	0.0	1170.0	1.0000000
47	4650.0000	12350.000	187.64519	0.0	0.0	1020.0	1.0000000
47	4550.0000	12600.000	176.16884	0.0	0.0	930.0	1.0000000
47	4400.0000	12650.000	197.45401	0.0	0.0	1020.0	1.0000000
47	3700.0000	12600.000	181.19090	0.0	0.0	960.0	1.0000000
47	4500.0000	12450.000	174.83264	0.0	0.0	960.0	1.0000000
47	3350.0000	12700.000	172.68456	0.0	0.0	960.0	1.0000000
47	3450.0000	12750.000	178.29814	0.0	0.0	960.0	1.0000000
47	3350.0000	12600.000	169.72597	0.0	0.0	960.0	1.0000000
52	4444.1196	12783.759	173.67415	0.0	0.0	90.0	1.0000000
42	4361.4360	12553.479	170.51059	0.0	0.0	0.0	1.0000000
46	3350.0000	12800.000	186.04646	0.0	0.0	1140.0	1.0000000
46	4250.0000	12800.000	175.58214	0.0	0.0	1140.0	1.0000000
0	4650.0000	12950.000	169.50002	0.0	0.0	0.0	1.0000000
0	4250.0000	12950.000	169.50002	0.0	0.0	0.0	1.0000000
0	3850.0000	12950.000	169.50002	0.0	0.0	0.0	1.0000000
0	3450.0000	12950.000	169.50003	0.0	0.0	0.0	1.0000000
3	3250.0000	12950.000	169.49997	0.0	0.0	0.0	1.0000000
3	3650.0000	12950.000	169.49997	0.0	0.0	0.0	1.0000000
3	4050.0000	12950.000	169.50005	0.0	0.0	0.0	1.0000000
3	4450.0000	12950.000	169.50002	0.0	0.0	0.0	1.0000000
0	4650.0000	13950.000	169.49995	0.0	0.0	0.0	1.0000000
0	4450.0000	14150.000	169.50002	0.0	0.0	90.0	1.0000000
3	4450.0000	13950.000	169.49998	0.0	0.0	180.0	1.0000000
0	4250.0000	14350.000	169.49995	0.0	0.0	0.0	1.0000000
3	4450.0000	14350.000	169.50003	0.0	0.0	-180.0	1.0000000
3	4100.0000	14350.000	169.50000	0.0	0.0	-180.0	1.0000000
52	4049.5103	12809.915	234.22301	0.0	0.0	1080.0	1.0000000
52	3216.5322	12885.063	191.92717	0.0	0.0	1080.0	1.0000000
46	4200.0000	12850.000	187.51688	0.0	0.0	1170.0	1.0000000
47	3900.0000	12850.000	192.90352	0.0	0.0	1020.0	1.0000000
0	3750.0000	15950.000	169.49998	0.0	0.0	-270.0	1.0000000
0	3750.0000	15650.000	169.50000	0.0	0.0	-270.0	1.0000000
0	3950.0000	15450.000	169.49998	0.0	0.0	-360.0	1.0000000
0	4150.0000	15250.000	169.50000	0.0	0.0	90.0	1.0000000
3	4150.0000	15050.000	169.50003	0.0	0.0	450.0	1.0000000
3	4150.0000	15450.000	169.50000	0.0	0.0	-180.0	1.0000000
3	3750.0000	15450.000	169.49998	0.0	0.0	90.0	1.0000000
0	4150.0000	14850.000	169.50000	0.0	0.0	90.0	1.0000000
0	4150.0000	14550.000	169.49997	0.0	0.0	90.0	1.0000000
42	4765.1089	14743.675	193.64624	0.0	0.0	-360.0	1.0000000
36	4452.8389	15872.381	45.97450	35.0	0.0	-540.0	1.0000000
47	3950.0000	15800.000	202.72067	0.0	0.0	-990.0	1.0000000
47	4500.0000	14800.000	178.76823	0.0	0.0	-990.0	1.0000000
47	4400.0000	14700.000	206.63666	0.0	0.0	-990.0	1.0000000
46	4400.0000	14750.000	185.90457	0.0	0.0	-990.0	1.0000000
52	4202.4814	15400.054	159.34671	360.0	0.0	-990.0	1.0000000
0	4150.0000	17250.000	169.50000	0.0	0.0	90.0	1.0000000
3	4150.0000	17050.000	169.50002	0.0	0.0	0.0	1.0000000
3	4150.0000	17450.000	169.49997	0.0	0.0	-180.0	1.0000000
0	3950.0000	17050.000	169.49997	0.0	0.0	0.0	1.0000000
0	3750.0000	16850.000	169.50002	0.0	0.0	-270.0	1.0000000
0	3750.0000	16550.000	169.50000	0.0	0.0	-270.0	1.0000000
0	3750.0000	16250.000	169.50000	0.0	0.0	-270.0	1.0000000
3	3750.0000	17050.000	169.50003	0.0	0.0	-180.0	1.0000000
42	4774.1846	17532.662	193.49728	0.0	0.0	-360.0	1.0000000
42	4368.7783	16324.812	189.59352	0.0	0.0	-360.0	1.0000000
36	4615.0547	16696.582	70.33107	35.0	0.0	-420.0	1.0000000
36	4740.3428	17377.549	58.69991	50.0	0.0	-720.0	1.0000000
47	4650.0000	16550.000	211.84966	0.0	0.0	-990.0	1.0000000
47	4350.0000	17350.000	175.17229	0.0	0.0	-990.0	1.0000000
52	4106.2646	16988.562	174.10487	360.0	0.0	-1080.0	1.0000000
57	4628.9028	16705.908	197.02214	-30.0	0.0	-810.0	1.0000000
0	4150.0000	18850.000	169.50000	0.0	0.0	90.0	1.0000000
0	4150.0000	18450.000	169.50005	0.0	0.0	90.0	1.0000000
0	4150.0000	18050.000	169.50002	0.0	0.0	90.0	1.0000000
3	4150.0000	19050.000	169.50000	0.0	0.0	-180.0	1.0000000
0	4150.0000	17650.000	169.49998	0.0	0.0	90.0	1.0000000
3	4150.0000	18250.000	169.50000	0.0	0.0	-180.0	1.0000000
3	4150.0000	18650.000	169.50000	0.0	0.0	-180.0	1.0000000
3	4150.0000	17850.000	169.50003	0.0	0.0	-180.0	1.0000000
42	4774.3105	18544.891	193.49722	0.0	0.0	-360.0	1.0000000
38	4779.9517	19127.229	20.54335	-5.0	0.0	60.0	1.0000000
3	4150.0000	20250.000	169.50000	0.0	0.0	-180.0	1.0000000
3	4150.0000	20650.000	169.50000	0.0	0.0	-180.0	1.0000000
0	4150.0000	20050.000	169.50003	0.0	0.0	90.0	1.0000000
3	4150.0000	19850.000	169.50002	0.0	0.0	-180.0	1.0000000
0	4150.0000	19650.000	169.49997	0.0	0.0	90.0	1.0000000
0	4150.0000	19250.000	169.49998	0.0	0.0	90.0	1.0000000
3	4150.0000	19450.000	169.50003	0.0	0.0	-180.0	1.0000000
0	3350.0000	20650.000	169.50002	0.0	0.0	360.0	1.0000000
0	3650.0000	20650.000	169.49997	0.0	0.0	360.0	1.0000000
0	3950.0000	20650.000	169.50000	0.0	0.0	360.0	1.0000000
0	4150.0000	20450.000	169.49997	0.0	0.0	-270.0	1.0000000
20	4353.5142	20785.041	154.50003	25.0	0.0	660.0	1.0000000
20	4396.0942	20463.041	154.50002	-25.0	0.0	990.0	1.0000000
21	4457.5474	20538.658	199.50002	-45.0	0.0	1020.0	1.0000000
22	4450.0000	20400.000	169.50003	0.0	0.0	1200.0	0.4400004
12	4416.6699	20611.811	319.49997	-385.0	0.0	1230.0	1.0000000
11	4419.9800	20426.266	109.49998	-10.0	0.0	1410.0	1.0000000
38	4300.0000	19450.000	169.50003	0.0	0.0	-360.0	1.0000000
38	4500.0000	19450.000	169.50003	0.0	0.0	-360.0	1.0000000
38	4700.0000	19450.000	169.49997	0.0	0.0	-360.0	1.0000000
42	4550.0000	19750.000	169.50000	0.0	0.0	-360.0	1.0000000
26	4646.5767	19290.549	198.50044	100.0	0.0	-1380.0	1.0000000
25	4642.5918	19374.521	209.43713	135.0	0.0	-1410.0	1.0000000
3	4550.0000	22250.000	169.49995	0.0	0.0	-180.0	1.0000000
0	4550.0000	22050.000	169.49997	0.0	0.0	90.0	1.0000000
3	4550.0000	21850.000	169.50003	0.0	0.0	-180.0	1.0000000
0	4550.0000	21650.000	169.49998	0.0	0.0	90.0	1.0000000
3	4550.0000	21450.000	169.50002	0.0	0.0	-180.0	1.0000000
0	4350.0000	21450.000	169.49997	0.0	0.0	0.0	1.0000000
3	4150.0000	21450.000	169.50002	0.0	0.0	-180.0	1.0000000
0	4150.0000	21250.000	169.49998	0.0	0.0	90.0	1.0000000
0	4150.0000	20850.000	169.49998	0.0	0.0	90.0	1.0000000
3	4150.0000	21050.000	169.50002	0.0	0.0	-180.0	1.0000000
0	3950.0000	21450.000	169.49997	0.0	0.0	0.0	1.0000000
0	3650.0000	21450.000	169.49995	0.0	0.0	0.0	1.0000000
0	3350.0000	21450.000	169.49997	0.0	0.0	0.0	1.0000000
20	4409.7500	21003.500	154.49997	25.0	0.0	900.0	1.0000000
20	4350.0000	21350.000	169.50002	5.0	0.0	1080.0	1.0000000
20	4350.0000	21200.000	169.50000	5.0	0.0	1080.0	1.0000000
20	4350.0864	21193.346	239.50000	5.0	0.0	1080.0	1.0000000
20	4508.2051	21230.186	189.49997	-45.0	0.0	990.0	1.0000000
21	4331.2471	21210.637	304.50000	0.0	0.0	1050.0	1.0000000
11	4388.2407	21284.832	139.49998	20.0	0.0	1290.0	1.0000000
12	4488.2324	20919.758	389.50003	20.0	0.0	1230.0	1.0000000
22	4370.3667	21066.959	169.49992	25.0	0.0	1260.0	0.8200002
11	4250.4312	21064.537	169.49992	-10.0	0.0	1410.0	1.0000000
11	4275.0728	20950.547	109.50000	-10.0	0.0	1290.0	1.0000000
41	4250.0000	21000.000	183.45837	0.0	0.0	1170.0	1.0000000
34	3251.7964	21337.559	169.49995	0.0	0.0	540.0	1.0000000
18	3850.0000	21100.000	169.50002	0.0	0.0	630.0	1.0000000
19	3450.0000	21100.000	169.50002	0.0	0.0	630.0	1.0000000
4	3250.0000	21250.000	169.49997	0.0	0.0	630.0	1.0000000
7	3650.0000	20900.000	169.50003	0.0	0.0	540.0	1.0000000
7	3850.0000	21300.000	169.50003	0.0	0.0	540.0	1.0000000
41	3498.4512	21423.633	169.50000	0.0	0.0	1080.0	1.0000000
11	3636.5164	20922.641	84.49998	0.0	0.0	1110.0	1.0000000
11	3840.9399	21279.078	84.50002	0.0	0.0	1170.0	1.0000000
18	3650.0000	21100.000	169.50002	0.0	0.0	810.0	1.0000000
34	3250.0000	21300.000	169.50000	0.0	0.0	540.0	1.0000000
34	3644.9426	21282.217	169.50006	-60.0	0.0	510.0	1.0000000
1	3200.8560	21351.211	179.49998	0.0	0.0	60.0	1.0000000
52	4500.0000	21400.000	169.49997	0.0	0.0	0.0	1.0000000
0	4650.0000	23950.000	169.49997	0.0	0.0	0.0	1.0000000
3	4450.0000	23950.000	169.49998	0.0	0.0	0.0	1.0000000
0	4250.0000	23950.000	169.50002	0.0	0.0	0.0	1.0000000
0	3950.0000	23950.000	169.50002	0.0	0.0	0.0	1.0000000
0	3550.0000	23950.000	169.50002	0.0	0.0	0.0	1.0000000
3	3750.0000	23950.000	169.50002	0.0	0.0	0.0	1.0000000
3	3350.0000	23950.000	169.50002	0.0	0.0	0.0	1.0000000
3	4550.0000	23050.000	169.49997	0.0	0.0	-180.0	1.0000000
0	4550.0000	22850.000	169.49997	0.0	0.0	90.0	1.0000000
3	4550.0000	22650.000	169.50005	0.0	0.0	-180.0	1.0000000
0	4550.0000	22450.000	169.50005	0.0	0.0	90.0	1.0000000
3	4150.0000	23050.000	169.49997	0.0	0.0	-180.0	1.0000000
3	3750.0000	23050.000	169.50003	0.0	0.0	-180.0	1.0000000
3	3350.0000	23050.000	169.49998	0.0	0.0	-180.0	1.0000000
0	3550.0000	23050.000	169.50005	0.0	0.0	0.0	1.0000000
0	3950.0000	23050.000	169.50000	0.0	0.0	0.0	1.0000000
0	4350.0000	23050.000	169.50000	0.0	0.0	0.0	1.0000000
41	4450.7476	23867.053	169.49998	0.0	0.0	1080.0	1.0000000
41	3755.7708	23870.596	169.49995	0.0	0.0	1080.0	1.0000000
51	4550.0000	22450.000	169.49998	0.0	0.0	90.0	1.0000000
57	4632.0874	22527.229	509.50006	0.0	0.0	-630.0	1.0000000
0	3250.0000	25150.000	169.49998	0.0	0.0	0.0	1.0000000
0	3550.0000	25150.000	169.49998	0.0	0.0	0.0	1.0000000
0	3850.0000	25150.000	169.50002	0.0	0.0	0.0	1.0000000
0	4150.0000	25150.000	169.50003	0.0	0.0	0.0	1.0000000
0	4450.0000	25150.000	169.50002	0.0	0.0	0.0	1.0000000
48	4715.3975	24871.928	158.37946	0.0	0.0	390.0	1.0000000
49	4748.5459	24943.318	116.09221	5.0	0.0	930.0	3.2999978
50	4750.0000	25150.000	169.50003	0.0	0.0	0.0	1.0000000
3	4050.0000	24550.000	169.50003	0.0	0.0	180.0	1.0000000
3	3550.0000	24550.000	169.50002	0.0	0.0	180.0	1.0000000
3	3550.0000	24650.000	169.50000	0.0	0.0	180.0	1.0000000
3	4050.0000	24650.000	169.50003	0.0	0.0	180.0	1.0000000
18	3750.0000	24550.000	169.50003	0.0	0.0	720.0	1.0000000
3	3550.0000	24450.000	169.49997	0.0	0.0	720.0	1.0000000
3	4050.0000	24450.000	169.49998	0.0	0.0	720.0	1.0000000
38	3700.0000	24400.000	169.50000	0.0	0.0	720.0	1.0000000
11	3773.9822	24562.863	109.49995	-10.0	0.0	1500.0	1.0000000
38	3700.0000	24700.000	169.50000	0.0	0.0	3960.0	1.0000000
38	3900.0000	24700.000	169.49997	0.0	0.0	3960.0	1.0000000
38	3900.0000	24400.000	169.50002	0.0	0.0	3960.0	1.0000000
41	3600.0000	24550.000	169.50003	0.0	0.0	4050.0	1.0000000
45	3650.0000	24450.000	169.49997	0.0	0.0	4050.0	1.0000000
43	4103.4707	24556.334	214.23347	0.0	0.0	4050.0	1.0000000
41	4094.0723	24552.551	219.23347	0.0	0.0	4050.0	1.0000000
44	3843.2698	24447.857	169.50002	0.0	0.0	3990.0	1.0000000
47	4193.6665	24559.529	172.74712	0.0	0.0	0.0	1.0000000
47	4052.7278	24320.895	169.50002	0.0	0.0	0.0	1.0000000
10	3488.5864	24913.109	169.49994	0.0	0.0	90.0	1.0000000
37	3307.3096	24410.209	169.49994	0.0	0.0	90.0	1.0000000
47	3291.6643	24889.947	177.53630	5.0	0.0	330.0	1.0000000
46	3312.4023	24985.242	215.45377	5.0	0.0	420.0	1.0000000
0	6350.0000	50.000	169.50002	0.0	0.0	0.0	1.0000000
0	6050.0000	50.000	169.50003	0.0	0.0	0.0	1.0000000
0	5750.0000	50.000	169.49997	0.0	0.0	0.0	1.0000000
0	5450.0000	50.000	169.49997	0.0	0.0	0.0	1.0000000
0	5150.0000	50.000	169.50002	0.0	0.0	0.0	1.0000000
0	4850.0000	50.000	169.50000	0.0	0.0	0.0	1.0000000
48	5421.7065	356.699	199.63344	0.0	0.0	-330.0	1.0000000
49	5868.8032	882.079	205.06392	-5.0	0.0	-560.0	3.8999972
49	5152.4438	1228.068	183.83809	5.0	5.0	-195.0	3.5799975
48	5800.2451	270.698	215.83176	-10.0	0.0	390.0	2.5399985
48	5331.0723	394.046	208.01271	-10.0	0.0	390.0	2.0999990
48	5146.8428	1151.401	154.81062	-10.0	0.0	390.0	2.3399987
1	5209.9326	1117.231	344.47052	0.0	0.0	60.0	0.6800003
41	5935.2734	819.999	236.96080	-15.0	0.0	50.0	1.0000000
47	5300.0000	1200.000	182.26668	-15.0	0.0	-60.0	1.0000000
47	5100.0000	1050.000	187.28888	-15.0	0.0	-60.0	1.0000000
47	5300.0000	1000.000	171.87270	-15.0	0.0	-60.0	1.0000000
48	5025.1445	1561.359	189.46918	0.0	0.0	-270.0	1.0000000
48	5702.8521	1761.024	158.69212	5.0	0.0	-1200.0	2.5199986
48	5741.2080	1644.758	185.15410	-10.0	0.0	390.0	1.6999993
50	5250.0000	2050.000	168.70732	0.0	0.0	0.0	1.0000000
50	5550.0000	2050.000	169.49998	0.0	0.0	0.0	1.0000000
50	5850.0000	2050.000	169.49998	0.0	0.0	0.0	1.0000000
50	6150.0000	2050.000	169.49997	0.0	0.0	0.0	1.0000000
50	4950.0000	2050.000	169.49997	0.0	0.0	0.0	1.0000000
48	6306.6646	1961.998	169.18207	0.0	0.0	-900.0	2.3799987
48	5718.6484	1972.516	174.12451	0.0	0.0	-720.0	2.1599989
1	5825.4282	1924.945	330.61334	0.0	0.0	60.0	1.0000000
31	5814.8013	1941.059	158.66423	-15.0	0.0	0.0	1.0000000
47	5900.0000	1700.000	179.55647	-15.0	0.0	-180.0	1.0000000
47	5850.0000	1900.000	187.92542	-15.0	0.0	-180.0	1.0000000
0	4850.0000	5150.000	169.50002	0.0	0.0	90.0	1.0000000
0	4850.0000	5550.000	169.49998	0.0	0.0	90.0	1.0000000
0	4850.0000	5950.000	169.50003	0.0	0.0	90.0	1.0000000
0	4850.0000	6350.000	169.50002	0.0	0.0	90.0	1.0000000
3	4850.0000	6150.000	169.50002	0.0	0.0	-180.0	1.0000000
3	4850.0000	5750.000	169.50000	0.0	0.0	-180.0	1.0000000
3	4850.0000	5350.000	169.49997	0.0	0.0	-180.0	1.0000000
3	4850.0000	4950.000	169.50000	0.0	0.0	-180.0	1.0000000
3	4850.0000	4850.000	169.49997	0.0	0.0	-180.0	1.0000000
0	4850.0000	6750.000	169.50002	0.0	0.0	90.0	1.0000000
0	4850.0000	7150.000	169.50003	0.0	0.0	90.0	1.0000000
0	4850.0000	7550.000	169.50003	0.0	0.0	90.0	1.0000000
0	4850.0000	7950.000	169.50002	0.0	0.0	90.0	1.0000000
3	4850.0000	7750.000	169.49998	0.0	0.0	-180.0	1.0000000
3	4850.0000	7350.000	169.50003	0.0	0.0	-180.0	1.0000000
3	4850.0000	6950.000	169.50002	0.0	0.0	-180.0	1.0000000
3	4850.0000	6550.000	169.49998	0.0	0.0	-180.0	1.0000000
0	4850.0000	8350.000	169.50002	0.0	0.0	90.0	1.0000000
0	4850.0000	8750.000	169.50000	0.0	0.0	90.0	1.0000000
0	4850.0000	9150.000	169.50003	0.0	0.0	90.0	1.0000000
0	4850.0000	9550.000	169.50002	0.0	0.0	90.0	1.0000000
3	4850.0000	9350.000	169.50002	0.0	0.0	-180.0	1.0000000
3	4850.0000	8950.000	169.50002	0.0	0.0	-180.0	1.0000000
3	4850.0000	8550.000	169.50003	0.0	0.0	-180.0	1.0000000
3	4850.0000	8150.000	169.49998	0.0	0.0	-180.0	1.0000000
0	4850.0000	9950.000	169.49997	0.0	0.0	90.0	1.0000000
0	4850.0000	10350.000	169.50000	0.0	0.0	90.0	1.0000000
0	4850.0000	10750.000	169.49997	0.0	0.0	90.0	1.0000000
0	4850.0000	11150.000	169.50002	0.0	0.0	90.0	1.0000000
3	4850.0000	10950.000	169.50002	0.0	0.0	-180.0	1.0000000
3	4850.0000	10550.000	169.50003	0.0	0.0	-180.0	1.0000000
3	4850.0000	10150.000	169.49997	0.0	0.0	-180.0	1.0000000
3	4850.0000	9750.000	169.49998	0.0	0.0	-180.0	1.0000000
0	6350.0000	10350.000	169.50000	0.0	0.0	1080.0	1.0000000
0	6150.0000	10550.000	169.49997	0.0	0.0	1170.0	1.0000000
0	6150.0000	10850.000	169.50000	0.0	0.0	1170.0	1.0000000
0	6150.0000	11150.000	169.49997	0.0	0.0	1170.0	1.0000000
3	6150.0000	10350.000	169.50000	0.0	0.0	-270.0	1.0000000
0	4850.0000	11550.000	169.50002	0.0	0.0	90.0	1.0000000
0	4850.0000	11950.000	169.50002	0.0	0.0	90.0	1.0000000
0	4850.0000	12350.000	169.50002	0.0	0.0	90.0	1.0000000
0	4850.0000	12750.000	169.50002	0.0	0.0	90.0	1.0000000
3	4850.0000	12550.000	169.50002	0.0	0.0	-180.0	1.0000000
3	4850.0000	12150.000	169.50000	0.0	0.0	-180.0	1.0000000
3	4850.0000	11750.000	169.50000	0.0	0.0	-180.0	1.0000000
3	4850.0000	11350.000	169.50003	0.0	0.0	-180.0	1.0000000
0	6150.0000	11450.000	169.49997	0.0	0.0	1170.0	1.0000000
0	6150.0000	11750.000	169.50003	0.0	0.0	1170.0	1.0000000
0	6150.0000	12050.000	169.50005	0.0	0.0	1170.0	1.0000000
0	6150.0000	12450.000	169.49997	0.0	0.0	-270.0	1.0000000
3	6150.0000	12250.000	169.49995	0.0	0.0	-540.0	1.0000000
3	6150.0000	12650.000	169.50002	0.0	0.0	-540.0	1.0000000
2	6300.0000	12100.000	169.49998	0.0	0.0	-360.0	1.0000000
0	6350.0000	13050.000	169.50005	0.0	0.0	0.0	1.0000000
3	6150.0000	13050.000	169.50000	0.0	0.0	0.0	1.0000000
3	4850.0000	12950.000	169.50000	0.0	0.0	-180.0	1.0000000
3	5150.0000	13950.000	169.50002	0.0	0.0	-180.0	1.0000000
0	4950.0000	13950.000	169.50003	0.0	0.0	0.0	1.0000000
0	5150.0000	14150.000	169.49998	0.0	0.0	90.0	1.0000000
0	6150.0000	12850.000	169.49998	0.0	0.0	90.0	1.0000000
2	6300.0000	12900.000	169.50002	0.0	0.0	-360.0	1.0000000
48	5654.1802	15649.630	154.85397	0.0	0.0	-900.0	1.8799992
0	5650.0000	14950.000	169.49998	0.0	0.0	-720.0	1.0000000
0	5950.0000	14950.000	169.50002	0.0	0.0	-720.0	1.0000000
0	6250.0000	14950.000	169.49995	0.0	0.0	-720.0	1.0000000
0	5350.0000	14950.000	169.50000	0.0	0.0	-720.0	1.0000000
0	5150.0000	14750.000	169.50002	0.0	0.0	90.0	1.0000000
0	5150.0000	14450.000	169.50002	0.0	0.0	90.0	1.0000000
3	5150.0000	14950.000	169.49995	0.0	0.0	-180.0	1.0000000
48	5350.0000	15350.000	169.49998	0.0	0.0	-1020.0	1.4999995
47	5800.0000	15600.000	181.27673	5.0	0.0	-3360.0	1.0000000
17	5953.4868	15994.704	176.72476	-20.0	5.0	-1050.0	1.0000000
0	6250.0000	17450.000	169.50002	0.0	0.0	0.0	1.0000000
0	5850.0000	17450.000	169.50003	0.0	0.0	0.0	1.0000000
3	6050.0000	17450.000	169.50000	0.0	0.0	-90.0	1.0000000
3	5650.0000	17450.000	169.50003	0.0	0.0	-90.0	1.0000000
50	5750.0000	16150.000	169.49997	0.0	0.0	0.0	1.0000000
50	6050.0000	16150.000	169.50003	0.0	0.0	0.0	1.0000000
50	6350.0000	16150.000	169.49997	0.0	0.0	0.0	1.0000000
0	5650.0000	17250.000	169.49998	0.0	0.0	90.0	1.0000000
0	5650.0000	16850.000	169.50003	0.0	0.0	90.0	1.0000000
0	5650.0000	16450.000	169.49998	0.0	0.0	90.0	1.0000000
3	5650.0000	17050.000	169.50003	0.0	0.0	90.0	1.0000000
3	5650.0000	16650.000	169.49998	0.0	0.0	90.0	1.0000000
3	5650.0000	16250.000	169.50002	0.0	0.0	90.0	1.0000000
2	5800.0000	17300.000	169.50002	0.0	0.0	0.0	1.0000000
2	5800.0000	16300.000	169.50002	0.0	0.0	0.0	1.0000000
2	5800.0000	16800.000	169.49997	0.0	0.0	0.0	1.0000000
3	5650.0000	17550.000	169.50000	0.0	0.0	-180.0	1.0000000
3	5600.0000	16150.000	169.50000	0.0	0.0	-270.0	1.0000000
42	5144.6245	16549.162	198.44923	0.0	0.0	-360.0	1.0000000
36	5052.2583	17303.244	128.53333	70.0	0.0	-540.0	1.0000000
47	5300.0000	16400.000	181.85860	0.0	0.0	-990.0	1.0000000
12	6074.9375	16653.033	293.17810	-15.0	0.0	-90.0	1.0000000
12	6268.4502	17279.578	272.67191	-390.0	0.0	-210.0	1.0000000
4	6300.0000	17150.000	184.35515	-390.0	0.0	-210.0	1.0000000
4	6250.0000	17250.000	174.54982	-390.0	0.0	-210.0	1.0000000
52	5700.0000	16700.000	169.75934	0.0	0.0	0.0	1.0000000
57	5200.1025	17147.408	182.76302	-30.0	0.0	-900.0	1.0000000
48	5845.6250	18229.568	174.92310	0.0	0.0	180.0	2.1799989
48	5865.7534	18167.898	174.93185	0.0	0.0	90.0	1.7799993
48	6050.4702	17840.318	121.04123	5.0	0.0	240.0	1.5599995
48	5782.1108	18908.539	151.87816	5.0	0.0	240.0	1.0000000
48	5739.5444	19115.672	120.07840	5.0	0.0	240.0	1.0000000
48	5751.4897	18849.549	139.19321	5.0	0.0	240.0	1.7399993
48	6394.5806	18737.252	154.12984	5.0	0.0	240.0	2.0399990
48	5740.7505	18090.293	138.43169	5.0	0.0	570.0	1.0000000
49	5936.6724	17985.266	88.95737	5.0	0.0	930.0	5.1399961
46	6055.8184	18134.201	193.93875	0.0	0.0	480.0	1.0000000
46	6013.0493	18096.072	246.33890	0.0	0.0	420.0	1.0000000
46	6129.2871	18027.988	155.11211	0.0	0.0	420.0	1.0000000
45	6067.1177	17892.643	176.52211	0.0	0.0	450.0	1.0000000
45	5721.1211	18017.676	183.16231	0.0	0.0	360.0	1.0000000
47	5763.8501	18731.926	170.85872	365.0	0.0	2010.0	1.0000000
47	5739.0918	18988.129	179.59941	365.0	0.0	2010.0	1.0000000
47	6033.3604	18206.229	177.51421	365.0	0.0	2010.0	1.0000000
47	5895.3682	18134.441	191.13916	365.0	0.0	2010.0	1.0000000
47	5983.8032	18252.299	183.61852	365.0	0.0	2010.0	1.0000000
47	6093.7607	18136.260	166.12398	365.0	0.0	2010.0	1.0000000
47	5816.4580	17974.199	169.05565	365.0	0.0	2010.0	1.0000000
47	5772.9746	18155.510	194.57912	365.0	0.0	2010.0	1.0000000
47	6057.9873	17783.029	168.66762	365.0	0.0	2010.0	1.0000000
50	5650.0000	17750.000	168.53421	0.0	0.0	90.0	1.0000000
50	5646.9658	18052.033	167.20180	0.0	0.0	90.0	1.0000000
50	5650.0000	18350.000	170.35237	0.0	0.0	90.0	1.0000000
50	5650.0000	18650.000	170.40392	0.0	0.0	90.0	1.0000000
50	5646.8857	18954.670	164.26207	0.0	0.0	90.0	1.0000000
48	5966.5825	18235.090	71.29528	0.0	0.0	180.0	2.0999990
36	4927.3882	18163.193	120.65504	70.0	0.0	-450.0	1.0000000
36	4818.4634	18653.680	69.94754	50.0	0.0	-630.0	1.0000000
25	5050.0000	18550.000	172.48262	25.0	0.0	-1230.0	1.0000000
25	4946.7769	18620.953	223.60857	135.0	0.0	-1470.0	1.0000000
38	5271.2349	19163.402	70.54332	-15.0	0.0	-30.0	1.0000000
38	5477.3096	19136.010	35.54335	-35.0	0.0	30.0	1.0000000
45	5106.8081	18602.928	164.57381	-15.0	0.0	-1410.0	1.0000000
37	4800.0000	19200.000	169.50002	0.0	0.0	-990.0	1.0000000
38	4800.0000	19350.000	169.50005	0.0	0.0	-270.0	1.0000000
37	5200.0000	19200.000	169.50002	0.0	0.0	-990.0	1.0000000
48	6086.6113	20119.479	242.69749	0.0	0.0	30.0	1.8999991
48	5745.1992	19411.391	181.04366	0.0	0.0	180.0	1.8599992
48	5755.4736	19484.375	156.52266	5.0	0.0	630.0	1.8999991
48	5866.8579	19436.771	134.18463	5.0	0.0	630.0	1.6399994
48	6173.0522	20045.447	135.38654	5.0	0.0	630.0	1.6999993
48	6145.8164	20159.545	161.76938	5.0	0.0	780.0	1.4399996
45	6321.9844	19423.924	171.47824	65.0	0.0	810.0	1.0000000
45	5828.1602	19488.764	213.28947	65.0	0.0	930.0	1.0000000
47	5841.3267	19363.756	192.10492	365.0	0.0	2010.0	1.0000000
47	5853.4126	19528.559	192.62755	365.0	0.0	2010.0	1.0000000
47	6210.2485	20098.580	205.88542	365.0	0.0	2010.0	1.0000000
47	6283.2632	19336.207	163.15736	365.0	0.0	2010.0	1.0000000
47	6287.2876	19514.543	175.44647	365.0	0.0	2010.0	1.0000000
47	6241.6401	19445.764	169.03922	365.0	0.0	2010.0	1.0000000
50	5650.0000	20450.000	169.49998	0.0	0.0	90.0	1.0000000
50	5650.0000	20750.000	169.50000	0.0	0.0	90.0	1.0000000
50	5650.0000	19850.000	170.67563	0.0	0.0	90.0	1.0000000
50	5650.0000	19550.000	173.88568	0.0	0.0	90.0	1.0000000
50	5650.0000	20150.000	172.75937	0.0	0.0	90.0	1.0000000
50	5650.0000	19250.000	170.55138	0.0	0.0	90.0	1.0000000
41	6103.2480	20107.549	244.76744	0.0	0.0	1200.0	1.0000000
38	5500.0000	19450.000	169.50005	0.0	0.0	-360.0	1.0000000
38	5300.0000	19450.000	169.50005	0.0	0.0	-360.0	1.0000000
38	5200.0000	19350.000	169.49995	0.0	0.0	-270.0	1.0000000
38	4833.2856	19261.203	35.54333	-35.0	0.0	90.0	1.0000000
42	5250.0000	19750.000	169.50002	0.0	0.0	630.0	1.0000000
42	5150.0000	20750.000	167.65201	0.0	0.0	630.0	1.0000000
40	4850.0000	19350.000	169.50000	0.0	0.0	0.0	1.0000000
40	4950.0000	19350.000	169.49998	0.0	0.0	0.0	1.0000000
48	5962.8340	21042.768	201.86514	0.0	0.0	0.0	1.7799993
48	6100.0000	21500.000	210.92691	0.0	0.0	-120.0	2.1599989
48	5995.1938	21453.094	138.84314	5.0	0.0	240.0	1.0000000
48	5976.2397	20891.578	162.32854	5.0	0.0	240.0	1.2999997
47	6150.0000	21450.000	197.81981	0.0	0.0	-780.0	1.0000000
50	5650.0000	21050.000	169.50000	0.0	0.0	90.0	1.0000000
50	5650.0000	21350.000	169.50002	0.0	0.0	90.0	1.0000000
50	5650.0000	21650.000	169.49998	0.0	0.0	90.0	1.0000000
50	5650.0000	21950.000	169.50000	0.0	0.0	90.0	1.0000000
50	5650.0000	22250.000	169.49997	0.0	0.0	90.0	1.0000000
43	5738.6807	21883.578	191.41100	365.0	0.0	1530.0	1.0000000
43	5727.7910	22300.141	167.56944	365.0	0.0	1530.0	1.0000000
42	5150.0000	21550.000	160.74289	0.0	0.0	-360.0	1.0000000
0	5450.0000	23950.000	169.50003	0.0	0.0	0.0	1.0000000
0	5050.0000	23950.000	169.49998	0.0	0.0	0.0	1.0000000
3	5250.0000	23950.000	169.49997	0.0	0.0	0.0	1.0000000
3	4850.0000	23950.000	169.50000	0.0	0.0	0.0	1.0000000
48	6185.6045	23592.486	159.69180	0.0	0.0	540.0	1.8599992
48	6164.4272	23496.270	150.68208	5.0	0.0	240.0	1.0000000
48	6155.2485	23983.426	119.49994	5.0	0.0	270.0	1.5199995
48	5749.9497	23936.994	122.72218	5.0	0.0	570.0	1.5199995
49	5832.6533	22890.502	122.87898	5.0	0.0	930.0	4.4999967
47	6227.5244	23797.832	165.43730	365.0	0.0	2010.0	1.0000000
47	6173.0347	23506.766	197.47324	365.0	0.0	2010.0	1.0000000
47	5850.0000	23100.000	171.24471	0.0	0.0	-780.0	1.0000000
47	5950.0000	23650.000	169.50000	0.0	0.0	-780.0	1.0000000
50	5650.0000	22550.000	169.36528	0.0	0.0	90.0	1.0000000
50	5650.0000	22850.000	175.00569	0.0	0.0	90.0	1.0000000
50	5650.0000	23150.000	169.50003	0.0	0.0	90.0	1.0000000
50	5650.0000	23450.000	175.88354	0.0	0.0	90.0	1.0000000
50	5650.0000	23750.000	169.49997	0.0	0.0	90.0	1.0000000
41	6195.6357	23590.951	214.46544	0.0	0.0	1080.0	1.0000000
3	5050.0000	22550.000	169.41692	0.0	0.0	-180.0	1.0000000
41	5045.4458	23862.529	193.49725	-15.0	0.0	-360.0	1.0000000
3	5450.0000	22550.000	168.74692	0.0	0.0	-720.0	1.0000000
56	5054.4185	22594.715	489.50009	0.0	0.0	-720.0	1.0000000
56	5432.4277	22594.234	489.32709	0.0	0.0	-720.0	1.0000000
56	5234.3433	22598.314	508.83331	0.0	0.0	-720.0	1.0000000
57	4926.5283	22592.973	509.50003	0.0	0.0	-780.0	1.0000000
41	5051.3320	22495.365	193.13756	0.0	0.0	-360.0	1.0000000
48	6162.4956	24770.809	180.37758	0.0	0.0	390.0	1.0000000
48	5844.7881	25002.635	170.16403	0.0	0.0	390.0	1.9199991
48	5794.7593	24478.498	148.21689	0.0	0.0	390.0	2.3799987
48	6142.9600	24073.998	134.49997	0.0	0.0	570.0	1.9399991
48	6244.5420	24123.281	118.94518	5.0	0.0	270.0	1.0000000
48	5221.9390	24990.420	130.18930	5.0	0.0	250.0	1.5399995
48	5866.2329	24903.418	152.54889	5.0	0.0	270.0	1.0000000
48	5710.4141	24019.174	129.82283	5.0	0.0	300.0	2.1799989
48	5726.6802	24037.342	131.94839	5.0	0.0	450.0	1.5999994
48	5004.7139	24371.961	149.00180	5.0	0.0	930.0	1.9599991
48	5066.0894	24898.799	136.62180	5.0	0.0	930.0	2.1199989
49	5380.7051	24310.986	129.35504	5.0	0.0	930.0	4.2799969
49	5776.5498	24007.572	108.92686	5.0	0.0	930.0	3.5799975
44	6255.7798	24049.619	165.11214	365.0	0.0	2010.0	1.0000000
47	6300.0000	24200.000	162.69202	0.0	0.0	-780.0	1.0000000
47	5650.0000	24800.000	174.02734	0.0	0.0	-780.0	1.0000000
47	5500.0000	24300.000	169.77057	0.0	0.0	-780.0	1.0000000
50	5050.0000	25150.000	169.49998	0.0	0.0	0.0	1.0000000
50	5350.0000	25150.000	169.49998	0.0	0.0	0.0	1.0000000
50	5650.0000	25150.000	169.50003	0.0	0.0	0.0	1.0000000
50	5950.0000	25150.000	170.12933	0.0	0.0	0.0	1.0000000
50	6250.0000	25150.000	169.50000	0.0	0.0	0.0	1.0000000
11	5516.7656	24968.248	39.23346	-10.0	0.0	1860.0	1.0000000
0	7850.0000	50.000	169.50003	0.0	0.0	0.0	1.0000000
0	7550.0000	50.000	169.50005	0.0	0.0	0.0	1.0000000
0	7250.0000	50.000	169.50003	0.0	0.0	0.0	1.0000000
0	6950.0000	50.000	169.49998	0.0	0.0	0.0	1.0000000
0	6650.0000	50.000	169.50003	0.0	0.0	0.0	1.0000000
48	7833.9644	1172.935	212.92763	0.0	0.0	-310.0	1.0000000
48	6563.3384	1591.703	162.12982	5.0	0.0	-1200.0	2.0399990
49	7745.1562	238.746	200.78235	-5.0	0.0	-570.0	4.4599967
48	7250.1021	1155.709	85.21011	-10.0	0.0	-300.0	1.9999990
48	6932.8735	296.362	89.95502	-10.0	0.0	-150.0	2.8199983
48	7400.8911	462.923	168.01534	-10.0	0.0	390.0	2.0399990
48	7050.8579	267.487	192.03802	-10.0	0.0	390.0	1.9599991
48	6604.7612	750.000	183.94656	-10.0	0.0	390.0	1.5599995
47	7900.0000	1100.000	217.22162	-15.0	0.0	-150.0	1.0000000
47	7400.0000	1500.000	191.01852	-15.0	0.0	-180.0	1.0000000
47	6450.0000	1600.000	218.70674	-15.0	0.0	-180.0	1.0000000
48	7310.9097	1635.244	179.06491	0.0	0.0	-1380.0	2.1999989
48	7409.8423	1622.955	109.46716	0.0	0.0	-1410.0	1.9399991
50	6450.0000	2050.000	169.50002	0.0	0.0	0.0	1.0000000
50	7750.0000	1850.000	169.50000	0.0	0.0	0.0	1.0000000
50	7450.0000	1850.000	170.02188	0.0	0.0	0.0	1.0000000
50	7150.0000	1850.000	169.77759	0.0	0.0	0.0	1.0000000
50	6850.0000	1850.000	169.49998	0.0	0.0	0.0	1.0000000
50	6650.0000	1950.000	169.50000	0.0	0.0	-30.0	1.0000000
48	6541.4639	1915.747	169.18202	0.0	0.0	-900.0	1.5399995
48	7530.5938	1749.970	172.34270	0.0	0.0	-720.0	1.4999995
1	7451.4448	1721.926	279.25159	0.0	0.0	30.0	1.0000000
47	6690.6528	1638.714	208.63257	-15.0	0.0	-180.0	1.0000000
46	6734.7739	1663.341	205.45490	0.0	24.0	30.0	1.0000000
46	6590.1426	1742.744	209.85722	10.0	14.0	120.0	1.0000000
47	6659.7744	1725.484	223.56157	15.0	10.0	-160.0	1.0000000
48	6644.2173	1646.650	199.18137	0.0	0.0	-400.0	1.1199999
0	6650.0000	4750.000	169.50000	0.0	0.0	90.0	1.0000000
0	6850.0000	4550.000	169.50003	0.0	0.0	0.0	1.0000000
0	7150.0000	4550.000	169.49998	0.0	0.0	0.0	1.0000000
0	7450.0000	4550.000	169.50000	0.0	0.0	0.0	1.0000000
3	6650.0000	4550.000	169.50005	0.0	0.0	-180.0	1.0000000
0	7750.0000	4550.000	169.50003	0.0	0.0	0.0	1.0000000
0	7950.0000	4750.000	169.50003	0.0	0.0	90.0	1.0000000
3	7950.0000	4550.000	169.49997	0.0	0.0	180.0	1.0000000
0	6650.0000	5950.000	169.49997	0.0	0.0	90.0	1.0000000
0	6650.0000	5650.000	169.49997	0.0	0.0	90.0	1.0000000
0	6650.0000	5350.000	169.50003	0.0	0.0	90.0	1.0000000
0	6650.0000	5050.000	169.50000	0.0	0.0	90.0	1.0000000
0	7950.0000	5150.000	169.50003	0.0	0.0	90.0	1.0000000
3	7950.0000	4950.000	169.50002	0.0	0.0	180.0	1.0000000
3	7950.0000	5350.000	169.50002	0.0	0.0	180.0	1.0000000
0	7550.0000	6350.000	169.49998	0.0	0.0	90.0	1.0000000
0	7750.0000	6150.000	169.50003	0.0	0.0	0.0	1.0000000
3	7550.0000	6150.000	169.49997	0.0	0.0	0.0	1.0000000
42	7144.3203	5847.805	169.39819	0.0	0.0	0.0	1.0000000
42	7377.0073	5047.963	176.75473	0.0	0.0	0.0	1.0000000
0	6650.2642	6251.565	167.31738	0.0	0.0	90.0	1.0000000
0	6650.0000	7750.000	169.50003	0.0	0.0	90.0	1.0000000
0	6650.0000	7450.000	169.50003	0.0	0.0	90.0	1.0000000
0	6650.0000	7150.000	169.50003	0.0	0.0	90.0	1.0000000
0	6650.0000	6550.000	169.50002	0.0	0.0	90.0	1.0000000
0	7550.0000	7850.000	169.50002	0.0	0.0	90.0	1.0000000
0	7550.0000	7550.000	169.49997	0.0	0.0	90.0	1.0000000
0	7550.0000	7250.000	169.50002	0.0	0.0	90.0	1.0000000
0	7550.0000	6950.000	169.49997	0.0	0.0	90.0	1.0000000
0	7550.0000	6650.000	169.49998	0.0	0.0	90.0	1.0000000
42	7148.8071	7745.846	169.39816	0.0	0.0	0.0	1.0000000
42	7067.8384	6741.891	169.50005	0.0	0.0	0.0	1.0000000
51	6992.9829	7355.745	129.50002	-90.0	0.0	-90.0	1.0000000
51	6650.0000	7150.000	184.19200	0.0	0.0	90.0	1.0000000
0	6654.1899	6849.417	171.43140	0.0	0.0	90.0	1.0000000
3	7450.0000	9550.000	169.50003	0.0	0.0	1080.0	1.0000000
0	7250.0000	9550.000	169.50000	0.0	0.0	0.0	1.0000000
0	7050.0000	9350.000	169.49998	0.0	0.0	90.0	1.0000000
0	6650.0000	8950.000	169.50000	0.0	0.0	90.0	1.0000000
0	6650.0000	8650.000	169.49997	0.0	0.0	90.0	1.0000000
0	6650.0000	8050.000	169.50003	0.0	0.0	90.0	1.0000000
3	7050.0000	9150.000	169.50002	0.0	0.0	90.0	1.0000000
3	6650.0000	9150.000	169.50000	0.0	0.0	90.0	1.0000000
3	7050.0000	9550.000	169.50000	0.0	0.0	90.0	1.0000000
0	7750.0000	8350.000	169.50000	0.0	0.0	0.0	1.0000000
0	7550.0000	8150.000	169.50002	0.0	0.0	90.0	1.0000000
3	7550.0000	8350.000	169.50002	0.0	0.0	360.0	1.0000000
5	7450.0000	9550.000	169.49997	0.0	0.0	270.0	1.0000000
5	7050.0000	9550.000	169.50002	0.0	0.0	270.0	1.0000000
5	7050.0000	9150.000	169.50003	0.0	0.0	270.0	1.0000000
6	7050.0000	9350.000	169.50000	0.0	0.0	450.0	1.0000000
6	7250.0000	9550.000	169.50000	0.0	0.0	360.0	1.0000000
22	7670.4248	9321.345	44.49998	10.0	0.0	-360.0	1.4799995
23	7368.6724	9175.932	-15.50000	-110.0	0.0	-390.0	1.0000000
23	7801.5254	9537.704	14.49997	25.0	0.0	-420.0	1.0000000
42	7065.4614	8728.991	167.26035	0.0	0.0	0.0	1.0000000
47	7900.0000	8650.000	175.48431	0.0	0.0	390.0	1.0000000
47	6950.0000	8900.000	174.65172	0.0	0.0	390.0	1.0000000
47	7050.0000	8950.000	169.49998	0.0	0.0	480.0	1.0000000
0	6650.0000	8350.000	169.49995	0.0	0.0	90.0	1.0000000
0	6850.0000	9150.000	173.14227	0.0	0.0	0.0	1.0000000
0	7450.0000	10950.000	169.50000	0.0	0.0	90.0	1.0000000
0	7450.0000	10650.000	169.50000	0.0	0.0	90.0	1.0000000
0	7450.0000	10350.000	169.49997	0.0	0.0	90.0	1.0000000
0	7450.0000	10050.000	169.49997	0.0	0.0	90.0	1.0000000
0	7450.0000	9750.000	169.50003	0.0	0.0	90.0	1.0000000
4	7550.0000	11150.000	181.60051	0.0	0.0	120.0	1.0000000
0	7250.0000	10350.000	169.49997	0.0	0.0	1080.0	1.0000000
0	6950.0000	10350.000	169.49997	0.0	0.0	1080.0	1.0000000
0	6650.0000	10350.000	169.49998	0.0	0.0	1080.0	1.0000000
14	7750.0000	11150.000	167.99997	0.0	0.0	270.0	1.0000000
14	7750.0000	11050.000	167.85258	0.0	0.0	270.0	1.0000000
14	7750.0000	10950.000	170.62769	0.0	0.0	270.0	1.0000000
14	7750.0000	10650.000	172.36917	0.0	0.0	270.0	1.0000000
14	7750.0000	10550.000	169.63127	0.0	0.0	270.0	1.0000000
14	7750.0000	10750.000	172.26453	0.0	0.0	270.0	1.0000000
14	7750.0000	10350.000	169.49997	0.0	0.0	270.0	1.0000000
14	7750.0000	10250.000	169.49998	0.0	0.0	270.0	1.0000000
5	7750.0000	10850.000	171.74092	0.0	0.0	270.0	1.0000000
5	7750.0000	10450.000	169.50003	0.0	0.0	270.0	1.0000000
5	7750.0000	10150.000	169.50002	0.0	0.0	270.0	1.0000000
5	7413.5005	10774.427	219.17792	0.0	0.0	270.0	1.0000000
5	7850.0000	9850.000	169.50002	0.0	0.0	270.0	1.0000000
6	7450.0000	9750.000	169.49998	0.0	0.0	450.0	1.0000000
14	7650.0000	9950.000	169.50000	0.0	0.0	360.0	1.0000000
5	7550.0000	9950.000	169.50000	0.0	0.0	360.0	1.0000000
5	7750.0000	9850.000	169.50000	0.0	0.0	360.0	1.0000000
42	6650.8486	10860.090	169.39818	0.0	0.0	0.0	1.0000000
47	7100.0000	11150.000	169.50003	0.0	0.0	390.0	1.0000000
47	7000.0000	10800.000	171.52980	0.0	0.0	480.0	1.0000000
47	7100.0000	10500.000	182.29395	0.0	0.0	360.0	1.0000000
47	7100.0000	10750.000	183.84506	0.0	0.0	390.0	1.0000000
0	7550.0000	12250.000	169.50000	0.0	0.0	0.0	1.0000000
0	7250.0000	12250.000	169.50002	0.0	0.0	0.0	1.0000000
0	7850.0000	12250.000	169.50002	0.0	0.0	0.0	1.0000000
0	6950.0000	11450.000	169.49997	0.0	0.0	0.0	1.0000000
0	7250.0000	11450.000	169.50002	0.0	0.0	0.0	1.0000000
0	7450.0000	11250.000	169.50002	0.0	0.0	90.0	1.0000000
1	7977.6699	12167.139	279.50000	0.0	0.0	-30.0	1.0000000
1	7538.3027	11223.393	226.65804	10.0	0.0	-300.0	1.1199999
3	7421.0532	11418.197	113.21169	20.0	0.0	150.0	1.0000000
3	7740.0986	12119.490	99.50000	20.0	0.0	300.0	1.0000000
3	7242.9790	12171.554	44.50005	20.0	0.0	-30.0	1.0000000
3	7983.3506	11757.916	44.50000	20.0	0.0	150.0	1.0000000
3	6750.0000	11450.000	169.50000	0.0	0.0	-270.0	1.0000000
4	7550.0000	12050.000	169.50000	0.0	0.0	0.0	1.0000000
4	7500.0000	11550.000	169.49998	0.0	0.0	120.0	1.0000000
4	7350.0000	12100.000	169.50000	0.0	0.0	120.0	1.0000000
4	7900.0000	11850.000	169.50002	0.0	0.0	120.0	1.0000000
4	7800.0000	12050.000	169.50002	-5.0	0.0	210.0	1.6199994
0	7950.0000	12650.000	169.50003	0.0	0.0	-360.0	1.0000000
0	7650.0000	12650.000	169.49998	0.0	0.0	-360.0	1.0000000
0	7350.0000	12650.000	169.49998	0.0	0.0	-360.0	1.0000000
3	7150.0000	12650.000	169.50000	0.0	0.0	-360.0	1.0000000
3	7050.0000	12250.000	169.49998	0.0	0.0	0.0	1.0000000
5	7750.0000	11250.000	168.00002	0.0	0.0	90.0	1.0000000
14	7850.0000	11250.000	169.14046	0.0	0.0	270.0	1.0000000
14	7950.0000	11250.000	169.16347	0.0	0.0	270.0	1.0000000
42	6644.5093	12453.810	169.50002	0.0	0.0	0.0	1.0000000
42	7856.0454	11249.376	167.89819	0.0	0.0	0.0	1.0000000
46	7150.0000	11250.000	169.49997	0.0	0.0	390.0	1.0000000
47	7000.0000	11250.000	169.49998	0.0	0.0	540.0	1.0000000
47	6700.0000	11250.000	174.48666	0.0	0.0	450.0	1.0000000
47	6600.0000	11450.000	169.50000	0.0	0.0	360.0	1.0000000
3	6550.0000	13050.000	169.50002	0.0	0.0	0.0	1.0000000
0	6750.0000	13050.000	169.50000	0.0	0.0	-360.0	1.0000000
0	7150.0000	12850.000	169.49997	0.0	0.0	-270.0	1.0000000
3	7150.0000	13050.000	169.50003	0.0	0.0	0.0	1.0000000
0	7050.0000	13050.000	169.49997	0.0	0.0	0.0	1.0000000
48	6439.3062	15976.832	154.85396	0.0	0.0	-870.0	2.0999990
0	6550.0000	14950.000	169.50003	0.0	0.0	-720.0	1.0000000
0	6850.0000	14950.000	169.50000	0.0	0.0	-720.0	1.0000000
50	7650.0000	14550.000	169.49997	0.0	0.0	90.0	1.0000000
0	7450.0000	14650.000	169.49997	0.0	0.0	-720.0	1.0000000
50	7250.0000	14850.000	169.49997	0.0	0.0	90.0	1.0000000
0	7750.0000	14450.000	169.49997	0.0	0.0	0.0	1.0000000
0	7100.0000	14950.000	169.50002	0.0	0.0	-720.0	1.0000000
3	7250.0000	14650.000	169.50000	0.0	0.0	-720.0	1.0000000
3	7600.0000	14450.000	169.50003	0.0	0.0	-720.0	1.0000000
48	6900.0000	15250.000	169.49997	0.0	0.0	-1050.0	1.6399994
48	6550.0000	15350.000	169.50003	0.0	0.0	-870.0	1.0000000
48	7800.0000	14800.000	169.50002	-10.0	0.0	-720.0	1.7999992
48	7700.0000	14750.000	169.49998	0.0	0.0	-1080.0	2.1799989
48	6550.0000	15950.000	169.50000	0.0	0.0	-1020.0	1.0000000
49	7900.0000	14700.000	169.49998	5.0	0.0	-3360.0	1.0000000
47	6600.0000	15300.000	187.69958	5.0	0.0	-3360.0	1.0000000
47	6600.0000	15900.000	174.65379	5.0	0.0	-3360.0	1.0000000
47	6950.0000	15200.000	186.42931	5.0	0.0	-3360.0	1.0000000
47	7869.9624	15621.381	171.65881	-7.0	0.0	-3356.0	1.0000000
44	7050.0000	15750.000	169.50003	-95.0	0.0	-3150.0	1.0000000
48	7700.0000	15650.000	165.38130	0.0	0.0	-870.0	2.6399984
0	7850.0000	17450.000	169.49997	0.0	0.0	0.0	1.0000000
0	7450.0000	17450.000	169.49998	0.0	0.0	0.0	1.0000000
0	7050.0000	17450.000	169.49998	0.0	0.0	0.0	1.0000000
3	7650.0000	17450.000	169.49997	0.0	0.0	1350.0	1.0000000
3	7250.0000	17450.000	169.49997	0.0	0.0	1350.0	1.0000000
0	6650.0000	17450.000	169.50003	0.0	0.0	0.0	1.0000000
3	6850.0000	17450.000	169.49995	0.0	0.0	-90.0	1.0000000
3	6450.0000	17450.000	169.49998	0.0	0.0	-90.0	1.0000000
50	6650.0000	16150.000	169.49998	0.0	0.0	0.0	1.0000000
50	6950.0000	16150.000	169.49997	0.0	0.0	0.0	1.0000000
50	7250.0000	16150.000	169.50003	0.0	0.0	0.0	1.0000000
50	7550.0000	16150.000	169.50003	0.0	0.0	0.0	1.0000000
50	7850.0000	16150.000	169.50003	0.0	0.0	0.0	1.0000000
2	6500.0000	17300.000	169.50002	0.0	0.0	0.0	1.0000000
2	7300.0000	17300.000	169.49997	0.0	0.0	0.0	1.0000000
3	6748.4492	17216.635	24.02751	25.0	0.0	120.0	1.0000000
3	7150.6279	17355.072	9.49994	25.0	0.0	-30.0	1.0000000
3	7869.2773	17378.637	19.49326	25.0	0.0	-30.0	1.0000000
3	6542.2104	16547.916	13.48982	-15.0	0.0	-180.0	1.0000000
12	6664.7192	17330.646	306.56421	-15.0	0.0	-210.0	1.0000000
4	6900.0000	17250.000	169.50003	-390.0	0.0	-210.0	1.0000000
4	6650.0000	16400.000	182.35416	-390.0	0.0	-210.0	1.0000000
4	7150.0000	17150.000	169.50002	-390.0	0.0	-210.0	1.0000000
4	7100.0000	17150.000	169.50002	-390.0	0.0	-210.0	1.0000000
4	7450.0000	17250.000	201.98233	-390.0	0.0	-210.0	1.0000000
4	7450.0000	16700.000	192.22929	-390.0	0.0	-210.0	1.0000000
45	7854.4805	17227.432	181.69656	-360.0	0.0	960.0	1.0000000
48	7360.3916	18865.541	164.98196	0.0	0.0	410.0	1.0999999
48	6611.5571	18266.217	197.44868	0.0	0.0	390.0	2.1799989
48	6841.4131	19024.527	185.25658	0.0	0.0	540.0	2.0399990
48	6608.9194	17722.014	194.90131	0.0	0.0	360.0	1.9599991
48	7270.4121	18371.000	168.08389	5.0	0.0	240.0	2.0399990
46	7450.0000	18850.000	183.98814	0.0	0.0	360.0	1.0000000
45	6598.4326	18206.084	235.32216	0.0	0.0	330.0	1.0000000
47	6639.2124	18185.914	200.07109	365.0	0.0	2010.0	1.0000000
47	7397.7876	18848.764	187.72925	365.0	0.0	2010.0	1.0000000
47	7482.4478	19022.033	171.41951	365.0	0.0	2010.0	1.0000000
47	7311.0137	18879.285	193.91005	365.0	0.0	2010.0	1.0000000
47	7350.0000	18450.000	181.27196	0.0	0.0	-780.0	1.0000000
47	6950.0000	18950.000	210.91925	0.0	0.0	-780.0	1.0000000
47	7300.0000	19200.000	169.49998	0.0	0.0	-780.0	1.0000000
0	7350.0000	20650.000	169.50000	0.0	0.0	1530.0	1.0000000
3	7350.0000	20450.000	169.50003	0.0	0.0	1350.0	1.0000000
3	7350.0000	20350.000	169.50003	0.0	0.0	1350.0	1.0000000
48	7644.6460	19450.844	168.86398	0.0	0.0	390.0	2.1999989
48	6794.9111	19583.803	180.41931	0.0	0.0	430.0	1.1599998
48	6744.8125	20245.945	147.53758	0.0	0.0	540.0	1.2399998
48	7101.0000	19975.371	157.66322	0.0	0.0	360.0	2.4199986
46	7230.3232	19924.049	212.55649	0.0	0.0	420.0	1.0000000
47	6443.2402	19426.299	146.79114	365.0	0.0	2010.0	1.0000000
47	7586.5879	19349.766	191.14874	365.0	0.0	2010.0	1.0000000
47	7711.6636	19370.006	228.70555	0.0	0.0	-780.0	1.0000000
47	6850.0000	20000.000	172.76691	0.0	0.0	-780.0	1.0000000
47	6550.0000	20600.000	180.58681	0.0	0.0	-780.0	1.0000000
50	7750.0000	20400.000	169.94476	0.0	0.0	0.0	1.0000000
50	7452.0381	20364.707	168.90442	0.0	0.0	0.0	1.0000000
3	7450.0000	22150.000	169.50000	0.0	0.0	1350.0	1.0000000
3	7450.0000	21750.000	169.50003	0.0	0.0	1350.0	1.0000000
3	7450.0000	21350.000	169.49998	0.0	0.0	1350.0	1.0000000
0	7650.0000	21350.000	169.50000	0.0	0.0	1440.0	1.0000000
0	7450.0000	21550.000	169.49997	0.0	0.0	1530.0	1.0000000
0	7450.0000	21950.000	169.50003	0.0	0.0	1530.0	1.0000000
0	7450.0000	22350.000	169.50002	0.0	0.0	1530.0	1.0000000
0	7350.0000	21050.000	169.49997	0.0	0.0	1530.0	1.0000000
3	7350.0000	20850.000	169.50005	0.0	0.0	1260.0	1.0000000
3	7350.0000	21250.000	169.50003	0.0	0.0	1260.0	1.0000000
3	7350.0000	21350.000	169.50003	0.0	0.0	1260.0	1.0000000
3	7850.0000	21350.000	169.49998	0.0	0.0	1260.0	1.0000000
48	6619.2607	21462.898	141.82376	0.0	0.0	390.0	1.8599992
48	6598.8853	21410.109	124.44714	5.0	0.0	240.0	1.0000000
48	7158.5991	22047.615	120.69006	5.0	0.0	270.0	1.0000000
48	7150.0137	22145.986	120.75854	5.0	0.0	270.0	2.6799984
48	7233.6250	22067.770	119.49995	5.0	0.0	210.0	1.6399994
47	6750.0000	22300.000	178.87308	0.0	0.0	-780.0	1.0000000
7	7850.0000	22100.000	169.49998	0.0	0.0	0.0	1.0000000
57	7956.5557	22201.088	169.49998	-15.0	0.0	-30.0	1.0000000
57	7765.1069	21218.215	169.50000	-40.0	0.0	-150.0	1.0000000
57	7907.2036	21176.484	191.32869	-40.0	0.0	-90.0	1.0000000
0	7450.0000	23450.000	169.49997	0.0	0.0	90.0	1.0000000
3	7450.0000	22550.000	169.50002	0.0	0.0	1350.0	1.0000000
0	7650.0000	23650.000	169.49997	0.0	0.0	1440.0	1.0000000
0	7850.0000	23850.000	169.50002	0.0	0.0	1530.0	1.0000000
0	7450.0000	23050.000	169.50002	0.0	0.0	1530.0	1.0000000
0	7450.0000	22750.000	169.49997	0.0	0.0	1530.0	1.0000000
3	7450.0000	23250.000	169.49995	0.0	0.0	900.0	1.0000000
3	7450.0000	23650.000	169.49998	0.0	0.0	900.0	1.0000000
3	7850.0000	23650.000	169.50000	0.0	0.0	900.0	1.0000000
36	7850.0000	22550.000	169.50002	0.0	0.0	1170.0	1.0000000
48	7173.0405	23504.975	136.18246	0.0	0.0	570.0	2.1199989
48	6758.0020	23948.213	123.73209	5.0	0.0	270.0	1.0000000
48	6732.7070	23035.846	133.14392	5.0	0.0	210.0	1.6399994
48	6712.4663	23016.734	132.61780	5.0	0.0	300.0	1.6599994
48	6720.6519	23148.227	100.55527	5.0	0.0	780.0	2.6799984
48	7149.5596	22536.943	99.49992	5.0	0.0	930.0	2.4399986
44	6726.2632	23030.443	262.46112	65.0	0.0	870.0	1.0000000
44	6430.4883	23939.318	65.58156	380.0	0.0	1350.0	1.0000000
47	6582.5356	23053.854	165.11211	365.0	0.0	2010.0	1.0000000
47	6799.2759	23050.348	189.63152	365.0	0.0	2010.0	1.0000000
47	6900.0000	22900.000	185.65593	0.0	0.0	-780.0	1.0000000
47	6900.0000	23850.000	204.81674	0.0	0.0	-780.0	1.0000000
20	6900.2568	23043.463	163.14195	25.0	0.0	630.0	1.0000000
1	7615.4751	23508.285	203.46638	-5.0	0.0	0.0	1.0000000
1	7635.5894	23480.041	310.53833	-5.0	0.0	30.0	1.0000000
1	7560.4019	22560.254	281.35733	-5.0	0.0	30.0	1.0000000
47	7700.0000	23400.000	193.68774	0.0	0.0	270.0	1.0000000
0	7850.0000	24250.000	169.50003	0.0	0.0	1530.0	1.0000000
0	7850.0000	24850.000	169.50003	0.0	0.0	1530.0	1.0000000
0	7850.0000	24550.000	169.50000	0.0	0.0	1530.0	1.0000000
3	7850.0000	24050.000	169.49998	0.0	0.0	900.0	1.0000000
3	7850.0000	25050.000	169.50000	0.0	0.0	900.0	1.0000000
48	7346.8315	24824.111	166.14374	0.0	0.0	390.0	2.1999989
48	6884.2559	24769.348	144.87801	0.0	0.0	540.0	1.9199991
48	6902.1514	24711.895	152.51270	5.0	0.0	270.0	1.5799994
48	7331.4048	24696.232	142.71832	5.0	0.0	270.0	1.0000000
49	7568.7104	24386.848	126.19777	5.0	0.0	930.0	5.0199962
44	7310.4243	24797.709	163.08975	315.0	0.0	1260.0	1.0000000
44	6405.1772	24085.518	109.91328	315.0	0.0	1440.0	1.0000000
44	6501.7588	24163.238	92.36919	380.0	0.0	1530.0	1.0000000
43	6405.2563	24032.303	159.90244	270.0	0.0	1560.0	1.0000000
47	7400.0000	24700.000	176.56055	0.0	0.0	-780.0	1.0000000
47	7300.0000	24300.000	179.17567	0.0	0.0	-780.0	1.0000000
47	7650.0000	24250.000	177.05763	0.0	0.0	-780.0	1.0000000
50	6550.0000	25150.000	172.64986	0.0	0.0	0.0	1.0000000
50	6850.0000	25150.000	169.68199	0.0	0.0	0.0	1.0000000
50	7150.0000	25150.000	169.49998	0.0	0.0	0.0	1.0000000
50	7450.0000	25150.000	169.49997	0.0	0.0	0.0	1.0000000
50	7750.0000	25150.000	169.49997	0.0	0.0	0.0	1.0000000
45	7950.0000	24950.000	232.91148	0.0	0.0	360.0	1.0000000
58	7910.1519	24573.746	464.49997	0.0	0.0	60.0	1.0000000
56	7931.0298	24743.781	447.40097	0.0	0.0	-90.0	1.0000000
0	9350.0000	50.000	169.49998	0.0	0.0	0.0	1.0000000
0	9050.0000	50.000	169.50005	0.0	0.0	0.0	1.0000000
0	8750.0000	50.000	169.50003	0.0	0.0	0.0	1.0000000
0	8450.0000	50.000	169.49997	0.0	0.0	0.0	1.0000000
0	8150.0000	50.000	169.49997	0.0	0.0	0.0	1.0000000
48	8953.4297	738.144	185.64217	0.0	0.0	-330.0	1.0000000
48	9258.4170	460.085	182.25127	0.0	0.0	-320.0	1.3399997
48	9066.1680	396.704	233.12692	0.0	0.0	-330.0	2.0799990
48	8151.3096	1459.768	205.54689	0.0	0.0	-330.0	1.0000000
48	8311.4736	325.381	191.66194	0.0	0.0	-1070.0	2.3999987
48	8615.4707	351.848	160.34122	0.0	0.0	-900.0	2.0199990
48	9121.6748	314.930	179.03348	0.0	0.0	-990.0	1.4999995
48	9321.1621	1047.982	177.03310	-10.0	0.0	-150.0	2.1599989
41	8911.4023	1498.319	312.15302	-15.0	0.0	0.0	1.0000000
47	9450.0000	600.000	171.20796	-15.0	0.0	0.0	1.0000000
47	9500.0000	600.000	169.62080	-15.0	0.0	-120.0	1.0000000
47	9350.0000	1000.000	236.52873	-15.0	0.0	-180.0	1.0000000
47	8600.0000	450.000	174.79005	-15.0	0.0	-180.0	1.0000000
50	9550.0000	1850.000	169.50003	0.0	0.0	0.0	1.0000000
50	9250.0000	1850.000	169.50002	0.0	0.0	0.0	1.0000000
50	8950.0000	1850.000	169.49997	0.0	0.0	0.0	1.0000000
50	8650.0000	1850.000	169.50003	0.0	0.0	0.0	1.0000000
50	8350.0000	1850.000	169.81410	0.0	0.0	0.0	1.0000000
50	8050.0000	1850.000	169.49997	0.0	0.0	0.0	1.0000000
48	9162.7422	1760.825	169.18204	0.0	0.0	-720.0	2.4199986
1	9273.1904	1734.968	300.23328	0.0	0.0	30.0	0.6800003
48	8893.1572	1627.665	179.82175	0.0	0.0	-1000.0	2.7799983
48	8479.6055	1668.642	200.50990	0.0	9.0	-1360.0	1.9799991
0	9550.0000	4650.000	169.49997	0.0	0.0	90.0	1.0000000
3	9550.0000	4450.000	169.49998	0.0	0.0	180.0	1.0000000
0	8750.0000	5450.000	169.49998	0.0	0.0	0.0	1.0000000
0	9050.0000	5450.000	169.50000	0.0	0.0	0.0	1.0000000
0	9350.0000	5450.000	169.50003	0.0	0.0	0.0	1.0000000
0	9550.0000	5250.000	169.50002	0.0	0.0	90.0	1.0000000
0	9550.0000	4950.000	169.50003	0.0	0.0	90.0	1.0000000
3	9550.0000	5450.000	169.50002	0.0	0.0	180.0	1.0000000
0	8150.0000	5350.000	169.50000	0.0	0.0	0.0	1.0000000
0	8450.0000	5350.000	169.49997	0.0	0.0	0.0	1.0000000
3	8600.0000	5350.000	169.49998	0.0	0.0	180.0	1.0000000
0	8050.0000	6150.000	169.49997	0.0	0.0	0.0	1.0000000
0	8250.0000	6350.000	169.50003	0.0	0.0	90.0	1.0000000
3	8250.0000	6150.000	169.50000	0.0	0.0	0.0	1.0000000
14	8850.0000	6350.000	169.49998	0.0	0.0	360.0	1.0000000
5	8850.0000	6250.000	169.49997	0.0	0.0	0.0	1.0000000
42	8851.3662	6352.798	169.39816	0.0	0.0	0.0	1.0000000
51	8050.0000	6150.000	169.50002	0.0	0.0	0.0	1.0000000
0	8250.0000	6650.000	169.50003	0.0	0.0	90.0	1.0000000
0	8450.0000	6850.000	169.49998	0.0	0.0	0.0	1.0000000
0	8750.0000	6850.000	169.49997	0.0	0.0	0.0	1.0000000
0	9050.0000	6850.000	169.50000	0.0	0.0	0.0	1.0000000
0	9350.0000	6850.000	169.50000	0.0	0.0	0.0	1.0000000
3	8250.0000	6850.000	169.49997	0.0	0.0	0.0	1.0000000
3	9550.0000	6850.000	169.49997	0.0	0.0	0.0	1.0000000
14	8850.0000	6650.000	169.50002	0.0	0.0	360.0	1.0000000
14	8850.0000	6550.000	169.49998	0.0	0.0	360.0	1.0000000
14	8850.0000	6450.000	169.50002	0.0	0.0	360.0	1.0000000
14	9350.0000	6650.000	169.50002	0.0	0.0	360.0	1.0000000
14	9450.0000	6650.000	169.50000	0.0	0.0	360.0	1.0000000
5	9250.0000	6650.000	169.50000	0.0	0.0	0.0	1.0000000
6	9050.0000	6850.000	169.49997	0.0	0.0	0.0	1.0000000
5	8850.0000	6750.000	169.83488	0.0	0.0	0.0	1.0000000
5	9550.0000	6650.000	169.93306	0.0	0.0	0.0	1.0000000
23	9569.9609	6522.847	-65.50000	0.0	0.0	-690.0	1.6399994
52	8300.0000	6800.000	189.18053	0.0	0.0	0.0	1.0000000
0	9450.0000	8350.000	169.50003	0.0	0.0	-720.0	1.0000000
0	9150.0000	8350.000	169.49997	0.0	0.0	-720.0	1.0000000
0	8850.0000	8350.000	169.49998	0.0	0.0	-720.0	1.0000000
0	8550.0000	8350.000	169.50000	0.0	0.0	-720.0	1.0000000
0	8250.0000	8550.000	169.49997	0.0	0.0	90.0	1.0000000
0	8250.0000	8850.000	169.49997	0.0	0.0	90.0	1.0000000
0	8250.0000	9100.000	169.49997	0.0	0.0	90.0	1.0000000
3	8250.0000	8350.000	169.49997	0.0	0.0	90.0	1.0000000
3	8350.0000	8350.000	169.50005	0.0	0.0	90.0	1.0000000
0	8050.0000	8350.000	169.50002	0.0	0.0	0.0	1.0000000
5	9150.0000	9550.000	169.49997	0.0	0.0	270.0	1.0000000
5	8750.0000	9350.000	169.50000	0.0	0.0	270.0	1.0000000
5	8750.0000	8950.000	169.50003	0.0	0.0	270.0	1.0000000
5	8750.0000	8750.000	169.50003	0.0	0.0	270.0	1.0000000
14	8750.0000	9250.000	169.50003	0.0	0.0	360.0	1.0000000
14	8750.0000	9150.000	169.50003	0.0	0.0	360.0	1.0000000
14	8750.0000	9050.000	169.50003	0.0	0.0	360.0	1.0000000
14	8750.0000	9450.000	169.49998	0.0	0.0	360.0	1.0000000
14	8750.0000	9550.000	169.50002	0.0	0.0	360.0	1.0000000
14	8750.0000	8850.000	169.50000	0.0	0.0	360.0	1.0000000
14	9250.0000	9550.000	169.49998	0.0	0.0	360.0	1.0000000
14	9350.0000	9550.000	169.49998	0.0	0.0	360.0	1.0000000
14	9450.0000	9550.000	169.50000	0.0	0.0	360.0	1.0000000
22	9220.2559	9145.438	14.49995	25.0	0.0	-330.0	1.5799994
22	9324.6846	9010.810	14.50002	95.0	0.0	-720.0	1.9799991
22	9287.6045	9315.521	14.49995	0.0	0.0	-720.0	1.4599996
47	8350.0000	8550.000	191.07300	0.0	0.0	390.0	1.0000000
47	8350.0000	9100.000	179.97476	0.0	0.0	390.0	1.0000000
42	8548.5439	9555.157	169.39818	0.0	0.0	0.0	1.0000000
0	8250.0000	11150.000	169.49998	0.0	0.0	90.0	1.0000000
0	9450.0000	10750.000	169.50003	0.0	0.0	0.0	1.0000000
0	9250.0000	10950.000	169.50000	0.0	0.0	90.0	1.0000000
0	8450.0000	10950.000	169.49998	0.0	0.0	0.0	1.0000000
3	9250.0000	10750.000	169.50002	0.0	0.0	0.0	1.0000000
3	8250.0000	10950.000	169.50002	0.0	0.0	0.0	1.0000000
0	8250.0000	10750.000	169.49998	0.0	0.0	90.0	1.0000000
0	8250.0000	10450.000	169.50002	0.0	0.0	90.0	1.0000000
0	8250.0000	10150.000	169.49998	0.0	0.0	90.0	1.0000000
3	8250.0000	9950.000	169.49997	0.0	0.0	1080.0	1.0000000
0	8450.0000	9950.000	169.50003	0.0	0.0	0.0	1.0000000
3	9250.0000	9950.000	169.49997	0.0	0.0	1080.0	1.0000000
0	9250.0000	10150.000	169.50000	0.0	0.0	90.0	1.0000000
0	9250.0000	10550.000	169.50000	0.0	0.0	90.0	1.0000000
3	9250.0000	10350.000	169.49998	0.0	0.0	90.0	1.0000000
0	9050.0000	10950.000	169.49997	0.0	0.0	360.0	1.0000000
0	8750.0000	10950.000	169.50003	0.0	0.0	360.0	1.0000000
5	8750.0000	9750.000	169.49998	0.0	0.0	270.0	1.0000000
5	9050.0000	9750.000	169.50002	0.0	0.0	270.0	1.0000000
14	8750.0000	9650.000	169.50002	0.0	0.0	360.0	1.0000000
14	8850.0000	9750.000	169.50000	0.0	0.0	360.0	1.0000000
14	8950.0000	9750.000	169.49998	0.0	0.0	360.0	1.0000000
23	8011.8823	10734.330	234.50003	25.0	0.0	-360.0	1.0000000
23	8064.6753	10342.238	194.50003	25.0	0.0	-420.0	1.0000000
22	8058.4604	10522.618	194.49997	-15.0	0.0	-360.0	1.0000000
42	8740.5879	10459.579	169.39813	0.0	0.0	0.0	1.0000000
0	8250.0000	11450.000	169.50003	0.0	0.0	90.0	1.0000000
0	8250.0000	11750.000	169.50000	0.0	0.0	90.0	1.0000000
0	9250.0000	11250.000	169.50000	0.0	0.0	90.0	1.0000000
1	8037.9956	12126.878	169.49997	-15.0	0.0	-30.0	1.1799998
0	9450.0000	12650.000	169.49997	0.0	0.0	-360.0	1.0000000
0	9150.0000	12650.000	169.50002	0.0	0.0	-360.0	1.0000000
0	8850.0000	12650.000	169.50002	0.0	0.0	-360.0	1.0000000
0	8550.0000	12650.000	169.49998	0.0	0.0	-360.0	1.0000000
0	8250.0000	12650.000	169.50003	0.0	0.0	-360.0	1.0000000
0	9250.0000	11550.000	169.49997	0.0	0.0	90.0	1.0000000
3	9250.0000	11750.000	169.50002	0.0	0.0	90.0	1.0000000
3	8050.0000	12150.000	169.50002	40.0	0.0	270.0	1.0000000
3	8150.0000	12000.000	169.50000	20.0	0.0	90.0	1.0000000
3	8017.1543	12057.032	159.49998	20.0	0.0	120.0	1.0000000
5	9550.0000	12650.000	169.50000	0.0	0.0	90.0	1.0000000
5	9550.0000	12250.000	169.49998	0.0	0.0	0.0	1.0000000
5	9550.0000	11850.000	169.49998	0.0	0.0	0.0	1.0000000
14	9550.0000	11950.000	169.49998	0.0	0.0	0.0	1.0000000
14	9550.0000	12050.000	169.49997	0.0	0.0	0.0	1.0000000
14	9550.0000	12150.000	169.50002	0.0	0.0	0.0	1.0000000
14	9550.0000	12350.000	169.50000	0.0	0.0	0.0	1.0000000
14	9550.0000	12450.000	169.49998	0.0	0.0	0.0	1.0000000
14	9550.0000	12550.000	169.50000	0.0	0.0	0.0	1.0000000
14	8050.0000	11250.000	169.49997	0.0	0.0	270.0	1.0000000
42	8866.9082	12148.855	169.50002	0.0	0.0	0.0	1.0000000
0	8450.0000	14250.000	169.49997	0.0	0.0	-720.0	1.0000000
0	8850.0000	13950.000	169.49997	0.0	0.0	-720.0	1.0000000
0	9150.0000	13950.000	169.50002	0.0	0.0	-720.0	1.0000000
0	9450.0000	13950.000	169.49997	0.0	0.0	-720.0	1.0000000
50	8650.0000	14150.000	169.50003	0.0	0.0	90.0	1.0000000
50	8250.0000	14350.000	169.49997	0.0	0.0	90.0	1.0000000
3	8200.0000	14250.000	169.50002	0.0	0.0	-720.0	1.0000000
3	8650.0000	13950.000	169.50003	0.0	0.0	-720.0	1.0000000
49	9439.3193	14390.774	170.43895	5.0	0.0	-3360.0	2.6399984
47	8000.0000	14700.000	196.36098	5.0	0.0	-3360.0	1.0000000
48	9395.8857	14428.560	169.68512	0.0	0.0	-1440.0	2.1799989
50	8950.0000	15450.000	169.49997	0.0	0.0	0.0	1.0000000
50	9250.0000	15450.000	169.49998	0.0	0.0	0.0	1.0000000
50	9500.0000	15400.000	169.49997	0.0	0.0	-30.0	1.0000000
0	8850.0000	15550.000	169.49997	0.0	0.0	90.0	1.0000000
0	8850.0000	15850.000	169.50003	0.0	0.0	90.0	1.0000000
0	8050.0000	14450.000	169.50003	0.0	0.0	-720.0	1.0000000
48	8687.5566	14767.909	173.84654	0.0	0.0	-1050.0	1.7999992
48	8900.0000	15350.000	169.49997	0.0	0.0	-1080.0	2.2399988
47	8300.0000	15950.000	202.98038	5.0	0.0	-3360.0	1.0000000
47	8500.0000	15800.000	188.19775	5.0	0.0	-3360.0	1.0000000
47	8650.0000	14600.000	179.67847	5.0	0.0	-3360.0	1.0000000
8	9050.0000	15650.000	169.49998	-360.0	0.0	1260.0	1.3999996
11	9048.8330	15647.364	169.49995	-360.0	0.0	1110.0	0.6800003
47	8004.5264	15716.965	173.04576	5.0	0.0	-3360.0	1.0000000
2	8000.0000	17300.000	169.49998	0.0	0.0	0.0	1.0000000
50	8700.0000	16000.000	169.49998	0.0	0.0	0.0	1.0000000
3	8050.0000	17450.000	169.50000	0.0	0.0	1350.0	1.0000000
50	8150.0000	16150.000	169.49998	0.0	0.0	0.0	1.0000000
50	8450.0000	16100.000	169.50000	0.0	0.0	-30.0	1.0000000
0	8250.0000	17450.000	169.50002	0.0	0.0	0.0	1.0000000
0	8550.0000	17450.000	169.50003	0.0	0.0	0.0	1.0000000
0	8850.0000	17450.000	169.50000	0.0	0.0	0.0	1.0000000
0	9150.0000	17450.000	169.50003	0.0	0.0	0.0	1.0000000
0	9350.0000	17250.000	169.49998	0.0	0.0	90.0	1.0000000
0	9350.0000	16950.000	169.50000	0.0	0.0	90.0	1.0000000
0	9350.0000	16650.000	169.50005	0.0	0.0	90.0	1.0000000
0	8850.0000	16150.000	169.50000	0.0	0.0	90.0	1.0000000
3	9350.0000	16450.000	169.49998	0.0	0.0	-270.0	1.0000000
3	8850.0000	16350.000	169.50002	0.0	0.0	-180.0	1.0000000
48	8300.0000	16100.000	169.50003	0.0	0.0	-1080.0	2.4599986
40	9050.0000	16450.000	169.50003	0.0	0.0	0.0	1.0000000
40	9250.0000	16450.000	169.50000	0.0	0.0	0.0	1.0000000
40	9150.0000	16450.000	169.49998	0.0	0.0	0.0	1.0000000
3	9350.0000	17450.000	169.50002	-360.0	0.0	1260.0	1.0000000
0	8450.0000	16250.000	169.50003	-360.0	0.0	1170.0	1.0000000
41	9383.1152	16797.221	184.50002	-360.0	0.0	1170.0	1.0000000
3	8450.0000	16450.000	169.49998	-360.0	0.0	1260.0	1.0000000
44	8399.7246	18884.934	69.89873	-20.0	0.0	30.0	1.0000000
45	8474.8428	18828.916	114.06053	-20.0	0.0	90.0	1.0000000
0	9150.0000	18250.000	169.49998	0.0	0.0	0.0	1.0000000
0	9450.0000	18250.000	169.49997	0.0	0.0	0.0	1.0000000
0	8850.0000	18250.000	169.50002	0.0	0.0	0.0	1.0000000
0	8550.0000	18250.000	168.63489	0.0	0.0	0.0	1.0000000
0	8250.0000	18250.000	169.50000	0.0	0.0	0.0	1.0000000
3	8050.0000	18250.000	169.50002	0.0	0.0	-90.0	1.0000000
3	8050.0000	17850.000	169.50000	0.0	0.0	0.0	1.0000000
0	8050.0000	18050.000	169.50002	0.0	0.0	90.0	1.0000000
0	8050.0000	17650.000	169.49997	0.0	0.0	90.0	1.0000000
48	8922.0977	18539.715	124.79561	0.0	0.0	-330.0	1.9799991
48	9015.3467	18965.041	158.02869	0.0	0.0	390.0	1.9799991
48	8106.1772	18433.619	141.69603	0.0	0.0	390.0	2.4599986
47	8538.3740	18832.871	118.47594	0.0	0.0	-330.0	1.0000000
47	8489.5088	18873.162	118.35020	0.0	0.0	-330.0	1.0000000
46	9041.1318	18902.002	222.76987	0.0	0.0	-330.0	1.0000000
47	8607.1396	18804.326	193.71849	0.0	0.0	-660.0	1.0000000
11	8450.0000	18000.000	204.20441	-360.0	0.0	1140.0	1.0000000
11	8500.0000	17750.000	177.86603	-360.0	0.0	1230.0	1.0000000
11	8450.0000	17800.000	193.75914	-360.0	0.0	1140.0	1.8199992
11	9100.0000	17900.000	175.28392	-360.0	0.0	1140.0	1.0000000
44	8520.5576	17990.666	194.62468	-360.0	0.0	990.0	1.0000000
45	8439.1230	17830.715	184.24197	-360.0	0.0	1170.0	1.0000000
45	8531.4668	17684.893	159.59169	-360.0	0.0	960.0	1.0000000
52	9270.0791	18189.703	124.52777	360.0	0.0	-1080.0	1.0000000
44	8876.6406	19322.541	86.54245	-20.0	0.0	150.0	1.0000000
48	9371.5713	19526.449	189.36737	0.0	0.0	-270.0	1.6199994
48	9407.8799	19590.602	168.57143	0.0	0.0	-30.0	1.2599998
49	8209.5293	20022.768	154.03056	0.0	0.0	-330.0	3.3799977
47	8265.3223	19939.770	191.99980	365.0	0.0	2010.0	1.0000000
47	8125.5093	19951.049	176.14847	365.0	0.0	2010.0	1.0000000
47	8334.5625	20037.914	194.28334	365.0	0.0	2010.0	1.0000000
47	8858.5684	19253.041	169.46249	365.0	0.0	2010.0	1.0000000
47	8953.6445	19298.486	165.11215	365.0	0.0	2010.0	1.0000000
48	8508.2393	20087.904	168.37279	0.0	0.0	-330.0	1.9599991
46	9429.0771	19505.461	219.42943	0.0	0.0	-660.0	1.0000000
47	9467.8818	19614.486	210.64871	0.0	0.0	-660.0	1.0000000
47	9349.8730	19439.367	199.83092	0.0	0.0	-660.0	1.0000000
47	9534.0020	19844.889	181.05257	0.0	0.0	-660.0	1.0000000
47	8014.0039	19537.053	204.01534	0.0	0.0	-780.0	1.0000000
50	9550.0000	20400.000	169.50003	0.0	0.0	0.0	1.0000000
50	9250.0000	20400.000	169.50002	0.0	0.0	0.0	1.0000000
50	8950.0000	20400.000	169.50003	0.0	0.0	0.0	1.0000000
50	8650.0000	20400.000	169.50000	0.0	0.0	0.0	1.0000000
50	8350.0000	20400.000	169.49998	0.0	0.0	0.0	1.0000000
50	8050.0000	20400.000	169.50002	0.0	0.0	0.0	1.0000000
3	9350.0000	21750.000	169.49995	0.0	0.0	1170.0	1.0000000
0	8050.0000	21350.000	169.50000	0.0	0.0	1440.0	1.0000000
3	8250.0000	21350.000	169.50000	0.0	0.0	1260.0	1.0000000
0	8850.0000	21350.000	169.50000	0.0	0.0	720.0	1.0000000
0	9150.0000	21350.000	169.50000	0.0	0.0	720.0	1.0000000
3	9350.0000	21350.000	169.49997	0.0	0.0	810.0	1.0000000
0	9350.0000	21550.000	169.49997	0.0	0.0	810.0	1.0000000
30	9350.0000	21250.000	169.50002	0.0	0.0	1170.0	1.0000000
30	9450.0000	21750.000	169.50000	0.0	0.0	1170.0	1.0000000
30	9450.0000	21350.000	169.50000	0.0	0.0	1170.0	1.0000000
30	8750.0000	21250.000	169.50002	0.0	0.0	1170.0	1.0000000
30	9050.0000	21250.000	169.50003	0.0	0.0	1170.0	1.0000000
36	9350.0000	21800.000	169.50005	0.0	0.0	1170.0	1.0000000
7	8100.0000	22050.000	169.50000	0.0	0.0	-90.0	1.0000000
41	9408.5156	21348.801	247.51965	0.0	0.0	450.0	1.0000000
47	8000.0000	23600.000	191.36403	0.0	0.0	270.0	1.0000000
0	9550.0000	22950.000	169.50002	0.0	0.0	720.0	1.0000000
0	9150.0000	22550.000	169.49998	0.0	0.0	720.0	1.0000000
0	8850.0000	22550.000	169.50003	0.0	0.0	720.0	1.0000000
3	9350.0000	22550.000	169.49997	0.0	0.0	810.0	1.0000000
3	8650.0000	22550.000	169.49998	0.0	0.0	1350.0	1.0000000
3	9350.0000	22950.000	169.50000	0.0	0.0	1170.0	1.0000000
36	9350.0000	22500.000	169.50000	0.0	0.0	1170.0	1.0000000
36	8250.0000	22550.000	169.50003	0.0	0.0	1170.0	1.0000000
12	9555.6201	23952.898	359.50003	0.0	0.0	90.0	1.0000000
12	9555.4707	23450.193	359.49994	0.0	0.0	90.0	1.0000000
12	9149.4424	23950.875	359.50000	0.0	0.0	90.0	1.0000000
12	8746.7842	23947.584	359.50000	0.0	0.0	90.0	1.0000000
12	8761.8252	23442.938	359.50000	0.0	0.0	90.0	1.0000000
12	9151.6924	23449.861	359.50000	0.0	0.0	90.0	1.0000000
36	8750.0000	23450.000	169.50002	0.0	0.0	1170.0	1.0000000
36	9150.0000	23450.000	169.49995	0.0	0.0	1170.0	1.0000000
36	9150.0000	23950.000	169.50000	0.0	0.0	1170.0	1.0000000
36	8750.0000	23950.000	169.50000	0.0	0.0	1170.0	1.0000000
36	9550.0000	23950.000	169.50000	0.0	0.0	1170.0	1.0000000
36	9550.0000	23450.000	169.49995	0.0	0.0	1170.0	1.0000000
25	9127.1562	23861.297	169.49995	-40.0	0.0	0.0	1.0000000
33	8749.5469	23246.139	172.88170	-75.0	0.0	-30.0	1.0000000
17	8842.9414	23995.012	160.11934	-5.0	0.0	60.0	1.0000000
17	9254.6982	23960.008	174.73438	-5.0	0.0	40.0	1.0000000
1	9201.2334	23888.512	169.15973	-5.0	0.0	30.0	0.6600003
1	8832.0254	23392.287	173.05881	-5.0	0.0	30.0	1.0000000
1	9233.8916	23412.295	172.78580	-5.0	0.0	30.0	1.0000000
47	8650.0000	23750.000	169.49997	0.0	0.0	0.0	1.0000000
47	8950.0000	23900.000	169.49997	0.0	0.0	0.0	1.0000000
47	8900.0000	23350.000	170.50497	0.0	0.0	270.0	1.0000000
41	8253.6650	22522.922	257.62463	0.0	0.0	360.0	1.0000000
56	9342.0117	22642.291	484.49994	0.0	0.0	0.0	1.0000000
56	9342.5039	22837.990	484.73126	0.0	0.0	0.0	1.0000000
57	9391.8809	22823.998	507.60709	0.0	0.0	-30.0	0.5400004
58	9552.2979	22875.953	223.97952	-75.0	0.0	-180.0	1.0000000
57	9399.0312	22480.594	204.79007	-75.0	0.0	-150.0	1.0000000
0	8050.0000	25150.000	169.49995	0.0	0.0	0.0	1.0000000
0	8350.0000	25150.000	169.49998	0.0	0.0	0.0	1.0000000
0	8650.0000	25150.000	169.50003	0.0	0.0	0.0	1.0000000
0	8950.0000	25150.000	169.50003	0.0	0.0	0.0	1.0000000
0	9250.0000	25150.000	169.50000	0.0	0.0	0.0	1.0000000
12	9156.2461	24453.953	359.50003	0.0	0.0	90.0	1.0000000
12	9553.1572	24459.594	359.50003	0.0	0.0	90.0	1.0000000
12	8751.3604	24444.205	359.50000	0.0	0.0	90.0	1.0000000
36	8750.0000	24450.000	169.50000	0.0	0.0	1170.0	1.0000000
36	9150.0000	24450.000	169.50003	0.0	0.0	1170.0	1.0000000
36	9550.0000	24450.000	169.50003	0.0	0.0	1170.0	1.0000000
33	9223.7461	24331.555	163.46078	-60.0	0.0	-300.0	1.0000000
17	8101.4248	24995.742	204.95427	-5.0	0.0	60.0	1.0000000
17	8040.5474	24853.902	197.92732	-5.0	0.0	60.0	1.0000000
17	8855.3955	24496.359	176.49672	-5.0	0.0	60.0	1.0000000
17	9336.2139	24417.461	192.74979	-20.0	-10.0	32.0	1.0000000
1	8005.9917	24977.924	232.24245	-5.0	0.0	60.0	1.0000000
1	8990.3984	25021.660	195.53474	-5.0	0.0	30.0	1.0000000
1	9140.0996	25023.213	168.78247	-5.0	0.0	0.0	1.0000000
47	9250.0000	24250.000	174.02158	0.0	0.0	90.0	1.0000000
47	9000.0000	24900.000	195.21082	0.0	0.0	150.0	1.0000000
47	8150.0000	24950.000	196.10510	0.0	0.0	270.0	1.0000000
46	8150.0000	24950.000	197.41022	0.0	0.0	360.0	1.0000000
47	8250.0000	24900.000	203.10684	0.0	0.0	360.0	1.0000000
58	8285.5234	25051.137	462.66058	0.0	0.0	-30.0	1.0000000
56	8135.0386	25063.031	449.50385	0.0	0.0	-60.0	1.0000000
57	8274.1768	25016.357	239.42914	-40.0	0.0	-150.0	1.0000000
57	8118.8979	24809.514	187.52315	0.0	0.0	-30.0	1.0000000
56	8074.3682	24672.164	428.98441	0.0	0.0	30.0	1.0000000
56	8380.4111	25012.652	438.60590	0.0	0.0	0.0	1.0000000
58	8358.7422	24683.992	177.94656	25.0	0.0	60.0	1.0000000
58	8339.4980	24556.885	167.40701	60.0	0.0	0.0	1.0000000
0	9550.0000	25150.000	169.49998	0.0	0.0	0.0	1.0000000
0	11150.0000	50.000	169.50005	0.0	0.0	0.0	1.0000000
0	10850.0000	50.000	169.50002	0.0	0.0	0.0	1.0000000
0	10550.0000	50.000	169.49995	0.0	0.0	0.0	1.0000000
0	10250.0000	50.000	169.49998	0.0	0.0	0.0	1.0000000
0	9950.0000	50.000	169.49997	0.0	0.0	0.0	1.0000000
0	9650.0000	50.000	169.50002	0.0	0.0	0.0	1.0000000
48	10902.1104	1158.995	230.20949	0.0	0.0	-330.0	2.1599989
49	10197.1904	1209.169	203.21973	-25.0	0.0	-590.0	3.4999976
48	10977.2207	296.450	184.74239	-10.0	0.0	-210.0	2.5599985
48	10604.4434	755.832	208.22749	-10.0	0.0	390.0	1.3199997
48	10222.7490	550.809	217.77655	-10.0	0.0	390.0	1.9999990
47	10450.0000	350.000	174.50000	-15.0	0.0	-120.0	1.0000000
47	10700.0000	400.000	170.06244	-15.0	0.0	0.0	1.0000000
47	10600.0000	200.000	169.49998	-15.0	0.0	0.0	1.0000000
47	10100.0000	1050.000	201.29437	-15.0	0.0	0.0	1.0000000
47	10000.0000	1550.000	181.76758	-15.0	0.0	0.0	1.0000000
50	11050.0000	1850.000	169.49997	0.0	0.0	0.0	1.0000000
50	10750.0000	1850.000	169.49997	0.0	0.0	0.0	1.0000000
50	10450.0000	1850.000	169.50003	0.0	0.0	0.0	1.0000000
50	10150.0000	1850.000	169.50003	0.0	0.0	0.0	1.0000000
50	9850.0000	1850.000	170.42880	0.0	0.0	0.0	1.0000000
48	10305.7021	1763.584	169.18205	0.0	0.0	-900.0	1.7799993
0	10750.0000	2150.000	169.50000	0.0	0.0	-270.0	1.0000000
3	10750.0000	1950.000	169.50000	0.0	0.0	-270.0	1.0000000
0	10750.0000	2450.000	169.50000	0.0	0.0	-270.0	1.0000000
0	10950.0000	2650.000	169.49997	0.0	0.0	-360.0	1.0000000
0	11150.0000	2850.000	169.49997	0.0	0.0	-270.0	1.0000000
0	11150.0000	3150.000	169.50002	0.0	0.0	-270.0	1.0000000
3	10750.0000	2650.000	169.50002	0.0	0.0	-270.0	1.0000000
3	11150.0000	2650.000	169.49998	0.0	0.0	-270.0	1.0000000
1	10842.8359	2559.141	294.50003	0.0	0.0	30.0	1.0000000
4	10918.2148	2438.380	169.50003	0.0	0.0	0.0	1.0000000
4	10916.2305	2223.489	164.49997	0.0	0.0	-90.0	1.0000000
4	10865.2637	2561.855	164.50003	0.0	0.0	-210.0	1.0000000
4	10864.6592	2357.504	164.49998	0.0	0.0	-270.0	1.0000000
4	11158.0264	2075.390	164.50003	0.0	0.0	-270.0	1.0000000
10	11150.0000	2400.000	169.50000	0.0	0.0	-990.0	1.0000000
11	11000.0000	2400.000	169.50003	0.0	0.0	-990.0	1.0000000
11	10950.0000	2450.000	169.49998	0.0	0.0	-1170.0	1.0000000
4	11150.0000	2150.000	169.49997	45.0	0.0	-1470.0	1.0000000
48	9785.8760	1678.557	165.39459	0.0	0.0	-1050.0	2.2199988
0	11150.0000	3450.000	169.49997	0.0	0.0	-270.0	1.0000000
0	11150.0000	3750.000	169.50003	0.0	0.0	-270.0	1.0000000
0	11150.0000	4050.000	169.49998	0.0	0.0	-270.0	1.0000000
0	11150.0000	4350.000	169.50003	0.0	0.0	-270.0	1.0000000
0	11150.0000	4750.000	169.50002	0.0	0.0	90.0	1.0000000
0	10450.0000	4650.000	169.49998	0.0	0.0	90.0	1.0000000
0	9750.0000	4450.000	169.50000	0.0	0.0	0.0	1.0000000
0	10250.0000	4450.000	169.49997	0.0	0.0	0.0	1.0000000
3	10450.0000	4450.000	169.50000	0.0	0.0	180.0	1.0000000
3	9950.0000	4450.000	169.50000	0.0	0.0	180.0	1.0000000
3	10050.0000	4450.000	169.50002	0.0	0.0	180.0	1.0000000
3	11150.0000	4550.000	169.49998	0.0	0.0	0.0	1.0000000
0	11150.0000	5050.000	169.49997	0.0	0.0	90.0	1.0000000
3	11150.0000	5250.000	169.50002	0.0	0.0	180.0	1.0000000
0	10450.0000	5250.000	169.50000	0.0	0.0	90.0	1.0000000
0	10450.0000	4950.000	169.50002	0.0	0.0	90.0	1.0000000
3	10450.0000	5450.000	169.50002	0.0	0.0	0.0	1.0000000
0	10450.0000	5650.000	169.49997	0.0	0.0	90.0	1.0000000
0	10450.0000	5950.000	169.49998	0.0	0.0	90.0	1.0000000
0	10650.0000	6150.000	169.49998	0.0	0.0	0.0	1.0000000
0	10950.0000	6150.000	169.50002	0.0	0.0	0.0	1.0000000
3	10450.0000	6150.000	169.49998	0.0	0.0	90.0	1.0000000
42	9953.8447	5752.043	172.67535	0.0	0.0	0.0	1.0000000
0	10850.0000	7950.000	169.49997	0.0	0.0	90.0	1.0000000
0	9750.0000	6850.000	169.50003	0.0	0.0	0.0	1.0000000
0	10050.0000	6850.000	169.50003	0.0	0.0	0.0	1.0000000
0	10350.0000	6850.000	169.50003	0.0	0.0	0.0	1.0000000
0	10850.0000	7050.000	169.49998	0.0	0.0	90.0	1.0000000
3	10850.0000	6850.000	169.50005	0.0	0.0	90.0	1.0000000
0	10850.0000	7350.000	169.50003	0.0	0.0	90.0	1.0000000
0	10850.0000	7650.000	169.50002	0.0	0.0	90.0	1.0000000
14	9750.0000	6650.000	169.49998	0.0	0.0	360.0	1.0000000
14	9650.0000	6650.000	169.50000	0.0	0.0	360.0	1.0000000
5	9850.0000	6650.000	169.49997	0.0	0.0	0.0	1.0000000
22	9769.9824	6415.774	14.49997	0.0	0.0	-690.0	1.0000000
0	10650.0000	6850.000	169.50002	0.0	0.0	0.0	1.0000000
0	10850.0000	9450.000	169.49997	0.0	0.0	90.0	1.0000000
0	10850.0000	9150.000	169.50002	0.0	0.0	90.0	1.0000000
0	10850.0000	8850.000	169.50003	0.0	0.0	90.0	1.0000000
0	10850.0000	8550.000	169.49998	0.0	0.0	90.0	1.0000000
0	10850.0000	8250.000	169.50002	0.0	0.0	90.0	1.0000000
0	9950.0000	9450.000	169.49997	0.0	0.0	-630.0	1.0000000
0	9950.0000	9150.000	169.50000	0.0	0.0	-630.0	1.0000000
0	9950.0000	8850.000	169.50003	0.0	0.0	-630.0	1.0000000
0	9950.0000	8550.000	169.50000	0.0	0.0	-630.0	1.0000000
0	9750.0000	8350.000	169.49998	0.0	0.0	-720.0	1.0000000
3	9950.0000	8350.000	169.49998	0.0	0.0	90.0	1.0000000
0	9750.0000	10750.000	169.50003	0.0	0.0	0.0	1.0000000
3	9950.0000	10750.000	169.50002	0.0	0.0	0.0	1.0000000
0	11050.0000	9950.000	169.50002	0.0	0.0	0.0	1.0000000
0	10650.0000	9950.000	169.50002	0.0	0.0	0.0	1.0000000
3	10450.0000	9950.000	169.49995	0.0	0.0	0.0	1.0000000
0	10250.0000	9950.000	169.50003	0.0	0.0	0.0	1.0000000
0	10850.0000	9750.000	169.50000	0.0	0.0	90.0	1.0000000
0	10450.0000	11050.000	169.50002	0.0	0.0	90.0	1.0000000
3	10450.0000	10850.000	169.50002	0.0	0.0	90.0	1.0000000
3	10850.0000	9950.000	169.49997	0.0	0.0	90.0	1.0000000
0	9950.0000	10150.000	169.49998	0.0	0.0	90.0	1.0000000
0	9950.0000	10550.000	169.50003	0.0	0.0	90.0	1.0000000
3	9950.0000	10350.000	169.50002	0.0	0.0	90.0	1.0000000
3	9950.0000	9950.000	169.50002	0.0	0.0	90.0	1.0000000
3	10050.0000	9950.000	169.49995	0.0	0.0	90.0	1.0000000
0	9950.0000	9750.000	169.49997	0.0	0.0	-630.0	1.0000000
5	10450.0000	10850.000	169.49997	0.0	0.0	90.0	1.0000000
5	10450.0000	10450.000	169.50003	0.0	0.0	90.0	1.0000000
14	10450.0000	10550.000	169.50002	0.0	0.0	0.0	1.0000000
14	10450.0000	10650.000	169.50003	0.0	0.0	0.0	1.0000000
14	10450.0000	10750.000	169.50000	0.0	0.0	0.0	1.0000000
6	10450.0000	11050.000	169.50003	0.0	0.0	90.0	1.0000000
24	10556.7871	10686.910	-130.49997	5.0	0.0	390.0	1.7599993
47	11018.9824	9774.195	182.41180	0.0	0.0	-30.0	1.0000000
47	11075.6084	9818.635	174.58418	0.0	0.0	-30.0	1.0000000
47	11007.2988	9644.719	198.62459	0.0	0.0	-30.0	1.0000000
46	10980.1260	9836.139	176.28159	0.0	0.0	-30.0	1.0000000
46	10962.5518	9831.012	200.04047	0.0	0.0	60.0	1.0000000
46	11056.5195	9808.239	179.58705	0.0	0.0	30.0	1.0000000
47	10218.4004	10192.062	207.31589	0.0	12.0	360.0	1.0000000
47	10068.1025	10273.821	180.62849	0.0	0.0	480.0	1.0000000
46	10134.3086	10197.158	211.37682	0.0	0.0	480.0	1.0000000
0	10950.0000	12650.000	169.50000	0.0	0.0	-360.0	1.0000000
0	10650.0000	12650.000	169.50000	0.0	0.0	-360.0	1.0000000
0	10350.0000	12650.000	169.50000	0.0	0.0	-360.0	1.0000000
0	10050.0000	12650.000	169.50000	0.0	0.0	-360.0	1.0000000
0	9750.0000	12650.000	169.49998	0.0	0.0	-360.0	1.0000000
3	10450.0000	11250.000	169.50000	0.0	0.0	90.0	1.0000000
0	10450.0000	12450.000	169.49997	0.0	0.0	90.0	1.0000000
0	10450.0000	12150.000	169.50000	0.0	0.0	90.0	1.0000000
0	10450.0000	11850.000	169.49998	0.0	0.0	90.0	1.0000000
3	10450.0000	11650.000	169.50002	0.0	0.0	90.0	1.0000000
5	10750.0000	12350.000	169.50002	0.0	0.0	90.0	1.0000000
5	10450.0000	11250.000	169.50000	0.0	0.0	90.0	1.0000000
5	10750.0000	11350.000	169.50000	0.0	0.0	90.0	1.0000000
5	10750.0000	11850.000	169.50000	0.0	0.0	0.0	1.0000000
5	11050.0000	12350.000	169.49998	0.0	0.0	0.0	1.0000000
14	10950.0000	12350.000	169.50000	0.0	0.0	0.0	1.0000000
14	11150.0000	12350.000	169.50000	0.0	0.0	0.0	1.0000000
14	10750.0000	12250.000	169.50000	0.0	0.0	0.0	1.0000000
14	10750.0000	12150.000	169.50003	0.0	0.0	0.0	1.0000000
14	10750.0000	12050.000	169.49998	0.0	0.0	0.0	1.0000000
14	10750.0000	11950.000	169.49997	0.0	0.0	0.0	1.0000000
14	10849.9902	12251.520	169.50000	0.0	0.0	0.0	1.0000000
14	10650.0000	11350.000	169.50002	0.0	0.0	0.0	1.0000000
14	10550.0000	11350.000	169.49997	0.0	0.0	0.0	1.0000000
6	10050.0000	12650.000	169.50000	0.0	0.0	0.0	1.0000000
6	9750.0000	12650.000	169.50002	0.0	0.0	0.0	1.0000000
24	11041.6396	12058.358	-40.49997	5.0	0.0	600.0	2.1599989
24	10559.6924	11307.877	-90.49995	5.0	0.0	120.0	1.6399994
24	9734.9609	12011.414	-105.49997	5.0	0.0	120.0	2.2999988
24	9993.1797	12146.044	-115.49995	5.0	0.0	0.0	1.5799994
24	9810.8271	12244.862	-90.50003	5.0	0.0	120.0	2.7399983
42	10847.7686	12249.101	169.49998	0.0	0.0	0.0	1.0000000
42	9767.4385	11277.953	169.50008	0.0	0.0	0.0	1.0000000
47	10550.0000	12550.000	180.67784	0.0	0.0	510.0	1.0000000
47	10550.0000	12300.000	169.76387	0.0	0.0	330.0	1.0000000
47	10600.0000	12400.000	174.85172	0.0	0.0	390.0	1.0000000
47	10550.0000	11650.000	179.97499	0.0	0.0	450.0	1.0000000
47	9900.0000	11350.000	196.86401	0.0	0.0	450.0	1.0000000
47	9900.0000	11450.000	195.06339	0.0	0.0	270.0	1.0000000
47	9900.0000	11250.000	179.91142	0.0	0.0	360.0	1.0000000
0	9750.0000	13950.000	169.50002	0.0	0.0	-720.0	1.0000000
0	10050.0000	13950.000	169.50002	0.0	0.0	-720.0	1.0000000
0	10350.0000	13950.000	169.49998	0.0	0.0	-720.0	1.0000000
0	10650.0000	13950.000	169.50005	0.0	0.0	-720.0	1.0000000
0	10950.0000	13950.000	169.50003	0.0	0.0	-720.0	1.0000000
48	11104.7305	14377.815	203.17407	0.0	0.0	-1050.0	1.9999990
50	10950.0000	15350.000	169.50003	0.0	0.0	0.0	1.0000000
50	10650.0000	15350.000	169.50000	0.0	0.0	0.0	1.0000000
50	10350.0000	15350.000	169.50002	0.0	0.0	0.0	1.0000000
50	10050.0000	15350.000	169.49997	0.0	0.0	0.0	1.0000000
50	9750.0000	15350.000	169.49998	0.0	0.0	0.0	1.0000000
0	11150.0000	15950.000	169.50002	0.0	0.0	0.0	1.0000000
0	10850.0000	15950.000	169.50002	0.0	0.0	0.0	1.0000000
48	9950.0000	15000.000	169.50002	0.0	0.0	-1440.0	2.2999988
48	10700.0000	15250.000	169.49997	5.0	0.0	-3210.0	2.5599985
48	10600.0000	14450.000	169.50003	5.0	0.0	-3360.0	1.5199995
49	10800.0000	15250.000	169.50003	5.0	0.0	-3810.0	2.1599989
59	11050.0000	15750.000	169.50005	0.0	0.0	510.0	1.0000000
59	10950.0000	15550.000	169.49995	0.0	0.0	510.0	1.0000000
59	10850.0000	15750.000	169.49997	0.0	0.0	510.0	1.0000000
3	10650.0000	15950.000	174.43655	0.0	0.0	-180.0	1.0000000
3	10649.0508	15399.036	169.51456	0.0	0.0	-180.0	1.0000000
3	10649.0400	15500.027	169.50006	0.0	0.0	-180.0	1.0000000
3	10649.0400	15600.050	169.50005	0.0	0.0	-180.0	1.0000000
49	9932.5078	15142.245	154.57707	5.0	0.0	-3770.0	2.1599989
50	11150.0000	17350.000	169.49997	0.0	0.0	0.0	1.0000000
50	10850.0000	17350.000	169.50003	0.0	0.0	0.0	1.0000000
50	10650.0000	17150.000	169.50002	0.0	0.0	90.0	1.0000000
50	10650.0000	16850.000	169.49998	0.0	0.0	90.0	1.0000000
48	10550.0000	16100.000	169.50000	5.0	0.0	-3420.0	1.6999993
49	10800.0000	16750.000	169.49998	5.0	0.0	-3360.0	4.0199971
47	10900.0000	16850.000	172.35303	5.0	0.0	-3360.0	1.0000000
47	10750.0000	16150.000	180.71414	5.0	0.0	-3360.0	1.0000000
48	10672.6328	16711.529	170.99825	0.0	0.0	-1050.0	2.2599988
48	10664.5928	16637.527	168.54248	0.0	0.0	-990.0	1.2399998
17	10827.0566	16654.232	172.86520	-15.0	1.0	-1020.0	1.0000000
3	10055.9082	16216.947	59.42023	0.0	0.0	540.0	1.0000000
3	10022.5586	17048.836	126.75014	25.0	0.0	330.0	1.0000000
3	10630.8252	16791.945	10.08318	25.0	0.0	300.0	1.0000000
4	9850.0000	16850.000	175.69997	-360.0	0.0	1260.0	1.0000000
4	10100.0000	16100.000	169.50003	-360.0	0.0	1260.0	1.0000000
11	9950.0000	17100.000	183.12700	-360.0	0.0	1140.0	1.0000000
46	9976.0947	17126.654	176.30804	-360.0	0.0	1170.0	1.0000000
47	10076.0674	17137.115	173.81923	-360.0	0.0	1170.0	1.0000000
31	10049.8105	16960.596	188.52177	-360.0	0.0	1140.0	1.0000000
48	11067.4268	16971.117	166.40775	0.0	0.0	-840.0	1.7799993
0	9750.0000	18250.000	169.50002	0.0	0.0	0.0	1.0000000
0	10050.0000	18250.000	169.50002	0.0	0.0	0.0	1.0000000
0	10350.0000	18250.000	169.50002	0.0	0.0	0.0	1.0000000
0	10550.0000	18450.000	169.50002	0.0	0.0	90.0	1.0000000
0	10550.0000	18750.000	169.50003	0.0	0.0	90.0	1.0000000
0	10550.0000	19050.000	169.50002	0.0	0.0	90.0	1.0000000
49	10096.6318	19092.916	167.00366	0.0	0.0	-330.0	2.1799989
48	9886.1416	18539.926	148.14481	0.0	0.0	390.0	2.2599988
47	10140.3555	19037.199	191.78864	0.0	0.0	-660.0	1.0000000
47	9675.7998	18785.352	183.50798	0.0	0.0	-660.0	1.0000000
47	9924.2715	18957.188	198.81354	0.0	0.0	-660.0	1.0000000
3	10570.2393	18179.328	-275.50000	-20.0	0.0	240.0	1.0000000
3	10072.9375	18076.422	-275.50000	-20.0	0.0	240.0	1.0000000
3	10550.0000	18250.000	169.50003	0.0	0.0	360.0	1.0000000
4	10700.0000	18150.000	170.86206	-360.0	0.0	1260.0	1.0000000
47	9941.2256	17960.303	174.59163	-360.0	0.0	1170.0	1.0000000
47	10456.9062	17894.682	187.72398	-360.0	0.0	1050.0	1.0000000
47	10986.5156	18932.414	174.59163	-360.0	0.0	1050.0	1.0000000
41	9892.2588	18219.436	169.49997	-360.0	0.0	1110.0	1.0000000
42	11150.0000	18250.000	181.95590	-360.0	0.0	750.0	1.0000000
3	11150.0000	20450.000	169.50000	0.0	0.0	1170.0	1.0000000
0	11150.0000	20650.000	169.49997	0.0	0.0	90.0	1.0000000
0	11150.0000	20250.000	169.50000	0.0	0.0	90.0	1.0000000
3	11150.0000	20050.000	169.49995	0.0	0.0	1170.0	1.0000000
0	11150.0000	19850.000	169.50000	0.0	0.0	90.0	1.0000000
3	11150.0000	19650.000	169.49997	0.0	0.0	1170.0	1.0000000
0	11150.0000	19450.000	169.50000	0.0	0.0	90.0	1.0000000
0	10950.0000	19250.000	169.49995	0.0	0.0	-720.0	1.0000000
0	10650.0000	19250.000	169.49998	0.0	0.0	0.0	1.0000000
3	11150.0000	19250.000	169.50002	0.0	0.0	0.0	1.0000000
3	10550.0000	19250.000	169.27063	0.0	0.0	0.0	1.0000000
3	10350.0000	20350.000	169.50002	0.0	0.0	1170.0	1.0000000
0	10550.0000	19450.000	169.11575	0.0	0.0	1170.0	1.0000000
3	10550.0000	19650.000	169.50000	0.0	0.0	1260.0	1.0000000
48	9850.0000	20000.000	197.27283	0.0	0.0	-150.0	1.7599993
46	9840.5732	19952.916	208.66795	0.0	0.0	-330.0	1.0000000
47	9792.3740	19920.307	210.20518	0.0	0.0	-660.0	1.0000000
50	10150.0000	20400.000	169.50002	0.0	0.0	0.0	1.0000000
50	9850.0000	20400.000	169.49998	0.0	0.0	0.0	1.0000000
0	11150.0000	21450.000	169.50000	0.0	0.0	810.0	1.0000000
0	11150.0000	22250.000	169.49997	0.0	0.0	810.0	1.0000000
0	11150.0000	21850.000	169.50002	0.0	0.0	810.0	1.0000000
0	11150.0000	21050.000	169.50003	0.0	0.0	810.0	1.0000000
3	11150.0000	22050.000	169.49997	0.0	0.0	810.0	1.0000000
3	11150.0000	21650.000	169.50002	0.0	0.0	810.0	1.0000000
3	10286.2012	21566.502	-244.88037	0.0	0.0	810.0	1.0000000
3	11150.0000	21250.000	169.50003	0.0	0.0	810.0	1.0000000
3	11150.0000	20850.000	169.49997	0.0	0.0	810.0	1.0000000
36	10350.0000	21650.000	169.50005	0.0	0.0	1170.0	1.0000000
36	10350.0000	22050.000	169.50000	0.0	0.0	1170.0	1.0000000
36	10350.0000	21250.000	169.49998	0.0	0.0	1170.0	1.0000000
36	10350.0000	20850.000	169.50002	0.0	0.0	1170.0	1.0000000
0	10350.0000	23750.000	169.50002	0.0	0.0	810.0	1.0000000
0	10350.0000	23450.000	169.50002	0.0	0.0	810.0	1.0000000
0	10350.0000	23150.000	169.49998	0.0	0.0	810.0	1.0000000
0	10150.0000	22950.000	169.49997	0.0	0.0	720.0	1.0000000
0	9850.0000	22950.000	169.50003	0.0	0.0	720.0	1.0000000
0	11150.0000	22650.000	169.49998	0.0	0.0	810.0	1.0000000
3	11150.0000	22450.000	169.50000	0.0	0.0	810.0	1.0000000
3	11150.0000	22850.000	169.49997	0.0	0.0	810.0	1.0000000
3	10350.0000	22950.000	169.50003	0.0	0.0	720.0	1.0000000
1	11171.2168	22552.229	264.50000	-125.0	0.0	990.0	0.7400002
3	10350.0000	22850.000	169.49998	0.0	0.0	1170.0	1.0000000
41	10400.0000	23900.000	169.49998	0.0	0.0	90.0	1.0000000
41	10400.0000	23300.000	169.49997	0.0	0.0	90.0	1.0000000
36	10350.0000	22450.000	169.49998	0.0	0.0	1170.0	1.0000000
12	10510.4072	23105.482	260.25110	-50.0	0.0	210.0	1.0000000
27	10465.4443	23976.371	169.50005	5.0	0.0	-390.0	1.0000000
17	9684.8613	23989.490	173.77202	-5.0	0.0	60.0	1.0000000
47	9700.0000	23450.000	169.50002	0.0	0.0	270.0	1.0000000
0	10550.0000	25150.000	169.49997	0.0	0.0	720.0	1.0000000
0	10350.0000	24950.000	169.49997	0.0	0.0	810.0	1.0000000
0	10350.0000	24650.000	169.49997	0.0	0.0	810.0	1.0000000
0	10350.0000	24350.000	169.50000	0.0	0.0	810.0	1.0000000
0	10350.0000	24050.000	169.50005	0.0	0.0	810.0	1.0000000
3	10350.0000	25150.000	169.49997	0.0	0.0	720.0	1.0000000
15	10900.0000	25100.000	169.50002	0.0	0.0	0.0	1.0000000
41	10400.0000	24500.000	169.49998	0.0	0.0	90.0	1.0000000
0	9850.0000	25150.000	169.49997	0.0	0.0	0.0	1.0000000
0	10150.0000	25150.000	169.49998	0.0	0.0	0.0	1.0000000
12	10513.8037	24507.033	249.50003	-50.0	0.0	480.0	1.0000000
12	10536.1318	24352.438	249.50006	-50.0	0.0	300.0	1.0000000
12	10572.8223	24908.072	249.50005	-50.0	0.0	300.0	1.0000000
17	11150.0000	24950.000	169.50000	0.0	0.0	60.0	1.0000000
17	10752.4541	24903.719	272.06561	0.0	-80.0	40.0	1.0000000
17	10900.0000	24950.000	171.21132	0.0	0.0	60.0	1.0000000
20	10550.0000	24750.000	169.49998	-25.0	0.0	-120.0	1.0000000
21	10665.6719	24722.822	197.57190	-60.0	0.0	-450.0	1.0000000
25	10666.2949	24490.562	174.50005	-30.0	0.0	-300.0	1.0000000
25	11147.4922	24850.045	175.99872	-30.0	0.0	-330.0	1.0000000
26	10557.2266	24244.227	176.48146	-30.0	0.0	-330.0	1.0000000
26	10475.8311	24204.486	161.75647	-55.0	0.0	-240.0	1.0000000
26	10570.5420	24163.961	177.40688	-90.0	0.0	-240.0	1.0000000
33	9753.0068	24352.686	162.88170	-75.0	0.0	60.0	1.0000000
17	10148.7012	25007.150	185.17953	-5.0	0.0	60.0	1.0000000
17	9691.7051	24488.867	177.00992	-15.0	0.0	60.0	1.0000000
1	10227.8438	25029.506	284.35022	-5.0	0.0	0.0	1.0000000
1	9664.0684	25046.113	162.16707	-5.0	0.0	0.0	1.0000000
47	10100.0000	24100.000	218.14384	0.0	0.0	150.0	1.0000000
47	10000.0000	24950.000	212.80611	0.0	0.0	270.0	1.0000000
0	12650.0000	50.000	169.50000	0.0	0.0	0.0	1.0000000
0	12350.0000	50.000	169.49997	0.0	0.0	0.0	1.0000000
0	12050.0000	50.000	169.50000	0.0	0.0	0.0	1.0000000
0	11750.0000	50.000	169.49997	0.0	0.0	0.0	1.0000000
0	11450.0000	50.000	169.50002	0.0	0.0	0.0	1.0000000
48	11222.4844	1559.882	193.98926	0.0	0.0	-300.0	1.4399996
48	11658.1523	1476.048	179.48923	0.0	0.0	-480.0	1.7199993
48	12161.5439	1529.988	161.43939	0.0	0.0	-1020.0	1.7999992
48	11995.7305	346.904	173.90277	0.0	0.0	-1020.0	1.8999991
48	11436.5020	304.831	162.80261	0.0	0.0	-960.0	2.1199989
48	12701.6143	1311.833	216.74380	5.0	0.0	-1230.0	1.0000000
49	12449.1553	702.290	190.39018	-25.0	0.0	-720.0	4.1599970
48	11553.4707	240.700	178.65529	-10.0	0.0	390.0	1.0000000
48	12492.3408	560.938	185.58061	-10.0	0.0	390.0	1.3999996
48	12715.0811	1243.693	197.35205	-10.0	0.0	390.0	1.7399993
41	12402.9199	791.562	219.07370	-15.0	0.0	-180.0	1.0000000
47	11950.0000	1500.000	175.28271	-15.0	0.0	0.0	1.0000000
47	12250.0000	1550.000	190.58688	-15.0	0.0	0.0	1.0000000
48	12054.9834	3141.981	190.70107	0.0	0.0	-480.0	1.0000000
48	12710.2764	1952.954	180.68588	0.0	0.0	-1020.0	1.0000000
48	12196.6660	1930.880	205.53185	5.0	0.0	-1230.0	1.9599991
48	12169.7188	2323.222	207.36011	5.0	0.0	-990.0	1.9199991
48	12141.0605	2425.429	193.68903	5.0	0.0	-840.0	2.0599990
48	12166.2227	1602.323	194.75491	-10.0	0.0	510.0	1.8199992
48	12672.4473	1868.085	190.92767	-10.0	0.0	510.0	1.9199991
48	12509.9424	2713.093	177.36731	-10.0	0.0	570.0	1.8399992
50	11750.0000	2550.000	169.50003	0.0	0.0	90.0	1.0000000
50	11750.0000	2250.000	169.49998	0.0	0.0	90.0	1.0000000
50	11750.0000	1950.000	169.49997	0.0	0.0	90.0	1.0000000
50	11650.0000	1850.000	169.50003	0.0	0.0	0.0	1.0000000
50	11350.0000	1850.000	169.50002	0.0	0.0	0.0	1.0000000
48	11851.3027	1836.508	169.18210	0.0	0.0	-900.0	2.7999983
48	11757.7969	2736.146	155.39621	0.0	0.0	-900.0	1.9599991
48	12050.0000	2750.000	206.94225	0.0	0.0	-1020.0	1.2999997
48	11743.2002	2854.320	143.04639	-10.0	0.0	780.0	1.0000000
4	11232.8496	2695.613	169.50002	0.0	0.0	0.0	1.0000000
4	11421.0840	2178.915	164.50003	0.0	0.0	-300.0	1.0000000
10	11600.0000	2650.000	169.50000	0.0	0.0	-1080.0	1.0000000
49	12502.2578	3582.982	187.66228	-25.0	0.0	-690.0	3.9599972
50	11750.0000	3550.000	169.50003	0.0	0.0	90.0	1.0000000
50	11750.0000	3850.000	168.67017	0.0	0.0	90.0	1.0000000
50	11950.0000	4050.000	168.82219	0.0	0.0	0.0	1.0000000
50	12250.0000	4050.000	169.39023	0.0	0.0	0.0	1.0000000
50	12550.0000	4050.000	169.27986	0.0	0.0	0.0	1.0000000
48	11760.2129	3378.269	154.85393	0.0	0.0	-900.0	2.2999988
0	12750.0000	4250.000	169.49998	0.0	0.0	90.0	1.0000000
0	12750.0000	4650.000	169.50002	0.0	0.0	90.0	1.0000000
3	12750.0000	4450.000	169.50005	0.0	0.0	180.0	1.0000000
1	11893.7891	3913.969	290.17987	0.0	0.0	30.0	1.0000000
47	12550.0000	3450.000	204.57257	-15.0	0.0	0.0	1.0000000
47	12050.0000	3450.000	166.20447	-15.0	0.0	0.0	1.0000000
12	11329.2197	4785.362	291.05246	45.0	0.0	-1260.0	1.0000000
12	11683.8682	4319.483	247.62906	45.0	0.0	-1500.0	1.0000000
12	12416.7607	4400.537	271.15875	45.0	0.0	-1680.0	1.0000000
4	11900.0000	4300.000	176.51738	45.0	0.0	-1890.0	1.0000000
4	11300.0000	4600.000	183.42116	45.0	0.0	-1680.0	1.0000000
20	12475.8525	4226.215	163.64172	-35.0	0.0	-1410.0	1.0000000
21	12359.8691	4282.723	216.25960	-15.0	0.0	-1440.0	1.0000000
32	12467.6621	4250.316	202.01823	-15.0	0.0	-1410.0	1.0000000
45	11815.0889	4332.797	217.52460	-15.0	0.0	-1410.0	1.0000000
47	11842.9834	4334.963	177.50346	15.0	0.0	-1470.0	1.0000000
59	11950.0000	4650.000	162.61055	0.0	0.0	270.0	1.0000000
59	12150.0000	4450.000	170.90355	0.0	0.0	270.0	1.0000000
59	12350.0000	4650.000	169.93129	0.0	0.0	270.0	1.0000000
0	11350.0000	5250.000	169.50003	0.0	0.0	0.0	1.0000000
0	11650.0000	5250.000	169.50002	0.0	0.0	0.0	1.0000000
0	11950.0000	5250.000	169.49997	0.0	0.0	0.0	1.0000000
0	12250.0000	5250.000	169.50003	0.0	0.0	0.0	1.0000000
0	12550.0000	5250.000	169.50002	0.0	0.0	0.0	1.0000000
0	12750.0000	5050.000	169.49998	0.0	0.0	90.0	1.0000000
3	12750.0000	5250.000	169.49998	0.0	0.0	180.0	1.0000000
3	12750.0000	4850.000	169.50005	0.0	0.0	180.0	1.0000000
0	11250.0000	6150.000	169.49997	0.0	0.0	0.0	1.0000000
0	11550.0000	6150.000	169.50000	0.0	0.0	0.0	1.0000000
3	11750.0000	6150.000	169.49997	0.0	0.0	180.0	1.0000000
0	11750.0000	6350.000	169.50000	0.0	0.0	90.0	1.0000000
4	12200.0000	5000.000	178.66319	45.0	0.0	-1800.0	1.0000000
4	12400.0000	5000.000	192.48930	45.0	0.0	-1770.0	1.0000000
4	11300.0000	5050.000	199.82077	45.0	0.0	-1470.0	1.0000000
20	12425.0186	5016.065	192.15877	-35.0	0.0	-1560.0	1.0000000
21	12252.6182	5107.528	217.82729	-15.0	0.0	-1440.0	1.0000000
32	12443.0830	5007.223	215.42319	-15.0	0.0	-1560.0	1.0000000
46	12543.5127	5106.229	216.16986	-15.0	0.0	-1410.0	1.0000000
46	12528.2646	5010.661	174.14052	15.0	0.0	-1410.0	1.0000000
46	12553.5732	5089.762	177.80441	15.0	0.0	-1470.0	1.0000000
47	12476.3818	4926.564	164.52200	15.0	0.0	-1470.0	1.0000000
47	12313.4707	4866.870	159.74049	15.0	0.0	-1470.0	1.0000000
47	12014.5195	4985.336	162.10301	15.0	0.0	-1470.0	1.0000000
59	12250.0000	4850.000	169.15617	0.0	0.0	270.0	1.0000000
59	12050.0000	4850.000	166.26152	0.0	0.0	270.0	1.0000000
52	11600.0000	5200.000	168.40747	0.0	0.0	360.0	1.0000000
12	12043.9053	5164.043	389.10486	0.0	0.0	-1260.0	1.0000000
0	11750.0000	6650.000	169.49997	0.0	0.0	90.0	1.0000000
3	11750.0000	6850.000	169.50002	0.0	0.0	90.0	1.0000000
0	11950.0000	6850.000	169.49998	0.0	0.0	0.0	1.0000000
0	12250.0000	6850.000	169.49995	0.0	0.0	0.0	1.0000000
3	12450.0000	6850.000	169.49998	0.0	0.0	-90.0	1.0000000
0	12450.0000	7050.000	169.50000	0.0	0.0	90.0	1.0000000
0	12450.0000	7350.000	169.49997	0.0	0.0	90.0	1.0000000
0	12450.0000	7650.000	169.49998	0.0	0.0	90.0	1.0000000
0	12250.0000	7950.000	169.49997	0.0	0.0	0.0	1.0000000
0	11950.0000	7950.000	169.50003	0.0	0.0	0.0	1.0000000
3	11750.0000	7950.000	169.50000	0.0	0.0	180.0	1.0000000
3	12450.0000	7950.000	169.49995	0.0	0.0	990.0	1.0000000
3	12450.0000	7850.000	169.50003	0.0	0.0	900.0	1.0000000
42	11344.7256	6647.229	169.39809	0.0	0.0	0.0	1.0000000
42	11950.0781	7456.026	169.39819	0.0	0.0	0.0	1.0000000
0	11750.0000	8150.000	169.50000	0.0	0.0	90.0	1.0000000
0	11750.0000	8450.000	169.50002	0.0	0.0	90.0	1.0000000
0	11750.0000	8750.000	169.49997	0.0	0.0	90.0	1.0000000
0	11950.0000	8950.000	169.50002	0.0	0.0	0.0	1.0000000
0	12250.0000	8950.000	169.50002	0.0	0.0	0.0	1.0000000
0	12550.0000	8950.000	169.50003	0.0	0.0	0.0	1.0000000
3	11750.0000	8950.000	169.50000	0.0	0.0	360.0	1.0000000
42	11348.8447	9466.312	169.39819	0.0	0.0	0.0	1.0000000
47	11299.0352	9526.953	166.31424	0.0	0.0	-30.0	1.0000000
52	11200.0000	9900.000	208.16606	0.0	0.0	0.0	1.0000000
0	11250.0000	10450.000	169.49998	0.0	0.0	90.0	1.0000000
0	11250.0000	10150.000	169.50003	0.0	0.0	90.0	1.0000000
0	11250.0000	10750.000	169.50003	0.0	0.0	90.0	1.0000000
0	11250.0000	11050.000	169.50002	0.0	0.0	-630.0	1.0000000
0	12550.0000	10750.000	169.49997	0.0	0.0	0.0	1.0000000
0	12250.0000	10750.000	169.50003	0.0	0.0	0.0	1.0000000
0	11950.0000	10750.000	169.50002	0.0	0.0	0.0	1.0000000
0	11650.0000	10750.000	169.50003	0.0	0.0	0.0	1.0000000
0	11350.0000	10750.000	169.49998	0.0	0.0	0.0	1.0000000
3	11250.0000	9950.000	169.49998	0.0	0.0	90.0	1.0000000
0	11450.0000	9950.000	169.50002	0.0	0.0	0.0	1.0000000
0	11750.0000	9950.000	169.50005	0.0	0.0	0.0	1.0000000
0	12050.0000	9950.000	169.49997	0.0	0.0	0.0	1.0000000
0	12350.0000	9950.000	169.49997	0.0	0.0	0.0	1.0000000
0	12650.0000	9950.000	169.50003	0.0	0.0	0.0	1.0000000
5	12450.0000	11150.000	169.49998	0.0	0.0	90.0	1.0000000
5	11550.0000	11150.000	169.49998	0.0	0.0	0.0	1.0000000
5	12050.0000	11150.000	169.50002	0.0	0.0	0.0	1.0000000
14	12350.0000	11150.000	169.50003	0.0	0.0	0.0	1.0000000
14	12250.0000	11150.000	169.50000	0.0	0.0	0.0	1.0000000
14	12150.0000	11150.000	169.50003	0.0	0.0	0.0	1.0000000
14	11950.0000	11150.000	169.50002	0.0	0.0	0.0	1.0000000
14	11850.0000	11150.000	169.50000	0.0	0.0	0.0	1.0000000
14	11750.0000	11150.000	169.50003	0.0	0.0	0.0	1.0000000
14	11650.0000	11150.000	169.50002	0.0	0.0	0.0	1.0000000
14	11550.0000	11050.000	169.49998	0.0	0.0	0.0	1.0000000
14	11550.0000	10950.000	169.50003	0.0	0.0	0.0	1.0000000
24	12400.0000	10950.000	169.49997	40.0	0.0	180.0	1.5999994
47	12549.1465	9657.409	189.59642	0.0	0.0	120.0	1.0000000
47	11350.0000	10950.000	180.10411	0.0	0.0	510.0	1.0000000
24	12125.3672	10973.466	64.50003	35.0	0.0	360.0	1.8199992
39	12650.0000	9950.000	186.55386	0.0	0.0	0.0	1.0000000
39	12350.0000	9950.000	170.35649	0.0	0.0	0.0	1.0000000
39	12050.0000	9950.000	169.49997	0.0	0.0	0.0	1.0000000
39	11750.0000	9950.000	178.73524	0.0	0.0	0.0	1.0000000
0	12550.0000	12650.000	169.50002	0.0	0.0	0.0	1.0000000
0	12250.0000	12650.000	170.38898	0.0	0.0	0.0	1.0000000
0	11850.0000	12650.000	169.49997	0.0	0.0	0.0	1.0000000
0	12050.0000	12450.000	174.78104	0.0	0.0	90.0	1.0000000
0	12050.0000	12050.000	171.25417	0.0	0.0	-630.0	1.0000000
0	12050.0000	11650.000	169.50000	0.0	0.0	-630.0	1.0000000
3	12050.0000	11450.000	169.50000	0.0	0.0	-720.0	1.0000000
3	12050.0000	11850.000	169.49998	0.0	0.0	90.0	1.0000000
3	12046.4111	12251.466	156.53368	0.0	0.0	90.0	1.0000000
3	12050.0000	12650.000	185.43649	0.0	0.0	90.0	1.0000000
0	11550.0000	12650.000	169.50000	0.0	0.0	-360.0	1.0000000
0	11250.0000	12650.000	169.49997	0.0	0.0	-360.0	1.0000000
3	11250.0000	11250.000	169.50005	0.0	0.0	90.0	1.0000000
5	12450.0000	11650.000	169.50002	0.0	0.0	90.0	1.0000000
5	11350.0000	11750.000	169.49997	0.0	0.0	90.0	1.0000000
5	11450.0000	11550.000	169.50003	0.0	0.0	90.0	1.0000000
5	11650.0000	12350.000	169.49998	0.0	0.0	90.0	1.0000000
5	11350.0000	12350.000	169.50002	0.0	0.0	0.0	1.0000000
5	12450.0000	11350.000	169.49995	0.0	0.0	0.0	1.0000000
5	12750.0000	11650.000	171.90341	0.0	0.0	0.0	1.0000000
5	12650.0000	12550.000	169.50000	0.0	0.0	0.0	1.0000000
5	12650.0000	12350.000	166.62715	0.0	0.0	0.0	1.0000000
14	12450.0000	11550.000	169.50000	0.0	0.0	0.0	1.0000000
14	12450.0000	11450.000	169.50000	0.0	0.0	0.0	1.0000000
14	12450.0000	11250.000	169.50003	0.0	0.0	0.0	1.0000000
14	12550.0000	11650.000	169.50000	0.0	0.0	0.0	1.0000000
14	12650.0000	11650.000	169.49998	0.0	0.0	0.0	1.0000000
14	11350.0000	11650.000	169.50000	0.0	0.0	0.0	1.0000000
14	11250.0000	12350.000	169.50003	0.0	0.0	0.0	1.0000000
14	11450.0000	12350.000	169.50002	0.0	0.0	0.0	1.0000000
14	11550.0000	12350.000	169.49998	0.0	0.0	0.0	1.0000000
14	12650.0000	12450.000	169.49998	0.0	0.0	0.0	1.0000000
24	12599.9658	11435.454	-115.49992	-20.0	0.0	600.0	1.8599992
24	11393.9326	12052.590	-40.49994	5.0	0.0	600.0	2.0799990
24	11502.3418	11871.973	-40.49994	5.0	0.0	600.0	1.7199993
42	12560.9912	12236.046	167.08511	0.0	0.0	0.0	1.0000000
42	11357.4316	11752.171	168.86151	0.0	0.0	0.0	1.0000000
47	12200.0000	12450.000	181.56067	0.0	0.0	450.0	1.0000000
47	12200.0000	12250.000	182.64915	0.0	0.0	360.0	1.0000000
47	12300.0000	12550.000	181.07587	0.0	0.0	330.0	1.0000000
46	12150.0000	12500.000	184.41745	0.0	0.0	360.0	1.0000000
47	12150.0000	11400.000	185.45163	0.0	0.0	360.0	1.0000000
47	11400.0000	12500.000	185.46454	0.0	0.0	420.0	1.0000000
47	11600.0000	12550.000	182.70006	0.0	0.0	270.0	1.0000000
47	11750.0000	12500.000	169.50002	0.0	0.0	450.0	1.0000000
0	11250.0000	13950.000	169.50003	0.0	0.0	-720.0	1.0000000
0	11550.0000	13950.000	169.49997	0.0	0.0	-720.0	1.0000000
0	11850.0000	13950.000	169.50003	0.0	0.0	-720.0	1.0000000
0	12250.0000	13950.000	169.49997	0.0	0.0	0.0	1.0000000
0	12450.0000	14150.000	169.49997	0.0	0.0	90.0	1.0000000
3	12450.0000	14350.000	169.50003	0.0	0.0	-90.0	1.0000000
3	12450.0000	13950.000	169.50005	0.0	0.0	-90.0	1.0000000
3	12050.0000	13950.000	169.50002	0.0	0.0	-90.0	1.0000000
0	12650.0000	13950.000	169.49997	0.0	0.0	0.0	1.0000000
47	12150.0000	14300.000	172.54555	5.0	0.0	-3360.0	1.0000000
17	11266.1475	14326.909	168.36151	-22.0	-5.0	-1050.0	1.0000000
47	12200.0000	14400.000	175.29985	5.0	0.0	-3360.0	1.0000000
0	12450.0000	14550.000	169.49997	0.0	0.0	90.0	1.0000000
0	12550.0000	15350.000	169.50000	0.0	0.0	90.0	1.0000000
0	12550.0000	14950.000	169.49998	0.0	0.0	90.0	1.0000000
0	12550.0000	15750.000	169.50003	0.0	0.0	90.0	1.0000000
50	11250.0000	15350.000	169.50000	0.0	0.0	0.0	1.0000000
50	11350.0000	15450.000	169.49997	0.0	0.0	90.0	1.0000000
50	11350.0000	15750.000	169.50002	0.0	0.0	90.0	1.0000000
3	12550.0000	15950.000	169.50002	0.0	0.0	-90.0	1.0000000
3	12550.0000	15550.000	169.50000	0.0	0.0	-90.0	1.0000000
3	12550.0000	15150.000	169.49998	0.0	0.0	-90.0	1.0000000
3	12550.0000	14750.000	169.50003	0.0	0.0	-90.0	1.0000000
3	12450.0000	14750.000	169.49997	0.0	0.0	-90.0	1.0000000
48	12000.0000	14800.000	169.49997	0.0	0.0	-1050.0	2.4399986
48	11350.0000	15950.000	169.49997	5.0	0.0	-3420.0	2.7999983
49	12290.7139	15842.299	169.50002	5.0	0.0	-3360.0	4.6599965
47	11800.0000	14900.000	169.50002	5.0	0.0	-3360.0	1.0000000
47	11850.0000	15950.000	170.78249	5.0	0.0	-3360.0	1.0000000
48	11505.5488	14883.508	200.17349	5.0	0.0	-3570.0	2.0199990
17	11626.1680	14805.082	156.55231	-19.0	5.0	-1050.0	1.0000000
48	11200.0000	16350.000	169.49997	0.0	0.0	-2100.0	1.6999993
0	12550.0000	16150.000	169.49998	0.0	0.0	90.0	1.0000000
0	12550.0000	16550.000	169.50003	0.0	0.0	90.0	1.0000000
0	12550.0000	16950.000	169.50000	0.0	0.0	90.0	1.0000000
0	12550.0000	17350.000	169.50003	0.0	0.0	90.0	1.0000000
50	12350.0000	17350.000	169.49997	0.0	0.0	0.0	1.0000000
50	12050.0000	17350.000	169.50003	0.0	0.0	0.0	1.0000000
50	11750.0000	17350.000	169.50003	0.0	0.0	0.0	1.0000000
50	11450.0000	17350.000	169.49997	0.0	0.0	0.0	1.0000000
3	12550.0000	16350.000	169.49997	0.0	0.0	-90.0	1.0000000
3	12550.0000	16750.000	169.50002	0.0	0.0	-90.0	1.0000000
3	12550.0000	17150.000	169.50000	0.0	0.0	-90.0	1.0000000
48	11550.0000	17100.000	169.50003	0.0	0.0	-870.0	1.8799992
48	12200.0000	17000.000	169.50002	0.0	0.0	-1770.0	2.2399988
48	11700.0000	16150.000	169.50005	0.0	0.0	-1770.0	2.0799990
48	11350.0000	16050.000	169.49998	5.0	0.0	-3210.0	1.9599991
47	12200.0000	17100.000	173.68742	5.0	0.0	-3360.0	1.0000000
47	11500.0000	17000.000	190.49854	5.0	0.0	-3360.0	1.0000000
45	12300.0000	17000.000	187.66010	5.0	0.0	-3240.0	1.0000000
47	11200.0000	18350.000	175.43242	-360.0	0.0	1050.0	1.0000000
9	12150.0000	19100.000	169.50000	0.0	0.0	630.0	1.0000000
9	11850.0000	19100.000	169.49998	0.0	0.0	630.0	1.0000000
9	11850.0000	18700.000	169.50003	0.0	0.0	630.0	1.0000000
9	12150.0000	18700.000	169.50000	0.0	0.0	630.0	1.0000000
10	12446.4727	19081.084	-281.39612	0.0	0.0	90.0	1.0000000
42	12360.3623	18443.572	169.49998	-360.0	0.0	390.0	1.0000000
7	12400.0000	20750.000	169.50000	0.0	0.0	90.0	1.0000000
9	11850.0000	19900.000	169.50003	0.0	0.0	630.0	1.0000000
9	12150.0000	19900.000	169.49997	0.0	0.0	630.0	1.0000000
9	11850.0000	20300.000	169.50002	0.0	0.0	630.0	1.0000000
9	12150.0000	20300.000	169.49998	0.0	0.0	630.0	1.0000000
4	12300.0000	20800.000	169.49998	0.0	0.0	0.0	1.0000000
2	11800.0000	22200.000	169.49997	0.0	0.0	0.0	1.0000000
2	11800.0000	21600.000	169.50002	0.0	0.0	0.0	1.0000000
2	12400.0000	21600.000	169.50003	0.0	0.0	0.0	1.0000000
2	12400.0000	22200.000	169.50003	0.0	0.0	0.0	1.0000000
2	11800.0000	21000.000	169.50003	0.0	0.0	0.0	1.0000000
2	12400.0000	21000.000	169.49997	0.0	0.0	0.0	1.0000000
1	11393.0938	22092.615	459.50003	-75.0	0.0	810.0	1.0000000
6	12450.0000	22350.000	169.50000	0.0	0.0	90.0	1.0000000
8	12050.0000	21250.000	169.49997	0.0	0.0	90.0	1.0000000
8	12050.0000	21850.000	169.49997	0.0	0.0	90.0	1.0000000
9	12700.0000	21550.000	169.50002	0.0	0.0	360.0	1.0000000
9	12700.0000	21050.000	169.49998	0.0	0.0	0.0	1.0000000
5	12441.7305	22152.100	163.87027	0.0	0.0	90.0	1.0000000
13	12700.0000	22050.000	169.50002	0.0	0.0	180.0	1.0000000
41	11216.1924	20842.467	218.13968	-360.0	0.0	1170.0	1.0000000
0	11450.0000	23750.000	169.50002	0.0	0.0	810.0	1.0000000
0	11650.0000	23550.000	169.49998	0.0	0.0	720.0	1.0000000
0	11950.0000	23550.000	169.49998	0.0	0.0	720.0	1.0000000
0	12250.0000	23550.000	169.50002	0.0	0.0	720.0	1.0000000
0	11350.0000	22850.000	169.50003	0.0	0.0	720.0	1.0000000
0	11750.0000	22850.000	169.50002	0.0	0.0	720.0	1.0000000
0	12150.0000	22850.000	169.50002	0.0	0.0	720.0	1.0000000
0	12550.0000	22850.000	169.50003	0.0	0.0	720.0	1.0000000
3	11550.0000	22850.000	169.50002	0.0	0.0	720.0	1.0000000
3	11950.0000	22850.000	169.50002	0.0	0.0	720.0	1.0000000
3	12350.0000	22850.000	169.50002	0.0	0.0	720.0	1.0000000
3	12750.0000	22850.000	169.49998	0.0	0.0	720.0	1.0000000
3	11450.0000	23550.000	169.50002	0.0	0.0	720.0	1.0000000
1	11241.7334	22754.861	254.50005	0.0	0.0	750.0	1.0000000
6	12450.0000	22650.000	169.49998	0.0	0.0	90.0	1.0000000
6	12600.0000	22850.000	169.50002	0.0	0.0	0.0	1.0000000
0	12450.0000	23350.000	169.50002	0.0	0.0	-270.0	1.0000000
0	12450.0000	23050.000	169.50005	0.0	0.0	-270.0	1.0000000
3	12449.9023	23542.943	168.38559	0.0	0.0	630.0	1.0000000
17	11600.0000	23450.000	183.44016	0.0	0.0	60.0	1.0000000
17	12000.0000	23450.000	171.04071	0.0	0.0	60.0	1.0000000
27	11759.6777	23419.525	160.94327	0.0	0.0	-330.0	1.0000000
31	12250.0000	23450.000	171.29245	0.0	0.0	-390.0	1.0000000
32	12300.0000	23350.000	169.50003	0.0	0.0	-300.0	1.0000000
33	12200.0000	23400.000	169.81305	-50.0	0.0	-330.0	1.0000000
33	11950.0000	23400.000	170.03424	-40.0	0.0	-390.0	1.5399995
34	12200.0000	23350.000	169.50005	-40.0	0.0	-660.0	1.0000000
0	11250.0000	25150.000	169.49995	0.0	0.0	720.0	1.0000000
0	11450.0000	24950.000	169.50003	0.0	0.0	810.0	1.0000000
0	11450.0000	24650.000	169.50003	0.0	0.0	810.0	1.0000000
0	11450.0000	24350.000	169.49995	0.0	0.0	810.0	1.0000000
0	11450.0000	24050.000	169.49997	0.0	0.0	810.0	1.0000000
3	11450.0000	25150.000	169.50002	0.0	0.0	720.0	1.0000000
0	11650.0000	25150.000	169.49997	0.0	0.0	360.0	1.0000000
0	12050.0000	25150.000	169.49998	0.0	0.0	360.0	1.0000000
0	12450.0000	25150.000	169.50002	0.0	0.0	360.0	1.0000000
3	12650.0000	25150.000	169.50003	0.0	0.0	360.0	1.0000000
3	11850.0000	25150.000	169.50002	0.0	0.0	270.0	1.0000000
3	12250.0000	25150.000	169.50002	0.0	0.0	270.0	1.0000000
3	12250.0000	25050.000	169.50002	0.0	0.0	450.0	1.0000000
10	12250.0000	24850.000	169.50000	0.0	0.0	450.0	1.0000000
10	12250.0000	24500.000	169.50002	0.0	0.0	450.0	1.0000000
3	12250.0000	24250.000	169.49995	0.0	0.0	360.0	1.0000000
3	11850.0000	24250.000	169.49997	0.0	0.0	360.0	1.0000000
10	11850.0000	24500.000	169.49997	0.0	0.0	450.0	1.0000000
10	11850.0000	24850.000	169.49997	0.0	0.0	450.0	1.0000000
3	11850.0000	25050.000	169.50003	0.0	0.0	270.0	1.0000000
3	12650.0000	25050.000	169.49998	0.0	0.0	180.0	1.0000000
1	12327.9004	24311.676	163.93088	-35.0	0.0	-330.0	0.6000004
1	12000.3096	24977.412	159.48560	-35.0	0.0	-330.0	1.0000000
4	12650.0000	24750.000	169.50000	0.0	0.0	150.0	1.0000000
20	12050.0000	24950.000	169.49998	0.0	0.0	0.0	1.0000000
20	12050.0000	24800.000	169.49998	0.0	0.0	0.0	1.0000000
21	12005.4746	24730.656	194.50003	50.0	0.0	-30.0	1.0000000
32	12052.5420	24950.244	194.49998	-5.0	0.0	720.0	1.0000000
12	11302.0410	24992.311	267.86255	-50.0	0.0	300.0	1.0000000
27	11254.5977	24834.123	171.95737	5.0	0.0	-450.0	1.0000000
0	12950.0000	50.000	169.50002	0.0	0.0	0.0	1.0000000
48	12817.8584	287.528	200.89130	5.0	0.0	-1230.0	2.4399986
48	12838.8008	419.704	191.06754	5.0	0.0	-990.0	1.9999990
0	13050.0000	1450.000	169.49997	0.0	0.0	-630.0	1.0000000
0	13050.0000	1050.000	169.49995	0.0	0.0	-630.0	1.0000000
0	13050.0000	650.000	169.50002	0.0	0.0	-630.0	1.0000000
0	13050.0000	250.000	169.49997	0.0	0.0	-630.0	1.0000000
3	13050.0000	1250.000	169.49998	0.0	0.0	-720.0	1.0000000
3	13050.0000	850.000	169.49997	0.0	0.0	-720.0	1.0000000
3	13050.0000	450.000	169.82094	0.0	0.0	-720.0	1.0000000
49	13422.2383	3147.205	156.25143	-7.0	0.0	-690.0	2.9399981
0	13050.0000	2650.000	168.38718	0.0	0.0	-630.0	1.0000000
0	13050.0000	2250.000	169.49998	0.0	0.0	-630.0	1.0000000
0	13050.0000	1850.000	169.50000	0.0	0.0	-630.0	1.0000000
0	13250.0000	2850.000	170.65686	0.0	0.0	-720.0	1.0000000
48	13300.0000	3050.000	177.64441	-4.0	3.0	-690.0	2.2999988
3	13450.0000	2850.000	169.49997	0.0	0.0	-720.0	1.0000000
3	13050.0000	2450.000	168.40344	0.0	0.0	-720.0	1.0000000
3	13050.0000	2850.000	169.49998	0.0	0.0	-720.0	1.0000000
3	13850.0000	2850.000	168.63187	0.0	0.0	-720.0	1.0000000
3	14250.0000	2850.000	169.50002	0.0	0.0	-720.0	1.0000000
0	14050.0000	2850.000	169.50005	0.0	0.0	-720.0	1.0000000
0	13650.0000	2850.000	169.49998	0.0	0.0	-720.0	1.0000000
3	13050.0000	2050.000	169.50003	0.0	0.0	-720.0	1.0000000
3	13050.0000	1650.000	169.50003	0.0	0.0	-720.0	1.0000000
48	12866.8574	3614.721	144.04817	0.0	0.0	-840.0	1.0000000
48	14129.0410	3751.339	186.99542	5.0	0.0	-1230.0	2.2999988
48	13109.1064	3867.474	210.55719	5.0	0.0	-1230.0	1.9999990
49	13719.7715	3751.740	172.34291	-25.0	0.0	-690.0	3.5999975
50	12850.0000	4050.000	169.49997	0.0	0.0	0.0	1.0000000
50	13150.0000	4050.000	171.79056	0.0	0.0	0.0	1.0000000
50	13450.0000	4050.000	170.16649	0.0	0.0	0.0	1.0000000
50	13750.0000	4050.000	168.78448	0.0	0.0	0.0	1.0000000
50	14050.0000	4050.000	172.69479	0.0	0.0	0.0	1.0000000
50	14350.0000	4050.000	169.50003	0.0	0.0	0.0	1.0000000
47	13592.7080	3382.913	178.49969	-15.0	0.0	0.0	1.0000000
0	12850.0000	8950.000	169.50000	0.0	0.0	0.0	1.0000000
0	13650.0000	9550.000	169.50003	0.0	0.0	0.0	1.0000000
0	13950.0000	9550.000	169.49998	0.0	0.0	0.0	1.0000000
0	14250.0000	8250.000	169.49998	0.0	0.0	0.0	1.0000000
0	13950.0000	8250.000	169.50003	0.0	0.0	0.0	1.0000000
0	13650.0000	8250.000	169.49998	0.0	0.0	0.0	1.0000000
0	13450.0000	8450.000	169.50000	0.0	0.0	90.0	1.0000000
0	13450.0000	8750.000	169.50000	0.0	0.0	90.0	1.0000000
0	13250.0000	8950.000	169.49997	0.0	0.0	0.0	1.0000000
3	13450.0000	8950.000	169.50003	0.0	0.0	0.0	1.0000000
3	13050.0000	8950.000	169.50000	0.0	0.0	180.0	1.0000000
3	13450.0000	9550.000	169.50000	0.0	0.0	180.0	1.0000000
3	14150.0000	9550.000	169.49997	0.0	0.0	180.0	1.0000000
3	13450.0000	8250.000	169.49998	0.0	0.0	450.0	1.0000000
42	13955.3584	8848.142	169.39813	0.0	0.0	0.0	1.0000000
47	14287.2520	9513.552	173.98764	0.0	0.0	60.0	1.0000000
47	14203.9229	9502.659	203.98602	0.0	0.0	60.0	1.0000000
46	14239.7949	9585.904	175.02533	0.0	0.0	0.0	1.0000000
46	13560.4414	8489.962	189.61140	0.0	0.0	60.0	1.0000000
47	13559.7979	8582.153	195.42867	0.0	0.0	60.0	1.0000000
47	13611.1621	8461.717	176.01749	0.0	0.0	60.0	1.0000000
47	13725.3301	8464.273	169.95096	0.0	0.0	60.0	1.0000000
39	13650.0000	9550.000	172.50002	0.0	0.0	0.0	1.0000000
39	13950.0000	9550.000	177.66588	0.0	0.0	0.0	1.0000000
42	12861.4053	9449.585	169.39818	0.0	0.0	0.0	1.0000000
0	14350.0000	10750.000	169.49998	0.0	0.0	0.0	1.0000000
0	14050.0000	10750.000	169.49997	0.0	0.0	0.0	1.0000000
0	13750.0000	10750.000	169.50003	0.0	0.0	0.0	1.0000000
0	13150.0000	10750.000	169.50003	0.0	0.0	0.0	1.0000000
0	12850.0000	10750.000	169.49995	0.0	0.0	0.0	1.0000000
0	12950.0000	9950.000	169.50002	0.0	0.0	0.0	1.0000000
0	13250.0000	9950.000	169.49997	0.0	0.0	0.0	1.0000000
0	13450.0000	9750.000	169.50002	0.0	0.0	90.0	1.0000000
0	14150.0000	9750.000	169.50000	0.0	0.0	90.0	1.0000000
0	14350.0000	9950.000	169.50000	0.0	0.0	0.0	1.0000000
3	14150.0000	9950.000	169.49997	0.0	0.0	450.0	1.0000000
5	12850.0000	11150.000	169.50002	0.0	0.0	90.0	1.0000000
5	13250.0000	11150.000	169.50003	0.0	0.0	0.0	1.0000000
5	13650.0000	11150.000	172.10521	0.0	0.0	0.0	1.0000000
14	13550.0000	11150.000	180.34612	0.0	0.0	0.0	1.0000000
14	12950.0000	11150.000	169.49997	0.0	0.0	0.0	1.0000000
14	13050.0000	11150.000	169.50000	0.0	0.0	0.0	1.0000000
14	13150.0000	11150.000	169.50003	0.0	0.0	0.0	1.0000000
14	13349.0645	11154.817	164.06761	0.0	0.0	180.0	1.0000000
14	13448.5918	11155.765	168.06499	0.0	0.0	270.0	1.0000000
3	13450.0000	9950.000	169.49998	0.0	0.0	-900.0	1.0000000
24	13150.0000	10950.000	169.49997	35.0	0.0	360.0	1.6799994
24	13427.7939	10959.099	116.50137	30.0	0.0	540.0	1.0000000
0	13450.0000	10750.000	169.49997	0.0	0.0	0.0	1.0000000
47	14235.4697	9660.153	173.26248	0.0	0.0	60.0	1.0000000
46	14243.3789	9702.052	178.49161	0.0	0.0	60.0	1.0000000
47	13184.2441	9804.407	166.31422	0.0	0.0	120.0	1.0000000
47	13251.8623	9756.450	166.31425	0.0	0.0	120.0	1.0000000
47	13190.6982	9810.861	166.31422	0.0	0.0	-30.0	1.0000000
0	14050.0000	12650.000	169.50000	0.0	0.0	0.0	1.0000000
3	14250.0000	12650.000	169.50003	0.0	0.0	0.0	1.0000000
0	13750.0000	12650.000	169.50000	0.0	0.0	-360.0	1.0000000
0	13450.0000	12650.000	170.07549	0.0	0.0	0.0	1.0000000
0	13150.0000	12650.000	169.50000	0.0	0.0	0.0	1.0000000
0	12850.0000	12650.000	169.50003	0.0	0.0	0.0	1.0000000
5	14250.0000	12650.000	169.50000	0.0	0.0	90.0	1.0000000
5	14050.0000	12250.000	169.50002	0.0	0.0	90.0	1.0000000
5	13450.0000	11950.000	170.51811	0.0	0.0	90.0	1.0000000
5	13950.0000	11950.000	169.49998	0.0	0.0	90.0	1.0000000
6	14050.0000	12650.000	169.49998	0.0	0.0	0.0	1.0000000
6	13750.0000	12650.000	169.49998	0.0	0.0	0.0	1.0000000
6	13450.0000	12650.000	169.89343	0.0	0.0	0.0	1.0000000
6	13150.0000	12650.000	169.50002	0.0	0.0	0.0	1.0000000
6	12850.0000	12650.000	169.49997	0.0	0.0	0.0	1.0000000
14	14350.0000	12650.000	169.50002	0.0	0.0	0.0	1.0000000
14	14050.0000	12150.000	169.50000	0.0	0.0	0.0	1.0000000
14	13450.0000	11850.000	169.50003	0.0	0.0	0.0	1.0000000
14	13450.0000	11750.000	169.49998	0.0	0.0	0.0	1.0000000
14	13450.0000	11650.000	169.50000	0.0	0.0	0.0	1.0000000
14	13450.0000	11550.000	169.50002	0.0	0.0	0.0	1.0000000
14	13450.0000	11450.000	169.50003	0.0	0.0	0.0	1.0000000
14	13550.0000	11950.000	169.49998	0.0	0.0	0.0	1.0000000
14	13650.0000	11950.000	169.50002	0.0	0.0	0.0	1.0000000
14	13750.0000	11950.000	172.63533	0.0	0.0	0.0	1.0000000
14	13838.0957	11953.123	165.46208	0.0	0.0	0.0	1.0000000
24	13998.4971	12471.423	-165.49997	0.0	0.0	210.0	2.1399989
24	13312.4092	12475.380	-128.71875	0.0	0.0	180.0	2.2799988
24	13557.3271	11881.393	-165.49997	0.0	0.0	180.0	1.6999993
24	13582.5537	11595.680	-165.49994	70.0	0.0	210.0	2.1399989
24	13669.7959	11674.130	-165.49991	70.0	0.0	240.0	2.0799990
24	14185.5410	12313.154	-115.49994	40.0	0.0	180.0	1.4399996
46	14114.7168	11651.952	204.83640	0.0	0.0	30.0	1.0000000
46	13200.0000	11650.000	210.29520	0.0	0.0	120.0	1.0000000
47	13200.0000	11550.000	196.69260	0.0	0.0	120.0	1.0000000
47	13200.0000	11600.000	194.56036	0.0	0.0	120.0	1.0000000
47	13050.0000	11650.000	188.88808	0.0	0.0	210.0	1.0000000
47	13250.0000	11700.000	180.02132	0.0	0.0	360.0	1.0000000
47	14181.5195	11636.941	200.68376	0.0	0.0	360.0	1.0000000
47	14090.9844	11608.534	194.18185	0.0	0.0	450.0	1.0000000
42	13956.2520	11356.784	169.21068	0.0	0.0	0.0	1.0000000
3	13350.0000	13950.000	169.49998	0.0	0.0	180.0	1.0000000
3	13350.0000	14350.000	169.49998	0.0	0.0	180.0	1.0000000
0	13150.0000	13950.000	169.49998	0.0	0.0	0.0	1.0000000
3	12950.0000	13950.000	169.50003	0.0	0.0	180.0	1.0000000
3	12850.0000	13950.000	169.50003	0.0	0.0	-180.0	1.0000000
0	13350.0000	14150.000	169.50003	0.0	0.0	90.0	1.0000000
0	14250.0000	12850.000	169.50000	0.0	0.0	90.0	1.0000000
3	14250.0000	13050.000	169.50003	0.0	0.0	-270.0	1.0000000
46	14350.0000	12900.000	177.57716	0.0	0.0	30.0	1.0000000
45	14350.0000	13000.000	180.83807	0.0	0.0	30.0	1.0000000
3	13350.0000	14750.000	169.50000	0.0	0.0	180.0	1.0000000
3	13350.0000	15150.000	169.50000	0.0	0.0	180.0	1.0000000
0	13350.0000	14550.000	169.50003	0.0	0.0	90.0	1.0000000
0	13350.0000	15750.000	169.49997	0.0	0.0	90.0	1.0000000
0	13750.0000	15550.000	169.50000	0.0	0.0	360.0	1.0000000
0	13450.0000	15550.000	169.49997	0.0	0.0	360.0	1.0000000
0	13350.0000	15350.000	169.50000	0.0	0.0	90.0	1.0000000
3	13350.0000	15550.000	169.49998	0.0	0.0	360.0	1.0000000
0	13850.0000	14450.000	169.49997	0.0	0.0	360.0	1.0000000
0	13550.0000	14450.000	169.49997	0.0	0.0	360.0	1.0000000
0	13950.0000	15350.000	169.49995	0.0	0.0	450.0	1.0000000
3	13950.0000	15150.000	169.49997	0.0	0.0	450.0	1.0000000
3	13950.0000	15550.000	169.49997	0.0	0.0	450.0	1.0000000
0	13950.0000	14950.000	169.50003	0.0	0.0	450.0	1.0000000
0	13950.0000	14650.000	169.50005	0.0	0.0	450.0	1.0000000
3	13350.0000	15950.000	169.50002	0.0	0.0	450.0	1.0000000
0	13350.0000	16150.000	169.49997	0.0	0.0	90.0	1.0000000
0	13350.0000	16550.000	169.50002	0.0	0.0	90.0	1.0000000
0	13350.0000	16950.000	169.50003	0.0	0.0	90.0	1.0000000
0	13350.0000	17350.000	169.49998	0.0	0.0	90.0	1.0000000
3	13350.0000	17550.000	169.50002	0.0	0.0	450.0	1.0000000
3	13350.0000	17150.000	169.50000	0.0	0.0	450.0	1.0000000
3	13350.0000	16750.000	169.49995	0.0	0.0	450.0	1.0000000
3	13350.0000	16350.000	169.49998	0.0	0.0	450.0	1.0000000
0	13350.0000	17750.000	169.49997	0.0	0.0	90.0	1.0000000
0	13350.0000	18150.000	169.49998	0.0	0.0	90.0	1.0000000
0	13550.0000	18350.000	169.50000	0.0	0.0	360.0	1.0000000
0	13950.0000	18350.000	169.50003	0.0	0.0	360.0	1.0000000
0	14350.0000	18350.000	169.49997	0.0	0.0	360.0	1.0000000
10	13750.0000	19000.000	169.49998	0.0	0.0	90.0	1.0000000
10	13600.0000	18850.000	169.50005	0.0	0.0	0.0	1.0000000
36	13450.0000	18850.000	169.49998	0.0	0.0	0.0	1.0000000
36	13750.0000	18850.000	169.49998	0.0	0.0	0.0	1.0000000
36	12950.0000	18850.000	169.50002	0.0	0.0	0.0	1.0000000
10	12950.0000	19000.000	169.49997	0.0	0.0	90.0	1.0000000
36	13750.0000	19150.000	169.49997	0.0	0.0	0.0	1.0000000
10	13950.0000	19150.000	169.49998	0.0	0.0	0.0	1.0000000
36	14150.0000	19150.000	169.49998	0.0	0.0	0.0	1.0000000
3	14150.0000	18350.000	169.50003	0.0	0.0	450.0	1.0000000
3	13350.0000	17950.000	169.50002	0.0	0.0	450.0	1.0000000
3	13350.0000	18350.000	169.50000	0.0	0.0	450.0	1.0000000
3	13750.0000	18350.000	169.50003	0.0	0.0	450.0	1.0000000
42	12953.1396	17651.648	169.49997	-360.0	0.0	390.0	1.0000000
36	12950.0000	19200.000	169.50002	0.0	0.0	0.0	1.0000000
6	13950.0000	20650.000	169.50000	0.0	0.0	90.0	1.0000000
5	13950.0000	20450.000	169.50002	0.0	0.0	90.0	1.0000000
14	14350.0000	20450.000	169.50003	0.0	0.0	180.0	1.0000000
14	13850.0000	20450.000	169.50002	0.0	0.0	180.0	1.0000000
5	13750.0000	20350.000	169.50000	0.0	0.0	180.0	1.0000000
5	13750.0000	20050.000	169.50005	0.0	0.0	180.0	1.0000000
14	13750.0000	20150.000	169.50003	0.0	0.0	180.0	1.0000000
14	13750.0000	20250.000	169.50000	0.0	0.0	180.0	1.0000000
10	13750.0000	20200.000	169.50003	0.0	0.0	90.0	1.0000000
10	13150.0000	20400.000	169.49997	0.0	0.0	0.0	1.0000000
36	13750.0000	20000.000	169.50003	0.0	0.0	0.0	1.0000000
36	13750.0000	20350.000	169.49998	0.0	0.0	0.0	1.0000000
36	13350.0000	20400.000	169.49998	0.0	0.0	0.0	1.0000000
36	12950.0000	19600.000	169.49998	0.0	0.0	0.0	1.0000000
36	12950.0000	20000.000	169.50003	0.0	0.0	0.0	1.0000000
36	12950.0000	20400.000	169.49998	0.0	0.0	0.0	1.0000000
10	12950.0000	20200.000	169.49997	0.0	0.0	90.0	1.0000000
10	12950.0000	19800.000	169.49997	0.0	0.0	90.0	1.0000000
10	12950.0000	19400.000	169.49997	0.0	0.0	90.0	1.0000000
36	13750.0000	19650.000	169.50000	0.0	0.0	0.0	1.0000000
10	13950.0000	20000.000	169.49997	0.0	0.0	0.0	1.0000000
5	14250.0000	20450.000	169.49998	0.0	0.0	90.0	1.0000000
10	14350.0000	20000.000	169.49997	0.0	0.0	0.0	1.0000000
10	13750.0000	19800.000	169.50002	0.0	0.0	90.0	1.0000000
36	14150.0000	20000.000	169.50002	0.0	0.0	90.0	1.0000000
42	13348.6748	19649.301	169.82288	-360.0	0.0	390.0	1.0000000
42	14248.4541	19635.012	164.96155	-360.0	0.0	390.0	1.0000000
9	13200.0000	21550.000	169.50002	0.0	0.0	0.0	1.0000000
9	13700.0000	21550.000	169.50002	0.0	0.0	0.0	1.0000000
9	13700.0000	21050.000	169.50003	0.0	0.0	0.0	1.0000000
9	13200.0000	21050.000	169.50002	0.0	0.0	0.0	1.0000000
5	13750.0000	22150.000	169.50000	0.0	0.0	90.0	1.0000000
5	14050.0000	21650.000	169.50000	0.0	0.0	0.0	1.0000000
6	13950.0000	21450.000	169.50003	0.0	0.0	90.0	1.0000000
6	13950.0000	21050.000	169.50000	0.0	0.0	90.0	1.0000000
5	13950.0000	21250.000	169.50000	0.0	0.0	90.0	1.0000000
5	13950.0000	20850.000	169.50003	0.0	0.0	90.0	1.0000000
13	13300.0000	22050.000	169.49997	0.0	0.0	180.0	1.0000000
13	13000.0000	22050.000	169.43750	0.0	0.0	180.0	1.0000000
14	13750.0000	22250.000	169.50002	0.0	0.0	180.0	1.0000000
14	13750.0000	22350.000	169.50000	0.0	0.0	180.0	1.0000000
24	13249.2012	21144.344	-365.49997	75.0	0.0	180.0	2.1199989
24	14394.3799	21431.258	-365.49997	65.0	0.0	360.0	3.6399975
11	13353.7334	22245.852	28.80605	-40.0	0.0	90.0	1.5599995
11	14008.8477	22170.621	-10.50000	-20.0	0.0	30.0	1.6999993
40	12850.0000	21250.000	169.50000	-360.0	0.0	360.0	1.0000000
40	13050.0000	21350.000	169.50002	-360.0	0.0	360.0	1.0000000
40	14350.0000	21450.000	169.50002	-360.0	0.0	360.0	1.0000000
13	14300.0000	22050.000	169.50002	-360.0	0.0	900.0	1.0000000
13	14050.0000	22050.000	169.50003	-360.0	0.0	900.0	1.0000000
3	13850.0000	22850.000	169.49997	0.0	0.0	0.0	1.0000000
0	14050.0000	22850.000	169.49998	0.0	0.0	0.0	1.0000000
2	14300.0000	22900.000	169.50003	0.0	0.0	0.0	1.0000000
2	12900.0000	22900.000	169.50000	0.0	0.0	0.0	1.0000000
0	13150.0000	22850.000	169.50000	0.0	0.0	0.0	1.0000000
3	13350.0000	22850.000	169.49997	0.0	0.0	0.0	1.0000000
3	12950.0000	23550.000	169.49997	0.0	0.0	0.0	1.0000000
5	13050.0000	22750.000	169.49997	0.0	0.0	0.0	1.0000000
6	13200.0000	22850.000	169.49998	0.0	0.0	0.0	1.0000000
5	12950.0000	22750.000	169.50003	0.0	0.0	450.0	1.0000000
5	12850.0000	22750.000	169.50002	0.0	0.0	450.0	1.0000000
5	13750.0000	22750.000	169.50000	0.0	0.0	90.0	1.0000000
5	13750.0000	22450.000	169.50003	0.0	0.0	90.0	1.0000000
5	13850.0000	22850.000	169.50003	0.0	0.0	90.0	1.0000000
6	14000.0000	22850.000	169.49997	0.0	0.0	0.0	1.0000000
6	14300.0000	22850.000	169.50000	0.0	0.0	0.0	1.0000000
10	13150.0000	23550.000	169.49997	0.0	0.0	0.0	1.0000000
10	13550.0000	23550.000	169.50003	0.0	0.0	0.0	1.0000000
3	13750.0000	23550.000	169.50005	0.0	0.0	-180.0	1.0000000
3	13350.0000	23550.000	169.49998	0.0	0.0	180.0	1.0000000
3	14150.0000	23550.000	169.49997	0.0	0.0	360.0	1.0000000
10	14150.0000	23750.000	169.50005	0.0	0.0	450.0	1.0000000
10	13950.0000	23550.000	169.50005	0.0	0.0	360.0	1.0000000
3	12950.0000	23950.000	169.49997	0.0	0.0	180.0	1.0000000
3	14150.0000	23950.000	169.49997	0.0	0.0	90.0	1.0000000
1	14217.7393	23789.404	389.48553	-35.0	0.0	30.0	0.5400004
1	13089.8623	23468.863	394.48557	-35.0	0.0	30.0	0.6800003
14	13750.0000	22550.000	169.50000	0.0	0.0	180.0	1.0000000
14	13750.0000	22650.000	169.50000	0.0	0.0	180.0	1.0000000
1	13021.0723	23782.566	399.22137	0.0	0.0	90.0	0.6000004
4	13050.0000	23900.000	164.87212	0.0	0.0	150.0	1.0000000
4	13750.0000	23700.000	169.50002	0.0	0.0	150.0	1.0000000
31	13048.9814	23939.215	178.76749	10.0	0.0	480.0	1.0000000
41	13000.0000	23950.000	169.50000	0.0	0.0	90.0	1.0000000
42	13850.0000	23750.000	169.50000	0.0	0.0	90.0	1.0000000
24	14239.5410	22468.953	-210.49998	0.0	0.0	150.0	2.2599988
24	12866.3389	22493.045	-80.50000	-20.0	0.0	180.0	2.1799989
0	13950.0000	25150.000	169.49998	0.0	0.0	360.0	1.0000000
0	13550.0000	25150.000	169.50002	0.0	0.0	360.0	1.0000000
0	12850.0000	25150.000	169.50003	0.0	0.0	360.0	1.0000000
3	13350.0000	25150.000	169.49997	0.0	0.0	270.0	1.0000000
3	13750.0000	25150.000	169.49997	0.0	0.0	270.0	1.0000000
3	14150.0000	25150.000	169.49997	0.0	0.0	270.0	1.0000000
0	14350.0000	25150.000	169.49997	0.0	0.0	360.0	1.0000000
3	12950.0000	24350.000	169.50000	0.0	0.0	180.0	1.0000000
3	12950.0000	24750.000	169.50003	0.0	0.0	180.0	1.0000000
3	12950.0000	25150.000	169.50000	0.0	0.0	360.0	1.0000000
10	12950.0000	24950.000	169.49998	0.0	0.0	450.0	1.0000000
10	12950.0000	24150.000	169.50000	0.0	0.0	450.0	1.0000000
3	14150.0000	24350.000	169.50000	0.0	0.0	90.0	1.0000000
10	14150.0000	24550.000	169.50000	0.0	0.0	450.0	1.0000000
10	14150.0000	24950.000	169.49997	0.0	0.0	450.0	1.0000000
3	14150.0000	24750.000	169.49998	0.0	0.0	540.0	1.0000000
8	13350.0000	24650.000	169.49997	0.0	0.0	360.0	1.0000000
8	13350.0000	24350.000	169.49997	0.0	0.0	360.0	1.0000000
1	13695.6475	24503.123	220.90283	-35.0	0.0	30.0	0.4400004
1	13605.9297	24295.396	236.82770	-35.0	0.0	60.0	0.3600004
1	13001.6221	24067.695	249.48558	-35.0	0.0	30.0	0.6800003
1	13091.2383	24962.717	304.48560	-35.0	0.0	30.0	0.8600001
1	14215.3672	24997.543	139.48558	-35.0	0.0	30.0	1.0000000
4	13400.0000	24150.000	169.49997	0.0	0.0	0.0	1.0000000
4	13750.0000	24350.000	172.52905	0.0	0.0	90.0	1.0000000
4	13500.0000	24300.000	180.27240	0.0	0.0	150.0	1.0000000
4	13700.0000	24450.000	189.32582	0.0	0.0	150.0	1.0000000
22	13262.2227	24218.707	219.50002	0.0	0.0	780.0	1.0000000
23	13192.9766	24598.107	217.82968	0.0	0.0	750.0	1.0000000
24	13497.7939	24727.744	284.43619	-5.0	0.0	810.0	1.0000000
8	13500.0000	24500.000	198.93457	0.0	0.0	540.0	1.9999990
8	13650.0000	24350.000	187.69508	0.0	0.0	360.0	1.0000000
23	13765.0791	24353.779	251.59525	0.0	0.0	900.0	0.7200003
8	13650.0000	24650.000	171.15536	0.0	0.0	360.0	1.0000000
22	13747.9775	24753.408	219.49995	10.0	0.0	570.0	0.8000002
31	13463.1348	24306.359	134.10008	-35.0	0.0	30.0	1.0000000
31	13483.2656	24294.334	130.23502	-35.0	0.0	60.0	1.0000000
31	13518.9170	24270.889	126.37576	-35.0	0.0	30.0	1.0000000
31	13016.8896	25083.109	169.49998	0.0	0.0	330.0	1.0000000
31	13000.3115	24989.779	169.50000	0.0	0.0	480.0	1.0000000
8	13500.0000	24950.000	179.60011	5.0	0.0	720.0	1.3399997
47	13614.8594	24206.996	169.91975	0.0	0.0	0.0	1.0000000
47	13787.3477	24566.264	172.15704	0.0	0.0	0.0	1.0000000
47	13100.0000	24900.000	169.50002	0.0	0.0	60.0	1.0000000
47	13776.4375	24367.045	200.91374	-185.0	0.0	-30.0	1.0000000
46	13533.7939	24312.822	182.06345	10.0	0.0	-300.0	1.0000000
46	13449.3047	24315.566	212.07089	10.0	0.0	-300.0	1.0000000
45	12995.0928	24275.000	184.50002	10.0	0.0	-330.0	1.0000000
44	13800.0000	24950.000	169.50000	0.0	0.0	-30.0	1.0000000
44	13950.0000	24850.000	169.49997	0.0	0.0	210.0	1.0000000
43	13747.7432	25092.275	234.49995	0.0	0.0	0.0	1.0000000
43	13351.2754	25090.188	234.49997	0.0	0.0	0.0	1.0000000
0	13150.0000	25150.000	169.94830	0.0	0.0	360.0	1.0000000
41	13000.0000	24350.000	169.49997	0.0	0.0	90.0	1.0000000
41	13000.0000	24750.000	169.50003	0.0	0.0	90.0	1.0000000
41	14100.0000	24350.000	169.49998	0.0	0.0	-90.0	1.0000000
17	13092.9746	24012.420	169.50006	0.0	0.0	90.0	1.0000000
0	15450.0000	1450.000	169.49997	0.0	0.0	810.0	1.0000000
0	15450.0000	1150.000	169.49995	0.0	0.0	810.0	1.0000000
0	15450.0000	850.000	169.50002	0.0	0.0	810.0	1.0000000
0	15650.0000	650.000	169.50000	0.0	0.0	720.0	1.0000000
0	15950.0000	650.000	169.49998	0.0	0.0	720.0	1.0000000
3	15450.0000	650.000	169.49995	0.0	0.0	-270.0	1.0000000
48	15534.9785	3086.428	213.23067	0.0	0.0	-480.0	1.0000000
48	15468.4434	3018.523	184.77344	5.0	0.0	-1230.0	2.4599986
48	14426.8447	3064.851	159.15958	5.0	0.0	-1230.0	1.9399991
3	14650.0000	2850.000	169.49997	0.0	0.0	-720.0	1.0000000
3	15050.0000	2850.000	169.49998	0.0	0.0	-720.0	1.0000000
0	15250.0000	2850.000	169.50002	0.0	0.0	-720.0	1.0000000
0	14850.0000	2850.000	169.50003	0.0	0.0	-720.0	1.0000000
0	14450.0000	2850.000	169.49998	0.0	0.0	-720.0	1.0000000
3	15450.0000	2850.000	171.38599	0.0	0.0	-630.0	1.0000000
0	15450.0000	2650.000	169.50003	0.0	0.0	810.0	1.0000000
0	15450.0000	2350.000	169.49997	0.0	0.0	810.0	1.0000000
0	15450.0000	2050.000	169.49998	0.0	0.0	810.0	1.0000000
0	15450.0000	1750.000	169.50005	0.0	0.0	810.0	1.0000000
48	14967.0068	3151.155	186.18359	0.0	0.0	-480.0	1.1199999
48	15842.5801	3446.088	190.09964	0.0	0.0	-480.0	1.0000000
48	14616.3193	3564.375	165.54700	0.0	0.0	-660.0	1.2199998
48	15044.5811	3647.543	136.21103	0.0	0.0	-840.0	1.4599996
49	15424.0146	3838.561	180.98735	-25.0	0.0	-690.0	3.5799975
50	14650.0000	4050.000	170.25800	0.0	0.0	0.0	1.0000000
50	14950.0000	4050.000	169.49997	0.0	0.0	0.0	1.0000000
50	15250.0000	4050.000	169.49997	0.0	0.0	0.0	1.0000000
3	15450.0000	4050.000	176.09140	0.0	0.0	-630.0	1.0000000
48	15417.8379	3969.881	178.97719	0.0	0.0	-900.0	1.7999992
0	15450.0000	4250.000	169.50000	0.0	0.0	90.0	1.0000000
0	15450.0000	4550.000	169.49998	0.0	0.0	90.0	1.0000000
0	15650.0000	4750.000	169.50000	0.0	0.0	0.0	1.0000000
0	15950.0000	4750.000	169.50002	0.0	0.0	0.0	1.0000000
3	15450.0000	4750.000	169.50003	0.0	0.0	90.0	1.0000000
41	15953.9414	4656.420	232.17398	-15.0	0.0	0.0	1.0000000
46	15072.9189	3893.903	171.63326	-15.0	0.0	0.0	1.0000000
47	15174.9629	3859.475	170.62671	-15.0	0.0	0.0	1.0000000
0	15950.0000	9050.000	169.50003	0.0	0.0	0.0	1.0000000
0	15650.0000	9050.000	169.49998	0.0	0.0	0.0	1.0000000
0	15450.0000	8850.000	169.49997	0.0	0.0	90.0	1.0000000
0	15250.0000	8650.000	169.50002	0.0	0.0	0.0	1.0000000
0	14950.0000	8650.000	169.50003	0.0	0.0	0.0	1.0000000
0	14650.0000	8650.000	169.50000	0.0	0.0	0.0	1.0000000
0	14450.0000	8450.000	169.49998	0.0	0.0	90.0	1.0000000
3	14450.0000	8650.000	169.49997	0.0	0.0	180.0	1.0000000
3	14450.0000	8250.000	169.50005	0.0	0.0	180.0	1.0000000
3	15450.0000	8650.000	169.50003	0.0	0.0	180.0	1.0000000
3	15450.0000	9050.000	169.50000	0.0	0.0	180.0	1.0000000
47	14696.9951	9589.469	169.39816	0.0	0.0	60.0	1.0000000
47	15882.5225	9217.658	170.19279	0.0	0.0	60.0	1.0000000
47	15892.8701	9334.709	185.05937	0.0	0.0	60.0	1.0000000
47	15815.8369	9287.186	180.81306	0.0	0.0	60.0	1.0000000
46	15001.8486	9246.060	184.18965	0.0	0.0	0.0	1.0000000
47	15005.5869	9224.692	177.31488	0.0	0.0	60.0	1.0000000
47	15007.1523	9248.616	180.16780	0.0	0.0	120.0	1.0000000
42	14648.3164	9464.581	169.39813	0.0	0.0	0.0	1.0000000
0	15750.0000	11050.000	169.50002	0.0	0.0	360.0	1.0000000
0	15450.0000	11050.000	169.50003	0.0	0.0	360.0	1.0000000
3	15250.0000	11050.000	169.50000	0.0	0.0	450.0	1.0000000
0	14550.0000	10950.000	169.50005	0.0	0.0	90.0	1.0000000
0	14650.0000	9950.000	169.49998	0.0	0.0	0.0	1.0000000
0	14950.0000	9950.000	169.50000	0.0	0.0	0.0	1.0000000
0	15250.0000	9950.000	169.50005	0.0	0.0	0.0	1.0000000
0	15450.0000	10150.000	169.50003	0.0	0.0	90.0	1.0000000
0	15650.0000	10350.000	169.49997	0.0	0.0	0.0	1.0000000
0	15950.0000	10350.000	169.50000	0.0	0.0	0.0	1.0000000
3	15450.0000	9950.000	169.50002	0.0	0.0	180.0	1.0000000
3	15450.0000	10350.000	169.49997	0.0	0.0	180.0	1.0000000
3	14550.0000	10750.000	169.50003	0.0	0.0	540.0	1.0000000
47	15817.9932	10251.551	183.22391	0.0	0.0	-60.0	1.0000000
47	14744.7295	9731.279	169.39815	0.0	0.0	60.0	1.0000000
47	15658.7988	10237.040	177.24512	0.0	0.0	60.0	1.0000000
47	15510.9307	9863.038	188.48418	0.0	0.0	60.0	1.0000000
47	15542.0391	10177.055	176.57341	0.0	0.0	60.0	1.0000000
47	15968.1631	10251.922	172.99437	0.0	0.0	60.0	1.0000000
46	15569.0811	10241.168	186.39935	0.0	0.0	60.0	1.0000000
47	15604.1533	10204.202	184.52223	0.0	0.0	60.0	1.0000000
47	14883.8184	9795.698	-458.66168	0.0	0.0	60.0	1.0000000
52	15500.0000	10200.000	175.20152	0.0	0.0	90.0	1.0000000
0	15250.0000	11250.000	169.50003	0.0	0.0	450.0	1.0000000
0	15250.0000	12250.000	169.49997	0.0	0.0	450.0	1.0000000
0	15250.0000	12550.000	169.49998	0.0	0.0	450.0	1.0000000
3	15250.0000	11450.000	169.50000	0.0	0.0	450.0	1.0000000
3	15250.0000	12050.000	169.49997	0.0	0.0	450.0	1.0000000
0	15050.0000	11450.000	169.50002	0.0	0.0	0.0	1.0000000
0	14750.0000	11450.000	169.50003	0.0	0.0	0.0	1.0000000
0	14550.0000	11250.000	169.49995	0.0	0.0	90.0	1.0000000
3	14550.0000	11450.000	169.49998	0.0	0.0	450.0	1.0000000
5	14950.0000	12650.000	169.49998	0.0	0.0	90.0	1.0000000
5	14750.0000	12650.000	169.50003	0.0	0.0	90.0	1.0000000
5	14750.0000	11850.000	169.50002	0.0	0.0	90.0	1.0000000
5	14750.0000	12250.000	169.50003	0.0	0.0	90.0	1.0000000
5	14450.0000	12650.000	169.49997	0.0	0.0	0.0	1.0000000
14	14750.0000	11950.000	169.49997	0.0	0.0	0.0	1.0000000
14	14750.0000	12050.000	169.49995	0.0	0.0	0.0	1.0000000
14	14750.0000	12150.000	169.49998	0.0	0.0	0.0	1.0000000
14	14750.0000	12350.000	169.50000	0.0	0.0	0.0	1.0000000
14	14750.0000	12450.000	169.49997	0.0	0.0	0.0	1.0000000
14	14750.0000	12550.000	169.50002	0.0	0.0	0.0	1.0000000
14	14850.0000	12650.000	169.49997	0.0	0.0	0.0	1.0000000
14	14950.0000	12750.000	169.49997	0.0	0.0	0.0	1.0000000
24	14906.9336	12006.457	-95.49997	70.0	0.0	210.0	1.7199993
24	14950.6885	12181.227	-165.49991	0.0	0.0	210.0	1.9999990
24	14939.3477	12432.131	-115.49994	40.0	0.0	180.0	1.7599993
47	14450.0000	11850.000	173.97307	0.0	0.0	60.0	1.0000000
42	14755.6650	12550.618	169.50089	0.0	0.0	0.0	1.0000000
47	14400.0000	12800.000	184.67693	0.0	0.0	-30.0	1.0000000
0	15950.0000	13050.000	169.50002	0.0	0.0	0.0	1.0000000
0	15650.0000	13050.000	169.49998	0.0	0.0	0.0	1.0000000
0	15350.0000	13050.000	169.50000	0.0	0.0	0.0	1.0000000
0	15050.0000	13050.000	169.50003	0.0	0.0	0.0	1.0000000
0	14750.0000	13050.000	169.49998	0.0	0.0	0.0	1.0000000
0	14450.0000	13050.000	169.50003	0.0	0.0	0.0	1.0000000
0	15250.0000	12850.000	169.50002	0.0	0.0	450.0	1.0000000
5	14950.0000	12950.000	169.49998	0.0	0.0	90.0	1.0000000
6	15100.0000	13050.000	169.49998	0.0	0.0	0.0	1.0000000
14	14950.0000	12850.000	169.49997	0.0	0.0	0.0	1.0000000
47	14500.0000	12900.000	180.78761	0.0	0.0	120.0	1.0000000
0	15150.0000	15750.000	169.49997	0.0	0.0	450.0	1.0000000
0	14950.0000	15550.000	169.49998	0.0	0.0	360.0	1.0000000
0	14650.0000	15550.000	169.49997	0.0	0.0	360.0	1.0000000
3	15150.0000	15550.000	169.50000	0.0	0.0	360.0	1.0000000
0	15850.0000	14450.000	169.49997	0.0	0.0	360.0	1.0000000
0	15600.0000	14450.000	169.49997	0.0	0.0	360.0	1.0000000
0	15300.0000	14450.000	169.49997	0.0	0.0	360.0	1.0000000
0	15050.0000	14450.000	169.49997	0.0	0.0	360.0	1.0000000
0	15150.0000	15350.000	169.50000	0.0	0.0	-630.0	1.0000000
0	14450.0000	15350.000	169.49998	0.0	0.0	450.0	1.0000000
0	14450.0000	14650.000	169.49997	0.0	0.0	-630.0	1.0000000
0	14450.0000	15050.000	169.49998	0.0	0.0	-630.0	1.0000000
3	14450.0000	14850.000	169.50002	0.0	0.0	-630.0	1.0000000
3	14450.0000	15550.000	169.49998	0.0	0.0	-630.0	1.0000000
0	14650.0000	14450.000	169.50002	0.0	0.0	360.0	1.0000000
3	14450.0000	14450.000	169.49998	0.0	0.0	360.0	1.0000000
3	14850.0000	14450.000	169.50000	0.0	0.0	360.0	1.0000000
3	15150.0000	15150.000	169.49997	0.0	0.0	360.0	1.0000000
3	15150.0000	15050.000	169.49997	0.0	0.0	450.0	1.0000000
44	14735.0410	15309.540	100.43118	50.0	0.0	-390.0	1.0000000
44	14546.5723	15357.141	132.06995	25.0	0.0	-210.0	1.0000000
50	15150.0000	17350.000	169.50000	0.0	0.0	450.0	1.0000000
50	15150.0000	17050.000	169.49997	0.0	0.0	450.0	1.0000000
50	15200.0000	16750.000	169.49997	0.0	0.0	480.0	1.0000000
50	15350.0000	16500.000	169.49998	0.0	0.0	480.0	1.0000000
0	15300.0000	16300.000	169.49998	0.0	0.0	390.0	1.0000000
0	15150.0000	16050.000	169.49998	0.0	0.0	450.0	1.0000000
3	15450.0000	16400.000	169.49997	0.0	0.0	360.0	1.0000000
48	15350.0000	17500.000	169.50000	0.0	0.0	30.0	2.1999989
48	15831.4805	16375.645	163.06308	0.0	0.0	30.0	1.0000000
49	15500.0000	16450.000	169.50003	0.0	0.0	150.0	3.7599974
0	14750.0000	18350.000	169.50002	0.0	0.0	360.0	1.0000000
50	15950.0000	17850.000	169.49998	0.0	0.0	360.0	1.0000000
50	15650.0000	17850.000	169.50003	0.0	0.0	360.0	1.0000000
50	15350.0000	17850.000	169.50000	0.0	0.0	360.0	1.0000000
50	15150.0000	17650.000	169.49998	0.0	0.0	450.0	1.0000000
36	14550.0000	19150.000	169.50002	0.0	0.0	0.0	1.0000000
10	14750.0000	19150.000	169.49998	0.0	0.0	0.0	1.0000000
10	15550.0000	19150.000	169.49998	0.0	0.0	0.0	1.0000000
36	14950.0000	19150.000	169.50005	0.0	0.0	90.0	1.0000000
36	15350.0000	19150.000	169.49997	0.0	0.0	90.0	1.0000000
36	15750.0000	19150.000	169.49998	0.0	0.0	90.0	1.0000000
0	15050.0000	18350.000	169.49998	0.0	0.0	360.0	1.0000000
0	15350.0000	18350.000	169.50003	0.0	0.0	360.0	1.0000000
3	14550.0000	18350.000	169.50000	0.0	0.0	450.0	1.0000000
3	15550.0000	18350.000	169.50000	0.0	0.0	450.0	1.0000000
0	15850.0000	18350.000	169.50000	0.0	0.0	360.0	1.0000000
3	15650.0000	18350.000	169.50003	0.0	0.0	270.0	1.0000000
10	15750.0000	18950.000	169.50000	0.0	0.0	90.0	1.0000000
10	15750.0000	18550.000	169.50002	0.0	0.0	90.0	1.0000000
38	15350.0000	18800.000	169.49998	0.0	0.0	450.0	1.0000000
38	15900.0000	19150.000	169.49997	0.0	0.0	360.0	1.0000000
38	14550.0000	19000.000	169.50000	0.0	0.0	450.0	1.0000000
38	14950.0000	19000.000	169.50002	0.0	0.0	450.0	1.0000000
38	14850.0000	18900.000	169.50003	0.0	0.0	360.0	1.0000000
38	14650.0000	18900.000	169.49997	0.0	0.0	360.0	1.0000000
38	15350.0000	18600.000	169.50002	0.0	0.0	450.0	1.0000000
38	15350.0000	18500.000	169.49997	0.0	0.0	450.0	1.0000000
38	15350.0000	19000.000	169.50002	0.0	0.0	450.0	1.0000000
36	15750.0000	18750.000	169.50002	-360.0	0.0	360.0	1.0000000
48	15700.0000	17750.000	169.50003	0.0	0.0	30.0	1.8999991
8	15550.0146	18973.607	169.89578	0.0	0.0	0.0	1.0000000
8	15545.0996	18642.479	169.89584	0.0	0.0	0.0	1.0000000
22	15537.8818	18801.518	239.50008	0.0	0.0	-90.0	1.0000000
11	15429.5996	18617.006	171.77559	0.0	0.0	150.0	1.0000000
11	15875.0244	19024.080	169.12495	0.0	0.0	0.0	1.0000000
11	15765.2051	18950.264	169.49998	0.0	0.0	-90.0	1.0000000
11	15874.4844	18710.662	169.50000	0.0	0.0	-270.0	1.2399998
11	15938.1816	18851.141	169.50003	0.0	0.0	0.0	1.0000000
27	15935.7920	19033.545	169.49998	0.0	0.0	60.0	1.0000000
27	15687.3486	19044.684	160.39084	0.0	0.0	150.0	1.0000000
46	15501.1055	18807.623	169.49992	0.0	0.0	0.0	1.0000000
7	15950.0000	19000.000	169.50003	0.0	0.0	0.0	1.0000000
7	15700.0000	18850.000	169.49998	0.0	0.0	-90.0	1.0000000
7	15450.0000	18650.000	169.49998	0.0	0.0	-90.0	1.0000000
5	15250.0000	20450.000	169.50003	0.0	0.0	0.0	1.0000000
5	15450.0000	20450.000	169.50003	0.0	0.0	0.0	1.0000000
5	15050.0000	20450.000	169.49998	0.0	0.0	0.0	1.0000000
5	15050.0000	20650.000	169.50003	0.0	0.0	0.0	1.0000000
5	14750.0000	20450.000	169.50002	0.0	0.0	0.0	1.0000000
5	14950.0000	20450.000	169.50000	0.0	0.0	0.0	1.0000000
5	14550.0000	20450.000	169.50000	0.0	0.0	0.0	1.0000000
14	14450.0000	20750.000	169.50005	0.0	0.0	180.0	1.0000000
14	14450.0000	20450.000	169.50002	0.0	0.0	180.0	1.0000000
14	14650.0000	20450.000	169.49997	0.0	0.0	180.0	1.0000000
14	14750.0000	20550.000	169.49997	0.0	0.0	180.0	1.0000000
14	15050.0000	20550.000	169.50002	0.0	0.0	180.0	1.0000000
10	15750.0000	19350.000	169.49997	0.0	0.0	90.0	1.0000000
36	15750.0000	19550.000	169.50002	0.0	0.0	90.0	1.0000000
36	15750.0000	20000.000	169.50005	0.0	0.0	90.0	1.0000000
36	14550.0000	20000.000	169.49998	0.0	0.0	90.0	1.0000000
10	14750.0000	20000.000	169.49997	0.0	0.0	0.0	1.0000000
36	14950.0000	20000.000	169.49998	0.0	0.0	90.0	1.0000000
10	15150.0000	20000.000	169.49997	0.0	0.0	0.0	1.0000000
36	15350.0000	20000.000	169.49995	0.0	0.0	90.0	1.0000000
10	15550.0000	20000.000	169.49997	0.0	0.0	0.0	1.0000000
36	15750.0000	20350.000	169.49998	0.0	0.0	360.0	1.0000000
10	15750.0000	20150.000	169.49998	0.0	0.0	90.0	1.0000000
38	14950.0000	19850.000	169.50002	0.0	0.0	270.0	1.0000000
38	15900.0000	20350.000	169.49997	0.0	0.0	360.0	1.0000000
24	14804.3594	20153.531	34.49997	-35.0	0.0	0.0	1.7399993
38	14850.0000	19750.000	169.50003	0.0	0.0	360.0	1.0000000
38	14650.0000	19750.000	169.49998	0.0	0.0	360.0	1.0000000
38	14550.0000	19850.000	169.50002	0.0	0.0	450.0	1.0000000
14	15050.0000	20750.000	169.50000	-360.0	0.0	990.0	1.0000000
14	15150.0000	20450.000	169.50000	-360.0	0.0	990.0	1.0000000
5	15850.0000	22250.000	169.50003	0.0	0.0	0.0	1.0000000
5	15850.0000	22150.000	169.50002	0.0	0.0	0.0	1.0000000
5	15650.0000	22250.000	169.50002	0.0	0.0	0.0	1.0000000
5	15550.0000	22250.000	169.49997	0.0	0.0	0.0	1.0000000
5	15650.0000	22050.000	169.50003	0.0	0.0	0.0	1.0000000
5	15850.0000	21950.000	169.50002	0.0	0.0	0.0	1.0000000
6	15850.0000	21750.000	169.50000	0.0	0.0	90.0	1.0000000
6	15850.0000	21450.000	169.50002	0.0	0.0	90.0	1.0000000
6	15850.0000	21150.000	169.49995	0.0	0.0	90.0	1.0000000
6	15050.0000	22050.000	169.50003	0.0	0.0	90.0	1.0000000
6	15050.0000	21650.000	169.50002	0.0	0.0	90.0	1.0000000
5	15050.0000	21850.000	169.50002	0.0	0.0	90.0	1.0000000
5	15050.0000	22250.000	169.50003	0.0	0.0	90.0	1.0000000
5	15050.0000	21450.000	169.50002	0.0	0.0	90.0	1.0000000
4	15600.0000	21950.000	169.49997	0.0	0.0	-90.0	1.0000000
13	15550.0000	21950.000	169.50000	0.0	0.0	-90.0	1.0000000
13	15550.0000	21650.000	169.49997	0.0	0.0	-90.0	1.0000000
13	14850.0000	22050.000	169.50000	0.0	0.0	-90.0	1.0000000
13	14850.0000	21650.000	169.50003	0.0	0.0	-90.0	1.0000000
5	15350.0000	21050.000	169.49998	0.0	0.0	0.0	1.0000000
5	15350.0000	21350.000	169.50002	0.0	0.0	0.0	1.0000000
5	15150.0000	21050.000	169.49997	0.0	0.0	90.0	1.0000000
5	15050.0000	20850.000	169.50000	0.0	0.0	90.0	1.0000000
5	14450.0000	22050.000	169.49997	0.0	0.0	90.0	1.0000000
5	14450.0000	21750.000	169.50000	0.0	0.0	90.0	1.0000000
5	14450.0000	21450.000	169.50002	0.0	0.0	90.0	1.0000000
5	14450.0000	21150.000	169.50000	0.0	0.0	90.0	1.0000000
5	14450.0000	20850.000	169.49997	0.0	0.0	90.0	1.0000000
14	14450.0000	21950.000	169.49997	0.0	0.0	180.0	1.0000000
14	14450.0000	21850.000	169.50005	0.0	0.0	180.0	1.0000000
14	14450.0000	21550.000	169.49998	0.0	0.0	180.0	1.0000000
14	14450.0000	21650.000	169.50003	0.0	0.0	180.0	1.0000000
14	14450.0000	21250.000	169.50000	0.0	0.0	180.0	1.0000000
14	14450.0000	21350.000	169.50000	0.0	0.0	180.0	1.0000000
14	14450.0000	20950.000	169.50000	0.0	0.0	180.0	1.0000000
14	14450.0000	21050.000	169.50002	0.0	0.0	180.0	1.0000000
14	14950.0000	20850.000	169.49997	0.0	0.0	180.0	1.0000000
14	15050.0000	20950.000	169.50002	0.0	0.0	180.0	1.0000000
14	15250.0000	21050.000	169.50000	0.0	0.0	180.0	1.0000000
14	15250.0000	21150.000	169.49998	0.0	0.0	180.0	1.0000000
14	15250.0000	21250.000	169.50002	0.0	0.0	180.0	1.0000000
11	14685.4092	21509.031	-5.49997	0.0	0.0	60.0	1.4199996
14	15750.0000	22350.000	169.49998	-360.0	0.0	1080.0	1.0000000
14	15750.0000	22050.000	169.50002	-360.0	0.0	1080.0	1.0000000
13	14850.0000	21300.000	169.49998	-360.0	0.0	990.0	1.0000000
13	14850.0000	21100.000	169.50002	-360.0	0.0	990.0	1.0000000
13	14850.0000	20850.000	169.49997	-360.0	0.0	990.0	1.0000000
5	15850.0000	20850.000	169.49998	-360.0	0.0	990.0	1.0000000
14	15850.0000	20950.000	169.50000	-360.0	0.0	990.0	1.0000000
0	14550.0000	22850.000	169.50002	0.0	0.0	0.0	1.0000000
3	14750.0000	22850.000	169.49997	0.0	0.0	0.0	1.0000000
0	14750.0000	23750.000	169.50003	0.0	0.0	90.0	1.0000000
2	14700.0000	23000.000	169.50002	0.0	0.0	90.0	1.0000000
0	14750.0000	23350.000	169.50000	0.0	0.0	90.0	1.0000000
3	14750.0000	23150.000	169.50000	0.0	0.0	90.0	1.0000000
3	14750.0000	23550.000	169.50003	0.0	0.0	90.0	1.0000000
5	15950.0000	23350.000	169.49997	0.0	0.0	0.0	1.0000000
5	15750.0000	23350.000	169.50003	0.0	0.0	0.0	1.0000000
5	15750.0000	23450.000	169.50002	0.0	0.0	0.0	1.0000000
5	15650.0000	23250.000	169.49998	0.0	0.0	0.0	1.0000000
5	15650.0000	23150.000	169.49998	0.0	0.0	0.0	1.0000000
5	15850.0000	23050.000	169.49997	0.0	0.0	0.0	1.0000000
5	15850.0000	22850.000	169.49997	0.0	0.0	0.0	1.0000000
5	15850.0000	22650.000	169.49997	0.0	0.0	0.0	1.0000000
5	15750.0000	22450.000	169.49998	0.0	0.0	0.0	1.0000000
5	15750.0000	23050.000	169.50002	0.0	0.0	0.0	1.0000000
5	15650.0000	23050.000	169.49998	0.0	0.0	0.0	1.0000000
5	15550.0000	23050.000	169.49997	0.0	0.0	0.0	1.0000000
6	15050.0000	22450.000	169.50000	0.0	0.0	90.0	1.0000000
5	15050.0000	22650.000	169.49997	0.0	0.0	90.0	1.0000000
6	15050.0000	23250.000	169.50000	0.0	0.0	90.0	1.0000000
5	15050.0000	23050.000	169.50000	0.0	0.0	90.0	1.0000000
6	15050.0000	23650.000	169.50000	0.0	0.0	90.0	1.0000000
5	15050.0000	23450.000	169.50000	0.0	0.0	90.0	1.0000000
4	15600.0000	23450.000	169.50000	0.0	0.0	-90.0	1.0000000
13	14850.0000	22450.000	169.50000	0.0	0.0	-90.0	1.0000000
5	14750.0000	22850.000	169.50002	0.0	0.0	90.0	1.0000000
6	14550.0000	22850.000	169.50000	0.0	0.0	0.0	1.0000000
6	15350.0000	23850.000	169.49997	0.0	0.0	0.0	1.0000000
6	15750.0000	23850.000	169.49997	0.0	0.0	0.0	1.0000000
5	15950.0000	23850.000	169.49998	0.0	0.0	0.0	1.0000000
5	15550.0000	23850.000	169.50002	0.0	0.0	0.0	1.0000000
5	15150.0000	23850.000	169.50003	0.0	0.0	0.0	1.0000000
3	14750.0000	23950.000	169.50002	0.0	0.0	90.0	1.0000000
11	15386.2100	23392.645	74.50003	0.0	0.0	0.0	1.4399996
6	15050.0000	22850.000	169.49997	0.0	0.0	90.0	1.0000000
24	15227.3447	22919.814	-675.50000	-20.0	0.0	210.0	2.9799981
41	14827.1064	23155.021	184.49997	-360.0	0.0	1170.0	1.0000000
14	15850.0000	23350.000	169.50003	-360.0	0.0	1080.0	1.0000000
14	15750.0000	22750.000	169.49998	-360.0	0.0	1080.0	1.0000000
14	15750.0000	22550.000	169.50003	-360.0	0.0	1080.0	1.0000000
14	15750.0000	22950.000	169.49997	-360.0	0.0	1080.0	1.0000000
40	15550.0000	23050.000	169.49998	-360.0	0.0	1260.0	1.0000000
0	14750.0000	24950.000	169.50002	0.0	0.0	90.0	1.0000000
0	14750.0000	24550.000	169.49997	0.0	0.0	90.0	1.0000000
0	14750.0000	24150.000	169.50000	0.0	0.0	90.0	1.0000000
3	14750.0000	24350.000	169.49997	0.0	0.0	90.0	1.0000000
3	14750.0000	24750.000	169.50002	0.0	0.0	90.0	1.0000000
3	14750.0000	25150.000	169.50003	0.0	0.0	90.0	1.0000000
3	15550.0000	25150.000	169.50003	0.0	0.0	-90.0	1.0000000
0	15750.0000	25150.000	169.50000	0.0	0.0	0.0	1.0000000
3	15950.0000	25150.000	169.50003	0.0	0.0	-90.0	1.0000000
0	14950.0000	25150.000	169.50002	0.0	0.0	0.0	1.0000000
0	15350.0000	25150.000	169.50005	0.0	0.0	0.0	1.0000000
3	15150.0000	25150.000	169.50000	0.0	0.0	-90.0	1.0000000
3	14550.0000	25150.000	169.49995	0.0	0.0	450.0	1.0000000
3	14650.0000	25150.000	169.50000	0.0	0.0	450.0	1.0000000
0	14950.0000	24350.000	169.50000	0.0	0.0	0.0	1.0000000
3	15150.0000	24350.000	169.49998	0.0	0.0	-90.0	1.0000000
0	15350.0000	24350.000	169.50005	0.0	0.0	0.0	1.0000000
3	15550.0000	24350.000	169.49997	0.0	0.0	-90.0	1.0000000
0	15750.0000	24350.000	169.49998	0.0	0.0	0.0	1.0000000
3	15950.0000	24350.000	169.49997	0.0	0.0	-90.0	1.0000000
41	15947.1514	24309.137	169.49995	-360.0	0.0	1080.0	1.0000000
47	15800.0000	24900.000	169.50002	-5.0	0.0	330.0	1.0000000
47	15350.0000	24800.000	170.13977	-5.0	0.0	330.0	1.0000000
47	15050.0000	24950.000	181.20198	-5.0	0.0	330.0	1.0000000
46	14900.0000	25000.000	207.79350	-5.0	0.0	450.0	1.0000000
46	14850.0000	24900.000	199.79732	-5.0	0.0	390.0	1.0000000
46	15400.0000	25050.000	195.29588	-5.0	0.0	390.0	1.0000000
0	16250.0000	650.000	169.50000	0.0	0.0	720.0	1.0000000
0	16550.0000	650.000	169.49995	0.0	0.0	720.0	1.0000000
0	16850.0000	650.000	169.50003	0.0	0.0	0.0	1.0000000
0	17150.0000	650.000	169.50002	0.0	0.0	0.0	1.0000000
0	17450.0000	650.000	169.49997	0.0	0.0	0.0	1.0000000
0	16450.0000	1550.000	169.50003	0.0	0.0	90.0	1.0000000
3	16450.0000	1350.000	169.50003	0.0	0.0	180.0	1.0000000
0	16650.0000	1250.000	169.50002	0.0	0.0	0.0	1.0000000
0	16950.0000	1250.000	169.50002	0.0	0.0	0.0	1.0000000
0	17250.0000	1250.000	169.49998	0.0	0.0	0.0	1.0000000
0	17550.0000	1250.000	169.49998	0.0	0.0	0.0	1.0000000
3	16450.0000	1250.000	169.50002	0.0	0.0	180.0	1.0000000
36	16050.0000	1250.000	169.50002	0.0	0.0	510.0	1.0000000
36	17057.9434	1184.789	218.71425	115.0	0.0	0.0	1.0000000
39	17250.0000	1250.000	177.79005	0.0	0.0	0.0	1.0000000
39	16650.0000	1250.000	179.10374	0.0	0.0	0.0	1.0000000
51	16950.0000	1250.000	179.55135	0.0	0.0	0.0	1.0000000
51	17550.0000	1250.000	169.50003	0.0	0.0	0.0	1.0000000
17	17458.9219	1104.172	150.48103	-20.0	0.0	730.0	1.0000000
0	16450.0000	3050.000	169.50002	0.0	0.0	90.0	1.0000000
0	16450.0000	2750.000	169.50003	0.0	0.0	90.0	1.0000000
0	16450.0000	2450.000	169.50000	0.0	0.0	90.0	1.0000000
0	16450.0000	2150.000	169.50000	0.0	0.0	90.0	1.0000000
0	16450.0000	1850.000	169.49997	0.0	0.0	90.0	1.0000000
0	17550.0000	2550.000	169.50002	0.0	0.0	0.0	1.0000000
0	17350.0000	2750.000	169.49997	0.0	0.0	90.0	1.0000000
0	17350.0000	3150.000	169.50002	0.0	0.0	90.0	1.0000000
3	17350.0000	2950.000	169.50002	0.0	0.0	180.0	1.0000000
3	17350.0000	2550.000	169.49997	0.0	0.0	180.0	1.0000000
36	16050.0000	2550.000	169.50002	0.0	0.0	510.0	1.0000000
36	16050.0000	1850.000	169.50000	0.0	0.0	510.0	1.0000000
17	17520.0312	2871.889	132.73676	0.0	0.0	780.0	1.0000000
35	17455.8730	2942.117	181.98247	-5.0	0.0	2250.0	1.0000000
0	16250.0000	4750.000	169.50002	0.0	0.0	0.0	1.0000000
0	16450.0000	4550.000	169.50003	0.0	0.0	90.0	1.0000000
0	16450.0000	4250.000	169.50003	0.0	0.0	90.0	1.0000000
0	16450.0000	3950.000	169.50005	0.0	0.0	90.0	1.0000000
0	16450.0000	3650.000	169.50000	0.0	0.0	90.0	1.0000000
0	16450.0000	3350.000	169.49998	0.0	0.0	90.0	1.0000000
0	17550.0000	3350.000	169.49998	0.0	0.0	0.0	1.0000000
3	17350.0000	3350.000	169.50000	0.0	0.0	180.0	1.0000000
3	16450.0000	4750.000	169.50000	0.0	0.0	180.0	1.0000000
17	17485.7363	3292.079	138.45190	0.0	0.0	780.0	1.0000000
0	17450.0000	9050.000	169.49998	0.0	0.0	0.0	1.0000000
0	17150.0000	9050.000	169.50000	0.0	0.0	0.0	1.0000000
0	16850.0000	9050.000	169.50000	0.0	0.0	0.0	1.0000000
0	16550.0000	9050.000	169.49998	0.0	0.0	0.0	1.0000000
0	16250.0000	9050.000	169.50003	0.0	0.0	0.0	1.0000000
0	17250.0000	11050.000	169.50003	0.0	0.0	360.0	1.0000000
0	16950.0000	11050.000	169.49998	0.0	0.0	360.0	1.0000000
3	17450.0000	11050.000	169.49998	0.0	0.0	360.0	1.0000000
0	16650.0000	11050.000	169.50003	0.0	0.0	360.0	1.0000000
0	16350.0000	11050.000	169.50003	0.0	0.0	360.0	1.0000000
0	16050.0000	11050.000	169.50002	0.0	0.0	360.0	1.0000000
0	16250.0000	10350.000	169.50002	0.0	0.0	0.0	1.0000000
0	16550.0000	10350.000	169.50003	0.0	0.0	0.0	1.0000000
0	16850.0000	10350.000	169.50003	0.0	0.0	0.0	1.0000000
0	17150.0000	10350.000	169.50002	0.0	0.0	0.0	1.0000000
0	17450.0000	10350.000	169.49998	0.0	0.0	0.0	1.0000000
42	16256.5723	9846.702	169.39819	0.0	0.0	0.0	1.0000000
42	17259.0918	9640.202	169.39813	0.0	0.0	0.0	1.0000000
47	17177.2285	9753.103	169.39815	0.0	0.0	-60.0	1.0000000
47	16304.7197	10123.465	181.11385	0.0	0.0	-60.0	1.0000000
47	16236.8398	10191.099	200.65654	0.0	0.0	30.0	1.0000000
47	16082.0000	10231.704	182.31140	0.0	0.0	150.0	1.0000000
47	16308.8213	10026.471	170.72185	0.0	0.0	60.0	1.0000000
46	16150.4131	10235.891	191.20396	0.0	0.0	60.0	1.0000000
10	16087.2090	11180.445	163.87820	360.0	0.0	-990.0	1.0000000
10	16689.9375	11177.345	163.38130	360.0	0.0	-990.0	1.0000000
0	17450.0000	11250.000	169.50002	0.0	0.0	450.0	1.0000000
3	17450.0000	11450.000	169.49998	0.0	0.0	360.0	1.0000000
47	17500.0000	12600.000	181.60393	0.0	0.0	-30.0	1.0000000
47	17300.0000	12550.000	175.10612	0.0	0.0	150.0	1.0000000
47	16200.0000	11400.000	169.01810	0.0	0.0	90.0	1.0000000
47	16050.0000	11700.000	155.94043	0.0	0.0	90.0	1.0000000
47	16350.0000	12500.000	170.03217	0.0	0.0	90.0	1.0000000
47	16050.0000	12100.000	190.25549	0.0	0.0	90.0	1.0000000
47	16150.0000	12050.000	181.73141	0.0	0.0	90.0	1.0000000
47	16050.0000	12000.000	180.34079	0.0	0.0	90.0	1.0000000
47	16050.0000	11700.000	163.85919	0.0	0.0	0.0	1.0000000
47	16050.0000	11450.000	179.31743	0.0	0.0	-60.0	1.0000000
47	16650.0000	11450.000	189.81763	0.0	0.0	-60.0	1.0000000
47	16650.0000	11500.000	196.27359	0.0	0.0	60.0	1.0000000
47	16750.0000	12100.000	169.85207	0.0	0.0	180.0	1.0000000
47	16800.0000	12050.000	160.38126	0.0	0.0	60.0	1.0000000
47	16950.0000	12000.000	159.00792	0.0	0.0	120.0	1.0000000
47	17100.0000	12000.000	181.42958	0.0	0.0	120.0	1.0000000
10	16697.2520	12457.843	175.00467	360.0	0.0	-990.0	1.0000000
10	16102.0605	12449.671	185.01935	360.0	0.0	-990.0	1.0000000
10	16087.7236	11525.295	166.57344	360.0	0.0	-990.0	1.0000000
10	16687.6602	11526.590	160.61273	360.0	0.0	-990.0	1.0000000
10	17304.9141	12444.877	184.37793	360.0	0.0	-990.0	1.0000000
10	17304.4688	12790.330	185.52374	360.0	0.0	-990.0	1.0000000
38	16800.0000	12300.000	166.96454	360.0	0.0	-1080.0	1.0000000
38	17200.0000	12300.000	204.47807	360.0	0.0	-1080.0	1.0000000
38	16600.0000	12300.000	177.41948	360.0	0.0	-1080.0	1.0000000
38	16200.0000	12300.000	186.12267	360.0	0.0	-1080.0	1.0000000
38	16200.0000	11700.000	164.74161	360.0	0.0	-1080.0	1.0000000
38	16600.0000	11700.000	187.37407	360.0	0.0	-1080.0	1.0000000
10	16700.0000	12800.000	177.29300	360.0	0.0	-990.0	1.0000000
10	16100.0000	12800.000	184.98811	360.0	0.0	-990.0	1.0000000
0	17450.0000	13050.000	169.49997	0.0	0.0	0.0	1.0000000
0	17150.0000	13050.000	169.50003	0.0	0.0	0.0	1.0000000
0	16850.0000	13050.000	169.50002	0.0	0.0	0.0	1.0000000
0	16550.0000	13050.000	169.50000	0.0	0.0	0.0	1.0000000
0	16250.0000	13050.000	169.50002	0.0	0.0	0.0	1.0000000
0	17550.0000	14950.000	169.49997	0.0	0.0	450.0	1.0000000
0	17550.0000	14650.000	169.49997	0.0	0.0	450.0	1.0000000
0	17350.0000	14450.000	169.49997	0.0	0.0	360.0	1.0000000
0	17050.0000	14450.000	169.49997	0.0	0.0	360.0	1.0000000
0	16750.0000	14450.000	169.49997	0.0	0.0	360.0	1.0000000
0	16450.0000	14450.000	169.49997	0.0	0.0	360.0	1.0000000
0	16150.0000	14450.000	169.49997	0.0	0.0	360.0	1.0000000
3	17550.0000	14450.000	169.49998	0.0	0.0	180.0	1.0000000
3	17150.0000	15850.000	169.50002	0.0	0.0	360.0	1.0000000
3	17550.0000	15150.000	169.49998	0.0	0.0	360.0	1.0000000
0	17150.0000	16350.000	169.50000	0.0	0.0	450.0	1.0000000
0	17150.0000	16050.000	169.49998	0.0	0.0	450.0	1.0000000
0	17350.0000	16550.000	169.50003	0.0	0.0	360.0	1.0000000
3	17150.0000	16550.000	169.50003	0.0	0.0	-270.0	1.0000000
48	17106.1504	16760.498	170.30701	0.0	0.0	0.0	1.7799993
48	16098.8701	16773.814	169.98119	0.0	0.0	30.0	2.0399990
48	16850.0000	16150.000	169.49995	0.0	0.0	30.0	2.4399986
48	16236.9326	16329.896	158.12796	0.0	0.0	150.0	1.0000000
49	16800.0000	16050.000	169.50002	0.0	0.0	150.0	2.2999988
49	16896.5996	17457.412	173.03656	0.0	0.0	150.0	3.1199980
11	16473.1992	17008.109	93.54645	0.0	0.0	150.0	1.0000000
48	16804.6602	17570.541	168.77879	0.0	0.0	30.0	2.0799990
50	17550.0000	17850.000	169.50002	0.0	0.0	360.0	1.0000000
50	17250.0000	17850.000	169.50003	0.0	0.0	360.0	1.0000000
50	16050.0000	17950.000	169.50003	0.0	0.0	450.0	1.0000000
50	16050.0000	18250.000	169.50003	0.0	0.0	450.0	1.0000000
50	16050.0000	18550.000	169.49997	0.0	0.0	450.0	1.0000000
0	17050.0000	19150.000	169.49995	0.0	0.0	450.0	1.0000000
3	17050.0000	18950.000	169.50002	0.0	0.0	360.0	1.0000000
50	16850.0000	18950.000	169.49998	0.0	0.0	360.0	1.0000000
50	16550.0000	18950.000	169.50000	0.0	0.0	360.0	1.0000000
50	16300.0000	18900.000	169.50002	0.0	0.0	390.0	1.0000000
50	16100.0000	18750.000	169.50000	0.0	0.0	420.0	1.0000000
38	16700.0000	18800.000	169.50002	0.0	0.0	450.0	1.0000000
38	16700.0000	18600.000	169.49995	0.0	0.0	450.0	1.0000000
38	16200.0000	18200.000	169.49998	0.0	0.0	360.0	1.0000000
38	16400.0000	18200.000	169.50003	0.0	0.0	360.0	1.0000000
38	16100.0000	19150.000	169.49998	0.0	0.0	360.0	1.0000000
48	16500.0000	18200.000	169.49998	0.0	0.0	-150.0	2.1599989
48	16716.5156	18461.021	177.57074	0.0	0.0	140.0	1.8199992
48	17150.0000	18550.000	169.49995	0.0	0.0	30.0	1.0000000
48	16150.0000	17800.000	169.49997	0.0	0.0	30.0	2.3599987
49	16100.0000	17750.000	169.49998	0.0	0.0	150.0	3.2399979
49	16150.0000	17850.000	169.49998	0.0	0.0	150.0	4.6199965
41	16517.6699	18196.340	183.15387	-5.0	0.0	420.0	1.0000000
41	16740.2441	18462.238	191.53514	-5.0	0.0	430.0	1.0000000
11	16028.0068	19004.096	169.49997	0.0	0.0	60.0	1.0000000
11	16209.5049	19032.258	169.50000	0.0	0.0	0.0	1.0000000
27	16224.5869	19059.301	169.49997	0.0	0.0	0.0	1.0000000
47	16068.4121	19090.391	169.50002	0.0	0.0	0.0	1.0000000
36	16250.0000	19150.000	169.50000	-360.0	0.0	360.0	1.0000000
0	17050.0000	20750.000	169.50003	0.0	0.0	450.0	1.0000000
0	17050.0000	20450.000	169.50002	0.0	0.0	450.0	1.0000000
0	17050.0000	20150.000	169.49998	0.0	0.0	450.0	1.0000000
0	17050.0000	19850.000	169.49998	0.0	0.0	450.0	1.0000000
0	17050.0000	19550.000	169.50003	0.0	0.0	450.0	1.0000000
3	17050.0000	19350.000	169.50000	0.0	0.0	90.0	1.0000000
38	16100.0000	20350.000	169.50003	0.0	0.0	360.0	1.0000000
38	16300.0000	20350.000	169.50002	0.0	0.0	360.0	1.0000000
38	16500.0000	20350.000	169.50003	0.0	0.0	360.0	1.0000000
38	16250.0000	19300.000	169.50002	0.0	0.0	450.0	1.0000000
0	17250.0000	19350.000	169.50003	0.0	0.0	360.0	1.0000000
0	17550.0000	19350.000	169.50000	0.0	0.0	360.0	1.0000000
42	16264.0283	20145.041	169.49998	-360.0	0.0	390.0	1.0000000
36	16650.0000	20350.000	169.50000	-360.0	0.0	360.0	1.0000000
36	16250.0000	19450.000	169.50005	0.0	0.0	180.0	1.0000000
11	16242.8145	22301.469	64.50002	-5.0	0.0	-210.0	1.4199996
11	16201.6758	21664.848	9.49992	0.0	0.0	60.0	1.4399996
11	16258.5518	21088.383	34.50005	-35.0	0.0	90.0	1.4599996
0	17550.0000	21550.000	169.50005	0.0	0.0	360.0	1.0000000
0	17250.0000	21550.000	169.50000	0.0	0.0	360.0	1.0000000
0	17050.0000	21350.000	169.49998	0.0	0.0	450.0	1.0000000
3	17050.0000	21550.000	169.50002	0.0	0.0	180.0	1.0000000
0	17250.0000	21750.000	169.49998	0.0	0.0	-270.0	1.0000000
0	17250.0000	22050.000	169.49997	0.0	0.0	-270.0	1.0000000
0	17450.0000	22250.000	169.50003	0.0	0.0	-360.0	1.0000000
3	17250.0000	22250.000	169.50000	0.0	0.0	90.0	1.0000000
10	17000.0000	22300.000	169.49997	0.0	0.0	-1080.0	1.0000000
42	16369.5010	21648.889	169.49997	-360.0	0.0	390.0	1.0000000
36	16800.0000	22300.000	169.49997	-360.0	0.0	360.0	1.0000000
10	16600.0000	22300.000	169.50000	0.0	0.0	-1080.0	1.0000000
36	16400.0000	22300.000	169.50000	0.0	0.0	-1080.0	1.0000000
13	16350.0000	21000.000	169.50003	-360.0	0.0	990.0	1.0000000
13	16350.0000	21350.000	169.50003	-360.0	0.0	990.0	1.0000000
13	16350.0000	21700.000	169.50003	-360.0	0.0	990.0	1.0000000
13	16350.0000	22050.000	169.49998	-360.0	0.0	990.0	1.0000000
59	17450.0000	21150.000	169.49997	0.0	0.0	450.0	1.0000000
59	17450.0000	20850.000	169.49998	0.0	0.0	450.0	1.0000000
0	17050.0000	21050.000	169.50002	0.0	0.0	450.0	1.0000000
60	17500.0000	21500.000	169.49997	0.0	0.0	360.0	1.0000000
60	17100.0000	21000.000	169.49998	0.0	0.0	450.0	1.0000000
5	16150.0000	23150.000	169.49998	0.0	0.0	0.0	1.0000000
5	16150.0000	23350.000	169.49997	0.0	0.0	0.0	1.0000000
5	16350.0000	23150.000	169.50003	0.0	0.0	0.0	1.0000000
5	16550.0000	23150.000	169.49998	0.0	0.0	0.0	1.0000000
5	16550.0000	23350.000	169.50003	0.0	0.0	0.0	1.0000000
5	16650.0000	23350.000	169.50002	0.0	0.0	0.0	1.0000000
6	16150.0000	23850.000	169.50003	0.0	0.0	0.0	1.0000000
6	16550.0000	23850.000	169.49998	0.0	0.0	0.0	1.0000000
5	16350.0000	23850.000	169.49997	0.0	0.0	0.0	1.0000000
11	16491.5859	22509.562	-20.49992	-10.0	0.0	420.0	1.0000000
11	16564.4824	22565.105	24.50002	-40.0	0.0	0.0	1.7999992
11	16605.6113	22798.320	19.50005	-25.0	0.0	-240.0	1.5199995
24	16251.6484	22991.477	-210.49997	0.0	0.0	180.0	2.0199990
9	17450.0000	22500.000	169.49998	0.0	0.0	90.0	1.0000000
9	17450.0000	22900.000	169.50000	0.0	0.0	90.0	1.0000000
9	17450.0000	23600.000	169.49997	0.0	0.0	90.0	1.0000000
24	16338.9521	22466.768	-105.50002	0.0	0.0	360.0	2.1999989
14	16550.0000	23200.000	169.50003	-360.0	0.0	1080.0	1.0000000
14	16450.0000	23150.000	169.49998	-360.0	0.0	1080.0	1.0000000
14	16250.0000	23150.000	169.50002	-360.0	0.0	1080.0	1.0000000
14	16050.0000	23350.000	169.49997	-360.0	0.0	1080.0	1.0000000
14	16750.0000	23850.000	169.49997	-360.0	0.0	990.0	1.0000000
47	17050.0000	23350.000	191.13791	-5.0	0.0	330.0	1.0000000
45	17462.1855	23916.979	-80.50002	-5.0	0.0	510.0	1.0000000
9	17450.0000	24000.000	169.49997	0.0	0.0	90.0	1.0000000
0	16150.0000	25150.000	169.49998	0.0	0.0	0.0	1.0000000
0	16750.0000	24950.000	169.50000	0.0	0.0	90.0	1.0000000
0	16550.0000	25150.000	169.49997	0.0	0.0	0.0	1.0000000
3	16750.0000	25150.000	169.49998	0.0	0.0	0.0	1.0000000
3	16350.0000	25150.000	169.50002	0.0	0.0	-90.0	1.0000000
0	16950.0000	24750.000	169.50003	0.0	0.0	0.0	1.0000000
0	17350.0000	24750.000	169.50003	0.0	0.0	0.0	1.0000000
0	17550.0000	24950.000	169.50002	0.0	0.0	90.0	1.0000000
3	17550.0000	25150.000	169.49998	0.0	0.0	180.0	1.0000000
3	17550.0000	24750.000	169.49998	0.0	0.0	180.0	1.0000000
3	17150.0000	24750.000	169.50003	0.0	0.0	180.0	1.0000000
3	16750.0000	24750.000	169.50000	0.0	0.0	180.0	1.0000000
3	16350.0000	24350.000	169.50003	0.0	0.0	-180.0	1.0000000
42	16852.5410	24153.250	169.49991	-360.0	0.0	390.0	1.0000000
0	16150.0000	24350.000	169.50002	0.0	0.0	0.0	1.0000000
3	16350.0000	24250.000	169.49997	0.0	0.0	-180.0	1.0000000
45	16450.0000	24350.000	175.72000	-5.0	0.0	390.0	1.0000000
45	17347.0840	24150.568	-80.49997	-5.0	0.0	390.0	1.0000000
57	16425.9277	24339.744	500.65170	0.0	0.0	-960.0	1.0000000
57	16726.6738	24696.717	492.11594	0.0	0.0	-1110.0	1.0000000
57	16794.7949	24665.734	184.60638	-60.0	0.0	-930.0	1.0000000
57	16422.0312	24198.045	182.35182	-60.0	0.0	-840.0	1.0000000
0	17750.0000	650.000	169.50002	0.0	0.0	0.0	1.0000000
0	18050.0000	650.000	169.50003	0.0	0.0	0.0	1.0000000
0	18350.0000	650.000	169.49997	0.0	0.0	0.0	1.0000000
0	18650.0000	650.000	169.49997	0.0	0.0	0.0	1.0000000
0	18950.0000	650.000	169.50002	0.0	0.0	0.0	1.0000000
0	17850.0000	1250.000	169.50000	0.0	0.0	0.0	1.0000000
0	18050.0000	1450.000	169.50003	0.0	0.0	90.0	1.0000000
3	18050.0000	1250.000	169.49997	0.0	0.0	180.0	1.0000000
37	18450.0000	1250.000	178.93510	0.0	0.0	810.0	1.0000000
37	18854.7617	1246.778	184.20039	0.0	0.0	810.0	1.0000000
39	17850.0000	1250.000	173.35141	0.0	0.0	0.0	1.0000000
0	19050.0000	2250.000	169.50000	0.0	0.0	0.0	1.0000000
0	18050.0000	1750.000	169.50002	0.0	0.0	90.0	1.0000000
0	18050.0000	2050.000	169.50000	0.0	0.0	90.0	1.0000000
0	18050.0000	2350.000	169.50000	0.0	0.0	90.0	1.0000000
0	17850.0000	2550.000	169.49998	0.0	0.0	0.0	1.0000000
3	18850.0000	2250.000	169.50003	0.0	0.0	180.0	1.0000000
3	18050.0000	2550.000	169.50002	0.0	0.0	180.0	1.0000000
37	18450.0000	2250.000	169.50000	0.0	0.0	810.0	1.0000000
37	18850.0000	1750.000	169.50003	0.0	0.0	810.0	1.0000000
37	18450.0000	1750.000	169.50000	0.0	0.0	810.0	1.0000000
17	18579.3047	1804.421	94.02954	0.0	0.0	780.0	1.0000000
17	18975.4785	1775.438	95.59412	0.0	0.0	780.0	1.0000000
17	18524.8652	2339.255	98.55678	0.0	0.0	780.0	1.0000000
29	18957.1836	2573.923	185.50436	5.0	0.0	1860.0	1.4399996
27	17771.0176	3101.083	175.84131	5.0	0.0	2280.0	1.0000000
33	18557.0996	3115.437	178.77879	75.0	0.0	2370.0	1.0000000
0	19050.0000	3350.000	169.50003	0.0	0.0	0.0	1.0000000
0	18750.0000	3350.000	169.50002	0.0	0.0	0.0	1.0000000
0	18450.0000	3350.000	169.50000	0.0	0.0	0.0	1.0000000
0	18150.0000	3350.000	169.50000	0.0	0.0	0.0	1.0000000
0	17850.0000	3350.000	169.50002	0.0	0.0	0.0	1.0000000
29	18941.5020	3221.565	213.03978	5.0	0.0	1590.0	1.4999995
28	18869.5195	3226.198	220.71393	5.0	0.0	1860.0	1.6399994
28	18788.5527	3231.361	208.52162	5.0	0.0	2370.0	1.0000000
27	18683.3164	3216.684	188.00319	5.0	0.0	2280.0	1.3799996
31	18650.1875	3251.766	194.06660	5.0	0.0	2130.0	1.0000000
33	18586.3066	3201.110	208.41510	35.0	0.0	1950.0	1.0000000
41	18746.6133	3291.111	223.95229	-5.0	0.0	2160.0	1.0000000
0	19050.0000	9450.000	169.50000	0.0	0.0	0.0	1.0000000
0	18750.0000	9450.000	169.50002	0.0	0.0	0.0	1.0000000
0	18450.0000	9450.000	169.49997	0.0	0.0	0.0	1.0000000
0	18150.0000	9450.000	169.50003	0.0	0.0	0.0	1.0000000
0	17850.0000	9450.000	169.49997	0.0	0.0	0.0	1.0000000
0	17650.0000	9250.000	169.49997	0.0	0.0	90.0	1.0000000
3	17650.0000	9050.000	169.49998	0.0	0.0	180.0	1.0000000
3	17650.0000	9450.000	169.49998	0.0	0.0	180.0	1.0000000
0	17750.0000	10350.000	169.50000	0.0	0.0	0.0	1.0000000
0	18050.0000	10350.000	169.50003	0.0	0.0	0.0	1.0000000
0	18350.0000	10350.000	169.50002	0.0	0.0	0.0	1.0000000
0	18650.0000	10350.000	169.50002	0.0	0.0	0.0	1.0000000
0	18950.0000	10350.000	169.50000	0.0	0.0	0.0	1.0000000
42	18656.8359	9925.322	164.76764	0.0	0.0	0.0	1.0000000
47	18192.0898	10219.172	169.39816	0.0	0.0	-60.0	1.0000000
39	17750.0000	10350.000	169.49997	0.0	0.0	0.0	1.0000000
39	18050.0000	10350.000	169.49998	0.0	0.0	0.0	1.0000000
39	18350.0000	10350.000	169.50000	0.0	0.0	0.0	1.0000000
39	18650.0000	10350.000	169.49997	0.0	0.0	0.0	1.0000000
39	18950.0000	10350.000	169.50002	0.0	0.0	0.0	1.0000000
0	18950.0000	12450.000	169.49998	0.0	0.0	360.0	1.0000000
0	18750.0000	12250.000	169.50000	0.0	0.0	450.0	1.0000000
0	18750.0000	11950.000	169.50002	0.0	0.0	450.0	1.0000000
0	18750.0000	11650.000	169.50000	0.0	0.0	450.0	1.0000000
0	18950.0000	11450.000	169.49997	0.0	0.0	360.0	1.0000000
3	18750.0000	11450.000	169.50000	0.0	0.0	450.0	1.0000000
3	18750.0000	12450.000	169.50003	0.0	0.0	450.0	1.0000000
0	18550.0000	11450.000	169.50002	0.0	0.0	360.0	1.0000000
0	18250.0000	11450.000	169.49998	0.0	0.0	360.0	1.0000000
0	17950.0000	11450.000	169.50003	0.0	0.0	360.0	1.0000000
0	17650.0000	11450.000	169.50002	0.0	0.0	360.0	1.0000000
5	19150.0000	12250.000	169.50002	0.0	0.0	90.0	1.0000000
5	18750.0000	12450.000	169.49998	0.0	0.0	90.0	1.0000000
5	18250.0000	12150.000	172.42847	0.0	0.0	90.0	1.0000000
5	18250.0000	11750.000	169.49998	0.0	0.0	90.0	1.0000000
6	18750.0000	12250.000	169.50003	0.0	0.0	90.0	1.0000000
6	18750.0000	11950.000	169.50000	0.0	0.0	90.0	1.0000000
6	18950.0000	12450.000	169.50002	0.0	0.0	0.0	1.0000000
14	18250.0000	11850.000	169.50003	0.0	0.0	0.0	1.0000000
14	18250.0000	11950.000	169.49998	0.0	0.0	0.0	1.0000000
14	18250.0000	12050.000	170.64075	0.0	0.0	0.0	1.0000000
14	18350.0000	12150.000	169.78160	0.0	0.0	0.0	1.0000000
14	18450.0000	12150.000	169.50005	0.0	0.0	0.0	1.0000000
14	18550.0000	12150.000	169.50000	0.0	0.0	0.0	1.0000000
14	18250.0000	11650.000	169.49995	0.0	0.0	0.0	1.0000000
14	18250.0000	11550.000	169.50003	0.0	0.0	0.0	1.0000000
14	18650.0000	12150.000	169.50002	0.0	0.0	0.0	1.0000000
23	18973.5020	12190.220	74.50005	5.0	0.0	1530.0	1.4799995
24	18223.3555	12155.017	-90.55093	140.0	0.0	780.0	1.7599993
24	18190.0801	11813.828	-95.49997	140.0	0.0	480.0	1.0000000
47	17700.0000	12600.000	188.75716	0.0	0.0	90.0	1.0000000
47	18350.0000	12450.000	188.18762	0.0	0.0	0.0	1.0000000
47	18300.0000	12450.000	196.68053	0.0	0.0	150.0	1.0000000
46	18300.0000	12450.000	191.58969	0.0	0.0	90.0	1.0000000
0	18950.0000	13050.000	169.50000	0.0	0.0	0.0	1.0000000
0	18650.0000	13050.000	169.50003	0.0	0.0	0.0	1.0000000
0	18350.0000	13050.000	169.49997	0.0	0.0	0.0	1.0000000
0	18050.0000	13050.000	169.49998	0.0	0.0	0.0	1.0000000
0	17750.0000	13050.000	169.50000	0.0	0.0	0.0	1.0000000
3	18650.0000	14350.000	169.50002	0.0	0.0	540.0	1.0000000
0	19150.0000	14350.000	169.49998	0.0	0.0	360.0	1.0000000
0	18850.0000	14350.000	169.50000	0.0	0.0	360.0	1.0000000
47	18600.0000	12850.000	171.93863	0.0	0.0	90.0	1.0000000
52	18860.8027	12999.765	126.38359	360.0	0.0	-1080.0	1.0000000
0	19150.0000	15650.000	169.49997	0.0	0.0	450.0	1.0000000
0	19150.0000	15950.000	169.50002	0.0	0.0	450.0	1.0000000
3	19150.0000	15450.000	169.50005	0.0	0.0	-540.0	1.0000000
0	17750.0000	15150.000	169.49995	0.0	0.0	360.0	1.0000000
3	17950.0000	15150.000	169.50002	0.0	0.0	180.0	1.0000000
0	18650.0000	14550.000	169.50003	0.0	0.0	450.0	1.0000000
0	18650.0000	14850.000	169.50002	0.0	0.0	450.0	1.0000000
0	18650.0000	15150.000	169.50000	0.0	0.0	450.0	1.0000000
0	18150.0000	15550.000	169.49997	0.0	0.0	360.0	1.0000000
0	17950.0000	15350.000	169.50003	0.0	0.0	450.0	1.0000000
0	18450.0000	15550.000	169.50000	0.0	0.0	360.0	1.0000000
3	18650.0000	15350.000	169.49995	0.0	0.0	180.0	1.0000000
3	17950.0000	15550.000	169.49997	0.0	0.0	180.0	1.0000000
3	18650.0000	15450.000	169.50000	0.0	0.0	180.0	1.0000000
3	18650.0000	15550.000	169.49997	0.0	0.0	180.0	1.0000000
3	19150.0000	15050.000	169.50003	0.0	0.0	180.0	1.0000000
0	19150.0000	15250.000	169.49998	0.0	0.0	-630.0	1.0000000
44	18793.0020	14619.971	125.98245	25.0	0.0	-60.0	1.0000000
46	18823.8887	14556.830	222.33235	25.0	0.0	90.0	1.0000000
57	19109.2734	15448.521	494.50000	0.0	0.0	-810.0	1.0000000
57	18879.1602	15457.854	494.50000	0.0	0.0	-630.0	1.0000000
56	18708.4062	15455.683	494.50000	0.0	0.0	-630.0	1.0000000
58	18751.0996	15564.225	514.50000	0.0	0.0	-660.0	0.7000003
39	18650.0000	15150.000	169.49997	0.0	0.0	90.0	1.0000000
0	17650.0000	16550.000	169.49998	0.0	0.0	360.0	1.0000000
0	17950.0000	16550.000	169.50003	0.0	0.0	360.0	1.0000000
0	18250.0000	16550.000	169.49998	0.0	0.0	360.0	1.0000000
0	18550.0000	16550.000	169.50003	0.0	0.0	360.0	1.0000000
0	18850.0000	16550.000	169.49997	0.0	0.0	360.0	1.0000000
0	19150.0000	16550.000	169.49998	0.0	0.0	360.0	1.0000000
0	19150.0000	16250.000	169.50000	0.0	0.0	450.0	1.0000000
3	19150.0000	16450.000	169.50002	0.0	0.0	180.0	1.0000000
48	18752.9922	16846.152	173.63364	0.0	0.0	0.0	1.1999998
48	18900.0000	16950.000	169.49998	0.0	0.0	0.0	1.8599992
48	17800.0000	17200.000	169.50002	0.0	0.0	0.0	1.8399992
49	17750.0000	17150.000	169.50000	0.0	0.0	150.0	2.0599990
49	19100.0000	17550.000	169.49997	0.0	0.0	150.0	4.5199966
11	18218.9863	16868.572	92.19609	0.0	0.0	50.0	1.4599996
11	18087.8320	16719.854	106.37076	0.0	0.0	150.0	1.0000000
31	18230.7617	16856.080	106.85004	-30.0	0.0	-380.0	1.0000000
44	18862.7695	16855.133	166.21164	-50.0	0.0	-350.0	1.0000000
46	19045.6230	16853.584	160.59116	0.0	0.0	50.0	1.0000000
46	18948.4395	16851.266	175.67647	9.0	8.0	13.0	1.0000000
48	19030.1914	16804.457	147.49359	0.0	0.0	0.0	1.1999998
50	18950.0000	17650.000	169.50002	0.0	0.0	360.0	1.0000000
50	18700.0000	17750.000	169.49998	0.0	0.0	330.0	1.0000000
50	18450.0000	17850.000	169.50000	0.0	0.0	360.0	1.0000000
50	18150.0000	17850.000	169.50003	0.0	0.0	360.0	1.0000000
50	17850.0000	17850.000	169.50003	0.0	0.0	360.0	1.0000000
0	18150.0000	18050.000	169.49998	0.0	0.0	90.0	1.0000000
0	18150.0000	18350.000	169.50000	0.0	0.0	90.0	1.0000000
0	18150.0000	18650.000	169.49998	0.0	0.0	90.0	1.0000000
0	18150.0000	18950.000	169.49998	0.0	0.0	90.0	1.0000000
48	18050.0000	17750.000	169.50000	0.0	0.0	0.0	2.3199987
0	18150.0000	19250.000	169.49995	0.0	0.0	90.0	1.0000000
0	18150.0000	19550.000	169.49997	0.0	0.0	90.0	1.0000000
0	18150.0000	19850.000	169.49997	0.0	0.0	90.0	1.0000000
0	18150.0000	20150.000	169.50000	0.0	0.0	90.0	1.0000000
0	18150.0000	20450.000	169.50000	0.0	0.0	90.0	1.0000000
0	18150.0000	20750.000	169.50003	0.0	0.0	90.0	1.0000000
0	17950.0000	20350.000	169.50000	0.0	0.0	360.0	1.0000000
3	17750.0000	19350.000	169.50002	0.0	0.0	360.0	1.0000000
3	17750.0000	20350.000	169.49998	0.0	0.0	360.0	1.0000000
41	17779.7090	20220.441	199.52298	-5.0	0.0	360.0	1.0000000
38	17600.0000	22100.000	169.50003	0.0	0.0	450.0	1.0000000
38	17600.0000	21700.000	169.50002	0.0	0.0	450.0	1.0000000
38	17600.0000	21900.000	169.50003	-360.0	0.0	1170.0	1.0000000
0	19050.0000	21550.000	169.49997	0.0	0.0	360.0	1.0000000
0	18750.0000	21550.000	169.49997	0.0	0.0	360.0	1.0000000
0	18450.0000	21550.000	169.49997	0.0	0.0	360.0	1.0000000
0	18150.0000	21550.000	169.50002	0.0	0.0	360.0	1.0000000
0	17850.0000	21550.000	169.49997	0.0	0.0	360.0	1.0000000
0	18350.0000	22250.000	169.49997	0.0	0.0	-360.0	1.0000000
3	18550.0000	22250.000	169.49997	0.0	0.0	-270.0	1.0000000
0	18150.0000	21050.000	169.50002	0.0	0.0	90.0	1.0000000
0	18150.0000	21350.000	169.50000	0.0	0.0	90.0	1.0000000
3	17650.0000	22250.000	169.49997	-360.0	0.0	1170.0	1.0000000
3	18150.0000	22250.000	169.50002	-360.0	0.0	1170.0	1.0000000
3	18550.0000	22350.000	169.49997	0.0	0.0	180.0	1.0000000
59	17750.0000	21250.000	169.49997	0.0	0.0	390.0	1.0000000
59	17850.0000	20850.000	169.49998	0.0	0.0	420.0	1.0000000
59	17850.0000	21050.000	169.50003	0.0	0.0	270.0	1.0000000
0	19050.0000	23150.000	169.50000	0.0	0.0	360.0	1.0000000
0	18750.0000	23150.000	169.49997	0.0	0.0	360.0	1.0000000
3	18550.0000	23150.000	169.50003	0.0	0.0	270.0	1.0000000
3	18550.0000	22750.000	169.50002	0.0	0.0	90.0	1.0000000
0	18550.0000	22950.000	169.49997	0.0	0.0	90.0	1.0000000
0	18550.0000	22550.000	169.50003	0.0	0.0	90.0	1.0000000
9	18250.0000	22500.000	169.49997	0.0	0.0	90.0	1.0000000
9	18250.0000	22900.000	169.50005	0.0	0.0	90.0	1.0000000
0	17750.0000	25150.000	169.50002	0.0	0.0	0.0	1.0000000
0	18150.0000	25150.000	169.50003	0.0	0.0	0.0	1.0000000
0	18350.0000	24950.000	169.50002	0.0	0.0	90.0	1.0000000
0	18350.0000	24650.000	169.49998	0.0	0.0	90.0	1.0000000
0	18550.0000	24450.000	169.50003	0.0	0.0	0.0	1.0000000
0	18950.0000	24450.000	169.50002	0.0	0.0	0.0	1.0000000
0	19150.0000	24650.000	169.50003	0.0	0.0	90.0	1.0000000
0	19150.0000	24950.000	169.50000	0.0	0.0	90.0	1.0000000
3	19150.0000	25150.000	169.50000	0.0	0.0	180.0	1.0000000
3	19150.0000	24450.000	169.50002	0.0	0.0	180.0	1.0000000
3	18750.0000	24450.000	169.49998	0.0	0.0	180.0	1.0000000
3	18350.0000	24450.000	169.50003	0.0	0.0	180.0	1.0000000
3	18350.0000	25150.000	169.50003	0.0	0.0	180.0	1.0000000
3	17950.0000	25150.000	169.50000	0.0	0.0	180.0	1.0000000
9	17850.0000	24900.000	169.50002	0.0	0.0	90.0	1.0000000
47	17650.0000	24600.000	177.74063	-5.0	0.0	330.0	1.0000000
45	17750.0059	24938.373	-80.50003	-5.0	0.0	510.0	1.0000000
22	17811.3809	25042.979	-165.50005	-5.0	0.0	450.0	1.0000000
0	19250.0000	650.000	169.50002	0.0	0.0	0.0	1.0000000
0	19550.0000	650.000	169.50000	0.0	0.0	0.0	1.0000000
0	19850.0000	650.000	169.50003	0.0	0.0	0.0	1.0000000
0	20150.0000	650.000	169.50003	0.0	0.0	0.0	1.0000000
0	20450.0000	650.000	169.50000	0.0	0.0	0.0	1.0000000
0	20750.0000	650.000	169.50000	0.0	0.0	0.0	1.0000000
0	20150.0000	1450.000	169.49997	0.0	0.0	90.0	1.0000000
0	20150.0000	1150.000	169.49997	0.0	0.0	90.0	1.0000000
0	20150.0000	850.000	169.50003	0.0	0.0	90.0	1.0000000
0	19350.0000	850.000	169.49998	0.0	0.0	90.0	1.0000000
0	19350.0000	1150.000	169.49998	0.0	0.0	90.0	1.0000000
3	19350.0000	1350.000	169.49995	0.0	0.0	180.0	1.0000000
37	19750.0000	1250.000	169.49998	0.0	0.0	810.0	1.0000000
1	19443.9180	748.724	280.20743	0.0	0.0	780.0	1.0000000
17	19500.0000	1400.000	185.15964	0.0	0.0	780.0	1.0000000
19	19700.0000	1350.000	171.15582	0.0	0.0	1620.0	1.0000000
26	19688.5215	1547.582	169.50003	30.0	0.0	1680.0	1.0000000
25	19794.8516	1494.728	174.49998	90.0	0.0	1680.0	1.0000000
25	19799.9473	1326.032	251.50519	90.0	0.0	1740.0	1.0000000
27	19546.0156	1037.678	200.99458	5.0	0.0	1800.0	1.0000000
27	19506.7305	957.097	217.41617	5.0	0.0	1590.0	1.0000000
28	19593.6445	943.453	196.96907	5.0	0.0	1590.0	1.5599995
28	19668.0996	956.514	184.76355	5.0	0.0	1590.0	1.0000000
29	19686.5762	1043.568	181.51337	5.0	0.0	1590.0	1.6799994
3	20234.7109	835.773	147.17892	-55.0	70.0	2130.0	1.0000000
3	20314.1621	1227.188	103.64865	-65.0	20.0	1990.0	1.0000000
0	19350.0000	2250.000	169.50003	0.0	0.0	0.0	1.0000000
0	19650.0000	2250.000	169.49997	0.0	0.0	0.0	1.0000000
0	19950.0000	2250.000	169.50000	0.0	0.0	0.0	1.0000000
0	20150.0000	2050.000	169.49998	0.0	0.0	90.0	1.0000000
0	20150.0000	1750.000	169.49995	0.0	0.0	90.0	1.0000000
3	20150.0000	2250.000	169.49998	0.0	0.0	90.0	1.0000000
37	19350.0000	1750.000	169.49997	0.0	0.0	810.0	1.0000000
37	19750.0000	1750.000	169.50002	0.0	0.0	810.0	1.0000000
1	20051.1602	2157.612	331.63553	0.0	0.0	720.0	0.7200003
17	19450.6777	1818.781	102.88031	0.0	0.0	780.0	1.0000000
17	19845.8496	1785.942	102.05197	0.0	0.0	780.0	1.0000000
19	19700.0000	1650.000	171.20624	0.0	0.0	1620.0	1.0000000
41	19346.8359	1712.081	227.49944	-5.0	0.0	2160.0	1.0000000
3	20216.0137	3152.132	-22.15912	-5.0	0.0	2130.0	1.0000000
3	20384.5469	3175.752	27.02710	50.0	0.0	2130.0	1.0000000
3	20569.3027	2731.229	-65.49998	-25.0	0.0	2070.0	1.0000000
47	20273.9023	2140.580	175.34114	0.0	0.0	30.0	1.0000000
47	20329.6016	1970.398	172.57011	0.0	0.0	30.0	1.0000000
0	20550.0000	3350.000	169.49998	0.0	0.0	0.0	1.0000000
0	20250.0000	3350.000	169.50002	0.0	0.0	0.0	1.0000000
0	19950.0000	3350.000	169.49998	0.0	0.0	0.0	1.0000000
0	19650.0000	3350.000	169.50002	0.0	0.0	0.0	1.0000000
0	19350.0000	3350.000	169.50003	0.0	0.0	0.0	1.0000000
39	19650.0000	3350.000	169.49998	0.0	0.0	0.0	1.0000000
39	19350.0000	3350.000	169.50000	0.0	0.0	0.0	1.0000000
0	20050.0000	9550.000	169.49995	0.0	0.0	90.0	1.0000000
0	20250.0000	9350.000	169.49998	0.0	0.0	0.0	1.0000000
0	20550.0000	9350.000	169.50002	0.0	0.0	0.0	1.0000000
0	20650.0000	8450.000	169.50000	0.0	0.0	0.0	1.0000000
0	20350.0000	8450.000	169.50002	0.0	0.0	0.0	1.0000000
0	20050.0000	8450.000	169.49998	0.0	0.0	0.0	1.0000000
0	19750.0000	8450.000	169.50003	0.0	0.0	0.0	1.0000000
0	19450.0000	8450.000	169.50000	0.0	0.0	0.0	1.0000000
0	19250.0000	8650.000	169.49997	0.0	0.0	90.0	1.0000000
0	19250.0000	8950.000	169.50005	0.0	0.0	90.0	1.0000000
0	19250.0000	9250.000	169.50002	0.0	0.0	90.0	1.0000000
3	19250.0000	9450.000	169.50003	0.0	0.0	180.0	1.0000000
3	19250.0000	8450.000	169.50000	0.0	0.0	180.0	1.0000000
3	20050.0000	9350.000	169.49997	0.0	0.0	540.0	1.0000000
42	19670.5898	8849.458	162.38811	0.0	0.0	0.0	1.0000000
47	19498.2676	8826.537	168.60205	0.0	0.0	90.0	1.0000000
47	19545.8438	8671.769	169.39813	0.0	0.0	90.0	1.0000000
47	19620.1934	8721.917	168.76645	0.0	0.0	150.0	1.0000000
47	19776.6309	8612.984	169.20343	0.0	0.0	150.0	1.0000000
39	20250.0000	9350.000	169.50000	0.0	0.0	0.0	1.0000000
39	20550.0000	9350.000	171.49065	0.0	0.0	0.0	1.0000000
0	19250.0000	10350.000	169.50003	0.0	0.0	0.0	1.0000000
0	19550.0000	10350.000	169.50000	0.0	0.0	0.0	1.0000000
0	19850.0000	10350.000	169.50003	0.0	0.0	0.0	1.0000000
0	20050.0000	10150.000	169.49998	0.0	0.0	90.0	1.0000000
0	20050.0000	9850.000	169.49998	0.0	0.0	90.0	1.0000000
3	20050.0000	10350.000	169.49998	0.0	0.0	540.0	1.0000000
47	19698.8574	10213.140	169.39815	0.0	0.0	150.0	1.0000000
47	19816.0957	10226.604	169.39816	0.0	0.0	0.0	1.0000000
47	19906.3887	10071.019	169.39813	0.0	0.0	-60.0	1.0000000
47	19895.1055	10210.470	169.39819	0.0	0.0	-60.0	1.0000000
47	19200.0000	11700.000	186.79782	0.0	0.0	90.0	1.0000000
0	20150.0000	12450.000	169.50002	0.0	0.0	360.0	1.0000000
0	19850.0000	12450.000	169.50002	0.0	0.0	360.0	1.0000000
0	19550.0000	12450.000	169.50003	0.0	0.0	360.0	1.0000000
0	19250.0000	12450.000	169.50002	0.0	0.0	360.0	1.0000000
0	19250.0000	11450.000	169.49997	0.0	0.0	360.0	1.0000000
0	19550.0000	11450.000	169.50005	0.0	0.0	360.0	1.0000000
0	19850.0000	11450.000	169.49998	0.0	0.0	360.0	1.0000000
0	20150.0000	11450.000	169.49998	0.0	0.0	360.0	1.0000000
0	20350.0000	11650.000	169.50003	0.0	0.0	450.0	1.0000000
3	20350.0000	11450.000	169.50002	0.0	0.0	450.0	1.0000000
3	20350.0000	11850.000	169.49998	0.0	0.0	450.0	1.0000000
0	20550.0000	11850.000	169.49997	0.0	0.0	360.0	1.0000000
0	20750.0000	11850.000	169.49997	0.0	0.0	360.0	1.0000000
3	20350.0000	12450.000	169.49997	0.0	0.0	540.0	1.0000000
5	19550.0000	12250.000	169.50003	0.0	0.0	90.0	1.0000000
5	20650.0000	12750.000	169.50000	0.0	0.0	90.0	1.0000000
5	20650.0000	12450.000	169.50000	0.0	0.0	90.0	1.0000000
5	20650.0000	12150.000	169.49998	0.0	0.0	90.0	1.0000000
14	19250.0000	12250.000	169.49998	0.0	0.0	0.0	1.0000000
14	19350.0000	12250.000	169.50003	0.0	0.0	0.0	1.0000000
14	19450.0000	12250.000	169.49997	0.0	0.0	0.0	1.0000000
14	19650.0000	12250.000	169.49997	0.0	0.0	0.0	1.0000000
14	19750.0000	12250.000	169.49997	0.0	0.0	0.0	1.0000000
14	20650.0000	12050.000	169.50002	0.0	0.0	0.0	1.0000000
14	20650.0000	12250.000	169.49998	0.0	0.0	0.0	1.0000000
14	20650.0000	12350.000	169.50000	0.0	0.0	0.0	1.0000000
14	20650.0000	12550.000	169.50003	0.0	0.0	0.0	1.0000000
14	20650.0000	12650.000	169.50000	0.0	0.0	0.0	1.0000000
14	20750.0000	12750.000	169.49997	0.0	0.0	0.0	1.0000000
24	19403.2871	11970.233	-40.49995	5.0	0.0	1080.0	1.6999993
24	19521.3750	12249.846	-94.58998	-65.0	0.0	1200.0	1.6399994
24	20695.0742	12784.646	-95.49997	140.0	0.0	390.0	1.7399993
47	20400.0000	12350.000	175.88364	0.0	0.0	90.0	1.0000000
47	20250.0000	12300.000	178.36255	0.0	0.0	90.0	1.0000000
47	19500.0000	12300.000	172.30380	0.0	0.0	90.0	1.0000000
58	20342.7754	12554.918	492.20496	0.0	0.0	-720.0	1.0000000
58	20342.2520	12758.383	489.50006	0.0	0.0	-720.0	1.0000000
1	20439.8125	12404.930	135.81970	0.0	0.0	-630.0	1.0000000
1	20333.3066	12540.940	323.04361	0.0	0.0	-600.0	1.0000000
4	20350.0000	12550.000	170.37390	0.0	0.0	-600.0	1.0000000
0	20750.0000	13050.000	169.49998	0.0	0.0	360.0	1.0000000
0	20450.0000	13050.000	169.50000	0.0	0.0	360.0	1.0000000
0	20150.0000	13050.000	169.50003	0.0	0.0	360.0	1.0000000
0	19850.0000	13050.000	169.50002	0.0	0.0	360.0	1.0000000
0	19550.0000	13050.000	169.50002	0.0	0.0	0.0	1.0000000
0	19250.0000	13050.000	169.49998	0.0	0.0	0.0	1.0000000
0	20650.0000	14350.000	169.50003	0.0	0.0	360.0	1.0000000
0	20350.0000	14350.000	169.50003	0.0	0.0	360.0	1.0000000
0	20050.0000	14350.000	169.49998	0.0	0.0	360.0	1.0000000
0	19750.0000	14350.000	169.50002	0.0	0.0	360.0	1.0000000
0	19450.0000	14350.000	169.49997	0.0	0.0	360.0	1.0000000
58	20368.4082	12929.299	507.74847	0.0	0.0	-750.0	1.0000000
1	20427.2773	12918.232	354.50000	0.0	0.0	-690.0	1.0000000
4	20300.0000	12950.000	179.66481	0.0	0.0	-600.0	1.0000000
39	19850.0000	13050.000	169.49997	0.0	0.0	0.0	1.0000000
0	19350.0000	15050.000	169.50000	0.0	0.0	0.0	1.0000000
0	19650.0000	15050.000	169.50000	0.0	0.0	0.0	1.0000000
0	19950.0000	15050.000	169.50003	0.0	0.0	360.0	1.0000000
3	20450.0000	15050.000	169.50000	0.0	0.0	360.0	1.0000000
0	20250.0000	15050.000	169.50002	0.0	0.0	360.0	1.0000000
0	20450.0000	15250.000	169.50002	0.0	0.0	450.0	1.0000000
0	20450.0000	15550.000	169.50003	0.0	0.0	-270.0	1.0000000
3	20450.0000	15750.000	169.50002	0.0	0.0	180.0	1.0000000
0	20450.0000	15950.000	169.49997	0.0	0.0	90.0	1.0000000
30	20550.0000	15750.000	169.49997	0.0	0.0	1080.0	1.0000000
30	20533.3633	15038.104	185.93672	0.0	0.0	1080.0	1.0000000
46	19396.9492	14955.256	220.80217	25.0	0.0	0.0	1.0000000
46	20211.1328	14954.848	207.79172	25.0	0.0	60.0	1.0000000
47	20459.7910	14947.004	217.17044	25.0	0.0	60.0	1.0000000
47	20567.2012	14982.092	206.67513	25.0	0.0	120.0	1.0000000
52	19368.9062	14996.628	167.66245	360.0	0.0	-1080.0	1.0000000
52	20402.3496	15002.256	155.06155	360.0	0.0	-1080.0	1.0000000
39	20250.0000	15050.000	190.04388	0.0	0.0	0.0	1.0000000
0	19450.0000	16550.000	169.49998	0.0	0.0	360.0	1.0000000
0	19750.0000	16550.000	169.49995	0.0	0.0	360.0	1.0000000
0	20050.0000	16550.000	169.50002	0.0	0.0	360.0	1.0000000
0	20350.0000	16550.000	169.49998	0.0	0.0	360.0	1.0000000
3	20550.0000	16550.000	169.50002	0.0	0.0	-180.0	1.0000000
0	20750.0000	16550.000	169.50002	0.0	0.0	-360.0	1.0000000
0	20450.0000	16350.000	169.49997	0.0	0.0	90.0	1.0000000
3	20450.0000	16150.000	169.50002	0.0	0.0	-540.0	1.0000000
48	20550.0000	16950.000	169.50000	0.0	0.0	210.0	1.9399991
48	19808.7500	17231.398	165.94061	0.0	0.0	-150.0	1.9199991
11	20585.1504	17290.377	14.79655	0.0	0.0	120.0	1.0000000
30	20550.0000	16150.000	169.49998	0.0	0.0	1080.0	1.0000000
41	20405.6406	17588.363	215.74274	-5.0	0.0	360.0	1.0000000
31	20633.7402	17360.312	116.40433	-30.0	0.0	-420.0	1.0000000
48	20391.6680	17644.180	163.83296	0.0	0.0	-180.0	2.2199988
50	20650.0000	19050.000	169.50002	0.0	0.0	450.0	1.0000000
50	20650.0000	18750.000	169.49998	0.0	0.0	450.0	1.0000000
50	20650.0000	18450.000	169.49998	0.0	0.0	450.0	1.0000000
50	20550.0000	18250.000	169.49998	0.0	0.0	390.0	1.0000000
50	20300.0000	18100.000	169.50002	0.0	0.0	390.0	1.0000000
50	20050.0000	17950.000	169.49997	0.0	0.0	390.0	1.0000000
50	19950.0000	17750.000	169.49997	0.0	0.0	450.0	1.0000000
50	19850.0000	17650.000	169.50003	0.0	0.0	360.0	1.0000000
50	19550.0000	17650.000	169.50003	0.0	0.0	360.0	1.0000000
50	19250.0000	17650.000	169.49998	0.0	0.0	360.0	1.0000000
48	20729.5918	18278.152	170.19518	0.0	0.0	180.0	2.3799987
48	20000.0000	17650.000	208.23808	0.0	0.0	150.0	3.1599979
32	20782.1445	18952.029	154.49995	-30.0	0.0	-420.0	1.0000000
0	19650.0000	21550.000	169.50003	0.0	0.0	360.0	1.0000000
0	19850.0000	21750.000	169.49995	0.0	0.0	450.0	1.0000000
0	19850.0000	22150.000	169.50000	0.0	0.0	450.0	1.0000000
0	19350.0000	21550.000	169.49998	0.0	0.0	360.0	1.0000000
3	19850.0000	21950.000	169.49997	0.0	0.0	270.0	1.0000000
3	19850.0000	22350.000	169.50003	0.0	0.0	270.0	1.0000000
3	19850.0000	21550.000	169.49997	0.0	0.0	90.0	1.0000000
0	20050.0000	21950.000	169.50000	0.0	0.0	360.0	1.0000000
0	20350.0000	21950.000	169.50002	0.0	0.0	360.0	1.0000000
0	20650.0000	21950.000	169.49997	0.0	0.0	360.0	1.0000000
0	19850.0000	22550.000	169.50000	0.0	0.0	450.0	1.0000000
0	19850.0000	22950.000	169.49997	0.0	0.0	450.0	1.0000000
0	19850.0000	23350.000	169.49997	0.0	0.0	450.0	1.0000000
0	20050.0000	23550.000	169.49997	0.0	0.0	360.0	1.0000000
0	20350.0000	23550.000	169.50000	0.0	0.0	360.0	1.0000000
0	20650.0000	23550.000	169.50000	0.0	0.0	360.0	1.0000000
3	19850.0000	22750.000	169.49998	0.0	0.0	270.0	1.0000000
3	19850.0000	23150.000	169.50000	0.0	0.0	270.0	1.0000000
3	19850.0000	23550.000	169.50002	0.0	0.0	270.0	1.0000000
0	19650.0000	23150.000	169.50003	0.0	0.0	360.0	1.0000000
0	19350.0000	23150.000	169.50002	0.0	0.0	360.0	1.0000000
3	20130.9844	22849.480	-40.19843	-330.0	0.0	1020.0	1.0000000
60	20300.0000	23500.000	169.36856	0.0	0.0	360.0	1.0000000
60	19900.0000	23100.000	169.49997	0.0	0.0	450.0	1.0000000
59	20450.0000	23250.000	169.49995	0.0	0.0	420.0	1.0000000
59	20550.0000	22950.000	169.75891	0.0	0.0	540.0	1.0000000
59	20150.0000	23050.000	169.50003	0.0	0.0	510.0	1.0000000
0	19350.0000	25150.000	169.50002	0.0	0.0	0.0	1.0000000
0	19650.0000	25150.000	169.49997	0.0	0.0	0.0	1.0000000
0	19950.0000	25150.000	169.50000	0.0	0.0	0.0	1.0000000
0	20150.0000	24950.000	169.49997	0.0	0.0	90.0	1.0000000
0	20150.0000	24650.000	169.49998	0.0	0.0	90.0	1.0000000
0	20350.0000	24450.000	169.50003	0.0	0.0	0.0	1.0000000
0	20750.0000	24450.000	169.50000	0.0	0.0	0.0	1.0000000
3	20550.0000	24450.000	169.49997	0.0	0.0	180.0	1.0000000
3	20150.0000	24450.000	169.49997	0.0	0.0	180.0	1.0000000
3	20150.0000	25150.000	169.49997	0.0	0.0	180.0	1.0000000
9	19350.0000	24600.000	169.50003	0.0	0.0	90.0	1.0000000
9	19950.0000	24600.000	169.50005	0.0	0.0	90.0	1.0000000
43	19657.3047	25059.959	182.13986	-5.0	0.0	360.0	1.0000000
23	19375.5176	24545.898	-85.50003	-5.0	0.0	630.0	1.0000000
23	19909.5371	24572.793	-195.50002	-5.0	0.0	630.0	1.0000000
0	21050.0000	650.000	169.49997	0.0	0.0	0.0	1.0000000
0	21350.0000	650.000	169.50002	0.0	0.0	0.0	1.0000000
0	21650.0000	650.000	169.49997	0.0	0.0	0.0	1.0000000
0	21950.0000	650.000	169.49997	0.0	0.0	0.0	1.0000000
0	22250.0000	650.000	169.50002	0.0	0.0	0.0	1.0000000
36	21650.0000	1550.000	166.82019	0.0	0.0	30.0	1.0000000
36	21650.0000	1150.000	155.06813	0.0	0.0	30.0	1.0000000
36	20850.0000	1550.000	175.74684	0.0	0.0	-30.0	1.0000000
36	20850.0000	1150.000	175.45824	0.0	0.0	-30.0	1.0000000
0	22150.0000	2050.000	169.50002	0.0	0.0	0.0	1.0000000
0	21850.0000	2050.000	169.50000	0.0	0.0	0.0	1.0000000
0	21550.0000	2050.000	169.50003	0.0	0.0	0.0	1.0000000
0	21250.0000	2050.000	169.49995	0.0	0.0	0.0	1.0000000
0	21050.0000	2250.000	169.50002	0.0	0.0	90.0	1.0000000
0	21050.0000	2550.000	169.50002	0.0	0.0	90.0	1.0000000
0	21050.0000	2850.000	169.50000	0.0	0.0	90.0	1.0000000
0	21050.0000	3150.000	169.50002	0.0	0.0	90.0	1.0000000
3	21050.0000	2050.000	169.49998	0.0	0.0	180.0	1.0000000
35	21545.0039	1985.426	174.64954	0.0	0.0	0.0	1.0000000
35	22155.1289	1986.022	165.56842	0.0	0.0	0.0	1.0000000
0	20850.0000	3350.000	169.50000	0.0	0.0	0.0	1.0000000
3	21050.0000	3350.000	169.50002	0.0	0.0	180.0	1.0000000
0	22250.0000	5950.000	169.50000	0.0	0.0	90.0	1.0000000
0	22250.0000	5650.000	169.49998	0.0	0.0	90.0	1.0000000
3	22250.0000	6150.000	169.49997	0.0	0.0	180.0	1.0000000
3	22250.0000	5450.000	169.49998	0.0	0.0	180.0	1.0000000
0	20850.0000	9350.000	169.50000	0.0	0.0	0.0	1.0000000
0	21150.0000	9350.000	169.50005	0.0	0.0	0.0	1.0000000
0	21450.0000	9350.000	169.50000	0.0	0.0	0.0	1.0000000
0	21750.0000	9350.000	169.50000	0.0	0.0	0.0	1.0000000
0	22050.0000	9350.000	169.50002	0.0	0.0	0.0	1.0000000
0	22350.0000	9350.000	169.50000	0.0	0.0	0.0	1.0000000
0	22250.0000	8050.000	169.49998	0.0	0.0	0.0	1.0000000
0	21950.0000	8050.000	169.50000	0.0	0.0	0.0	1.0000000
0	21650.0000	8050.000	169.50000	0.0	0.0	0.0	1.0000000
0	21350.0000	8050.000	169.50003	0.0	0.0	0.0	1.0000000
0	21050.0000	8050.000	169.49998	0.0	0.0	0.0	1.0000000
0	20850.0000	8250.000	169.49997	0.0	0.0	90.0	1.0000000
3	20850.0000	8450.000	169.49998	0.0	0.0	180.0	1.0000000
3	20850.0000	8050.000	169.50003	0.0	0.0	180.0	1.0000000
42	21568.3438	8941.500	172.72215	0.0	0.0	0.0	1.0000000
47	22214.7578	9253.088	185.36983	0.0	0.0	0.0	1.0000000
47	21016.7441	8399.012	196.30327	0.0	0.0	0.0	1.0000000
47	20981.0527	8465.547	185.86592	0.0	0.0	90.0	1.0000000
47	21087.6816	8390.810	176.53482	0.0	0.0	90.0	1.0000000
47	21230.0527	8351.659	171.57350	0.0	0.0	90.0	1.0000000
47	21574.7363	9051.535	191.04285	0.0	0.0	90.0	1.0000000
47	21443.0371	9147.942	179.59196	0.0	0.0	90.0	1.0000000
47	21667.1191	8932.305	169.39815	0.0	0.0	90.0	1.0000000
47	22280.7637	9134.098	172.95229	0.0	0.0	90.0	1.0000000
4	20850.0000	8850.000	169.50003	0.0	0.0	-600.0	1.0000000
4	20900.0000	9150.000	170.09705	0.0	0.0	-600.0	1.0000000
56	20857.9785	8750.944	484.50006	0.0	0.0	-450.0	1.0000000
56	20858.5664	8952.344	484.50006	0.0	0.0	-450.0	1.0000000
57	20828.5762	9340.458	463.79016	0.0	0.0	-360.0	1.0000000
3	20850.0000	9050.000	169.49998	0.0	0.0	-180.0	1.0000000
56	20856.5918	8557.215	488.27072	-10.0	0.0	-570.0	1.0000000
0	22250.0000	10350.000	169.50002	0.0	0.0	90.0	1.0000000
0	22250.0000	10650.000	169.49998	0.0	0.0	450.0	1.0000000
0	22250.0000	10950.000	169.50003	0.0	0.0	450.0	1.0000000
3	22250.0000	10150.000	169.50000	0.0	0.0	450.0	1.0000000
0	22050.0000	11150.000	169.50000	0.0	0.0	360.0	1.0000000
3	22250.0000	11150.000	169.49997	0.0	0.0	360.0	1.0000000
0	21750.0000	11150.000	169.50003	0.0	0.0	360.0	1.0000000
0	21450.0000	11150.000	169.49997	0.0	0.0	360.0	1.0000000
0	21150.0000	11150.000	169.50005	0.0	0.0	360.0	1.0000000
3	20950.0000	11150.000	169.49995	0.0	0.0	450.0	1.0000000
11	22396.2207	10653.160	94.50002	0.0	0.0	1560.0	1.0000000
26	22330.2578	10770.135	184.49997	-455.0	0.0	1410.0	1.6199994
26	22336.2812	10440.308	184.50002	-455.0	0.0	1410.0	1.0000000
0	22150.0000	12550.000	169.49997	0.0	0.0	90.0	1.0000000
0	22150.0000	12250.000	169.49998	0.0	0.0	90.0	1.0000000
3	22150.0000	12050.000	169.50002	0.0	0.0	360.0	1.0000000
0	20950.0000	11350.000	169.49995	0.0	0.0	450.0	1.0000000
0	20950.0000	11650.000	169.49997	0.0	0.0	450.0	1.0000000
3	20950.0000	11850.000	169.50005	0.0	0.0	450.0	1.0000000
4	22150.0000	11900.000	169.50003	0.0	0.0	0.0	1.0000000
5	21550.0000	12750.000	169.50002	0.0	0.0	90.0	1.0000000
5	21750.0000	12750.000	169.50002	0.0	0.0	90.0	1.0000000
5	21550.0000	12450.000	169.50002	0.0	0.0	90.0	1.0000000
5	21250.0000	12750.000	169.50003	0.0	0.0	90.0	1.0000000
4	22050.0000	11800.000	169.49997	0.0	0.0	150.0	1.0000000
4	21850.0000	11750.000	169.50003	0.0	0.0	60.0	1.0000000
5	21550.0000	12150.000	169.49997	0.0	0.0	90.0	1.0000000
14	20850.0000	12750.000	169.50000	0.0	0.0	0.0	1.0000000
14	20950.0000	12750.000	169.50000	0.0	0.0	0.0	1.0000000
14	21050.0000	12750.000	169.49997	0.0	0.0	0.0	1.0000000
14	21150.0000	12750.000	169.50003	0.0	0.0	0.0	1.0000000
14	21650.0000	12750.000	169.49997	0.0	0.0	0.0	1.0000000
14	21550.0000	12550.000	169.49997	0.0	0.0	0.0	1.0000000
14	21550.0000	12650.000	169.49997	0.0	0.0	0.0	1.0000000
14	21550.0000	12350.000	169.50003	0.0	0.0	0.0	1.0000000
14	21550.0000	12250.000	169.50003	0.0	0.0	0.0	1.0000000
14	21550.0000	12050.000	169.50005	0.0	0.0	0.0	1.0000000
14	21550.0000	11950.000	169.49998	0.0	0.0	0.0	1.0000000
23	21965.2090	11955.029	169.50003	-15.0	0.0	1140.0	1.0000000
24	21831.3828	12251.901	-60.49998	5.0	0.0	1080.0	1.6399994
24	20997.4746	12317.824	-60.49997	5.0	0.0	1080.0	1.9399991
24	20974.0410	12153.430	-60.49998	5.0	0.0	1050.0	1.0000000
24	21676.7715	12503.904	-60.49995	5.0	0.0	1050.0	1.0000000
24	21008.5879	12645.463	-60.49997	5.0	0.0	1230.0	1.5199995
42	21658.2656	11859.655	169.49997	0.0	0.0	0.0	1.0000000
43	22212.5098	12405.353	169.90591	0.0	0.0	90.0	1.0000000
43	22228.1211	12694.375	169.90594	0.0	0.0	90.0	1.0000000
43	22212.2012	12083.865	169.90594	0.0	0.0	90.0	1.0000000
47	21100.0000	11500.000	166.89275	0.0	0.0	0.0	1.0000000
47	21100.0000	11800.000	169.50003	0.0	0.0	0.0	1.0000000
47	21500.0000	12150.000	167.67525	0.0	0.0	0.0	1.0000000
0	22350.0000	13050.000	169.49998	0.0	0.0	0.0	1.0000000
0	22150.0000	12850.000	169.50002	0.0	0.0	90.0	1.0000000
3	22150.0000	13050.000	169.50000	0.0	0.0	180.0	1.0000000
0	21950.0000	13050.000	169.50000	0.0	0.0	360.0	1.0000000
0	21650.0000	13050.000	169.50002	0.0	0.0	360.0	1.0000000
0	21350.0000	13050.000	169.49998	0.0	0.0	360.0	1.0000000
0	21050.0000	13050.000	169.49998	0.0	0.0	360.0	1.0000000
3	21450.0000	14350.000	169.50005	0.0	0.0	180.0	1.0000000
0	21250.0000	14350.000	169.50002	0.0	0.0	360.0	1.0000000
0	20950.0000	14350.000	169.49997	0.0	0.0	360.0	1.0000000
5	21750.0000	12950.000	169.50002	0.0	0.0	90.0	1.0000000
6	21950.0000	13050.000	169.49997	0.0	0.0	0.0	1.0000000
14	21750.0000	12850.000	169.50000	0.0	0.0	0.0	1.0000000
45	22239.4883	12955.217	200.50060	0.0	0.0	30.0	1.0000000
46	22332.7695	12933.328	197.49944	0.0	0.0	30.0	1.0000000
47	22341.5234	12822.636	185.38518	0.0	0.0	30.0	1.0000000
46	22325.9355	12831.648	189.70642	0.0	0.0	30.0	1.0000000
47	22392.2422	12894.365	190.99547	0.0	0.0	30.0	1.0000000
47	22265.9316	12884.330	203.74763	0.0	0.0	30.0	1.0000000
0	22250.0000	15650.000	169.49997	0.0	0.0	-360.0	1.0000000
0	21950.0000	15650.000	169.49997	0.0	0.0	-360.0	1.0000000
0	21650.0000	15650.000	169.49997	0.0	0.0	-360.0	1.0000000
3	21450.0000	15650.000	169.50002	0.0	0.0	-360.0	1.0000000
0	21450.0000	15450.000	169.50000	0.0	0.0	450.0	1.0000000
0	21450.0000	15150.000	169.50005	0.0	0.0	450.0	1.0000000
0	21450.0000	14850.000	169.49998	0.0	0.0	450.0	1.0000000
0	21450.0000	14550.000	169.50003	0.0	0.0	450.0	1.0000000
0	21550.0000	16550.000	169.50000	0.0	0.0	360.0	1.0000000
0	21750.0000	16750.000	169.49997	0.0	0.0	450.0	1.0000000
0	21750.0000	17050.000	169.50000	0.0	0.0	450.0	1.0000000
0	21750.0000	17350.000	169.50000	0.0	0.0	450.0	1.0000000
3	21350.0000	16550.000	169.49997	0.0	0.0	-360.0	1.0000000
3	21750.0000	16550.000	169.50000	0.0	0.0	-360.0	1.0000000
3	20950.0000	16550.000	169.50002	0.0	0.0	-360.0	1.0000000
0	21150.0000	16550.000	169.49997	0.0	0.0	-360.0	1.0000000
48	21399.2598	17229.027	156.71983	0.0	0.0	140.0	2.3599987
49	21372.4688	17167.951	160.24286	0.0	0.0	150.0	3.0999980
28	21929.5586	17299.500	154.84004	5.0	0.0	630.0	1.0000000
27	21901.1445	17369.127	154.84006	5.0	0.0	630.0	1.0000000
27	21860.1074	17238.320	169.84003	5.0	0.0	630.0	1.0000000
30	20950.0000	16450.000	169.50000	0.0	0.0	1080.0	1.0000000
30	21350.0000	16450.000	169.50003	0.0	0.0	1080.0	1.0000000
36	22350.0000	17250.000	169.43193	0.0	0.0	1290.0	1.0000000
36	22350.0000	16850.000	158.66821	0.0	0.0	1290.0	1.0000000
41	20947.7754	16452.223	100.80870	-5.0	0.0	720.0	1.0000000
41	21347.3535	16463.424	100.80872	-5.0	0.0	720.0	1.0000000
0	21750.0000	17650.000	169.50003	0.0	0.0	450.0	1.0000000
0	21750.0000	17950.000	169.50000	0.0	0.0	450.0	1.0000000
0	21950.0000	18150.000	169.50003	0.0	0.0	360.0	1.0000000
0	22250.0000	18150.000	169.49997	0.0	0.0	360.0	1.0000000
3	21750.0000	18150.000	169.50000	0.0	0.0	-360.0	1.0000000
48	22200.0000	19150.000	169.49997	0.0	0.0	180.0	2.2999988
48	21050.0000	19100.000	169.50000	0.0	0.0	60.0	2.0799990
48	21400.0000	18400.000	169.50002	0.0	0.0	60.0	2.2799988
49	21650.0000	19150.000	169.49997	0.0	0.0	150.0	3.6399975
11	21853.5254	18401.801	76.76067	0.0	0.0	120.0	1.0000000
35	22266.3418	18068.484	199.84004	0.0	0.0	1080.0	1.0000000
36	22350.0000	17650.000	168.52960	0.0	0.0	1230.0	1.0000000
41	22375.8418	17616.355	158.65610	-5.0	0.0	750.0	1.0000000
50	22350.0000	19250.000	169.49997	0.0	0.0	360.0	1.0000000
50	22050.0000	19250.000	169.49998	0.0	0.0	360.0	1.0000000
50	21750.0000	19250.000	169.50002	0.0	0.0	360.0	1.0000000
50	21450.0000	19250.000	169.50003	0.0	0.0	360.0	1.0000000
50	21150.0000	19250.000	169.50003	0.0	0.0	360.0	1.0000000
50	20850.0000	19250.000	169.50003	0.0	0.0	360.0	1.0000000
0	20950.0000	21950.000	169.49998	0.0	0.0	360.0	1.0000000
0	21250.0000	21950.000	169.49997	0.0	0.0	360.0	1.0000000
0	21550.0000	21950.000	169.49997	0.0	0.0	360.0	1.0000000
0	21850.0000	21950.000	169.49998	0.0	0.0	360.0	1.0000000
0	22150.0000	21950.000	169.50002	0.0	0.0	360.0	1.0000000
0	20950.0000	23550.000	169.49998	0.0	0.0	360.0	1.0000000
0	22150.0000	23550.000	169.50002	0.0	0.0	360.0	1.0000000
0	21250.0000	23550.000	169.49998	0.0	0.0	360.0	1.0000000
3	21410.3516	23493.262	-11.99402	-340.0	0.0	870.0	1.0000000
3	22000.6270	23548.730	-35.13264	-340.0	0.0	1050.0	1.0000000
3	21416.4238	23582.666	-61.16919	-330.0	0.0	1050.0	1.0000000
3	21987.2500	23351.959	-78.88843	-330.0	0.0	1200.0	1.0000000
3	21511.1465	23267.268	-71.56224	-330.0	0.0	1020.0	1.0000000
3	20833.0801	22886.850	-71.25572	-330.0	0.0	1080.0	1.0000000
0	20950.0000	24650.000	169.49997	0.0	0.0	90.0	1.0000000
0	20950.0000	24950.000	169.50000	0.0	0.0	90.0	1.0000000
0	21150.0000	25150.000	169.50000	0.0	0.0	0.0	1.0000000
0	21450.0000	25150.000	169.49998	0.0	0.0	0.0	1.0000000
0	21650.0000	24950.000	169.49998	0.0	0.0	90.0	1.0000000
0	21650.0000	24650.000	169.49997	0.0	0.0	90.0	1.0000000
0	21850.0000	24450.000	169.50003	0.0	0.0	0.0	1.0000000
0	22250.0000	24450.000	169.50003	0.0	0.0	0.0	1.0000000
3	21650.0000	24450.000	169.50000	0.0	0.0	180.0	1.0000000
3	21650.0000	25150.000	169.50002	0.0	0.0	180.0	1.0000000
3	20950.0000	25150.000	169.50000	0.0	0.0	180.0	1.0000000
3	20950.0000	24450.000	169.50003	0.0	0.0	180.0	1.0000000
3	22050.0000	24450.000	169.50003	0.0	0.0	270.0	1.0000000
43	21301.9980	25061.078	190.71655	-5.0	0.0	360.0	1.0000000
31	21109.5352	24991.490	168.15746	-5.0	0.0	330.0	1.0000000
22	21175.7070	24568.490	-315.46710	-5.0	0.0	630.0	1.0000000
9	21150.0000	24600.000	169.49998	0.0	0.0	90.0	1.0000000
0	22550.0000	650.000	169.49997	0.0	0.0	0.0	1.0000000
0	22850.0000	650.000	169.50002	0.0	0.0	0.0	1.0000000
0	23150.0000	650.000	169.49998	0.0	0.0	0.0	1.0000000
0	23450.0000	650.000	169.50002	0.0	0.0	0.0	1.0000000
0	23750.0000	650.000	169.50003	0.0	0.0	0.0	1.0000000
0	23950.0000	450.000	169.49997	0.0	0.0	90.0	1.0000000
0	23950.0000	150.000	169.49997	0.0	0.0	90.0	1.0000000
3	23950.0000	650.000	169.50000	0.0	0.0	180.0	1.0000000
3	23900.0000	50.000	169.49997	0.0	0.0	180.0	1.0000000
36	22450.0000	1550.000	169.50000	0.0	0.0	30.0	1.0000000
36	23250.0000	1550.000	167.83580	0.0	0.0	30.0	1.0000000
36	23250.0000	1150.000	173.09503	0.0	0.0	30.0	1.0000000
36	22450.0000	1150.000	170.77266	0.0	0.0	30.0	1.0000000
36	23950.0000	1150.000	169.50002	0.0	0.0	-30.0	1.0000000
36	23950.0000	1550.000	184.20866	0.0	0.0	-30.0	1.0000000
47	22849.6504	1210.182	176.49663	0.0	0.0	60.0	1.0000000
0	23250.0000	3150.000	169.49998	0.0	0.0	90.0	1.0000000
0	23250.0000	2850.000	169.50003	0.0	0.0	90.0	1.0000000
0	23250.0000	2550.000	169.50000	0.0	0.0	90.0	1.0000000
0	23250.0000	2250.000	169.50002	0.0	0.0	90.0	1.0000000
0	23050.0000	2050.000	169.50000	0.0	0.0	0.0	1.0000000
0	22750.0000	2050.000	169.49998	0.0	0.0	0.0	1.0000000
0	22450.0000	2050.000	169.50003	0.0	0.0	0.0	1.0000000
3	23250.0000	2050.000	169.50002	0.0	0.0	180.0	1.0000000
36	23950.0000	1950.000	175.04788	0.0	0.0	-30.0	1.0000000
36	23943.7891	2356.210	185.41165	0.0	0.0	-30.0	1.0000000
35	23051.7109	1978.300	165.56839	0.0	0.0	0.0	1.0000000
35	22452.8301	1987.539	169.94690	0.0	0.0	-360.0	1.0000000
35	23315.6094	2544.350	165.87198	0.0	0.0	-270.0	1.0000000
36	23650.0000	2950.000	169.79178	0.0	0.0	-270.0	1.0000000
47	23376.4277	1967.709	207.96889	0.0	0.0	0.0	1.0000000
47	23555.4746	2877.225	181.66325	0.0	0.0	60.0	1.0000000
47	23557.5918	2744.359	179.90961	0.0	0.0	60.0	1.0000000
47	22746.9023	1765.669	197.05795	0.0	0.0	60.0	1.0000000
0	23250.0000	4650.000	169.49998	0.0	0.0	90.0	1.0000000
0	23250.0000	4350.000	169.50002	0.0	0.0	90.0	1.0000000
0	23250.0000	4050.000	169.50000	0.0	0.0	90.0	1.0000000
0	23250.0000	3750.000	169.50000	0.0	0.0	90.0	1.0000000
0	23250.0000	3450.000	169.50002	0.0	0.0	90.0	1.0000000
35	23325.1738	3445.223	173.26688	0.0	0.0	-270.0	1.0000000
36	23650.0000	3650.000	171.82204	0.0	0.0	-270.0	1.0000000
36	23650.0000	4350.000	169.50002	0.0	0.0	-270.0	1.0000000
47	23772.0938	3791.143	183.12099	0.0	0.0	60.0	1.0000000
47	23425.6094	4346.075	174.78253	0.0	0.0	-30.0	1.0000000
39	23250.0000	4650.000	174.05608	0.0	0.0	90.0	1.0000000
39	23250.0000	4050.000	188.33246	0.0	0.0	90.0	1.0000000
39	23250.0000	3750.000	169.50003	0.0	0.0	90.0	1.0000000
0	22450.0000	6150.000	169.50003	0.0	0.0	0.0	1.0000000
0	22750.0000	6150.000	169.50002	0.0	0.0	0.0	1.0000000
0	22950.0000	6350.000	169.50002	0.0	0.0	90.0	1.0000000
0	22450.0000	5450.000	169.50000	0.0	0.0	0.0	1.0000000
0	22750.0000	5450.000	169.50000	0.0	0.0	0.0	1.0000000
0	23050.0000	5450.000	169.49998	0.0	0.0	0.0	1.0000000
0	23250.0000	5250.000	169.50002	0.0	0.0	90.0	1.0000000
0	23250.0000	4950.000	169.49998	0.0	0.0	90.0	1.0000000
3	22950.0000	6150.000	169.49997	0.0	0.0	180.0	1.0000000
3	23250.0000	5450.000	169.50002	0.0	0.0	180.0	1.0000000
36	23650.0000	5050.000	168.95541	0.0	0.0	-270.0	1.0000000
36	23650.0000	5650.000	169.50000	0.0	0.0	-270.0	1.0000000
36	23650.0000	6350.000	168.23485	0.0	0.0	-270.0	1.0000000
41	23654.8848	6326.004	166.69115	0.0	0.0	0.0	1.0000000
41	23646.7598	5019.351	168.59958	0.0	0.0	0.0	1.0000000
47	23017.2871	5991.942	171.63783	0.0	0.0	-30.0	1.0000000
47	23418.8027	5519.640	181.45216	0.0	0.0	-30.0	1.0000000
47	22482.1309	6031.076	183.70883	0.0	0.0	90.0	1.0000000
47	22479.6270	5946.362	175.18297	0.0	0.0	90.0	1.0000000
44	22435.5312	6007.316	188.93053	0.0	0.0	90.0	1.0000000
39	22750.0000	6150.000	173.23122	0.0	0.0	0.0	1.0000000
0	23750.0000	7950.000	169.50002	0.0	0.0	90.0	1.0000000
0	23750.0000	7650.000	169.50003	0.0	0.0	90.0	1.0000000
0	23750.0000	7350.000	169.50000	0.0	0.0	90.0	1.0000000
0	23550.0000	7150.000	169.49998	0.0	0.0	0.0	1.0000000
0	22950.0000	6650.000	169.49998	0.0	0.0	90.0	1.0000000
0	22950.0000	6950.000	169.50000	0.0	0.0	90.0	1.0000000
0	23150.0000	7150.000	169.49997	0.0	0.0	0.0	1.0000000
3	23750.0000	7150.000	169.49998	0.0	0.0	180.0	1.0000000
3	23350.0000	7150.000	169.49998	0.0	0.0	180.0	1.0000000
3	22950.0000	7150.000	169.50000	0.0	0.0	180.0	1.0000000
47	23151.6230	6964.164	191.04810	0.0	0.0	-30.0	1.0000000
47	23890.9766	7169.886	175.03613	0.0	0.0	30.0	1.0000000
45	23110.5176	7051.609	208.06018	0.0	0.0	-90.0	1.0000000
0	23750.0000	8250.000	169.50002	0.0	0.0	90.0	1.0000000
0	22650.0000	9350.000	169.49998	0.0	0.0	0.0	1.0000000
0	22950.0000	9350.000	169.49997	0.0	0.0	0.0	1.0000000
0	23250.0000	9350.000	169.50003	0.0	0.0	0.0	1.0000000
0	23550.0000	9350.000	169.50002	0.0	0.0	0.0	1.0000000
0	23950.0000	9350.000	169.49997	0.0	0.0	0.0	1.0000000
0	23550.0000	8450.000	169.50003	0.0	0.0	0.0	1.0000000
0	23250.0000	8450.000	169.50000	0.0	0.0	0.0	1.0000000
0	22950.0000	8450.000	169.49998	0.0	0.0	0.0	1.0000000
0	22650.0000	8450.000	169.50003	0.0	0.0	0.0	1.0000000
0	22450.0000	8250.000	169.50002	0.0	0.0	90.0	1.0000000
3	22450.0000	8050.000	169.50002	0.0	0.0	180.0	1.0000000
3	22450.0000	8450.000	169.49997	0.0	0.0	180.0	1.0000000
3	23750.0000	8450.000	169.50000	0.0	0.0	180.0	1.0000000
3	23750.0000	9350.000	169.49998	0.0	0.0	180.0	1.0000000
47	23921.4121	8480.715	182.24712	0.0	0.0	0.0	1.0000000
47	23502.7148	9237.509	193.15483	0.0	0.0	0.0	1.0000000
47	22821.4707	9252.469	180.58704	0.0	0.0	0.0	1.0000000
39	22950.0000	9350.000	171.91339	0.0	0.0	0.0	1.0000000
39	23250.0000	9350.000	169.50003	0.0	0.0	0.0	1.0000000
3	23850.0000	8250.000	178.01320	0.0	0.0	-180.0	1.0000000
57	23954.3027	8252.763	485.88544	0.0	0.0	-360.0	1.0000000
57	23812.4355	8110.322	480.44736	0.0	0.0	-240.0	1.0000000
57	23821.8711	8111.722	155.63618	-50.0	0.0	-60.0	1.0000000
7	22400.0000	10650.000	169.50000	0.0	0.0	810.0	1.0000000
0	23950.0000	10150.000	169.50000	0.0	0.0	0.0	1.0000000
0	23050.0000	10150.000	169.50000	0.0	0.0	0.0	1.0000000
0	23350.0000	10150.000	169.50000	0.0	0.0	0.0	1.0000000
0	23650.0000	10150.000	169.50003	0.0	0.0	0.0	1.0000000
0	22750.0000	10150.000	169.49998	0.0	0.0	0.0	1.0000000
0	22450.0000	10150.000	169.50002	0.0	0.0	0.0	1.0000000
2	22700.0000	10300.000	169.49997	0.0	0.0	0.0	1.0000000
2	23900.0000	10300.000	169.50003	0.0	0.0	0.0	1.0000000
12	23846.8184	11023.457	314.77313	25.0	0.0	1560.0	1.0000000
17	23498.5918	11135.467	109.50003	0.0	0.0	1470.0	1.0000000
2	23300.0000	10300.000	169.49997	0.0	0.0	0.0	1.0000000
42	22952.8613	10751.488	165.91014	0.0	0.0	0.0	1.0000000
25	22551.2129	10662.028	169.49998	-440.0	0.0	1080.0	1.8199992
25	22520.3418	10554.482	184.50002	-455.0	0.0	1200.0	1.7799993
26	22569.7109	10649.196	184.49995	-455.0	0.0	1200.0	1.0000000
2	23300.0000	11200.000	169.50000	0.0	0.0	0.0	1.0000000
2	23900.0000	11200.000	169.49998	0.0	0.0	0.0	1.0000000
2	22700.0000	11200.000	169.49995	0.0	0.0	0.0	1.0000000
2	22700.0000	12100.000	169.49997	0.0	0.0	0.0	1.0000000
2	23900.0000	12100.000	169.50003	0.0	0.0	0.0	1.0000000
2	23300.0000	12100.000	169.50003	0.0	0.0	0.0	1.0000000
8	23837.9043	11652.326	169.49998	0.0	0.0	1620.0	1.2799997
8	22650.0000	11550.000	169.49997	0.0	0.0	1620.0	1.2999997
20	23708.1465	12749.791	181.95024	65.0	0.0	1410.0	1.0000000
21	23635.5684	12670.174	186.45775	60.0	0.0	1470.0	1.0000000
22	23754.7051	11795.643	204.50002	5.0	0.0	1380.0	1.0000000
23	22704.6797	11697.388	224.50002	5.0	0.0	1320.0	1.0000000
23	23006.2539	12786.251	236.69972	10.0	0.0	1140.0	1.0000000
42	23250.0000	11650.000	167.74524	0.0	0.0	0.0	1.0000000
47	22409.8457	12457.812	171.16650	0.0	0.0	30.0	1.0000000
47	22807.5469	12297.312	171.31429	0.0	0.0	30.0	1.0000000
47	22963.7344	12725.356	186.31873	0.0	0.0	60.0	1.0000000
47	23843.1738	12750.197	180.27884	0.0	0.0	0.0	1.0000000
46	23286.3535	12106.833	436.31427	0.0	0.0	60.0	1.0000000
59	22650.0000	12750.000	169.60994	0.0	0.0	450.0	1.0000000
59	22550.0000	12450.000	168.02734	0.0	0.0	510.0	1.0000000
59	22750.0000	12550.000	169.27863	0.0	0.0	600.0	1.0000000
59	22450.0000	12650.000	164.97618	0.0	0.0	420.0	1.0000000
0	23750.0000	14150.000	169.50003	0.0	0.0	450.0	1.0000000
3	23750.0000	14350.000	169.50000	0.0	0.0	450.0	1.0000000
3	23750.0000	13950.000	169.49998	0.0	0.0	450.0	1.0000000
0	23950.0000	13950.000	169.50003	0.0	0.0	360.0	1.0000000
0	23950.0000	13050.000	169.50002	0.0	0.0	0.0	1.0000000
0	23650.0000	13050.000	169.50003	0.0	0.0	0.0	1.0000000
0	22950.0000	13050.000	169.50003	0.0	0.0	0.0	1.0000000
15	23300.0000	13000.000	169.50000	0.0	0.0	0.0	1.0000000
0	22650.0000	13050.000	169.50000	0.0	0.0	0.0	1.0000000
12	23906.5938	14196.390	306.97394	-40.0	0.0	480.0	1.0000000
20	23593.6582	12910.058	210.32321	-35.0	0.0	1320.0	1.0000000
20	23794.5996	12874.174	164.50383	5.0	0.0	1470.0	1.0000000
21	23794.9727	12896.308	234.55269	5.0	0.0	1410.0	1.0000000
47	22494.7285	12835.183	177.04050	0.0	0.0	30.0	1.0000000
47	23893.4375	12826.411	171.31424	0.0	0.0	60.0	1.0000000
47	23647.0293	12853.325	177.69778	0.0	0.0	60.0	1.0000000
46	23650.0566	12854.030	176.94533	0.0	0.0	60.0	1.0000000
46	23202.0918	12848.817	186.31429	0.0	0.0	60.0	1.0000000
47	23261.9902	12912.237	231.31425	0.0	0.0	0.0	1.0000000
60	22600.0000	13000.000	169.49997	0.0	0.0	360.0	1.0000000
0	23750.0000	15450.000	169.49998	0.0	0.0	450.0	1.0000000
0	23750.0000	15850.000	169.50002	0.0	0.0	450.0	1.0000000
3	23750.0000	15250.000	169.50003	0.0	0.0	450.0	1.0000000
3	23750.0000	15650.000	169.50003	0.0	0.0	450.0	1.0000000
3	23750.0000	14750.000	169.50002	0.0	0.0	450.0	1.0000000
0	23750.0000	14550.000	169.49998	0.0	0.0	450.0	1.0000000
16	23750.0000	15000.000	169.50002	0.0	0.0	450.0	1.0000000
0	22450.0000	15850.000	169.49998	0.0	0.0	450.0	1.0000000
3	22450.0000	15650.000	169.49997	0.0	0.0	180.0	1.0000000
12	23942.5508	15449.058	378.41675	0.0	0.0	150.0	1.0000000
12	23994.1602	14456.943	368.06866	-30.0	0.0	330.0	1.0000000
21	23915.0801	15747.733	194.34821	-30.0	0.0	240.0	1.0000000
25	23951.9238	15377.893	159.45808	-30.0	0.0	360.0	1.0000000
25	23886.2383	15280.164	169.76239	-30.0	0.0	480.0	1.0000000
25	23861.8496	15927.227	187.26639	-30.0	0.0	420.0	1.0000000
25	23910.9434	15090.395	555.92542	85.0	0.0	420.0	1.0000000
26	23992.1484	14688.792	200.25136	105.0	0.0	480.0	1.0000000
27	23996.6543	15315.236	164.34425	5.0	0.0	480.0	1.0000000
28	23878.0156	14709.386	206.80309	5.0	0.0	420.0	1.0000000
41	23997.7578	15152.537	62.08467	-5.0	0.0	810.0	1.0000000
41	23998.7422	14856.954	61.79898	-5.0	0.0	810.0	1.0000000
52	23900.0000	14650.000	211.01285	0.0	0.0	450.0	1.0000000
52	23800.0000	15300.000	200.53944	0.0	0.0	450.0	1.0000000
0	23750.0000	16250.000	169.50002	0.0	0.0	450.0	1.0000000
3	23750.0000	16050.000	169.50002	0.0	0.0	450.0	1.0000000
0	23550.0000	16450.000	169.49997	0.0	0.0	360.0	1.0000000
0	23250.0000	16450.000	169.49997	0.0	0.0	360.0	1.0000000
0	22950.0000	16450.000	169.50002	0.0	0.0	360.0	1.0000000
0	22650.0000	16450.000	169.50000	0.0	0.0	360.0	1.0000000
0	22450.0000	16250.000	169.50002	0.0	0.0	450.0	1.0000000
3	22450.0000	16450.000	169.49997	0.0	0.0	180.0	1.0000000
3	22450.0000	16050.000	169.49997	0.0	0.0	180.0	1.0000000
3	23750.0000	16450.000	169.49997	0.0	0.0	-270.0	1.0000000
36	22850.0000	16850.000	169.50000	0.0	0.0	1290.0	1.0000000
36	22850.0000	17250.000	169.50002	0.0	0.0	1290.0	1.0000000
36	23350.0000	16850.000	169.19901	0.0	0.0	1290.0	1.0000000
36	23350.0000	17250.000	169.49997	0.0	0.0	1290.0	1.0000000
36	23850.0000	16850.000	169.49997	0.0	0.0	1290.0	1.0000000
36	23841.3438	17267.688	150.46140	0.0	0.0	1290.0	1.0000000
41	23864.5703	17234.062	161.08797	-5.0	0.0	750.0	1.0000000
0	22550.0000	18150.000	169.49997	0.0	0.0	360.0	1.0000000
0	22850.0000	18150.000	169.50003	0.0	0.0	360.0	1.0000000
0	23150.0000	18150.000	169.49998	0.0	0.0	360.0	1.0000000
0	23450.0000	18150.000	169.50002	0.0	0.0	360.0	1.0000000
0	23750.0000	18150.000	169.50002	0.0	0.0	360.0	1.0000000
48	23933.3555	18639.359	152.23758	0.0	0.0	180.0	1.9599991
48	23200.0000	19100.000	169.50000	0.0	0.0	180.0	1.9199991
48	22576.5371	18355.000	146.60979	0.0	0.0	180.0	2.3199987
48	23000.0000	18450.000	169.49997	0.0	0.0	60.0	1.7999992
48	23450.0000	19150.000	169.49997	0.0	0.0	60.0	1.7799993
11	22798.7266	19103.059	89.50003	0.0	0.0	30.0	1.0000000
29	23604.4590	17990.465	203.27859	5.0	0.0	630.0	1.0000000
28	23649.5586	18032.752	193.00557	5.0	0.0	630.0	1.0000000
35	22552.1387	18068.855	199.84004	0.0	0.0	1080.0	1.0000000
36	22850.0000	17650.000	169.50000	0.0	0.0	1290.0	1.0000000
36	23350.9043	17654.967	154.27530	0.0	0.0	1290.0	1.0000000
36	23846.3750	17654.363	159.83482	0.0	0.0	1290.0	1.0000000
31	22821.8125	19133.703	109.49992	0.0	0.0	-90.0	1.0000000
50	23950.0000	20650.000	169.49998	0.0	0.0	420.0	1.0000000
50	23850.0000	20350.000	169.50000	0.0	0.0	450.0	1.0000000
50	23850.0000	20050.000	169.50003	0.0	0.0	450.0	1.0000000
50	23750.0000	19850.000	169.49997	0.0	0.0	390.0	1.0000000
50	23650.0000	19650.000	169.49997	0.0	0.0	450.0	1.0000000
50	23650.0000	19350.000	169.49997	0.0	0.0	450.0	1.0000000
50	23250.0000	19250.000	169.49997	0.0	0.0	360.0	1.0000000
50	23550.0000	19250.000	169.49998	0.0	0.0	360.0	1.0000000
50	22950.0000	19250.000	169.49997	0.0	0.0	360.0	1.0000000
50	22650.0000	19250.000	169.50000	0.0	0.0	360.0	1.0000000
48	23742.6367	19243.877	165.39061	0.0	0.0	180.0	2.8799982
31	23958.3359	20410.695	119.49997	0.0	0.0	-30.0	1.0000000
0	23950.0000	22150.000	169.49997	0.0	0.0	360.0	1.0000000
0	23650.0000	22150.000	169.49998	0.0	0.0	360.0	1.0000000
0	23350.0000	22150.000	169.50000	0.0	0.0	360.0	1.0000000
3	23150.0000	22150.000	169.50003	0.0	0.0	-180.0	1.0000000
0	22950.0000	22150.000	169.50003	0.0	0.0	-360.0	1.0000000
3	22750.0000	22150.000	169.50003	0.0	0.0	450.0	1.0000000
0	22650.0000	22350.000	169.49998	0.0	0.0	450.0	1.0000000
0	22450.0000	21950.000	169.50002	0.0	0.0	360.0	1.0000000
3	22650.0000	21950.000	169.50000	0.0	0.0	540.0	1.0000000
0	22650.0000	22100.000	169.49997	0.0	0.0	450.0	1.0000000
48	23500.0000	22300.000	170.59270	0.0	0.0	150.0	1.0000000
49	23586.6172	22370.826	160.15524	0.0	0.0	150.0	3.0599980
0	22450.0000	23550.000	169.50003	0.0	0.0	360.0	1.0000000
50	23850.0000	23350.000	169.49995	0.0	0.0	360.0	1.0000000
50	23550.0000	23350.000	169.49998	0.0	0.0	360.0	1.0000000
3	23350.0000	23350.000	169.50003	0.0	0.0	270.0	1.0000000
3	22650.0000	23550.000	169.50002	0.0	0.0	270.0	1.0000000
0	22650.0000	23350.000	169.50000	0.0	0.0	450.0	1.0000000
0	22650.0000	23050.000	169.49995	0.0	0.0	450.0	1.0000000
3	22650.0000	22850.000	169.50002	0.0	0.0	450.0	1.0000000
0	22650.0000	22650.000	169.50000	0.0	0.0	450.0	1.0000000
3	22510.6211	23467.518	-58.31641	-330.0	0.0	1020.0	1.0000000
48	23840.2031	22763.096	203.83379	0.0	0.0	180.0	1.0000000
49	23519.2109	23123.898	150.30359	0.0	0.0	-10.0	3.0599980
0	22450.0000	24650.000	169.49998	0.0	0.0	90.0	1.0000000
0	22450.0000	24950.000	169.50003	0.0	0.0	90.0	1.0000000
0	22650.0000	25150.000	169.50003	0.0	0.0	0.0	1.0000000
0	22950.0000	25150.000	169.49997	0.0	0.0	0.0	1.0000000
0	23150.0000	24950.000	169.50005	0.0	0.0	90.0	1.0000000
0	23150.0000	24650.000	169.49997	0.0	0.0	90.0	1.0000000
0	23350.0000	24450.000	169.50002	0.0	0.0	0.0	1.0000000
0	23650.0000	24450.000	169.50000	0.0	0.0	0.0	1.0000000
0	23850.0000	24650.000	169.49997	0.0	0.0	90.0	1.0000000
0	23850.0000	24950.000	169.49997	0.0	0.0	90.0	1.0000000
3	23850.0000	25150.000	169.49998	0.0	0.0	180.0	1.0000000
3	22450.0000	25150.000	169.50000	0.0	0.0	180.0	1.0000000
3	22550.0000	24450.000	169.49998	0.0	0.0	450.0	1.0000000
3	23050.0000	24450.000	169.50000	0.0	0.0	450.0	1.0000000
3	23950.0000	24450.000	169.49998	0.0	0.0	450.0	1.0000000
3	23850.0000	24450.000	169.49998	0.0	0.0	90.0	1.0000000
3	22450.0000	24450.000	169.50002	0.0	0.0	90.0	1.0000000
3	23150.0000	24450.000	169.50002	0.0	0.0	90.0	1.0000000
43	22807.3926	25062.656	182.40179	-5.0	0.0	360.0	1.0000000
45	23919.9531	24576.125	169.16653	-5.0	0.0	360.0	1.0000000
31	22537.9531	25052.180	204.15167	-5.0	0.0	420.0	1.0000000
46	22600.0000	24850.000	169.56035	-5.0	0.0	330.0	1.0000000
47	22750.0000	24800.000	169.49997	-5.0	0.0	330.0	1.0000000
47	22550.0000	24900.000	176.34546	-5.0	0.0	330.0	1.0000000
0	25150.0000	1450.000	169.50002	0.0	0.0	90.0	1.0000000
0	25150.0000	1150.000	169.50002	0.0	0.0	90.0	1.0000000
0	25150.0000	850.000	169.49998	0.0	0.0	90.0	1.0000000
0	25150.0000	550.000	169.49995	0.0	0.0	90.0	1.0000000
0	25150.0000	250.000	169.49997	0.0	0.0	90.0	1.0000000
0	24950.0000	50.000	169.49997	0.0	0.0	0.0	1.0000000
0	24650.0000	50.000	169.49998	0.0	0.0	0.0	1.0000000
0	24350.0000	50.000	169.49998	0.0	0.0	0.0	1.0000000
0	24050.0000	50.000	169.50002	0.0	0.0	0.0	1.0000000
3	25150.0000	50.000	169.50003	0.0	0.0	180.0	1.0000000
20	24592.0938	315.997	186.36076	0.0	0.0	30.0	1.0000000
20	24300.0000	750.000	188.51064	0.0	0.0	-120.0	1.0000000
20	24390.0430	639.494	220.13031	-60.0	0.0	-60.0	1.0000000
20	24150.0000	500.000	198.58342	-60.0	0.0	-60.0	1.0000000
20	24310.0078	292.768	180.18076	25.0	0.0	-420.0	1.0000000
20	24416.5996	383.136	186.38240	25.0	0.0	-450.0	1.0000000
20	24910.6484	610.761	169.44714	0.0	0.0	-390.0	1.0000000
21	24901.8223	618.664	231.14758	0.0	0.0	-420.0	1.0000000
21	24568.4883	352.863	245.35576	0.0	0.0	-360.0	1.0000000
21	24272.5879	705.374	261.44678	0.0	0.0	-450.0	1.0000000
21	24050.3809	790.208	192.34019	0.0	0.0	-450.0	1.0000000
21	24789.7012	440.530	178.44760	18.0	2.0	-380.0	1.0000000
36	24650.0000	1550.000	179.17351	0.0	0.0	-30.0	1.0000000
36	24650.0000	1150.000	186.04990	0.0	0.0	-30.0	1.0000000
46	24464.0234	661.657	215.51369	0.0	0.0	0.0	1.0000000
47	24253.0547	1025.668	177.21313	0.0	0.0	0.0	1.0000000
47	24279.9355	1595.536	218.34943	0.0	0.0	0.0	1.0000000
0	25150.0000	2650.000	169.50002	0.0	0.0	90.0	1.0000000
0	25150.0000	2350.000	169.49997	0.0	0.0	90.0	1.0000000
0	25150.0000	2050.000	169.50003	0.0	0.0	90.0	1.0000000
0	25150.0000	1750.000	169.50002	0.0	0.0	90.0	1.0000000
0	24950.0000	2850.000	169.50005	0.0	0.0	0.0	1.0000000
0	24650.0000	2850.000	169.49998	0.0	0.0	0.0	1.0000000
0	24350.0000	2850.000	169.49997	0.0	0.0	0.0	1.0000000
0	24150.0000	3050.000	169.49998	0.0	0.0	90.0	1.0000000
3	24150.0000	2850.000	169.50002	0.0	0.0	180.0	1.0000000
3	25150.0000	2850.000	169.50002	0.0	0.0	180.0	1.0000000
36	24646.5527	1951.648	164.93869	0.0	0.0	-30.0	1.0000000
36	24653.7812	2352.303	174.89711	0.0	0.0	-30.0	1.0000000
45	24717.5352	2321.205	171.02539	0.0	0.0	0.0	1.0000000
47	24198.8320	1656.305	193.33180	0.0	0.0	0.0	1.0000000
47	24330.7676	2297.219	243.02599	0.0	0.0	60.0	1.0000000
0	24150.0000	4650.000	169.49998	0.0	0.0	90.0	1.0000000
0	24150.0000	4350.000	169.49998	0.0	0.0	90.0	1.0000000
0	24150.0000	4050.000	169.50002	0.0	0.0	90.0	1.0000000
0	24150.0000	3750.000	169.49998	0.0	0.0	90.0	1.0000000
0	24150.0000	3450.000	169.50002	0.0	0.0	90.0	1.0000000
3	24150.0000	3250.000	169.49997	0.0	0.0	180.0	1.0000000
0	25150.0000	5650.000	169.50000	0.0	0.0	90.0	1.0000000
0	25150.0000	5350.000	169.50003	0.0	0.0	90.0	1.0000000
0	24950.0000	5150.000	169.49995	0.0	0.0	0.0	1.0000000
0	24650.0000	5150.000	169.50000	0.0	0.0	0.0	1.0000000
0	24350.0000	5150.000	169.50003	0.0	0.0	0.0	1.0000000
0	24150.0000	4950.000	169.50003	0.0	0.0	90.0	1.0000000
2	24500.0000	5500.000	169.50003	0.0	0.0	90.0	1.0000000
3	25150.0000	5150.000	169.50002	0.0	0.0	180.0	1.0000000
3	24150.0000	5150.000	169.50003	0.0	0.0	180.0	1.0000000
0	24950.0000	5850.000	169.50002	0.0	0.0	0.0	1.0000000
0	24650.0000	5850.000	169.49997	0.0	0.0	0.0	1.0000000
0	24350.0000	5850.000	169.50003	0.0	0.0	0.0	1.0000000
0	24150.0000	6050.000	169.49997	0.0	0.0	90.0	1.0000000
3	24150.0000	5850.000	169.50003	0.0	0.0	180.0	1.0000000
3	24150.0000	6250.000	169.50003	0.0	0.0	180.0	1.0000000
3	25150.0000	5850.000	169.50005	0.0	0.0	180.0	1.0000000
0	25150.0000	7750.000	169.50000	0.0	0.0	90.0	1.0000000
0	25150.0000	7450.000	169.50002	0.0	0.0	90.0	1.0000000
0	25150.0000	7150.000	169.50000	0.0	0.0	90.0	1.0000000
0	25150.0000	6850.000	169.50000	0.0	0.0	90.0	1.0000000
0	24950.0000	6650.000	169.49997	0.0	0.0	0.0	1.0000000
0	24650.0000	6650.000	169.49998	0.0	0.0	0.0	1.0000000
0	24350.0000	6650.000	169.49997	0.0	0.0	0.0	1.0000000
0	24150.0000	6450.000	169.49997	0.0	0.0	90.0	1.0000000
3	24150.0000	6650.000	169.50003	0.0	0.0	180.0	1.0000000
3	25150.0000	6650.000	169.50003	0.0	0.0	180.0	1.0000000
42	24265.3516	7352.304	168.61363	0.0	0.0	0.0	1.0000000
47	24887.9062	7986.567	186.33907	0.0	0.0	30.0	1.0000000
47	24286.2578	7271.676	169.39818	0.0	0.0	30.0	1.0000000
47	24394.5508	7262.382	167.97995	0.0	0.0	90.0	1.0000000
0	25150.0000	9250.000	169.50000	0.0	0.0	90.0	1.0000000
0	25150.0000	8950.000	169.50000	0.0	0.0	90.0	1.0000000
0	25150.0000	8650.000	169.50003	0.0	0.0	90.0	1.0000000
0	25150.0000	8350.000	169.50000	0.0	0.0	90.0	1.0000000
0	24350.0000	9350.000	169.50000	0.0	0.0	0.0	1.0000000
0	24650.0000	9350.000	169.50002	0.0	0.0	0.0	1.0000000
0	24950.0000	9350.000	169.50002	0.0	0.0	0.0	1.0000000
3	24150.0000	9350.000	169.49997	0.0	0.0	0.0	1.0000000
0	24950.0000	8150.000	169.49997	0.0	0.0	0.0	1.0000000
0	24650.0000	8150.000	169.49998	0.0	0.0	0.0	1.0000000
0	25150.0000	8050.000	169.50000	0.0	0.0	90.0	1.0000000
3	24450.0000	8150.000	169.50002	0.0	0.0	180.0	1.0000000
42	24544.7246	8947.003	169.82693	0.0	0.0	0.0	1.0000000
47	24439.8125	8033.576	178.21883	0.0	0.0	30.0	1.0000000
46	24867.1016	9196.858	226.39973	0.0	0.0	0.0	1.0999999
46	24831.7246	9090.963	202.89882	0.0	0.0	60.0	1.0000000
46	24740.7832	9212.310	214.94196	0.0	0.0	-40.0	1.0599999
47	24764.1973	9118.819	210.15175	0.0	0.0	0.0	1.0599999
47	24935.6855	9211.253	224.66682	0.0	0.0	0.0	1.0000000
47	24944.5762	9048.652	187.31818	0.0	0.0	-20.0	1.0000000
47	24797.8867	9034.898	183.85123	0.0	0.0	0.0	1.0000000
47	24967.4199	8959.112	167.38306	0.0	0.0	0.0	1.0000000
57	24350.0332	8180.001	487.05579	0.0	0.0	-450.0	1.0000000
57	24402.0371	8058.896	160.80138	-50.0	0.0	-210.0	1.0000000
56	24540.9629	8089.391	174.82295	-50.0	0.0	-60.0	1.0000000
56	24530.2422	8177.568	477.93036	-5.0	0.0	-180.0	1.0000000
56	25070.9082	8187.692	473.71378	0.0	0.0	-180.0	1.0000000
0	24150.0000	11050.000	169.49997	0.0	0.0	90.0	1.0000000
0	24150.0000	10750.000	169.50003	0.0	0.0	90.0	1.0000000
3	24150.0000	10150.000	169.50003	0.0	0.0	180.0	1.0000000
0	24150.0000	10350.000	169.50000	0.0	0.0	90.0	1.0000000
3	24150.0000	10550.000	169.49998	0.0	0.0	180.0	1.0000000
0	24150.0000	12550.000	169.49998	0.0	0.0	90.0	1.0000000
0	24150.0000	12250.000	169.49997	0.0	0.0	90.0	1.0000000
0	24150.0000	11950.000	169.49997	0.0	0.0	90.0	1.0000000
0	24150.0000	11650.000	169.49997	0.0	0.0	90.0	1.0000000
0	24150.0000	11350.000	169.49997	0.0	0.0	90.0	1.0000000
0	25150.0000	14350.000	169.50002	0.0	0.0	90.0	1.0000000
0	25150.0000	14050.000	169.50000	0.0	0.0	90.0	1.0000000
3	24150.0000	13950.000	169.49997	0.0	0.0	540.0	1.0000000
3	24550.0000	13950.000	169.49998	0.0	0.0	540.0	1.0000000
3	24950.0000	13950.000	169.49997	0.0	0.0	540.0	1.0000000
0	24750.0000	13950.000	169.50005	0.0	0.0	360.0	1.0000000
0	24350.0000	13950.000	169.49997	0.0	0.0	360.0	1.0000000
3	25050.0000	13950.000	169.50003	0.0	0.0	450.0	1.0000000
0	24150.0000	12850.000	169.50000	0.0	0.0	90.0	1.0000000
12	24076.7793	14210.574	285.98053	-40.0	0.0	390.0	1.0000000
17	24081.8223	14349.515	271.58585	-40.0	0.0	420.0	1.0000000
20	24366.1699	14237.912	191.31790	25.0	0.0	330.0	1.0000000
21	24404.2266	14330.272	187.92119	-15.0	0.0	300.0	1.0000000
27	24062.9746	14332.588	167.12730	5.0	0.0	420.0	1.0000000
28	24159.9727	14233.289	179.99806	5.0	0.0	420.0	1.0000000
29	24214.3555	14397.525	175.51036	5.0	0.0	420.0	1.0000000
29	24446.5723	14316.655	187.88062	5.0	0.0	630.0	1.0000000
59	24850.0000	14350.000	174.20474	0.0	0.0	450.0	1.0000000
59	24550.0000	14350.000	170.67619	0.0	0.0	450.0	1.0000000
0	25150.0000	15850.000	169.50003	0.0	0.0	90.0	1.0000000
0	25150.0000	15550.000	169.49998	0.0	0.0	90.0	1.0000000
0	25150.0000	15250.000	169.50002	0.0	0.0	90.0	1.0000000
0	25150.0000	14950.000	169.49998	0.0	0.0	90.0	1.0000000
0	25150.0000	14650.000	169.50000	0.0	0.0	90.0	1.0000000
17	24096.9668	14669.144	266.93997	-40.0	0.0	390.0	1.0000000
17	24063.2344	14633.623	268.13379	-40.0	0.0	420.0	1.0000000
17	24037.9219	14745.126	279.49518	-40.0	0.0	420.0	1.0000000
17	24166.7480	15368.089	143.06006	-40.0	0.0	420.0	1.0000000
17	24053.9531	15080.460	152.49387	-40.0	0.0	420.0	1.0000000
20	24576.8594	14846.947	166.14738	-40.0	0.0	330.0	1.0000000
20	24577.0488	15092.533	147.15912	0.0	0.0	240.0	1.0000000
20	24049.3652	14468.185	189.56767	35.0	0.0	480.0	1.0000000
21	24669.0273	14954.252	190.47910	-30.0	0.0	240.0	1.0000000
25	24039.7031	14799.334	176.90268	-30.0	0.0	60.0	1.0000000
25	24093.0938	14607.927	150.57463	-30.0	0.0	120.0	1.0000000
25	24090.3359	15040.584	179.91367	105.0	0.0	420.0	1.0000000
26	24033.3535	15174.054	206.26289	105.0	0.0	480.0	1.0000000
27	24096.6895	15341.044	166.21043	5.0	0.0	420.0	1.0000000
30	24662.9980	15347.954	162.57108	0.0	0.0	1440.0	1.3399997
30	24557.7930	14749.815	147.64438	0.0	0.0	1440.0	1.2599998
30	24443.3477	15857.449	164.84006	0.0	0.0	1080.0	1.3799996
59	24450.0000	14550.000	169.50003	0.0	0.0	450.0	1.0000000
59	24750.0000	14650.000	171.60222	0.0	0.0	450.0	1.0000000
59	24850.0000	14550.000	169.49997	0.0	0.0	450.0	1.0000000
0	25150.0000	17350.000	169.50002	0.0	0.0	90.0	1.0000000
0	25150.0000	17050.000	169.50000	0.0	0.0	90.0	1.0000000
0	25150.0000	16750.000	169.49997	0.0	0.0	90.0	1.0000000
0	25150.0000	16450.000	169.49995	0.0	0.0	90.0	1.0000000
0	25150.0000	16150.000	169.50005	0.0	0.0	90.0	1.0000000
12	24874.2129	16461.150	373.73853	-30.0	0.0	330.0	1.0000000
12	24885.6113	17049.578	300.41888	-40.0	0.0	480.0	1.0000000
30	24442.7871	16253.370	169.84004	0.0	0.0	1080.0	1.3799996
36	24350.0000	16850.000	169.50005	85.0	0.0	810.0	1.0000000
0	25150.0000	19150.000	169.49997	0.0	0.0	90.0	1.0000000
0	25150.0000	18850.000	169.50002	0.0	0.0	90.0	1.0000000
0	25150.0000	18550.000	169.50005	0.0	0.0	90.0	1.0000000
0	25150.0000	18250.000	169.49997	0.0	0.0	90.0	1.0000000
0	25150.0000	17950.000	169.50000	0.0	0.0	90.0	1.0000000
0	25150.0000	17650.000	169.50000	0.0	0.0	90.0	1.0000000
0	24050.0000	18150.000	169.50003	0.0	0.0	360.0	1.0000000
0	24350.0000	18150.000	169.49998	0.0	0.0	360.0	1.0000000
0	24650.0000	18150.000	169.50005	0.0	0.0	360.0	1.0000000
0	24950.0000	18150.000	169.50005	0.0	0.0	360.0	1.0000000
48	24773.1484	18849.002	158.18333	0.0	0.0	180.0	2.2599988
48	24645.1348	18501.867	167.90056	0.0	0.0	60.0	2.1999989
48	24758.6992	18537.988	152.19952	0.0	0.0	260.0	1.4999995
11	24252.0723	18421.002	89.49995	0.0	0.0	30.0	1.0000000
12	24713.5508	17785.240	260.45734	-40.0	0.0	480.0	1.0000000
36	24135.9531	17675.672	40.90082	50.0	0.0	1200.0	1.0000000
36	24372.9141	17644.701	39.34883	65.0	0.0	1320.0	1.0000000
0	25150.0000	20650.000	169.49998	0.0	0.0	90.0	1.0000000
0	25150.0000	20350.000	169.50003	0.0	0.0	90.0	1.0000000
0	25150.0000	20050.000	169.49998	0.0	0.0	90.0	1.0000000
0	25150.0000	19750.000	169.49997	0.0	0.0	90.0	1.0000000
0	25150.0000	19450.000	169.49998	0.0	0.0	90.0	1.0000000
48	24447.7734	20447.920	171.27429	0.0	0.0	180.0	2.2999988
11	24890.8262	19463.416	65.48378	0.0	0.0	90.0	1.0000000
31	24018.6074	20395.061	109.49995	0.0	0.0	-90.0	1.0000000
0	25150.0000	22150.000	169.49995	0.0	0.0	90.0	1.0000000
0	25150.0000	21850.000	169.49998	0.0	0.0	90.0	1.0000000
0	25150.0000	21550.000	169.49998	0.0	0.0	90.0	1.0000000
0	25150.0000	21250.000	169.50000	0.0	0.0	90.0	1.0000000
0	25150.0000	20950.000	169.50003	0.0	0.0	90.0	1.0000000
50	24150.0000	22050.000	169.50000	0.0	0.0	450.0	1.0000000
50	24150.0000	21750.000	169.50002	0.0	0.0	450.0	1.0000000
50	24150.0000	21450.000	169.50003	0.0	0.0	450.0	1.0000000
50	24150.0000	21150.000	169.50003	0.0	0.0	450.0	1.0000000
50	24100.0000	20900.000	169.49997	0.0	0.0	420.0	1.0000000
48	24150.0000	22200.000	169.50000	0.0	0.0	180.0	2.3799987
48	24900.0000	21600.000	169.49997	0.0	0.0	180.0	1.9399991
49	24534.1680	21316.680	155.15762	0.0	0.0	120.0	2.8999982
0	25150.0000	23950.000	169.50000	0.0	0.0	90.0	1.0000000
0	25150.0000	23650.000	169.50002	0.0	0.0	90.0	1.0000000
0	25150.0000	23350.000	169.50000	0.0	0.0	90.0	1.0000000
0	25150.0000	23050.000	169.50005	0.0	0.0	90.0	1.0000000
0	25150.0000	22750.000	169.49998	0.0	0.0	90.0	1.0000000
0	25150.0000	22450.000	169.50002	0.0	0.0	90.0	1.0000000
50	24750.0000	23350.000	169.50000	0.0	0.0	360.0	1.0000000
50	25050.0000	23350.000	169.49998	0.0	0.0	360.0	1.0000000
50	24450.0000	23350.000	169.50002	0.0	0.0	360.0	1.0000000
50	24150.0000	23350.000	169.50000	0.0	0.0	360.0	1.0000000
48	24129.1055	23103.623	164.73576	0.0	0.0	360.0	2.1999989
48	24850.0000	23150.000	169.49997	0.0	0.0	210.0	2.2799988
48	24600.0000	22500.000	169.50002	0.0	0.0	180.0	2.2199988
41	24604.9609	22487.475	274.50406	-5.0	0.0	360.0	1.0000000
44	24098.6660	23079.957	196.09735	-5.0	0.0	360.0	1.0000000
47	24900.0000	23650.000	173.53752	-5.0	0.0	330.0	1.0000000
31	24650.0000	22450.000	223.37621	0.0	0.0	90.0	1.0000000
47	24000.0000	24950.000	194.36092	-5.0	0.0	330.0	1.0000000
0	24050.0000	25150.000	169.50003	0.0	0.0	0.0	1.0000000
0	24350.0000	25150.000	169.49997	0.0	0.0	0.0	1.0000000
0	24550.0000	24950.000	169.49998	0.0	0.0	90.0	1.0000000
0	24550.0000	24650.000	169.49998	0.0	0.0	90.0	1.0000000
0	24750.0000	24450.000	169.49995	0.0	0.0	0.0	1.0000000
0	25050.0000	24450.000	169.49997	0.0	0.0	0.0	1.0000000
0	25150.0000	24250.000	169.50000	0.0	0.0	90.0	1.0000000
3	24550.0000	25150.000	169.50002	0.0	0.0	180.0	1.0000000
3	24550.0000	24450.000	169.50003	0.0	0.0	270.0	1.0000000
3	24450.0000	24450.000	169.49995	0.0	0.0	450.0	1.0000000
43	24192.6035	25067.594	191.97118	-5.0	0.0	360.0	1.0000000
47	24200.0000	24950.000	193.27657	-5.0	0.0	330.0	1.0000000
47	24050.0000	24600.000	169.99382	-5.0	0.0	330.0	1.0000000
47	24850.0000	24250.000	186.48213	-5.0	0.0	330.0	1.0000000
47	24700.0000	24300.000	170.53706	-5.0	0.0	330.0	1.0000000
46	24750.0000	24350.000	182.26343	-5.0	0.0	330.0	1.0000000
