4
23	475.4850	103.771	221.02599	0.0	0.0	60.0	1.0000000
23	561.4575	311.227	246.35730	0.0	0.0	60.0	1.0000000
23	801.9827	603.152	220.84155	0.0	0.0	60.0	1.0000000
23	630.8307	947.611	163.04251	0.0	0.0	60.0	1.0000000
8	750.0000	1350.000	169.49997	-5.0	0.0	1170.0	1.0000000
8	850.0000	1450.000	169.49997	-5.0	0.0	1170.0	1.0000000
1	1550.0000	1550.000	170.02541	0.0	0.0	60.0	1.0000000
2	1578.8995	1423.398	143.81412	0.0	0.0	60.0	1.0000000
5	1050.0000	1550.000	169.50000	0.0	0.0	810.0	1.0000000
5	1150.0000	1450.000	169.49998	0.0	0.0	810.0	1.0000000
5	1150.0000	1350.000	169.49998	0.0	0.0	810.0	1.0000000
5	1150.0000	1250.000	169.49997	0.0	0.0	810.0	1.0000000
5	1050.0000	1050.000	170.19937	0.0	0.0	810.0	1.0000000
5	850.0000	1050.000	171.68935	0.0	0.0	810.0	1.0000000
5	750.0000	1050.000	170.95395	0.0	0.0	810.0	1.0000000
5	750.0000	1050.000	169.78088	0.0	0.0	810.0	1.0000000
5	650.0000	1150.000	169.50002	0.0	0.0	810.0	1.0000000
30	850.0000	1350.000	169.50003	0.0	0.0	2700.0	0.8200002
1	550.0000	1550.000	177.57628	0.0	0.0	3090.0	1.0000000
1	550.0000	1450.000	170.12900	0.0	0.0	3090.0	1.0000000
1	650.0000	1250.000	169.50000	0.0	0.0	3090.0	1.0000000
1	650.0000	1150.000	169.50002	0.0	0.0	3090.0	1.0000000
1	750.0000	1050.000	169.97366	0.0	0.0	3090.0	1.0000000
1	850.0000	1050.000	171.41368	0.0	0.0	3090.0	1.0000000
1	1050.0000	950.000	173.51126	0.0	0.0	3090.0	1.0000000
1	175.3003	654.098	232.71338	0.0	0.0	3090.0	1.0000000
1	1150.0000	1250.000	169.50003	0.0	0.0	3090.0	1.0000000
1	1150.0000	1350.000	169.49998	0.0	0.0	3090.0	1.0000000
1	1150.0000	1450.000	169.49998	0.0	0.0	3090.0	1.0000000
1	850.0000	1050.000	171.38354	0.0	0.0	3090.0	1.0000000
1	950.0000	950.000	173.99022	0.0	0.0	3090.0	1.0000000
1	1044.5817	-57.830	211.10983	0.0	0.0	3090.0	1.0000000
1	467.8211	246.481	278.52252	0.0	0.0	3090.0	1.0000000
1	1263.2620	62.678	215.84354	0.0	0.0	3130.0	1.0000000
22	945.8474	375.275	165.05009	0.0	0.0	30.0	1.0000000
23	917.6715	97.625	195.59563	0.0	0.0	60.0	1.0000000
22	1281.6266	241.180	159.90334	0.0	0.0	30.0	1.0000000
22	1535.2117	379.553	150.14032	0.0	0.0	-10.0	1.0000000
1	1025.5166	91.481	248.40871	0.0	0.0	3090.0	1.0000000
1	382.1769	143.611	251.93379	0.0	0.0	3090.0	1.0000000
1	150.0000	1450.000	184.74486	0.0	0.0	-180.0	0.8600001
1	150.0000	1350.000	177.98799	0.0	0.0	0.0	1.0000000
1	350.0000	1150.000	179.95267	0.0	0.0	0.0	1.0000000
1	250.0000	750.000	211.53891	0.0	0.0	0.0	1.0000000
1	350.0000	550.000	294.21844	0.0	0.0	0.0	1.0000000
1	150.0000	1250.000	182.25575	0.0	0.0	-90.0	1.1199999
1	350.0000	1250.000	173.60271	0.0	0.0	0.0	0.7600002
1	150.0000	1050.000	201.13622	0.0	0.0	0.0	1.0000000
1	350.0000	950.000	189.72736	0.0	0.0	0.0	1.0000000
1	250.0000	950.000	207.37814	0.0	0.0	0.0	1.0000000
1	250.0000	850.000	200.64214	0.0	0.0	0.0	1.0000000
1	350.0000	850.000	199.02608	0.0	0.0	0.0	1.0000000
1	150.0000	950.000	216.40955	0.0	0.0	0.0	1.0000000
32	998.4952	140.697	177.45526	0.0	0.0	0.0	1.0000000
31	786.4941	246.739	247.79944	0.0	0.0	-10.0	1.0000000
15	450.0000	1550.000	203.16791	0.0	0.0	0.0	1.0000000
36	1550.0000	350.000	221.23097	0.0	0.0	0.0	1.0000000
36	1250.0000	150.000	217.33855	0.0	0.0	0.0	1.0000000
36	750.0000	750.000	211.64641	0.0	0.0	0.0	1.0000000
36	850.0000	950.000	177.50075	0.0	0.0	0.0	1.0000000
23	150.0000	1850.000	223.87476	0.0	0.0	60.0	1.0000000
23	832.8336	2092.380	166.96570	0.0	0.0	60.0	1.0000000
23	605.3871	2580.062	172.57588	0.0	0.0	60.0	1.0000000
22	454.9948	2765.598	179.38065	0.0	0.0	30.0	1.0000000
1	1050.0000	3150.000	169.49998	0.0	0.0	60.0	1.0000000
1	950.0000	3050.000	169.50002	0.0	0.0	60.0	1.0000000
1	850.0000	3050.000	169.89357	0.0	0.0	60.0	1.0000000
1	1250.0000	2250.000	169.50003	0.0	0.0	60.0	1.0000000
1	1450.0000	2250.000	169.49997	0.0	0.0	60.0	1.0000000
2	1185.8772	3119.332	169.50003	0.0	0.0	240.0	1.0000000
2	1436.2467	2097.493	169.50003	0.0	0.0	180.0	1.0000000
2	592.8187	2731.389	139.36894	0.0	0.0	180.0	1.0000000
2	850.8505	2298.900	124.50006	0.0	0.0	210.0	1.0000000
5	1050.0000	3050.000	169.49997	0.0	0.0	810.0	1.0000000
5	1350.0000	2950.000	169.49998	0.0	0.0	810.0	1.0000000
5	1350.0000	3150.000	169.49998	0.0	0.0	810.0	1.0000000
5	1250.0000	3150.000	169.49998	0.0	0.0	810.0	1.0000000
5	650.0000	2750.000	179.74231	0.0	0.0	810.0	1.0000000
5	650.0000	2650.000	179.08852	0.0	0.0	810.0	1.0000000
5	750.0000	2750.000	169.49998	0.0	0.0	810.0	1.0000000
5	750.0000	2350.000	169.49998	0.0	0.0	810.0	1.0000000
5	850.0000	2250.000	169.49997	0.0	0.0	810.0	1.0000000
5	950.0000	2350.000	169.50002	0.0	0.0	810.0	1.0000000
30	1000.0000	2600.000	169.50003	0.0	0.0	2760.0	0.8000002
8	950.0000	2750.000	169.50003	0.0	0.0	2760.0	1.0000000
8	850.0000	2550.000	169.50002	0.0	0.0	2760.0	1.0000000
1	750.0000	2350.000	169.50003	0.0	0.0	3090.0	1.0000000
1	950.0000	2250.000	169.50002	0.0	0.0	3090.0	1.0000000
1	1050.0000	2150.000	169.49997	0.0	0.0	3090.0	1.0000000
1	1150.0000	2150.000	169.49995	0.0	0.0	3090.0	1.0000000
1	1250.0000	2250.000	169.49997	0.0	0.0	3090.0	1.0000000
1	1350.0000	2450.000	169.49997	0.0	0.0	3090.0	1.0000000
1	1350.0000	2650.000	169.49997	0.0	0.0	3090.0	1.0000000
1	1350.0000	2350.000	169.49998	0.0	0.0	3090.0	1.0000000
1	1250.0000	2850.000	169.50000	0.0	0.0	3090.0	1.0000000
1	1050.0000	3050.000	169.49997	0.0	0.0	3090.0	1.0000000
23	583.9935	3050.976	188.93495	0.0	0.0	60.0	1.0000000
23	786.0172	1769.735	195.93527	0.0	0.0	60.0	1.0000000
1	150.0000	3150.000	213.92793	0.0	0.0	0.0	1.0000000
1	244.3892	2222.045	226.39076	0.0	0.0	-120.0	1.0000000
1	150.0000	2150.000	224.94257	0.0	0.0	0.0	1.0000000
31	289.1812	2137.686	236.53468	0.0	0.0	-50.0	1.0000000
32	260.5409	1952.449	169.75453	0.0	0.0	0.0	1.0000000
31	341.5964	1827.501	234.28183	0.0	0.0	50.0	0.8000002
33	370.3785	2065.934	231.86610	0.0	0.0	0.0	1.0000000
33	429.8021	1897.047	230.77380	0.0	0.0	-10.0	1.3799996
12	650.0000	2050.000	174.07167	0.0	0.0	0.0	1.0000000
12	550.0000	1750.000	202.52763	0.0	0.0	0.0	1.0000000
12	450.0000	1650.000	222.98540	0.0	0.0	0.0	1.0000000
12	850.0000	1950.000	170.02762	0.0	0.0	0.0	1.0000000
12	550.0000	2450.000	183.24292	0.0	0.0	0.0	1.0000000
12	350.0000	2550.000	223.39313	0.0	0.0	0.0	1.0000000
12	421.9394	2290.323	202.92090	0.0	0.0	0.0	1.0000000
12	550.0000	2150.000	179.61165	0.0	0.0	0.0	1.0000000
15	650.0000	1950.000	177.65082	0.0	0.0	0.0	1.0000000
15	650.0000	1750.000	185.55589	0.0	0.0	0.0	1.0000000
15	550.0000	1650.000	198.33928	0.0	0.0	0.0	1.0000000
15	850.0000	1650.000	169.99193	0.0	0.0	0.0	1.0000000
15	895.2355	1845.416	170.04828	0.0	0.0	90.0	1.0000000
15	642.7218	2346.026	172.57906	0.0	0.0	50.0	1.0000000
15	378.7518	2371.418	214.18094	0.0	0.0	220.0	1.0000000
15	650.0000	2150.000	172.05022	0.0	0.0	220.0	1.0000000
15	831.7570	2122.079	169.49994	0.0	0.0	190.0	1.0000000
5	419.8547	3039.170	215.34416	0.0	0.0	0.0	1.8799992
23	634.6387	3592.643	231.49065	0.0	0.0	60.0	1.0000000
22	636.4349	4751.386	169.56213	0.0	0.0	30.0	1.0000000
22	544.6730	3947.787	225.85385	0.0	0.0	30.0	1.0000000
22	549.0743	3283.297	230.46025	0.0	0.0	30.0	1.0000000
36	550.0000	4750.000	171.23558	360.0	0.0	4050.0	1.0000000
36	500.0000	4600.000	170.95692	360.0	0.0	4020.0	1.3199997
36	750.0000	4400.000	194.25262	360.0	0.0	4020.0	1.0000000
36	900.0000	4500.000	197.06798	360.0	0.0	4020.0	1.2799997
36	500.0000	4100.000	224.29132	360.0	0.0	4020.0	1.3399997
36	500.0000	3950.000	240.18883	360.0	0.0	4020.0	1.3399997
34	997.5330	4724.407	107.20535	360.0	0.0	4050.0	1.0000000
5	750.0000	4450.000	202.79866	350.0	0.0	5040.0	1.0000000
5	500.0000	3900.000	237.95250	350.0	0.0	5040.0	1.0000000
5	900.0000	3500.000	175.11220	350.0	0.0	5040.0	1.0000000
5	1250.0000	3600.000	194.96381	350.0	0.0	5040.0	1.0000000
5	1550.0000	4150.000	207.68018	350.0	0.0	5040.0	1.0000000
5	1450.0000	3850.000	188.38039	350.0	0.0	5040.0	1.0000000
1	928.8920	4720.956	179.74771	0.0	0.0	300.0	1.0000000
1	1598.7668	4343.122	206.09708	0.0	0.0	300.0	1.0000000
1	1461.0626	4163.205	189.95595	0.0	0.0	300.0	1.0000000
1	1186.2634	3601.345	178.47408	0.0	0.0	300.0	1.0000000
1	530.5250	3915.731	245.99031	0.0	0.0	300.0	1.0000000
1	592.4102	3715.853	249.09305	0.0	0.0	300.0	1.0000000
1	516.4477	4202.937	219.95648	0.0	0.0	300.0	1.0000000
1	584.9725	4484.391	208.63054	0.0	0.0	300.0	1.0000000
1	708.4489	4469.143	206.70319	0.0	0.0	300.0	1.0000000
1	740.4608	4496.538	205.75858	0.0	0.0	300.0	1.0000000
23	569.5559	4419.942	180.97742	0.0	0.0	60.0	1.0000000
1	918.4387	4575.360	169.24321	0.0	0.0	60.0	1.0000000
1	350.0000	3450.000	269.61917	0.0	0.0	60.0	1.0000000
1	550.0000	3450.000	263.12640	0.0	0.0	60.0	1.0000000
15	1298.1802	3628.954	198.02614	0.0	0.0	990.0	1.0000000
15	650.0000	4550.000	202.58968	0.0	0.0	990.0	1.0000000
15	950.0000	4650.000	186.60291	0.0	0.0	990.0	1.0000000
12	1550.0000	4050.000	196.01704	360.0	0.0	29.0	1.0000000
5	1150.0000	3250.000	169.49998	0.0	0.0	810.0	1.0000000
1	150.0000	4550.000	209.89139	0.0	0.0	0.0	1.0000000
1	71.6404	3902.460	209.57988	0.0	0.0	0.0	1.0000000
31	112.1296	4378.476	213.74620	0.0	0.0	50.0	1.0000000
32	51.2081	4198.075	196.91360	0.0	0.0	0.0	1.0000000
33	173.4430	4192.889	218.20624	0.0	0.0	0.0	1.0000000
1	250.0000	4450.000	208.91483	0.0	0.0	-70.0	1.0000000
1	250.0000	4150.000	210.63425	0.0	0.0	-30.0	1.0000000
1	50.0000	4050.000	218.59755	0.0	0.0	-100.0	0.7600002
5	422.7328	3557.971	250.72040	0.0	0.0	90.0	1.7999992
23	552.2058	5451.334	179.70288	0.0	0.0	60.0	1.0000000
23	854.5914	5090.904	187.32176	0.0	0.0	60.0	1.0000000
23	704.9849	5720.631	189.11121	0.0	0.0	60.0	1.0000000
23	649.3546	5981.301	163.76675	0.0	0.0	60.0	1.0000000
36	250.0000	6150.000	188.96394	360.0	0.0	4050.0	1.0000000
36	300.0000	5900.000	183.87135	360.0	0.0	4050.0	1.0000000
36	250.0000	5050.000	211.14101	360.0	0.0	4050.0	1.0000000
36	350.0000	5350.000	201.97754	360.0	0.0	4050.0	1.0000000
36	700.0000	4950.000	172.01268	360.0	0.0	3990.0	1.3399997
36	600.0000	4950.000	175.41512	360.0	0.0	3990.0	1.3399997
36	954.2593	5066.062	155.18033	360.0	0.0	4020.0	1.0000000
36	850.0000	6000.000	227.21039	360.0	0.0	4020.0	1.3599997
36	750.0000	5800.000	235.59656	360.0	0.0	4020.0	1.1799998
36	1000.0000	6150.000	206.76183	360.0	0.0	3990.0	1.2599998
34	1436.4062	5758.651	117.29256	360.0	0.0	4080.0	1.0000000
34	807.2241	5823.603	161.73303	360.0	0.0	4080.0	1.0000000
34	946.3050	6132.749	140.07977	360.0	0.0	4080.0	1.0000000
34	1042.2906	5257.260	113.40128	360.0	0.0	4080.0	1.0000000
34	1038.3324	4894.759	127.73170	360.0	0.0	4050.0	1.1399999
5	1300.0000	6350.000	218.36485	350.0	0.0	4890.0	1.5999994
5	1550.0000	5650.000	207.06941	350.0	0.0	4890.0	1.3399997
5	1000.0000	5300.000	182.56726	350.0	0.0	4980.0	1.4599996
5	1050.0000	5100.000	197.14790	350.0	0.0	5040.0	1.1799998
1	1449.8226	6376.762	218.65068	0.0	0.0	300.0	1.0000000
1	768.4294	5960.791	225.67299	0.0	0.0	300.0	1.0000000
1	1059.3259	6111.319	203.06755	0.0	0.0	300.0	1.0000000
1	948.4402	4866.934	161.75157	0.0	0.0	150.0	1.0000000
1	990.4138	5202.180	161.87701	0.0	0.0	150.0	1.0000000
1	1023.3451	4994.395	172.86768	0.0	0.0	150.0	1.0000000
1	724.1687	5013.042	146.81505	0.0	0.0	150.0	1.0000000
1	599.1854	5760.029	150.95845	0.0	0.0	150.0	1.0000000
11	850.0000	6350.000	169.50005	0.0	0.0	2220.0	1.0000000
15	1050.0000	6350.000	176.95738	0.0	0.0	30.0	1.0000000
15	750.0000	5550.000	193.93823	0.0	0.0	30.0	1.0000000
15	850.0000	5350.000	173.51497	0.0	0.0	30.0	1.0000000
15	950.0000	5250.000	179.69606	0.0	0.0	30.0	1.0000000
15	830.5792	5471.800	194.48807	0.0	0.0	120.0	1.0000000
15	1050.0000	4850.000	211.67137	0.0	0.0	990.0	1.0000000
15	650.0000	5050.000	183.57750	0.0	0.0	990.0	1.0000000
15	750.0000	5050.000	171.56992	0.0	0.0	990.0	1.0000000
15	854.2103	4949.471	192.85818	0.0	0.0	1140.0	1.0000000
15	1550.0000	5650.000	207.13205	0.0	0.0	1140.0	1.0000000
15	1450.0000	6350.000	227.39064	0.0	0.0	1140.0	1.0000000
12	1050.0000	5250.000	192.39969	360.0	0.0	29.0	1.0000000
23	357.5306	6326.060	245.11533	0.0	0.0	60.0	1.0000000
23	896.5358	6201.175	253.08240	0.0	0.0	60.0	1.0000000
1	272.1307	5887.066	217.84053	0.0	0.0	0.0	1.0000000
1	150.0000	5750.000	217.94778	0.0	0.0	0.0	1.0000000
1	357.7297	5093.696	255.74246	0.0	0.0	0.0	1.0000000
32	79.3543	6054.373	97.22406	0.0	0.0	10.0	1.0000000
32	104.2584	5613.511	91.46503	0.0	0.0	120.0	1.0000000
33	214.9751	5692.585	209.83311	0.0	0.0	0.0	1.0000000
33	226.8529	6107.754	220.39787	0.0	0.0	0.0	1.0000000
33	255.4604	5555.006	216.13771	0.0	0.0	0.0	1.0000000
2	401.2934	5752.732	188.92130	0.0	0.0	-20.0	1.2199998
36	300.0000	6400.000	200.66885	360.0	0.0	4050.0	1.0000000
23	813.4101	7082.269	167.77339	0.0	0.0	60.0	1.0000000
23	641.5538	7710.994	159.78171	0.0	0.0	60.0	1.0000000
22	717.4974	7337.999	167.98712	0.0	0.0	30.0	1.0000000
36	300.0000	7650.000	171.00905	360.0	0.0	4050.0	1.1799998
36	450.0000	6900.000	191.69530	360.0	0.0	4050.0	1.0000000
36	450.0000	6550.000	190.66884	360.0	0.0	4050.0	1.0000000
36	1150.0000	6650.000	196.41275	360.0	0.0	3990.0	1.0000000
36	1050.0000	7850.000	217.54245	360.0	0.0	4020.0	1.3199997
34	703.5815	7665.073	83.01038	360.0	0.0	4050.0	1.0000000
34	1540.4077	7538.832	114.70065	360.0	0.0	4050.0	1.0000000
34	1587.5365	7676.692	177.64986	360.0	0.0	4050.0	1.0000000
34	946.2191	7143.158	143.58293	360.0	0.0	4050.0	1.0000000
34	1104.8170	6984.339	152.01297	360.0	0.0	4050.0	1.0000000
34	1112.7656	6886.940	138.48256	360.0	0.0	4020.0	1.0000000
34	875.8204	6704.816	89.86266	360.0	0.0	4080.0	1.0000000
34	1366.1365	6538.041	131.92740	360.0	0.0	4080.0	1.0000000
7	1038.8275	7878.622	220.82883	390.0	0.0	4710.0	1.0000000
7	1035.3518	7883.619	266.55222	390.0	0.0	4770.0	1.0000000
7	1041.9568	7894.966	210.80276	390.0	0.0	4770.0	1.0000000
7	873.4323	7484.073	226.70328	390.0	0.0	4740.0	1.0000000
7	856.1433	7462.835	228.54108	390.0	0.0	4710.0	1.0000000
7	895.5420	7720.383	251.41498	390.0	0.0	4770.0	1.0000000
7	887.7477	7718.237	225.91510	390.0	0.0	4680.0	1.0000000
1	1014.9182	7910.066	230.10526	0.0	0.0	0.0	1.0000000
1	886.0615	7727.098	243.97603	0.0	0.0	0.0	1.2599998
1	858.1891	7468.076	221.51651	0.0	0.0	90.0	1.2199998
1	1052.8690	7872.145	221.34680	0.0	0.0	270.0	1.1799998
1	1343.9572	6553.203	195.55838	0.0	0.0	30.0	1.0000000
1	943.1437	7040.678	196.99516	0.0	0.0	30.0	1.0000000
1	732.7666	6710.788	173.98051	0.0	0.0	30.0	1.0000000
1	1209.8235	6508.562	172.84183	0.0	0.0	300.0	1.0000000
1	869.2245	7674.620	239.99088	0.0	0.0	300.0	1.0000000
1	633.5808	7417.837	164.25081	0.0	0.0	150.0	1.0000000
1	527.3270	7233.920	163.90265	0.0	0.0	150.0	1.0000000
11	850.0000	7050.000	180.80872	0.0	0.0	2220.0	1.0000000
11	1050.0000	6850.000	189.23218	0.0	0.0	2220.0	1.0000000
11	1150.0000	6650.000	199.65871	0.0	0.0	2220.0	1.0000000
11	1050.0000	6550.000	169.49997	0.0	0.0	2220.0	1.0000000
11	950.0000	6550.000	169.50000	0.0	0.0	2220.0	1.0000000
11	850.0000	6850.000	177.39555	0.0	0.0	2220.0	1.0000000
11	750.0000	6850.000	177.12646	0.0	0.0	2220.0	1.0000000
22	760.1063	6693.153	187.57231	0.0	0.0	30.0	1.0000000
15	1150.0000	6550.000	169.60956	0.0	0.0	30.0	1.0000000
22	834.1848	7996.952	132.46326	0.0	0.0	30.0	1.0000000
1	150.0000	7950.000	189.03635	0.0	0.0	0.0	1.0000000
1	250.0000	7950.000	185.40381	0.0	0.0	-140.0	1.0000000
11	550.0000	7050.000	187.10072	0.0	0.0	0.0	1.0000000
11	537.8810	6862.552	219.34456	0.0	0.0	0.0	1.0000000
11	450.0000	6750.000	223.95929	0.0	0.0	0.0	1.0000000
11	250.0000	6750.000	212.82553	0.0	0.0	0.0	1.0000000
11	350.0000	6550.000	223.93018	0.0	0.0	0.0	1.0000000
11	550.0000	6650.000	206.26176	0.0	0.0	0.0	1.0000000
11	250.0000	6950.000	204.94940	0.0	0.0	0.0	1.0000000
11	350.0000	7350.000	208.36406	0.0	0.0	0.0	1.0000000
11	450.0000	7250.000	197.10036	0.0	0.0	0.0	1.0000000
11	250.0000	7550.000	186.90431	0.0	0.0	0.0	1.0000000
11	450.0000	7550.000	189.38625	0.0	0.0	0.0	1.0000000
11	550.0000	7350.000	185.49884	0.0	0.0	0.0	1.0000000
11	450.0000	7750.000	173.65323	0.0	0.0	0.0	1.0000000
11	250.0000	7750.000	203.89970	0.0	0.0	0.0	1.0000000
36	1150.0000	8000.000	229.44673	360.0	0.0	4020.0	1.0000000
23	150.0000	8250.000	204.00003	0.0	0.0	60.0	1.0000000
23	722.9515	9055.903	144.31476	0.0	0.0	60.0	1.0000000
22	626.0217	9332.781	177.54675	0.0	0.0	30.0	1.0000000
22	1008.7703	8535.147	157.15132	0.0	0.0	30.0	1.0000000
36	300.0000	9100.000	194.80804	360.0	0.0	4050.0	1.0000000
36	250.0000	8800.000	191.25391	360.0	0.0	4050.0	1.2999997
36	1250.0000	8200.000	211.90997	360.0	0.0	4020.0	1.2399998
36	1050.0000	8300.000	169.49998	360.0	0.0	4020.0	1.0000000
34	1000.0000	8200.000	170.31816	360.0	0.0	4050.0	1.0000000
34	933.1749	8169.049	50.46196	360.0	0.0	4050.0	1.0000000
7	1007.2499	9309.786	235.23981	390.0	0.0	4770.0	1.0000000
7	1008.5134	9289.429	232.95062	390.0	0.0	4680.0	1.0000000
7	1019.5312	9277.891	207.57639	390.0	0.0	4740.0	1.0000000
7	1263.8206	8099.517	234.68927	390.0	0.0	4680.0	1.0000000
7	1287.8430	8129.040	230.09320	390.0	0.0	4770.0	1.0000000
7	1309.5634	8093.781	216.29504	390.0	0.0	4710.0	1.0000000
7	1366.7841	8385.635	210.60803	390.0	0.0	4770.0	1.0000000
7	1367.6986	8358.929	271.39520	390.0	0.0	4710.0	1.0000000
7	1361.3571	8298.836	303.01810	390.0	0.0	4710.0	0.7600002
7	1317.4099	8527.640	206.47028	-720.0	0.0	5490.0	1.0000000
7	1284.0422	8600.508	199.76530	-720.0	0.0	5550.0	1.0000000
7	1247.8467	8653.938	196.76808	-720.0	0.0	5550.0	1.0000000
7	1065.2094	8829.946	199.52893	-720.0	0.0	5520.0	1.0000000
7	1035.4619	8794.023	194.63234	-720.0	0.0	5430.0	1.0000000
7	823.8691	9107.438	189.37927	-720.0	0.0	5520.0	1.0000000
7	808.5403	9058.657	183.90225	-720.0	0.0	5400.0	1.0000000
7	880.0486	9202.183	208.47192	-720.0	0.0	5430.0	1.0000000
7	902.5858	9218.785	236.46724	-720.0	0.0	5490.0	1.0000000
1	1004.5239	9276.995	227.27919	0.0	0.0	0.0	1.3599997
1	837.4760	9092.394	184.26602	0.0	0.0	0.0	1.3199997
1	965.9758	8852.299	183.51544	0.0	0.0	0.0	1.0000000
1	1312.9615	8372.993	213.65494	0.0	0.0	300.0	1.3199997
1	1274.1273	8125.925	222.04921	0.0	0.0	300.0	1.1799998
1	1237.9020	8623.804	182.15207	0.0	0.0	300.0	1.1799998
1	816.4211	9300.468	180.62952	0.0	0.0	300.0	1.1799998
1	841.6772	8634.793	147.47586	0.0	0.0	150.0	1.0000000
1	712.6602	8362.190	145.08740	0.0	0.0	150.0	1.0000000
22	993.7973	8216.454	207.67075	0.0	0.0	30.0	1.0000000
1	657.8983	8199.392	130.89162	0.0	0.0	30.0	1.0000000
1	392.3452	9349.086	164.11328	0.0	0.0	30.0	1.0000000
11	950.0000	8650.000	179.96808	0.0	0.0	2220.0	1.0000000
11	1150.0000	8450.000	180.92709	0.0	0.0	2220.0	1.0000000
11	1150.0000	8350.000	173.52609	0.0	0.0	2220.0	1.0000000
11	1050.0000	8250.000	170.49556	0.0	0.0	2220.0	1.0000000
11	850.0000	8350.000	169.49997	0.0	0.0	2220.0	1.0000000
11	750.0000	8650.000	169.49997	0.0	0.0	2220.0	1.0000000
11	950.0000	9350.000	226.21860	360.0	0.0	5070.0	1.0000000
11	850.0000	9250.000	203.74429	360.0	0.0	5070.0	1.0000000
11	850.0000	9150.000	189.30075	360.0	0.0	5070.0	1.0000000
11	850.0000	9050.000	188.45390	360.0	0.0	5070.0	1.0000000
11	950.0000	8950.000	183.88628	360.0	0.0	5070.0	1.0000000
11	1050.0000	8850.000	182.63412	360.0	0.0	5070.0	1.0000000
11	1050.0000	8850.000	181.56163	360.0	0.0	5070.0	1.0000000
11	1135.3000	8724.895	180.19342	360.0	0.0	5070.0	1.0000000
13	932.7471	9023.347	188.26318	360.0	0.0	5070.0	1.0000000
1	1178.8406	8089.708	242.06886	0.0	0.0	510.0	1.0000000
1	1270.7279	8265.361	221.16682	0.0	0.0	510.0	1.0000000
1	1000.3430	9350.539	245.62724	0.0	0.0	510.0	1.0000000
1	1001.7610	9546.745	217.50009	0.0	0.0	510.0	1.0000000
1	438.6475	8515.904	219.09921	0.0	0.0	0.0	1.0000000
1	150.0000	8050.000	195.24146	0.0	0.0	-70.0	1.0000000
1	227.2065	9444.180	218.17496	0.0	0.0	0.0	1.0000000
1	187.7597	9315.870	215.13382	0.0	0.0	-60.0	1.0000000
1	300.6693	9582.133	214.51857	0.0	0.0	-50.0	0.8600001
31	428.8997	8360.618	191.32880	0.0	0.0	0.0	1.0000000
31	372.8958	8124.901	196.54344	0.0	0.0	-80.0	1.0000000
36	350.0000	8350.000	228.38264	0.0	0.0	0.0	1.0000000
32	267.2510	8290.103	130.99686	0.0	0.0	110.0	1.0000000
32	295.4020	8554.715	82.34198	0.0	0.0	0.0	1.0000000
33	550.0000	8250.000	179.67047	0.0	0.0	0.0	1.0000000
33	450.0000	8650.000	194.66724	0.0	0.0	0.0	1.0000000
23	928.6791	10425.565	196.87856	0.0	0.0	60.0	1.0000000
23	759.4852	10751.741	171.94270	0.0	0.0	60.0	1.0000000
4	1559.6046	11116.627	214.49998	-5.0	0.0	1620.0	1.5999994
36	900.0000	11000.000	169.50002	360.0	0.0	3990.0	1.0000000
36	1100.0000	10200.000	169.49997	360.0	0.0	4050.0	1.4399996
36	1150.0000	10250.000	169.49998	360.0	0.0	3990.0	1.2799997
36	1350.0000	10350.000	169.49998	360.0	0.0	3990.0	1.0000000
36	1500.0000	10450.000	169.66840	360.0	0.0	3990.0	1.2999997
36	850.0000	10150.000	169.50003	360.0	0.0	3990.0	1.3999996
36	650.0000	10100.000	170.00829	360.0	0.0	4050.0	1.1399999
36	550.0000	9950.000	170.30132	360.0	0.0	4050.0	1.0000000
36	400.0000	9800.000	174.08194	360.0	0.0	3960.0	1.0000000
36	200.0000	9700.000	196.14493	360.0	0.0	4050.0	1.0000000
36	300.0000	10300.000	181.35725	360.0	0.0	4050.0	1.0000000
16	1479.7045	10051.042	177.99570	360.0	0.0	4200.0	1.0000000
15	1484.7418	9962.634	224.18427	360.0	0.0	4290.0	1.0000000
15	1529.1337	10378.899	189.37671	360.0	0.0	4290.0	1.0000000
15	1287.1384	10277.966	189.37674	360.0	0.0	4380.0	1.0000000
15	1029.0936	10218.915	189.37674	360.0	0.0	4470.0	1.0000000
15	1007.7877	10108.589	189.37671	360.0	0.0	4620.0	1.0000000
7	1529.6479	9966.186	225.61478	360.0	0.0	4740.0	1.0000000
7	1492.1615	9954.955	184.08084	360.0	0.0	4680.0	1.0000000
7	1543.8666	9991.138	185.93256	390.0	0.0	4770.0	1.0000000
7	1340.4178	9831.144	222.95534	-720.0	0.0	5400.0	1.0000000
7	1370.0193	9862.616	220.29115	-720.0	0.0	5490.0	1.0000000
7	1202.2592	9700.232	199.83798	-720.0	0.0	5400.0	1.0000000
7	1122.2263	9644.495	191.52765	-720.0	0.0	5400.0	1.0000000
7	1252.5563	9725.037	178.82965	-720.0	0.0	5460.0	1.0000000
1	1231.6229	9762.122	204.19812	0.0	0.0	0.0	1.2799997
1	1135.4685	9696.845	185.22421	0.0	0.0	300.0	1.0000000
1	1323.5662	9909.146	206.06053	0.0	0.0	300.0	1.0000000
1	1519.0319	10013.262	207.40689	0.0	0.0	390.0	1.0000000
1	1476.2567	9986.265	208.81674	0.0	0.0	0.0	1.0000000
1	702.6875	10067.232	175.26994	0.0	0.0	30.0	1.0000000
22	810.0182	9924.990	121.07668	0.0	0.0	30.0	1.0000000
1	828.3770	9767.180	174.40738	0.0	0.0	30.0	1.0000000
1	685.2930	10577.422	183.39497	0.0	0.0	60.0	1.0000000
1	933.6516	10831.155	156.15848	0.0	0.0	60.0	1.0000000
1	1362.2872	10841.479	137.24216	0.0	0.0	60.0	1.0000000
12	1418.9103	10709.423	174.78461	0.0	0.0	2220.0	1.0000000
11	1250.0000	9850.000	205.97910	360.0	0.0	5070.0	1.0000000
11	1250.0000	9750.000	210.82765	360.0	0.0	5070.0	1.0000000
11	1150.0000	9750.000	188.32379	360.0	0.0	5070.0	1.0000000
11	1050.0000	9750.000	185.45503	360.0	0.0	5070.0	1.0000000
11	1350.0000	9950.000	204.81897	360.0	0.0	5070.0	1.0000000
11	1550.0000	9950.000	207.49985	360.0	0.0	5070.0	1.0000000
22	499.8226	10991.895	229.51254	0.0	0.0	30.0	1.0000000
23	741.7186	9624.675	156.01155	0.0	0.0	60.0	1.0000000
1	50.0000	10750.000	206.49052	0.0	0.0	0.0	1.0000000
1	134.3564	10807.766	208.74480	0.0	0.0	-80.0	1.0000000
1	225.5095	9666.951	207.77667	0.0	0.0	0.0	1.0000000
1	185.3098	10687.079	210.65070	0.0	0.0	-60.0	0.8200002
25	324.5283	10310.292	225.61534	0.0	0.0	-80.0	1.4199996
32	213.6642	10368.742	221.11514	0.0	0.0	0.0	1.0000000
32	214.3705	10198.371	183.89429	0.0	0.0	110.0	1.0000000
32	181.3919	10026.433	106.74295	0.0	0.0	-50.0	1.0000000
25	342.6952	10143.146	209.78058	0.0	0.0	-310.0	1.7999992
25	393.6173	10217.466	204.05872	0.0	0.0	-140.0	1.0000000
25	545.0009	10399.083	210.25333	0.0	0.0	-110.0	1.1399999
25	198.9434	10624.134	206.79210	0.0	0.0	-20.0	1.7999992
25	366.7218	10675.952	212.27979	0.0	0.0	-100.0	1.2999997
25	292.0124	9887.977	229.95544	0.0	0.0	0.0	1.0000000
5	529.7994	10404.728	214.58507	0.0	0.0	-30.0	1.7599993
19	220.6093	9858.750	240.12048	0.0	0.0	70.0	1.0000000
19	145.9659	10003.169	239.86766	0.0	0.0	80.0	1.0000000
19	393.7702	9859.012	204.67525	0.0	0.0	40.0	0.7200003
19	134.3681	10780.468	214.71107	0.0	0.0	50.0	1.0000000
19	294.6798	10497.248	224.06334	0.0	0.0	220.0	0.6600003
19	386.7334	10573.545	224.41571	0.0	0.0	250.0	0.5200005
19	476.8845	10165.015	193.70409	0.0	0.0	80.0	0.5200005
23	530.2827	11304.166	167.02196	0.0	0.0	60.0	1.0000000
23	441.9531	11498.207	151.50664	0.0	0.0	60.0	1.0000000
23	859.7378	12080.524	166.45102	0.0	0.0	60.0	1.0000000
22	841.6118	12378.515	169.33067	0.0	0.0	30.0	1.0000000
22	717.9166	11723.493	167.48390	0.0	0.0	30.0	1.0000000
36	1000.0000	11900.000	169.50003	360.0	0.0	3990.0	1.0000000
36	600.0000	11700.000	170.70711	360.0	0.0	3990.0	1.0000000
36	1400.0000	11950.000	169.50002	360.0	0.0	3990.0	1.2599998
1	1462.0037	11234.726	158.99689	0.0	0.0	390.0	1.0000000
1	676.9755	11293.188	132.82275	0.0	0.0	60.0	1.0000000
1	1022.7622	12020.699	132.07152	0.0	0.0	60.0	1.0000000
1	1390.1243	11979.424	137.86436	0.0	0.0	60.0	1.0000000
1	1321.6791	11880.964	137.96672	0.0	0.0	60.0	1.0000000
1	1352.1549	11921.369	137.96671	0.0	0.0	60.0	1.0000000
1	1150.0000	12650.000	169.50002	0.0	0.0	60.0	1.0000000
1	1150.0000	12650.000	169.49998	0.0	0.0	60.0	1.0000000
1	1550.0000	12450.000	189.25504	0.0	0.0	60.0	1.0000000
37	1401.8815	11206.313	428.77551	0.0	0.0	-30.0	1.6199994
37	1467.6949	11241.452	419.16379	0.0	0.0	30.0	1.4199996
37	1300.6003	11215.823	423.05856	0.0	0.0	30.0	1.3999996
37	1361.0547	11281.277	427.13580	0.0	0.0	-30.0	1.3599997
23	619.9696	12681.575	167.15640	0.0	0.0	60.0	1.0000000
1	150.0000	11350.000	191.39148	0.0	0.0	0.0	1.0000000
32	303.9501	12311.129	115.26852	0.0	0.0	0.0	1.0000000
31	206.7382	12171.070	136.97954	0.0	0.0	0.0	1.0000000
32	137.0296	12312.279	120.24667	0.0	0.0	-70.0	0.8200002
5	550.0000	11950.000	174.83234	0.0	0.0	0.0	1.8999991
5	473.7992	12618.921	169.50003	0.0	0.0	40.0	1.8199992
23	976.3629	13140.554	162.81914	0.0	0.0	60.0	1.0000000
23	676.3326	13773.260	205.89659	0.0	0.0	60.0	1.0000000
23	409.5005	13663.803	194.73936	0.0	0.0	60.0	1.0000000
23	933.1922	13978.086	209.19870	0.0	0.0	60.0	1.0000000
22	974.6271	14261.324	230.77386	0.0	0.0	30.0	1.0000000
22	875.1846	13457.925	168.01315	0.0	0.0	30.0	1.0000000
0	1073.2402	14390.113	128.10851	0.0	0.0	1535.0	1.2399998
0	1426.3949	14221.555	129.51547	0.0	0.0	1835.0	1.2199998
5	1550.0000	13950.000	209.07793	0.0	0.0	330.0	1.0000000
36	1555.2686	14258.146	207.47095	360.0	0.0	4350.0	1.0000000
34	1506.6985	13982.312	230.08435	360.0	0.0	4410.0	1.0000000
1	1220.0647	12801.078	137.96674	0.0	0.0	60.0	1.0000000
1	740.8793	12906.481	137.96675	0.0	0.0	60.0	1.0000000
1	950.0000	13250.000	172.40422	0.0	0.0	60.0	1.0000000
1	1450.0000	12950.000	169.50002	0.0	0.0	60.0	1.0000000
1	350.0000	13750.000	192.35219	0.0	0.0	60.0	1.0000000
1	750.0000	14050.000	199.02283	0.0	0.0	60.0	1.0000000
1	1450.0000	14250.000	179.37706	0.0	0.0	60.0	1.0000000
1	950.0000	14150.000	192.55864	0.0	0.0	60.0	1.0000000
1	950.0000	14350.000	205.00232	0.0	0.0	60.0	1.0000000
1	1450.0000	14250.000	181.70206	0.0	0.0	60.0	1.0000000
13	1550.0000	14050.000	216.16110	0.0	0.0	2220.0	1.0000000
13	1550.0000	13750.000	202.24217	0.0	0.0	2220.0	1.0000000
13	1550.0000	13550.000	181.61929	0.0	0.0	2220.0	1.0000000
13	1450.0000	13450.000	169.50002	0.0	0.0	2220.0	1.0000000
13	1447.5168	13658.468	194.10405	0.0	0.0	2220.0	1.0000000
13	1550.0000	13650.000	202.48985	0.0	0.0	2220.0	1.0000000
1	550.0000	12850.000	169.50003	0.0	0.0	3090.0	1.0000000
1	130.4585	13078.169	173.63568	0.0	0.0	3090.0	1.0000000
1	160.5067	13481.118	189.01831	0.0	0.0	3090.0	1.0000000
1	250.0000	13550.000	184.78702	0.0	0.0	3090.0	1.0000000
1	44.9286	13478.008	190.56958	0.0	0.0	3090.0	1.0000000
1	121.0354	14103.136	207.37698	0.0	0.0	3090.0	1.0000000
1	335.7495	14202.340	216.89923	0.0	0.0	3090.0	1.0000000
1	71.3318	14224.868	210.49370	0.0	0.0	3090.0	1.0000000
1	210.9023	14394.187	224.03946	0.0	0.0	3090.0	1.0000000
1	450.0000	14350.000	226.70737	0.0	0.0	3090.0	1.0000000
1	550.0000	14250.000	223.29288	0.0	0.0	3090.0	1.0000000
22	906.0581	12831.540	164.72516	0.0	0.0	30.0	1.0000000
23	316.2217	14441.590	218.60292	0.0	0.0	90.0	1.0000000
23	828.6595	15190.838	160.91711	0.0	0.0	60.0	1.0000000
23	500.4222	15790.834	183.83766	0.0	0.0	90.0	1.0000000
22	1181.1770	15418.927	132.07350	0.0	0.0	30.0	1.0000000
22	421.1881	15192.344	169.41190	0.0	0.0	30.0	1.0000000
22	722.0598	14553.352	192.56456	0.0	0.0	30.0	1.0000000
0	1400.0000	15700.000	200.75615	0.0	0.0	485.0	1.1799998
0	1300.0000	15800.000	205.85640	0.0	0.0	815.0	1.2599998
0	1100.0000	15950.000	196.79080	0.0	0.0	935.0	1.4199996
0	850.9171	15334.306	113.93471	0.0	0.0	1115.0	1.6599994
0	1130.7183	14928.109	114.97397	0.0	0.0	1175.0	1.4399996
0	853.1081	14890.252	121.01120	0.0	0.0	1175.0	1.6399994
0	973.0695	14578.470	148.17001	0.0	0.0	1385.0	1.3599997
0	968.5355	14725.599	133.79050	0.0	0.0	1475.0	1.3599997
4	805.6005	15935.290	214.58400	-5.0	0.0	1560.0	1.0000000
36	1221.8134	15797.781	230.17749	360.0	0.0	4410.0	1.0000000
36	1452.4902	15628.691	232.17557	360.0	0.0	4440.0	1.2399998
1	850.0000	14550.000	217.76448	0.0	0.0	60.0	1.0000000
1	950.0000	14650.000	197.30281	0.0	0.0	60.0	1.0000000
1	950.0000	14750.000	184.34258	0.0	0.0	60.0	1.0000000
1	950.0000	14850.000	179.60422	0.0	0.0	60.0	1.0000000
1	1050.0000	14750.000	183.67224	0.0	0.0	60.0	1.0000000
1	1050.0000	14550.000	189.49818	0.0	0.0	60.0	1.0000000
1	1250.0000	15550.000	171.32640	0.0	0.0	60.0	1.0000000
1	1050.0000	15750.000	171.20595	0.0	0.0	60.0	1.0000000
1	850.0000	15950.000	169.67175	0.0	0.0	60.0	1.0000000
1	326.0155	15656.551	191.96988	0.0	0.0	60.0	1.0000000
15	850.0000	15950.000	170.66783	360.0	0.0	5070.0	1.0000000
16	949.7614	15949.569	173.71326	360.0	0.0	1650.0	1.0000000
1	86.6651	15074.486	173.45142	0.0	0.0	3090.0	1.0000000
1	127.2500	14939.998	175.47293	0.0	0.0	3170.0	1.0000000
1	350.0000	15150.000	169.59386	0.0	0.0	3090.0	1.0000000
23	837.4509	15876.775	154.61871	0.0	0.0	90.0	1.0000000
32	303.7378	15583.227	68.56825	0.0	0.0	-20.0	1.0000000
33	350.0000	15450.000	178.83467	0.0	0.0	0.0	1.0000000
33	395.6446	15676.101	187.79990	0.0	0.0	-20.0	1.0000000
0	263.5526	14845.888	122.25879	0.0	0.0	1195.0	1.6399994
0	216.5981	14660.195	139.00914	0.0	0.0	1255.0	1.6399994
5	550.0000	14950.000	174.87042	0.0	0.0	0.0	2.1799989
22	1115.7294	14841.718	133.98123	0.0	0.0	80.0	1.0000000
23	820.1093	16668.039	168.09821	0.0	0.0	90.0	1.0000000
23	524.1860	16943.879	178.39104	0.0	0.0	90.0	1.0000000
23	828.8806	17106.996	169.43668	0.0	0.0	90.0	1.0000000
22	857.2254	17481.375	201.72348	0.0	0.0	30.0	1.0000000
22	868.7645	16265.223	165.10605	0.0	0.0	30.0	1.0000000
0	1100.0000	16350.000	196.56587	0.0	0.0	1265.0	1.4199996
0	1050.0000	16150.000	203.17305	0.0	0.0	1115.0	1.6199994
0	930.0363	16684.803	172.53400	0.0	0.0	1115.0	1.4599996
0	1200.3876	16783.475	83.15022	0.0	0.0	965.0	1.2999997
0	1489.6300	17049.541	179.20206	0.0	0.0	1925.0	1.4399996
0	1487.6506	17324.424	133.99205	0.0	0.0	2105.0	1.3199997
0	1442.7853	17550.982	145.68053	0.0	0.0	2345.0	1.4199996
5	1051.1354	17505.107	169.49998	0.0	0.0	390.0	1.3399997
4	1505.9023	17145.305	278.10065	-5.0	0.0	1560.0	1.0000000
36	1374.5529	17593.830	201.92883	360.0	0.0	4380.0	1.3599997
36	1043.4707	17493.113	175.01318	360.0	0.0	4380.0	1.1399999
36	1119.5922	16660.521	201.77139	360.0	0.0	4380.0	1.2599998
36	1041.3004	16305.561	198.87457	360.0	0.0	4440.0	1.2999997
36	1044.7444	16548.324	189.59042	360.0	0.0	4350.0	1.0799999
36	1564.6663	17039.633	240.64334	360.0	0.0	4350.0	1.0000000
36	1140.9955	16727.529	213.11136	360.0	0.0	4350.0	1.0000000
1	750.0000	16250.000	169.50002	0.0	0.0	60.0	1.0000000
1	950.0000	16250.000	172.00256	0.0	0.0	60.0	1.0000000
1	850.0000	16550.000	169.49998	0.0	0.0	60.0	1.0000000
1	1050.0000	16850.000	179.54570	0.0	0.0	60.0	1.0000000
1	950.0000	17050.000	169.50000	0.0	0.0	60.0	1.0000000
1	950.0000	17550.000	185.95937	0.0	0.0	60.0	1.0000000
1	1250.0000	17350.000	169.50000	0.0	0.0	60.0	1.0000000
16	1450.0000	17450.000	188.64432	0.0	0.0	1140.0	1.0000000
16	1050.0000	17250.000	169.50002	0.0	0.0	1140.0	1.0000000
16	1150.0000	17150.000	169.50002	0.0	0.0	1140.0	1.0000000
16	1050.0000	16950.000	174.08757	0.0	0.0	1140.0	1.0000000
16	1050.0000	16850.000	186.76543	0.0	0.0	1140.0	1.0000000
15	1350.0000	17450.000	170.31061	360.0	0.0	5070.0	1.0000000
15	1250.0000	17550.000	175.95894	360.0	0.0	5070.0	1.0000000
15	1450.0000	17550.000	205.48154	360.0	0.0	5070.0	1.0000000
15	1450.0000	17050.000	227.01103	360.0	0.0	5070.0	1.0000000
15	1350.0000	16950.000	202.71674	360.0	0.0	5070.0	1.0000000
15	650.0000	16450.000	169.49998	360.0	0.0	5070.0	1.0000000
15	850.0000	16150.000	171.41423	360.0	0.0	5070.0	1.0000000
1	70.7097	16057.828	211.00467	0.0	0.0	3090.0	1.0000000
1	89.5099	16145.761	209.65884	0.0	0.0	3080.0	0.8200002
1	150.0000	16550.000	175.05162	0.0	0.0	3090.0	1.0000000
1	278.7437	16597.732	171.03479	0.0	0.0	3050.0	1.0000000
1	164.1565	16652.764	172.78720	0.0	0.0	3090.0	1.0000000
1	350.0000	17150.000	187.52757	0.0	0.0	3090.0	1.0000000
1	123.3646	17576.818	238.62852	0.0	0.0	3090.0	1.0000000
31	90.7663	17436.359	196.02643	0.0	0.0	-40.0	1.0000000
32	72.5547	17291.117	222.62886	0.0	0.0	40.0	1.0000000
33	162.8100	17360.551	241.89641	0.0	0.0	0.0	1.0000000
1	150.0000	16250.000	195.52882	0.0	0.0	0.0	1.0000000
1	50.0000	16350.000	189.25793	0.0	0.0	0.0	1.0000000
1	250.0000	16250.000	188.39435	0.0	0.0	-80.0	0.8000002
16	750.0000	17050.000	169.82552	0.0	0.0	50.0	1.0000000
16	750.0000	17350.000	174.62224	0.0	0.0	0.0	1.0000000
16	950.0000	17350.000	169.49998	0.0	0.0	0.0	1.0000000
16	850.0000	17150.000	169.74068	0.0	0.0	0.0	1.0000000
16	650.0000	17450.000	188.44408	0.0	0.0	0.0	1.0000000
16	450.0000	17450.000	220.19055	0.0	0.0	0.0	1.0000000
16	350.0000	17550.000	231.95871	0.0	0.0	0.0	1.0000000
16	350.0000	17350.000	228.35506	0.0	0.0	0.0	1.0000000
16	350.0000	17150.000	197.38701	0.0	0.0	0.0	1.0000000
16	550.0000	17050.000	174.50734	0.0	0.0	30.0	1.0000000
16	450.0000	17150.000	188.88034	0.0	0.0	0.0	1.0000000
16	350.0000	17250.000	208.55878	0.0	0.0	0.0	1.0000000
16	250.0000	16950.000	176.02182	0.0	0.0	50.0	1.0000000
16	350.0000	16850.000	172.50002	0.0	0.0	60.0	1.0000000
16	650.0000	16850.000	169.50002	0.0	0.0	0.0	1.0000000
23	368.1268	17667.801	230.55630	0.0	0.0	90.0	1.0000000
23	425.6857	18295.855	200.40479	0.0	0.0	90.0	1.0000000
23	571.5894	18661.670	184.52884	0.0	0.0	90.0	1.0000000
22	922.5074	18952.623	192.39046	0.0	0.0	30.0	1.0000000
22	579.7727	17861.332	190.92813	0.0	0.0	30.0	1.0000000
5	1200.0000	19000.000	197.38303	0.0	0.0	270.0	1.0000000
5	1000.0000	18900.000	212.81816	0.0	0.0	390.0	1.4799995
5	1450.0000	18500.000	211.89040	0.0	0.0	480.0	1.4599996
5	900.0000	18300.000	205.39554	0.0	0.0	450.0	1.3199997
5	1200.0000	17750.000	200.62718	0.0	0.0	450.0	1.0000000
5	800.0000	17700.000	205.25775	0.0	0.0	450.0	1.0000000
5	1300.0000	18050.000	233.34915	0.0	0.0	450.0	1.0000000
5	450.0000	18050.000	213.72229	0.0	0.0	450.0	1.0000000
5	543.2578	18635.764	211.09818	0.0	0.0	450.0	1.0000000
5	631.5095	19014.469	173.20872	0.0	0.0	330.0	1.9199991
4	1450.4912	18569.781	261.03699	-5.0	0.0	1560.0	1.0000000
34	1059.3226	18893.619	131.55243	360.0	0.0	4110.0	1.0000000
34	1303.8295	18368.426	142.36636	360.0	0.0	4110.0	1.0000000
36	1147.6786	19082.115	197.18701	360.0	0.0	4380.0	1.0000000
36	1433.4329	18448.113	226.88672	360.0	0.0	4380.0	1.0000000
36	1458.7842	18554.762	219.25351	360.0	0.0	4380.0	1.0000000
36	1453.2356	18673.828	228.43588	360.0	0.0	4380.0	1.0000000
36	1372.6840	18009.707	230.10443	360.0	0.0	4380.0	1.0000000
36	1269.5881	17821.938	225.24863	360.0	0.0	4380.0	1.0000000
36	1137.4172	17706.443	186.98172	360.0	0.0	4380.0	1.2999997
36	855.3181	18857.828	218.18082	360.0	0.0	4380.0	1.1999998
36	751.7314	18801.438	224.31107	360.0	0.0	4380.0	1.0000000
1	1250.0000	17750.000	183.62114	0.0	0.0	60.0	1.0000000
1	1250.0000	17750.000	193.39291	0.0	0.0	60.0	1.0000000
1	1350.0000	18650.000	229.31795	0.0	0.0	60.0	1.0000000
1	1250.0000	18850.000	211.00443	0.0	0.0	60.0	1.0000000
1	750.0000	19150.000	214.77452	0.0	0.0	60.0	1.0000000
1	750.0000	19050.000	182.01126	0.0	0.0	-20.0	0.8400002
16	1450.0000	18450.000	234.30573	0.0	0.0	1140.0	1.0000000
16	1450.0000	18550.000	223.70877	0.0	0.0	1140.0	1.0000000
16	1350.0000	18750.000	229.77498	0.0	0.0	1140.0	1.0000000
15	1250.0000	17750.000	201.62387	360.0	0.0	5070.0	1.0000000
15	1250.0000	17850.000	232.37254	360.0	0.0	5070.0	1.0000000
15	1150.0000	17650.000	172.36215	360.0	0.0	5070.0	1.0000000
15	1379.7964	17711.750	165.32123	360.0	0.0	1440.0	1.0000000
15	1442.8514	18348.787	209.20337	360.0	0.0	1440.0	1.0000000
15	1223.3442	18890.594	177.11166	360.0	0.0	1440.0	1.0000000
1	350.0000	17750.000	201.35724	0.0	0.0	3090.0	1.0000000
1	250.0244	17870.402	190.66338	0.0	0.0	3050.0	1.0000000
1	450.0000	18950.000	175.17995	0.0	0.0	3090.0	1.0000000
1	172.3482	19117.912	200.04460	0.0	0.0	3090.0	1.0000000
1	350.0000	19150.000	189.74031	0.0	0.0	0.0	1.0000000
1	450.0000	19050.000	179.66122	0.0	0.0	0.0	1.0000000
1	250.0000	19050.000	198.13039	0.0	0.0	0.0	1.0000000
1	150.0000	18950.000	185.44254	0.0	0.0	0.0	1.0000000
1	250.0000	18850.000	177.71193	0.0	0.0	0.0	1.0000000
1	450.0000	18850.000	173.08601	0.0	0.0	0.0	1.0000000
5	800.0000	19200.000	223.68884	0.0	0.0	330.0	1.0000000
23	703.2164	19322.762	177.67345	0.0	0.0	90.0	1.0000000
23	550.3649	19672.104	191.51413	0.0	0.0	90.0	1.0000000
23	893.7119	20468.701	191.28427	0.0	0.0	90.0	1.0000000
22	689.0450	20044.742	171.43840	0.0	0.0	30.0	1.0000000
5	1550.0000	20450.000	212.95636	0.0	0.0	-90.0	1.0000000
5	1450.0000	20400.000	219.75906	0.0	0.0	0.0	1.0000000
5	1100.0000	20350.000	222.09036	0.0	0.0	150.0	1.3199997
5	750.0000	20250.000	224.31053	0.0	0.0	210.0	1.0000000
5	700.0000	19700.000	216.74931	0.0	0.0	210.0	1.0000000
5	1300.0000	19700.000	241.27023	0.0	0.0	210.0	1.0000000
5	1550.0000	19350.000	201.35997	0.0	0.0	330.0	1.0000000
4	1472.9857	19709.895	247.22296	-5.0	0.0	1560.0	1.0000000
34	516.8005	19820.580	97.89465	360.0	0.0	4050.0	1.0000000
34	771.5686	20428.430	148.69154	360.0	0.0	4050.0	1.0000000
36	1589.7535	20451.955	209.41940	360.0	0.0	4380.0	1.0000000
36	1126.2161	20429.428	233.30606	360.0	0.0	4380.0	1.0000000
36	946.9147	20399.801	219.54837	360.0	0.0	4380.0	1.0000000
36	704.3672	20150.521	235.03482	360.0	0.0	4380.0	1.0000000
36	1558.6753	19853.070	204.74271	360.0	0.0	4380.0	1.0000000
36	1392.1514	19753.043	241.40671	360.0	0.0	4380.0	1.0000000
36	1590.6083	19444.256	203.89685	360.0	0.0	4380.0	1.0000000
36	817.5053	19213.225	235.28326	360.0	0.0	4380.0	1.0000000
1	850.0000	19750.000	210.22984	0.0	0.0	60.0	1.0000000
1	650.0000	19850.000	193.34303	0.0	0.0	60.0	1.0000000
1	1050.0000	20450.000	229.04507	0.0	0.0	60.0	1.0000000
16	1450.0000	19750.000	202.63655	0.0	0.0	1140.0	1.0000000
16	1350.0000	19650.000	222.93878	0.0	0.0	1140.0	1.0000000
16	1550.0000	19450.000	210.39113	0.0	0.0	1140.0	1.0000000
16	1550.0000	19750.000	193.80780	0.0	0.0	1140.0	1.0000000
16	1450.0000	19550.000	212.04671	0.0	0.0	1140.0	1.0000000
16	650.0000	19950.000	189.07520	0.0	0.0	1140.0	1.0000000
16	650.0000	20150.000	204.25008	0.0	0.0	1140.0	1.0000000
16	650.0000	20150.000	226.68808	0.0	0.0	1140.0	1.0000000
16	550.0000	19950.000	181.91628	0.0	0.0	1140.0	1.0000000
16	1450.0000	20650.000	183.56662	0.0	0.0	1140.0	1.0000000
16	1250.0000	20550.000	185.72406	0.0	0.0	1140.0	1.0000000
16	1150.0000	20650.000	178.13158	0.0	0.0	1140.0	1.0000000
16	1450.0000	20750.000	196.86603	0.0	0.0	1140.0	1.0000000
15	1450.0000	20550.000	213.06607	360.0	0.0	5070.0	1.0000000
15	1350.0000	20750.000	175.09593	360.0	0.0	5070.0	1.0000000
15	1550.0000	19750.000	192.44606	360.0	0.0	5070.0	1.0000000
15	1550.0000	19450.000	205.88158	360.0	0.0	5070.0	1.0000000
15	726.2976	19741.207	185.35469	360.0	0.0	1440.0	1.0000000
1	1350.0000	19750.000	246.90857	0.0	0.0	510.0	1.0000000
1	1450.0000	19750.000	233.40565	0.0	0.0	510.0	1.0000000
1	1350.0000	19650.000	230.20244	0.0	0.0	510.0	1.0000000
1	1550.0000	19450.000	231.51997	0.0	0.0	510.0	1.0000000
1	1550.0000	20450.000	201.98662	0.0	0.0	510.0	1.0000000
1	1450.0000	20350.000	220.17188	0.0	0.0	510.0	1.0000000
1	1450.0000	20450.000	223.18857	0.0	0.0	510.0	1.0000000
1	1250.0000	20350.000	218.46394	0.0	0.0	510.0	1.0000000
1	1350.0000	20350.000	214.63640	0.0	0.0	510.0	1.0000000
1	156.3455	19303.146	203.68163	0.0	0.0	3090.0	1.0000000
1	350.0000	19550.000	177.55635	0.0	0.0	3090.0	1.0000000
1	404.7722	19618.551	175.45181	0.0	0.0	3090.0	0.8600001
1	184.9935	19220.891	211.85350	0.0	0.0	3060.0	0.7200003
1	275.7962	19279.148	199.50777	0.0	0.0	3210.0	0.8600001
1	193.0398	20716.732	214.39238	0.0	0.0	3210.0	1.0000000
1	250.0000	20750.000	194.54095	0.0	0.0	3100.0	1.0000000
22	366.5024	20468.109	70.31685	0.0	0.0	30.0	1.0000000
1	450.0000	19250.000	182.12103	0.0	0.0	0.0	1.0000000
1	250.0000	19250.000	200.13554	0.0	0.0	0.0	1.0000000
1	150.0000	19550.000	196.32944	0.0	0.0	0.0	1.0000000
33	493.6375	20688.762	175.25714	0.0	0.0	0.0	1.0000000
36	350.0000	20750.000	183.90332	0.0	0.0	0.0	1.0000000
36	350.0000	20750.000	179.65114	0.0	0.0	0.0	1.0000000
36	450.0000	20650.000	174.44000	0.0	0.0	0.0	1.0000000
36	650.0000	20750.000	169.50002	0.0	0.0	0.0	1.0000000
36	550.0000	20550.000	172.43956	0.0	0.0	0.0	1.0000000
36	750.0000	20750.000	169.50000	0.0	0.0	-100.0	1.0000000
23	1072.8491	20792.818	160.62004	0.0	0.0	90.0	1.0000000
23	676.3929	21597.732	169.29454	0.0	0.0	90.0	1.0000000
23	532.1721	22104.502	168.97681	0.0	0.0	90.0	1.0000000
23	339.6270	22354.637	172.42271	0.0	0.0	90.0	1.0000000
22	412.5757	21026.498	158.08900	0.0	0.0	30.0	1.0000000
22	1000.1810	21199.943	183.24301	0.0	0.0	30.0	1.0000000
5	850.0000	22000.000	213.02805	0.0	0.0	30.0	1.6199994
5	1500.0000	21800.000	231.28606	0.0	0.0	30.0	1.0000000
5	1100.0000	21250.000	206.34215	0.0	0.0	90.0	1.6799994
5	1384.1952	21930.191	214.04228	0.0	0.0	-30.0	2.0399990
5	1120.3796	21460.365	168.25667	0.0	0.0	-380.0	2.7199984
5	1350.0000	20950.000	185.52806	0.0	0.0	270.0	2.2799988
34	838.6266	21119.639	89.50003	360.0	0.0	4050.0	1.0000000
34	1270.9875	20967.625	100.91026	360.0	0.0	4050.0	1.0000000
34	1491.7046	21737.105	134.92699	360.0	0.0	4050.0	1.0000000
36	1074.3638	22388.414	230.46149	360.0	0.0	4380.0	1.2799997
36	1031.4768	22265.969	221.25186	360.0	0.0	4380.0	1.1199999
36	841.9022	21643.824	196.55518	360.0	0.0	4380.0	1.3399997
36	803.5967	21543.080	195.59091	360.0	0.0	4380.0	1.1399999
36	1051.1548	21334.020	214.43964	360.0	0.0	4380.0	1.1399999
36	928.0683	21995.094	213.10892	360.0	0.0	4380.0	1.1799998
36	1379.0708	20940.891	193.10632	360.0	0.0	4380.0	1.3599997
36	1365.4037	20812.117	185.11499	360.0	0.0	4380.0	1.1199999
1	950.0000	21450.000	214.72958	0.0	0.0	60.0	1.0000000
1	1450.0000	20850.000	197.05400	0.0	0.0	60.0	1.0000000
16	1350.0000	20850.000	185.84949	0.0	0.0	1140.0	1.0000000
16	1150.0000	20850.000	169.50002	0.0	0.0	1140.0	1.0000000
16	1550.0000	22050.000	220.25336	0.0	0.0	1140.0	1.0000000
16	1550.0000	21850.000	236.86818	0.0	0.0	1140.0	1.0000000
16	1550.0000	21750.000	202.64116	0.0	0.0	1140.0	1.0000000
16	1050.0000	22350.000	217.58504	0.0	0.0	1140.0	1.0000000
16	850.0000	22350.000	170.19475	0.0	0.0	1140.0	1.0000000
15	1250.0000	21250.000	195.30222	360.0	0.0	5070.0	1.0000000
15	1250.0000	21050.000	188.54074	360.0	0.0	5070.0	1.0000000
1	1150.0000	22350.000	223.31857	0.0	0.0	210.0	1.0000000
1	1550.0000	21750.000	258.96927	0.0	0.0	210.0	1.0000000
1	1550.0000	21650.000	220.79059	0.0	0.0	210.0	1.0000000
1	250.0000	20950.000	192.08040	0.0	0.0	3210.0	1.0000000
1	350.0000	21150.000	175.82185	0.0	0.0	3150.0	1.0000000
1	250.0000	21050.000	183.92967	0.0	0.0	3170.0	1.1399999
1	494.0769	21460.002	169.50000	0.0	0.0	3210.0	1.0000000
1	76.1801	22292.549	206.58069	0.0	0.0	3210.0	1.0000000
1	250.0000	22350.000	176.76042	0.0	0.0	3210.0	1.0000000
23	748.2541	22364.461	159.04137	0.0	0.0	80.0	0.8400002
31	567.5522	20806.443	169.31671	0.0	0.0	-10.0	0.9200001
33	670.9321	20889.168	169.50005	0.0	0.0	120.0	1.0000000
32	151.5573	21682.172	35.00795	0.0	0.0	-20.0	1.0000000
33	250.0000	21550.000	170.22093	0.0	0.0	0.0	1.0000000
36	650.0000	20850.000	169.50003	0.0	0.0	0.0	1.0000000
36	450.0000	20950.000	176.23184	0.0	0.0	0.0	1.0000000
36	650.0000	21050.000	169.50000	0.0	0.0	0.0	1.0000000
23	576.6573	23103.109	190.94707	0.0	0.0	90.0	1.0000000
23	432.3726	23477.604	186.72176	0.0	0.0	90.0	1.0000000
22	595.8636	23670.135	196.20909	0.0	0.0	30.0	1.0000000
22	294.3329	23257.744	165.73654	0.0	0.0	-10.0	1.0000000
22	217.3150	22674.902	179.15807	0.0	0.0	30.0	1.0000000
5	1150.0000	23550.000	199.20155	0.0	0.0	-150.0	1.0000000
5	1141.2463	23591.828	142.35751	0.0	0.0	-190.0	1.8999991
5	950.0000	22500.000	188.45499	0.0	0.0	-390.0	1.5999994
5	700.0000	22950.000	186.08000	0.0	0.0	-60.0	1.5199995
5	550.0000	23600.000	195.99416	0.0	0.0	720.0	1.5399995
5	1550.0000	23150.000	213.26385	0.0	0.0	720.0	1.0000000
34	959.9132	22465.250	103.26807	360.0	0.0	4050.0	1.0000000
34	604.1852	23125.363	132.10219	360.0	0.0	4050.0	1.0000000
34	1138.3237	23572.088	111.83632	360.0	0.0	4050.0	1.0000000
34	1485.0922	23035.988	149.22679	360.0	0.0	4050.0	1.0000000
36	1564.6239	23233.113	195.19043	360.0	0.0	4350.0	1.2399998
36	1588.1652	23017.840	207.77551	360.0	0.0	4350.0	1.1599998
36	832.7712	22970.170	193.56644	360.0	0.0	4410.0	1.1399999
16	1150.0000	22550.000	216.17616	0.0	0.0	1140.0	1.0000000
16	950.0000	22650.000	189.43967	0.0	0.0	1140.0	1.0000000
15	1550.0000	22950.000	211.07512	360.0	0.0	4050.0	1.0000000
15	1572.8308	22999.102	235.54675	360.0	0.0	4230.0	1.0000000
15	950.0000	22450.000	190.89359	360.0	0.0	5070.0	1.0000000
15	750.0000	22850.000	199.64554	360.0	0.0	5070.0	1.0000000
11	550.0000	23150.000	195.77821	0.0	0.0	5060.0	1.0000000
11	650.0000	23050.000	209.24336	0.0	0.0	5060.0	1.0000000
1	1550.0000	22950.000	244.48364	0.0	0.0	210.0	1.0000000
1	850.0000	22650.000	190.17453	0.0	0.0	210.0	1.0000000
1	90.0896	22496.465	203.26512	0.0	0.0	3210.0	1.0000000
1	171.9946	23086.963	176.44382	0.0	0.0	3160.0	0.8400002
1	83.1577	23158.725	186.07983	0.0	0.0	3210.0	1.0000000
1	163.6254	23224.184	181.03432	0.0	0.0	3120.0	0.8800001
1	298.7396	23176.369	176.89330	0.0	0.0	3310.0	0.9000001
1	39.5261	23670.363	191.42355	0.0	0.0	3330.0	1.0000000
1	250.0000	23650.000	173.44302	0.0	0.0	3330.0	1.0000000
1	88.6140	23606.742	178.02525	0.0	0.0	3290.0	0.8200002
23	940.4592	22682.273	189.04016	0.0	0.0	70.0	1.0000000
0	642.4152	23662.861	185.85732	0.0	0.0	0.0	1.0000000
3	527.9784	22765.184	169.49503	0.0	0.0	-30.0	1.0599999
3	330.5419	22773.398	169.30724	0.0	0.0	0.0	1.2399998
3	378.2971	22547.965	174.03316	0.0	0.0	-60.0	1.0599999
5	603.1628	22591.076	169.50005	0.0	0.0	30.0	1.2399998
5	350.0000	23050.000	174.15260	0.0	0.0	40.0	1.5599995
5	850.0000	24000.000	214.61909	0.0	0.0	-300.0	1.4799995
23	413.2112	24129.252	169.49985	0.0	0.0	90.0	1.0000000
23	250.0000	24650.000	171.22498	0.0	0.0	90.0	1.0000000
22	450.0000	24800.000	190.94949	0.0	0.0	30.0	1.0000000
22	634.6615	24034.342	170.95355	0.0	0.0	30.0	1.0000000
23	1090.1704	24565.590	199.26477	0.0	0.0	60.0	1.1599998
22	1413.6035	24516.801	189.54523	0.0	0.0	60.0	1.0000000
22	767.7220	24835.084	189.50449	0.0	0.0	60.0	1.0000000
5	1450.0000	24100.000	205.33717	0.0	0.0	720.0	1.8399992
34	1136.4579	24170.580	130.60034	360.0	0.0	4050.0	1.0000000
34	767.0771	24041.816	115.41588	360.0	0.0	4050.0	1.0000000
34	1496.5549	24252.789	103.98621	360.0	0.0	4050.0	1.0000000
36	1266.0870	24191.436	195.03577	360.0	0.0	4350.0	1.0000000
36	969.2365	24043.023	203.07364	360.0	0.0	4350.0	1.0000000
16	650.0000	24150.000	173.98093	0.0	0.0	1140.0	1.0000000
16	1050.0000	24350.000	197.24895	0.0	0.0	1140.0	1.0000000
16	1250.0000	24350.000	192.33453	0.0	0.0	1140.0	1.0000000
15	968.9922	24108.926	246.15317	0.0	0.0	1140.0	1.0000000
15	902.2190	24336.008	207.59573	0.0	0.0	1140.0	1.0000000
15	1450.0000	24150.000	198.39334	0.0	0.0	1140.0	1.0000000
15	1550.0000	24150.000	209.56474	0.0	0.0	1140.0	1.0000000
1	850.0000	24250.000	179.20285	0.0	0.0	210.0	1.0000000
1	850.0000	24050.000	215.41409	0.0	0.0	210.0	1.0000000
1	350.0000	24150.000	169.50003	0.0	0.0	3330.0	1.0000000
1	250.0000	24450.000	174.54463	0.0	0.0	3330.0	1.0000000
1	250.0000	24550.000	182.22734	0.0	0.0	3330.0	1.0000000
1	250.0000	24850.000	179.26137	0.0	0.0	3330.0	1.0000000
1	350.0000	24850.000	212.94795	0.0	0.0	3330.0	1.0000000
1	350.0000	24750.000	199.06190	0.0	0.0	3330.0	1.0000000
1	350.0000	24650.000	203.71985	0.0	0.0	3330.0	1.0000000
1	550.0000	24750.000	221.10599	0.0	0.0	3330.0	1.0000000
1	750.0000	24850.000	201.26509	0.0	0.0	3330.0	1.0000000
1	950.0000	24850.000	213.83473	0.0	0.0	3330.0	1.0000000
1	1069.3242	25096.949	191.64749	0.0	0.0	3330.0	1.0000000
1	1146.2150	24710.789	190.59552	0.0	0.0	3330.0	1.0000000
1	785.2534	25059.293	178.77602	0.0	0.0	3480.0	1.0000000
1	1450.0000	24950.000	217.53290	0.0	0.0	3480.0	1.0000000
22	964.4391	24254.756	174.17189	0.0	0.0	30.0	1.0000000
1	50.0000	24150.000	183.41017	0.0	0.0	0.0	1.0000000
1	91.4852	24063.910	175.14659	0.0	0.0	110.0	0.9000001
1	50.0000	24450.000	169.49997	0.0	0.0	0.0	1.0000000
1	262.8359	24018.650	170.92229	0.0	0.0	3330.0	1.0000000
12	1350.0000	24850.000	192.18417	0.0	0.0	0.0	1.0000000
12	750.0000	24550.000	194.55415	0.0	0.0	0.0	1.0000000
13	450.0000	24350.000	170.38275	0.0	0.0	0.0	1.0000000
2	1103.7061	24938.420	241.19879	0.0	0.0	0.0	1.0000000
3	650.0000	24550.000	180.06754	0.0	0.0	0.0	1.0000000
31	446.4160	24485.885	185.36507	0.0	0.0	0.0	1.0000000
32	529.9597	24650.215	189.19960	0.0	0.0	0.0	1.0000000
33	543.8855	24502.361	179.81607	0.0	0.0	0.0	1.0000000
32	679.0888	24748.596	100.16733	0.0	0.0	100.0	0.8000002
33	851.3613	24638.926	195.81107	0.0	0.0	0.0	1.0000000
36	1050.0000	24450.000	232.31065	0.0	0.0	0.0	1.0000000
36	1350.0000	24550.000	216.21404	0.0	0.0	0.0	1.0000000
36	650.0000	24350.000	176.26469	0.0	0.0	0.0	1.0000000
36	350.0000	24050.000	169.50002	0.0	0.0	0.0	1.0000000
36	950.0000	24850.000	202.13951	0.0	0.0	0.0	1.0000000
36	1450.0000	24650.000	182.85115	0.0	0.0	0.0	1.0000000
22	1999.9988	285.488	185.85448	0.0	0.0	90.0	1.0000000
22	2351.4106	127.460	208.88199	0.0	0.0	90.0	1.0000000
22	2885.2839	483.423	155.94843	0.0	0.0	90.0	1.0000000
2	2150.0000	1150.000	199.23877	0.0	0.0	60.0	1.0000000
2	3110.7229	267.620	204.49347	0.0	0.0	60.0	1.0000000
2	2550.0000	1550.000	169.50003	0.0	0.0	60.0	1.0000000
5	2850.0000	1550.000	173.20676	0.0	0.0	810.0	1.0000000
5	2450.0000	1550.000	169.50002	0.0	0.0	810.0	1.0000000
5	2550.0000	1550.000	169.49998	0.0	0.0	810.0	1.0000000
5	2750.0000	1550.000	170.42645	0.0	0.0	810.0	1.0000000
5	1650.0000	1450.000	173.92470	0.0	0.0	810.0	1.0000000
5	1650.0000	1350.000	180.06902	0.0	0.0	810.0	1.0000000
5	1750.0000	1250.000	201.16409	0.0	0.0	810.0	1.0000000
5	1750.0000	1450.000	183.50227	0.0	0.0	810.0	1.0000000
5	2050.0000	1150.000	213.43535	0.0	0.0	810.0	1.0000000
5	2150.0000	950.000	206.26897	0.0	0.0	810.0	1.0000000
5	2250.0000	1250.000	177.57735	0.0	0.0	810.0	1.0000000
30	2100.0000	1450.000	172.58017	0.0	0.0	2700.0	0.8800001
8	2050.0000	1550.000	170.63361	0.0	0.0	2760.0	1.0000000
8	2050.0000	1350.000	179.55376	0.0	0.0	2760.0	1.0000000
1	2550.0000	1550.000	169.50000	0.0	0.0	3090.0	1.0000000
1	2550.0000	1450.000	169.49997	0.0	0.0	3090.0	1.0000000
1	2550.0000	1350.000	170.69434	0.0	0.0	3090.0	1.0000000
1	2632.8867	137.674	224.94028	0.0	0.0	3090.0	1.0000000
1	2350.0000	1050.000	194.74742	0.0	0.0	3090.0	1.0000000
1	2027.2935	147.496	251.77591	0.0	0.0	3090.0	1.0000000
1	2150.0000	1050.000	205.15237	0.0	0.0	3090.0	1.0000000
1	2050.0000	1150.000	218.52444	0.0	0.0	3090.0	1.0000000
1	1950.0000	1150.000	221.31548	0.0	0.0	3090.0	1.0000000
1	1950.0000	1250.000	221.17885	0.0	0.0	3090.0	1.0000000
1	1650.0000	1550.000	171.74353	0.0	0.0	3090.0	1.0000000
1	1750.0000	1550.000	169.51678	0.0	0.0	3090.0	1.0000000
22	2578.1182	360.202	188.37935	0.0	0.0	90.0	1.0000000
22	1636.2126	75.573	153.46054	0.0	0.0	30.0	1.0000000
1	2795.4502	104.485	218.53165	0.0	0.0	3090.0	1.0000000
1	2677.8911	208.288	227.61797	0.0	0.0	3090.0	1.0000000
1	1757.0559	67.359	254.50426	0.0	0.0	3090.0	1.0000000
1	2152.7437	-30.901	226.32111	0.0	0.0	3090.0	1.0000000
22	3032.7522	89.180	156.39964	0.0	0.0	140.0	1.0000000
1	2050.0000	150.000	244.43268	0.0	0.0	0.0	1.0000000
1	1867.4521	37.082	253.29521	0.0	0.0	0.0	1.0000000
15	2771.6711	313.072	197.26140	0.0	0.0	0.0	1.0000000
15	2598.1018	209.666	218.35835	0.0	0.0	-180.0	1.0000000
15	2450.0000	250.000	213.05460	0.0	0.0	0.0	1.0000000
15	2550.0000	550.000	221.20781	0.0	0.0	0.0	1.0000000
15	2450.0000	450.000	221.49350	0.0	0.0	0.0	1.0000000
15	2750.0000	550.000	203.00879	0.0	0.0	0.0	1.0000000
15	2850.0000	350.000	188.18301	0.0	0.0	0.0	1.0000000
15	2999.5400	554.609	208.62109	0.0	0.0	-20.0	1.0000000
15	2855.3743	706.617	192.89940	0.0	0.0	-130.0	1.0000000
15	2950.0000	150.000	208.27455	0.0	0.0	0.0	1.0000000
15	3020.4392	322.568	199.11327	0.0	0.0	-170.0	1.0000000
12	2850.0000	450.000	190.81831	0.0	0.0	0.0	1.0000000
12	2675.0759	417.880	215.77020	0.0	0.0	0.0	1.0000000
12	2950.0000	250.000	202.52344	0.0	0.0	0.0	1.0000000
12	2850.0000	650.000	198.67931	0.0	0.0	0.0	1.0000000
15	2691.4512	862.364	190.37978	0.0	0.0	-240.0	1.0000000
31	2147.4490	607.145	166.89581	0.0	0.0	100.0	1.0000000
32	2025.7261	487.616	96.63123	0.0	0.0	0.0	1.0000000
33	1993.6155	638.040	188.05025	0.0	0.0	0.0	1.0000000
36	2150.0000	450.000	216.66747	0.0	0.0	0.0	1.0000000
36	2350.0000	550.000	227.62874	0.0	0.0	0.0	1.0000000
36	1850.0000	450.000	221.41711	0.0	0.0	0.0	1.0000000
36	1850.0000	550.000	219.35707	0.0	0.0	0.0	1.0000000
36	2250.0000	350.000	217.61328	0.0	0.0	0.0	1.0000000
0	2241.3149	536.403	200.96753	0.0	0.0	0.0	1.2199998
0	1954.3324	446.721	201.46582	0.0	0.0	40.0	1.3599997
0	2106.5781	412.823	212.28400	0.0	0.0	150.0	0.9400001
3	3069.3164	620.908	208.00923	0.0	0.0	0.0	0.8400002
1	2850.0000	2650.000	169.49998	0.0	0.0	60.0	1.0000000
1	2450.0000	2550.000	169.50000	0.0	0.0	60.0	1.0000000
1	1950.0000	1950.000	169.50000	0.0	0.0	60.0	1.0000000
2	2250.0000	2050.000	169.49997	0.0	0.0	60.0	1.0000000
2	1750.0000	2450.000	169.50002	0.0	0.0	60.0	1.0000000
2	2950.0000	2250.000	169.50000	0.0	0.0	60.0	1.0000000
2	2409.7539	2822.094	169.49995	0.0	0.0	210.0	1.0000000
2	2739.7153	2876.302	169.49995	0.0	0.0	120.0	1.0000000
2	1764.7976	3025.882	169.50000	0.0	0.0	240.0	1.0000000
16	3039.0000	2569.000	169.50000	360.0	0.0	320.0	1.0600001
5	3050.0000	1850.000	169.49998	0.0	0.0	810.0	1.0000000
5	3150.0000	1850.000	169.49997	0.0	0.0	810.0	1.0000000
5	3050.0000	2050.000	169.50000	0.0	0.0	810.0	1.0000000
5	3050.0000	2150.000	169.49998	0.0	0.0	810.0	1.0000000
5	2250.0000	2250.000	169.49997	0.0	0.0	810.0	1.0000000
5	2250.0000	2050.000	169.50002	0.0	0.0	810.0	1.0000000
5	2350.0000	2050.000	169.49997	0.0	0.0	810.0	1.0000000
30	2100.0000	2500.000	169.50002	0.0	0.0	3060.0	0.8400002
8	2050.0000	2650.000	169.50003	0.0	0.0	2760.0	1.0000000
8	1950.0000	2500.000	169.50002	0.0	0.0	2760.0	1.0000000
1	1750.0000	2550.000	169.49998	0.0	0.0	3090.0	1.0000000
1	1750.0000	2450.000	169.50003	0.0	0.0	3090.0	1.0000000
1	1850.0000	2350.000	169.49998	0.0	0.0	3090.0	1.0000000
1	1950.0000	2250.000	169.50003	0.0	0.0	3090.0	1.0000000
1	1950.0000	2150.000	169.50000	0.0	0.0	3090.0	1.0000000
1	2050.0000	2150.000	169.50002	0.0	0.0	3090.0	1.0000000
1	2150.0000	2150.000	169.49995	0.0	0.0	3090.0	1.0000000
1	2250.0000	2150.000	169.50003	0.0	0.0	3090.0	1.0000000
1	2350.0000	2250.000	169.50000	0.0	0.0	3090.0	1.0000000
1	2450.0000	2350.000	169.50002	0.0	0.0	3090.0	1.0000000
1	2450.0000	2450.000	169.50002	0.0	0.0	3090.0	1.0000000
1	2450.0000	2550.000	169.50002	0.0	0.0	3090.0	1.0000000
1	2350.0000	2850.000	169.49998	0.0	0.0	3090.0	1.0000000
1	1950.0000	2950.000	169.50000	0.0	0.0	3090.0	1.0000000
1	1850.0000	2850.000	169.49997	0.0	0.0	3090.0	1.0000000
1	1750.0000	2750.000	169.50003	0.0	0.0	3090.0	1.0000000
34	3100.0000	4650.000	205.85750	-5.0	0.0	1140.0	1.0000000
34	2500.0000	4300.000	204.27675	-5.0	0.0	1140.0	1.0000000
34	1850.0000	4650.000	200.45045	-5.0	0.0	1140.0	1.0000000
34	2950.0000	3900.000	235.06512	-5.0	0.0	1140.0	1.0000000
34	2600.0000	4100.000	181.46504	-5.0	0.0	1170.0	0.8000002
34	1644.6642	4650.616	117.96210	360.0	0.0	4110.0	1.0000000
5	1650.0000	4350.000	192.92204	350.0	0.0	5040.0	1.0000000
5	2100.0000	4550.000	187.98581	350.0	0.0	5250.0	1.4799995
5	2600.0000	4100.000	179.93810	350.0	0.0	5340.0	1.0000000
5	3050.0000	4650.000	215.23822	350.0	0.0	5610.0	1.0000000
1	1788.9810	4758.160	205.52379	0.0	0.0	300.0	1.0000000
1	2750.0000	3450.000	169.50002	0.0	0.0	60.0	1.0000000
1	2150.0000	3650.000	169.50002	0.0	0.0	60.0	1.0000000
1	2050.0000	3350.000	169.50003	0.0	0.0	60.0	1.0000000
1	1950.0000	4250.000	169.50003	0.0	0.0	60.0	1.0000000
1	2150.0000	4150.000	169.50003	0.0	0.0	60.0	1.0000000
2	3094.8027	3487.484	169.19652	0.0	0.0	180.0	1.0000000
2	2327.5503	3401.580	169.50002	0.0	0.0	150.0	1.0000000
2	1722.0063	3968.686	170.46951	0.0	0.0	180.0	1.0000000
2	1875.1962	4506.674	169.59772	0.0	0.0	180.0	1.0000000
15	1850.0000	4550.000	174.88292	0.0	0.0	120.0	1.0000000
15	1950.0000	4450.000	169.50002	0.0	0.0	120.0	1.0000000
15	2150.0000	4450.000	185.04564	0.0	0.0	120.0	1.0000000
15	2350.0000	4450.000	255.47188	0.0	0.0	120.0	1.0000000
15	2096.4429	4619.015	185.93269	0.0	0.0	270.0	1.0000000
15	2335.4263	4301.675	175.41516	0.0	0.0	270.0	1.0000000
15	2568.2051	4182.101	186.08878	0.0	0.0	360.0	1.0000000
15	3150.0000	4750.000	181.95325	360.0	0.0	5070.0	1.0000000
16	3074.0000	3542.000	169.96620	360.0	0.0	34.0	1.0100000
5	2940.3787	3910.841	215.99017	350.0	0.0	246.0	1.5399995
16	2441.7979	4291.620	197.01038	360.0	0.0	331.0	0.9200000
16	3157.9929	3302.437	169.50002	360.0	0.0	250.0	1.0000000
16	3164.5681	4623.161	198.23990	360.0	0.0	188.0	0.8900000
15	3171.7690	3689.171	191.65036	360.0	0.0	102.0	1.0000000
16	3151.9893	3699.119	190.61974	360.0	0.0	53.0	1.0100000
15	3102.5190	3804.497	230.22034	360.0	0.0	29.0	1.0100000
12	1750.0000	4650.000	189.71013	360.0	0.0	29.0	1.0000000
12	1950.0000	4650.000	201.96774	360.0	0.0	29.0	1.0000000
12	1750.0000	4350.000	185.00539	360.0	0.0	29.0	1.0000000
34	1800.0000	5500.000	193.96437	-5.0	0.0	1140.0	1.0000000
34	2350.0000	5300.000	183.73454	-5.0	0.0	1140.0	0.8000002
34	1890.6183	6134.011	123.29637	360.0	0.0	4080.0	1.0000000
34	1774.8774	5968.914	113.52635	360.0	0.0	4080.0	1.0000000
5	1900.0000	6050.000	197.01694	350.0	0.0	4890.0	1.0000000
5	1800.0000	5450.000	206.50893	350.0	0.0	5040.0	1.2999997
5	2000.0000	5450.000	191.80797	350.0	0.0	5040.0	1.1599998
5	2700.0000	5050.000	204.68727	350.0	0.0	5550.0	1.3799996
36	1708.8768	5661.742	178.84886	0.0	0.0	0.0	1.4399996
36	1696.4323	5637.492	181.07098	0.0	0.0	60.0	1.4199996
1	2033.4524	6211.272	191.29703	0.0	0.0	300.0	1.0000000
1	1663.9241	5693.050	188.75822	0.0	0.0	300.0	1.0000000
1	1654.4122	5596.376	190.83553	0.0	0.0	300.0	1.0000000
1	1780.7590	5556.477	185.32428	0.0	0.0	300.0	1.0000000
15	1678.8511	5622.735	180.68259	0.0	0.0	120.0	1.0000000
15	1986.3829	5453.472	225.14542	0.0	0.0	480.0	1.0000000
15	2206.9058	5350.873	226.56790	0.0	0.0	600.0	1.0000000
15	2306.9988	5296.849	225.07388	0.0	0.0	360.0	1.0000000
13	2650.0000	6250.000	169.50002	0.0	0.0	750.0	1.0000000
13	3150.0000	6350.000	169.49997	0.0	0.0	750.0	1.0000000
13	3050.0000	5850.000	169.50000	0.0	0.0	750.0	1.0000000
13	3150.0000	5750.000	169.49997	0.0	0.0	750.0	1.0000000
13	3150.0000	5150.000	169.49998	0.0	0.0	750.0	1.0000000
13	3050.0000	5350.000	169.49997	0.0	0.0	750.0	1.0000000
13	2750.0000	5550.000	169.50000	0.0	0.0	750.0	1.0000000
13	2450.0000	5950.000	169.50003	0.0	0.0	750.0	1.0000000
13	2950.0000	6350.000	169.49998	0.0	0.0	750.0	1.0000000
13	3150.0000	6350.000	169.49997	0.0	0.0	750.0	1.0000000
13	2750.0000	5150.000	186.11018	0.0	0.0	750.0	1.0000000
13	2050.0000	5850.000	169.49997	0.0	0.0	750.0	1.0000000
13	2050.0000	5850.000	169.50002	0.0	0.0	750.0	1.0000000
13	2150.0000	5750.000	169.49998	0.0	0.0	750.0	1.0000000
13	2650.0000	5650.000	169.49997	0.0	0.0	750.0	1.0000000
13	2950.0000	5950.000	169.50000	0.0	0.0	750.0	1.0000000
15	3010.6445	6023.771	171.76070	0.0	0.0	900.0	1.0000000
15	2778.0330	6043.805	171.76070	0.0	0.0	990.0	1.0000000
15	2650.8962	5390.727	171.76071	0.0	0.0	990.0	1.0000000
15	2526.9656	5175.362	204.45964	0.0	0.0	990.0	1.0000000
15	1650.0000	5450.000	216.05331	0.0	0.0	1140.0	1.0000000
15	1650.0000	5750.000	194.11998	0.0	0.0	1140.0	1.0000000
15	1850.0000	5850.000	175.78568	0.0	0.0	1140.0	1.0000000
15	3150.0000	6150.000	169.50000	360.0	0.0	5070.0	1.0000000
15	2950.0000	5350.000	169.50002	360.0	0.0	5070.0	1.0000000
15	3150.0000	5350.000	169.50000	360.0	0.0	5070.0	1.0000000
15	3150.0000	5450.000	169.49998	360.0	0.0	5070.0	1.0000000
15	3150.0000	5550.000	169.49998	360.0	0.0	5070.0	1.0000000
15	3050.0000	5650.000	169.50000	360.0	0.0	5070.0	1.0000000
15	2850.0000	5550.000	169.49997	360.0	0.0	5070.0	1.0000000
12	1750.0000	5550.000	185.42801	360.0	0.0	29.0	1.0000000
1	1750.0000	5450.000	234.84512	0.0	0.0	330.0	1.0000000
1	1750.0000	5450.000	226.77832	0.0	0.0	330.0	1.0000000
1	1650.0000	5750.000	195.42668	0.0	0.0	330.0	1.0000000
1	1850.0000	5950.000	189.80615	0.0	0.0	330.0	1.0000000
1	1950.0000	6050.000	197.37416	0.0	0.0	330.0	1.0000000
36	1600.0000	7600.000	211.49562	360.0	0.0	3990.0	1.0000000
5	2000.0000	6400.000	207.48413	350.0	0.0	4890.0	1.3999996
36	1750.0000	7750.000	201.56163	360.0	0.0	3990.0	1.0000000
36	1850.0000	7900.000	188.07217	360.0	0.0	3990.0	1.0000000
34	1718.1494	7677.973	110.41533	360.0	0.0	4050.0	1.0000000
34	1657.4215	7214.083	114.14206	360.0	0.0	4080.0	1.0000000
34	1767.7661	6990.376	153.57895	360.0	0.0	4080.0	1.0000000
34	1846.6157	6957.958	136.07845	360.0	0.0	4080.0	1.0000000
34	2042.3378	6447.868	125.79385	360.0	0.0	4020.0	1.2199998
7	2324.5420	7468.613	192.75055	-720.0	0.0	5460.0	1.0000000
7	2304.1750	7373.493	192.88814	-720.0	0.0	5460.0	1.0000000
7	1820.8870	6895.544	226.27557	-720.0	0.0	5460.0	1.0000000
7	1837.7023	7862.297	225.74092	-720.0	0.0	5400.0	1.0000000
7	1886.3956	7875.663	192.62450	-720.0	0.0	5460.0	1.0000000
7	1873.9012	7914.855	214.78516	-720.0	0.0	5550.0	1.0000000
7	1788.7158	7752.181	242.29146	-720.0	0.0	5400.0	1.0000000
7	1820.9828	7763.592	203.58690	-720.0	0.0	5490.0	1.0000000
7	1642.2823	7692.342	200.84254	-720.0	0.0	5400.0	1.0000000
1	1609.1104	7509.671	197.07643	0.0	0.0	30.0	1.0000000
1	1971.7046	7142.306	183.81227	0.0	0.0	30.0	1.0000000
1	1796.7201	6933.688	214.08600	0.0	0.0	30.0	1.0000000
1	2284.1130	7444.732	173.91811	0.0	0.0	30.0	1.0000000
1	1844.7379	7430.766	158.13065	0.0	0.0	30.0	1.0000000
1	1836.2319	7920.005	186.44226	0.0	0.0	30.0	1.0000000
1	1776.0115	7790.188	191.60809	0.0	0.0	30.0	1.0000000
1	1633.0905	7719.059	206.34099	0.0	0.0	300.0	1.0000000
1	2277.7881	7454.646	185.96922	0.0	0.0	300.0	1.0000000
1	2104.2681	6443.207	202.60440	0.0	0.0	300.0	1.0000000
1	1841.5005	7023.157	197.65752	0.0	0.0	150.0	1.0000000
11	2050.0000	7850.000	170.73862	0.0	0.0	2220.0	1.0000000
11	2150.0000	7850.000	170.50937	0.0	0.0	2220.0	1.0000000
11	1850.0000	7850.000	185.72803	0.0	0.0	2220.0	1.0000000
11	1650.0000	7650.000	185.17612	0.0	0.0	2220.0	1.0000000
11	1850.0000	7750.000	190.79741	0.0	0.0	2220.0	1.0000000
11	1650.0000	7450.000	201.96434	0.0	0.0	2220.0	1.0000000
11	1750.0000	7250.000	187.67595	0.0	0.0	2220.0	1.0000000
11	1950.0000	7250.000	196.00220	0.0	0.0	2220.0	1.0000000
11	2050.0000	7350.000	187.88936	0.0	0.0	2220.0	1.0000000
11	2250.0000	7550.000	190.84563	0.0	0.0	2220.0	1.0000000
11	1950.0000	7150.000	196.15092	0.0	0.0	2220.0	1.0000000
11	1750.0000	7050.000	216.44749	0.0	0.0	2220.0	1.0000000
15	2037.3539	7981.624	194.40733	0.0	0.0	2580.0	1.0000000
13	2350.0000	6550.000	172.26761	0.0	0.0	750.0	1.0000000
13	2650.0000	6650.000	173.01645	0.0	0.0	750.0	1.0000000
7	1762.0851	6928.309	224.41052	360.0	0.0	1440.0	1.0000000
7	2500.7996	7745.212	198.10690	360.0	0.0	1440.0	1.0000000
7	2529.5994	7785.639	199.07018	360.0	0.0	1530.0	1.0000000
7	2806.4868	7962.317	202.87717	360.0	0.0	1440.0	1.0000000
7	2841.4780	7967.332	222.65474	360.0	0.0	1500.0	1.0000000
7	2868.8472	7375.673	236.45488	360.0	0.0	1530.0	1.0000000
7	2836.1501	7335.255	241.19701	360.0	0.0	1470.0	1.0000000
7	3053.9033	7403.989	204.85161	360.0	0.0	1530.0	1.0000000
7	3018.6038	7400.730	209.19374	360.0	0.0	1410.0	1.0000000
7	2481.0527	6792.411	209.54845	360.0	0.0	1500.0	1.0000000
7	2435.5857	6765.514	200.98973	360.0	0.0	1440.0	1.0000000
7	2163.1086	6570.195	200.45129	360.0	0.0	1530.0	1.0000000
7	2110.3726	6549.353	207.23911	360.0	0.0	1410.0	1.0000000
7	2649.4429	7126.835	183.73450	360.0	0.0	1560.0	1.0000000
7	2631.5923	7098.480	164.93893	360.0	0.0	1470.0	1.0000000
1	2135.8352	6573.650	206.79546	0.0	0.0	420.0	1.0000000
1	2193.4299	6574.705	199.56123	0.0	0.0	510.0	1.0000000
1	1650.0000	7150.000	208.11807	0.0	0.0	510.0	1.0000000
1	1650.0000	7150.000	198.46367	0.0	0.0	510.0	1.0000000
1	1650.0000	7250.000	194.68243	0.0	0.0	510.0	1.0000000
7	1955.4803	8123.458	205.27597	-720.0	0.0	5310.0	1.0000000
7	1989.3379	8075.856	203.12595	-720.0	0.0	5400.0	1.0000000
7	2031.3704	8106.627	203.61646	-720.0	0.0	5520.0	1.0000000
7	1910.4769	8475.193	190.39032	-720.0	0.0	5340.0	1.0000000
7	1959.5905	8458.679	193.17867	-720.0	0.0	5460.0	1.0000000
7	1956.3234	8506.036	225.04553	-720.0	0.0	5520.0	1.0000000
7	1772.9955	8766.662	214.73227	-720.0	0.0	5430.0	1.0000000
7	1801.2715	8779.753	189.13748	-720.0	0.0	5520.0	1.0000000
7	1710.9761	8811.996	203.98703	-720.0	0.0	5370.0	1.0000000
7	1758.7297	8964.271	217.69904	-720.0	0.0	5460.0	1.0000000
7	2030.9482	9144.464	233.35616	-720.0	0.0	5460.0	1.0000000
7	2005.8730	9127.382	201.32275	-720.0	0.0	5370.0	1.0000000
7	2053.6741	9182.002	206.85332	-720.0	0.0	5520.0	1.0000000
7	2117.6616	9404.965	173.36755	-720.0	0.0	5430.0	1.0000000
7	2144.2817	9415.277	210.71292	-720.0	0.0	5490.0	1.0000000
1	1754.9165	8823.272	187.77307	0.0	0.0	180.0	1.2999997
1	2003.3448	9180.111	217.60863	0.0	0.0	300.0	1.3599997
1	2102.7234	9432.671	185.43941	0.0	0.0	300.0	1.2599998
1	1717.0281	8998.847	214.98813	0.0	0.0	0.0	1.0000000
1	2008.8983	9194.332	221.74785	0.0	0.0	0.0	1.0000000
1	1981.7988	8125.693	167.22890	0.0	0.0	30.0	1.0000000
1	1939.7926	8632.163	186.24483	0.0	0.0	30.0	1.0000000
1	1916.0646	8512.722	194.08908	0.0	0.0	300.0	1.2599998
11	2155.8760	8301.633	191.19244	0.0	0.0	2220.0	1.0000000
11	2150.0000	8650.000	174.83926	0.0	0.0	2220.0	1.0000000
11	2150.0000	9050.000	174.62054	0.0	0.0	2220.0	1.0000000
11	2050.0000	9050.000	174.37584	0.0	0.0	2220.0	1.0000000
11	1850.0000	8750.000	201.06992	0.0	0.0	2220.0	1.0000000
11	1850.0000	8950.000	185.09760	0.0	0.0	2220.0	1.0000000
11	1850.0000	8850.000	196.95747	0.0	0.0	2220.0	1.0000000
11	2050.0000	8250.000	193.97940	0.0	0.0	2220.0	1.0000000
11	2150.0000	8050.000	169.73520	0.0	0.0	2220.0	1.0000000
11	2650.0000	8250.000	173.08611	0.0	0.0	2220.0	1.0000000
11	3050.0000	8350.000	170.10297	0.0	0.0	2220.0	1.0000000
11	2750.0000	8250.000	176.32510	0.0	0.0	2220.0	1.0000000
11	2950.0000	8250.000	172.78387	0.0	0.0	2220.0	1.0000000
15	2050.0000	8850.000	179.25795	0.0	0.0	2430.0	1.0000000
15	2050.0000	8450.000	191.91924	0.0	0.0	2430.0	1.0000000
16	2940.8809	8082.374	228.46751	0.0	0.0	1140.0	1.0000000
16	3150.0000	8250.000	178.76007	0.0	0.0	1140.0	1.0000000
1	2050.0000	9250.000	217.83615	0.0	0.0	510.0	1.0000000
1	3150.0000	8250.000	180.09569	0.0	0.0	3090.0	1.0000000
1	2650.0000	8850.000	169.49997	0.0	0.0	3090.0	1.0000000
1	2750.0000	8950.000	169.50000	0.0	0.0	3090.0	1.0000000
1	2550.0000	9050.000	169.50003	0.0	0.0	3090.0	1.0000000
1	2450.0000	8850.000	169.50002	0.0	0.0	3090.0	1.0000000
4	2458.8887	10826.895	286.22394	-5.0	0.0	1620.0	1.0000000
4	1802.2980	10475.402	222.06897	-5.0	0.0	1710.0	1.0000000
36	2500.0000	10850.000	228.92650	360.0	0.0	3990.0	1.0999999
31	1959.2194	10393.969	169.74432	360.0	0.0	4260.0	1.0000000
32	1757.1035	10457.899	134.32675	360.0	0.0	4260.0	1.0000000
33	1932.4786	10276.573	174.48862	360.0	0.0	4260.0	1.0000000
33	2019.0415	10306.709	170.99109	360.0	0.0	4350.0	1.0000000
16	1797.0447	10297.225	168.97232	360.0	0.0	4350.0	1.0000000
16	1698.0830	10206.202	175.40308	360.0	0.0	4260.0	1.0000000
16	1625.2800	10107.896	177.51904	360.0	0.0	4140.0	1.0000000
16	1731.7313	10684.325	201.02029	360.0	0.0	4200.0	1.0000000
16	1902.1917	10264.251	200.28418	360.0	0.0	4200.0	1.0000000
16	2039.0729	10448.926	222.14508	360.0	0.0	4290.0	1.0000000
16	1777.1134	10849.760	235.72000	360.0	0.0	4290.0	1.0000000
16	1913.2943	10615.507	212.45029	360.0	0.0	4290.0	1.0000000
15	1863.3190	10266.266	229.88657	360.0	0.0	4290.0	1.0000000
15	1620.9764	10446.692	191.09213	360.0	0.0	4740.0	1.0000000
14	1896.0870	10524.187	203.38736	360.0	0.0	4740.0	1.0000000
7	2069.7031	10297.236	227.57695	-720.0	0.0	5460.0	1.0000000
7	1921.1646	10227.060	228.65997	-720.0	0.0	5400.0	1.0000000
7	1991.0018	10233.967	219.97729	-720.0	0.0	5460.0	1.0000000
7	1927.9641	10619.467	202.31700	-720.0	0.0	5520.0	1.0000000
7	1831.1201	10218.095	233.67577	-720.0	0.0	5370.0	1.0000000
7	1760.2903	10264.251	230.53506	-720.0	0.0	5370.0	1.0000000
7	1752.9353	10294.521	270.99313	-720.0	0.0	5310.0	1.0000000
7	1796.4510	10312.043	291.12692	-720.0	0.0	5490.0	1.0000000
7	1887.9858	10478.580	262.35150	-720.0	0.0	5490.0	1.0000000
7	1911.4476	10513.194	213.08734	-720.0	0.0	5550.0	1.0000000
7	1940.0256	10544.631	174.67250	-720.0	0.0	5550.0	1.0000000
7	2032.8156	10264.013	217.83598	-720.0	0.0	5460.0	1.0000000
7	2076.8958	10381.546	220.98155	-720.0	0.0	5550.0	1.0000000
7	1704.4777	10115.604	214.86504	-720.0	0.0	5490.0	1.0000000
7	1663.6322	10070.334	217.11746	-720.0	0.0	5400.0	1.0000000
7	1765.8623	10120.912	212.45798	-720.0	0.0	5490.0	1.0000000
7	2252.4309	9750.962	266.29761	-720.0	0.0	5490.0	1.0999999
1	1791.5046	10289.146	219.73547	0.0	0.0	90.0	1.6399994
1	1867.3116	10282.657	224.53876	0.0	0.0	180.0	1.3999996
1	1871.4366	10590.201	197.65517	0.0	0.0	180.0	1.4399996
1	1637.6066	10169.520	205.36290	0.0	0.0	300.0	1.0000000
1	2042.0552	10359.949	217.61809	0.0	0.0	300.0	1.0000000
1	2529.0381	10695.185	188.08420	0.0	0.0	300.0	1.0000000
1	2674.1033	10930.718	179.71751	0.0	0.0	300.0	1.2399998
1	2210.5366	9763.739	254.45670	0.0	0.0	0.0	1.0000000
1	1897.3058	10324.845	223.65414	0.0	0.0	0.0	1.0000000
1	2720.4219	10173.925	182.54286	0.0	0.0	300.0	1.0000000
13	2646.6316	10162.193	201.90500	0.0	0.0	2220.0	1.0000000
13	2750.0000	10450.000	187.55644	0.0	0.0	2220.0	1.0000000
13	2550.0000	10950.000	199.92938	0.0	0.0	2220.0	1.0000000
13	2850.0000	10950.000	169.50000	0.0	0.0	2220.0	1.0000000
13	2850.0000	10850.000	169.49997	0.0	0.0	2220.0	1.0000000
13	2650.0000	10650.000	184.28345	0.0	0.0	2220.0	1.0000000
13	2650.0000	10950.000	194.17268	0.0	0.0	2220.0	1.0000000
13	2550.0000	10650.000	184.96036	0.0	0.0	2220.0	1.0000000
13	2950.0000	10450.000	169.50003	0.0	0.0	2220.0	1.0000000
13	2550.0000	10050.000	208.84445	0.0	0.0	2220.0	1.0000000
13	2450.0000	9850.000	197.37746	0.0	0.0	2220.0	1.0000000
14	1650.0000	11150.000	161.75841	0.0	0.0	2340.0	1.0000000
14	2550.0000	10150.000	206.18245	0.0	0.0	2340.0	1.0000000
14	2650.0000	10550.000	186.34084	0.0	0.0	2340.0	1.0000000
14	2750.0000	10650.000	184.01317	0.0	0.0	2340.0	1.0000000
14	2650.0000	10250.000	196.00719	0.0	0.0	2340.0	1.0000000
15	2594.8931	10392.900	191.09477	0.0	0.0	2340.0	1.0000000
15	2655.0278	10787.781	201.87053	0.0	0.0	2490.0	1.0000000
15	2780.4026	10938.745	193.19199	0.0	0.0	2430.0	1.0000000
15	1650.0000	10850.000	181.50745	360.0	0.0	5070.0	1.0000000
15	1650.0000	10750.000	194.47182	360.0	0.0	5070.0	1.0000000
15	1750.0000	10650.000	206.12733	360.0	0.0	5070.0	1.0000000
15	2750.0000	11050.000	186.74527	360.0	0.0	5070.0	1.0000000
15	2650.0000	10850.000	179.16954	360.0	0.0	5070.0	1.0000000
22	2753.6514	10625.084	175.88655	360.0	0.0	1500.0	1.0000000
11	1950.0000	10350.000	226.18883	360.0	0.0	5070.0	1.0000000
11	2750.0000	10550.000	179.58807	360.0	0.0	5070.0	1.0000000
11	2850.0000	10750.000	171.36215	360.0	0.0	5070.0	1.0000000
11	2550.0000	10750.000	183.69801	360.0	0.0	5070.0	1.0000000
11	2650.0000	10550.000	186.82693	360.0	0.0	5070.0	1.0000000
11	2650.0000	10450.000	187.87627	360.0	0.0	5070.0	1.0000000
11	1650.0000	10050.000	215.12125	360.0	0.0	5070.0	1.0000000
11	1650.0000	10250.000	206.32681	360.0	0.0	5070.0	1.0000000
1	2650.0000	10450.000	186.95517	0.0	0.0	510.0	1.0000000
1	2650.0000	10350.000	193.43021	0.0	0.0	510.0	1.0000000
1	2650.0000	10350.000	195.40807	0.0	0.0	510.0	1.0000000
1	2650.0000	10250.000	199.74770	0.0	0.0	510.0	1.0000000
1	2650.0000	10150.000	199.34274	0.0	0.0	510.0	1.0000000
1	2950.0000	9950.000	169.49997	0.0	0.0	3420.0	1.0000000
1	3050.0000	9950.000	169.49997	0.0	0.0	3420.0	1.0000000
1	3050.0000	10050.000	169.49997	0.0	0.0	3420.0	1.0000000
1	3150.0000	10150.000	169.49997	0.0	0.0	3420.0	1.0000000
1	3150.0000	10150.000	169.49997	0.0	0.0	3420.0	1.0000000
1	3150.0000	10150.000	169.50000	0.0	0.0	3420.0	1.0000000
1	3150.0000	10050.000	169.50002	0.0	0.0	3420.0	1.0000000
36	1600.0000	11600.000	169.50003	360.0	0.0	3990.0	1.3599997
36	2850.0000	11200.000	191.33267	360.0	0.0	3990.0	1.0000000
5	2500.0000	12600.000	220.47177	0.0	0.0	330.0	1.0000000
4	2444.6746	12195.126	260.49927	-5.0	0.0	1560.0	1.0000000
4	2208.0017	11484.581	276.62573	-5.0	0.0	1560.0	1.0000000
4	2787.4529	11930.571	257.24371	-5.0	0.0	1560.0	1.0000000
36	3050.0000	11650.000	173.22789	360.0	0.0	4050.0	1.0000000
36	2250.0000	11450.000	219.82504	360.0	0.0	3990.0	1.3199997
36	2100.0000	11350.000	221.84770	360.0	0.0	3990.0	1.1999998
36	1650.0000	11250.000	170.02623	360.0	0.0	3990.0	1.2999997
36	1650.0000	11650.000	169.49998	360.0	0.0	4050.0	1.0000000
34	1778.5686	12575.943	217.05197	360.0	0.0	4410.0	1.0000000
34	1859.5394	11773.571	242.88831	360.0	0.0	4410.0	1.0000000
34	1952.4980	11690.252	232.71500	360.0	0.0	4410.0	1.0000000
34	2238.7917	11480.891	230.50690	360.0	0.0	4410.0	1.0000000
32	2322.3499	12174.830	102.14925	360.0	0.0	4290.0	1.0000000
1	1937.5065	11237.258	202.15433	0.0	0.0	300.0	1.0000000
1	2111.1055	11360.273	220.30775	0.0	0.0	300.0	1.0000000
1	2201.5815	11538.090	229.35808	0.0	0.0	300.0	1.0000000
1	2611.7356	12059.764	201.44377	0.0	0.0	300.0	1.0000000
1	2807.7710	12032.109	195.47772	0.0	0.0	300.0	1.0000000
1	2674.8679	11808.474	183.75977	0.0	0.0	390.0	1.0000000
1	1860.0051	11763.470	233.55447	0.0	0.0	390.0	1.0000000
1	1760.1483	12595.645	209.29379	0.0	0.0	390.0	1.0000000
1	2287.6580	11480.004	213.61548	0.0	0.0	300.0	1.0000000
1	3131.5959	11433.515	169.45671	0.0	0.0	300.0	1.0000000
1	1600.4640	11790.365	129.73917	0.0	0.0	60.0	1.0000000
1	1650.0000	12750.000	173.10591	0.0	0.0	60.0	1.0000000
13	2450.0000	12250.000	198.43375	0.0	0.0	2220.0	1.0000000
13	2550.0000	12450.000	179.24026	0.0	0.0	2220.0	1.0000000
13	2650.0000	12650.000	216.32246	0.0	0.0	2220.0	1.0000000
13	2750.0000	12650.000	193.61427	0.0	0.0	2220.0	1.0000000
13	2950.0000	12450.000	176.16660	0.0	0.0	2220.0	1.0000000
13	2850.0000	12250.000	169.50002	0.0	0.0	2220.0	1.0000000
13	2650.0000	12250.000	176.26215	0.0	0.0	2220.0	1.0000000
13	2650.0000	12550.000	181.90619	0.0	0.0	2220.0	1.0000000
13	3050.0000	12550.000	173.96921	0.0	0.0	2220.0	1.0000000
14	2824.0532	12560.064	185.62334	0.0	0.0	2340.0	1.0000000
14	2529.8628	12149.491	203.55278	0.0	0.0	2340.0	1.0000000
14	1634.5273	12602.492	187.36636	0.0	0.0	2340.0	1.0000000
14	1950.0000	11450.000	181.26967	0.0	0.0	2340.0	1.0000000
14	1850.0000	11550.000	177.77470	0.0	0.0	2340.0	1.0000000
14	1850.0000	11750.000	228.56705	0.0	0.0	2340.0	1.0000000
14	2050.0000	11650.000	215.96965	0.0	0.0	2340.0	1.0000000
14	1950.0000	11550.000	192.88132	0.0	0.0	2340.0	1.0000000
14	1750.0000	11650.000	172.06136	0.0	0.0	2340.0	1.0000000
14	1850.0000	11450.000	169.50002	0.0	0.0	2340.0	1.0000000
14	1850.0000	11350.000	169.50002	0.0	0.0	2340.0	1.0000000
14	1850.0000	11250.000	182.68370	0.0	0.0	2340.0	1.0000000
15	1950.0000	11650.000	207.27017	360.0	0.0	5070.0	1.0000000
15	1650.0000	11950.000	171.99211	360.0	0.0	5070.0	1.0000000
15	1750.0000	11950.000	193.06895	360.0	0.0	5070.0	1.0000000
15	1650.0000	12350.000	202.40244	360.0	0.0	5070.0	1.0000000
15	1650.0000	12350.000	203.81955	360.0	0.0	5070.0	1.0000000
15	1750.0000	11550.000	169.49998	360.0	0.0	5070.0	1.0000000
15	2850.0000	11250.000	185.72612	360.0	0.0	5070.0	1.0000000
11	1750.0000	12750.000	214.42378	360.0	0.0	5070.0	1.0000000
11	1850.0000	12750.000	216.22995	360.0	0.0	5070.0	1.0000000
11	2450.0000	12550.000	214.42867	360.0	0.0	5070.0	1.0000000
11	2550.0000	12550.000	212.72281	360.0	0.0	5070.0	1.0000000
11	2450.0000	12350.000	193.10760	360.0	0.0	5070.0	1.0000000
11	2550.0000	12650.000	230.57327	360.0	0.0	5070.0	1.0000000
11	2450.0000	12050.000	204.12137	360.0	0.0	5070.0	1.0000000
11	2650.0000	12050.000	200.59164	360.0	0.0	5070.0	1.0000000
11	2750.0000	11950.000	208.88831	360.0	0.0	5070.0	1.0000000
11	2750.0000	11850.000	215.95110	360.0	0.0	5070.0	1.0000000
11	2850.0000	11850.000	204.82501	360.0	0.0	5070.0	1.0000000
11	2850.0000	11750.000	213.29288	360.0	0.0	5070.0	1.0000000
11	2950.0000	11550.000	219.22678	360.0	0.0	5070.0	1.0000000
11	2150.0000	11550.000	225.08490	360.0	0.0	5070.0	1.0000000
11	2150.0000	11450.000	227.35840	360.0	0.0	5070.0	1.0000000
11	2250.0000	11450.000	224.55414	360.0	0.0	5070.0	1.0000000
11	2050.0000	11350.000	216.34267	360.0	0.0	5070.0	1.0000000
1	1850.0000	11850.000	239.62872	0.0	0.0	510.0	1.0000000
1	1750.0000	12050.000	197.46994	0.0	0.0	510.0	1.0000000
1	1750.0000	12150.000	188.16272	0.0	0.0	510.0	1.0000000
1	2450.0000	12450.000	195.31308	0.0	0.0	510.0	1.0000000
1	2450.0000	12550.000	197.74190	0.0	0.0	510.0	1.0000000
1	2550.0000	12550.000	209.08867	0.0	0.0	510.0	1.0000000
1	2550.0000	12550.000	207.99974	0.0	0.0	510.0	1.0000000
1	2650.0000	12550.000	197.62726	0.0	0.0	510.0	1.0000000
1	2750.0000	12550.000	180.17798	0.0	0.0	510.0	1.0000000
0	1875.2168	14381.758	125.63593	0.0	0.0	2135.0	1.1599998
0	2424.3784	14153.359	138.82033	0.0	0.0	2195.0	1.2999997
0	2258.7075	13984.236	169.53101	0.0	0.0	2285.0	1.1599998
0	1660.7969	13712.771	145.35181	0.0	0.0	2345.0	1.2399998
0	2212.7153	13742.062	129.92831	0.0	0.0	2255.0	1.1999998
0	1701.7946	14296.136	159.00266	0.0	0.0	2465.0	1.3599997
5	1850.0000	13100.000	175.65546	0.0	0.0	330.0	1.6799994
5	2700.0000	13250.000	207.23584	0.0	0.0	330.0	1.5199995
5	2550.0000	13650.000	173.74673	0.0	0.0	450.0	1.0000000
4	1835.8799	13486.109	291.50629	-5.0	0.0	1560.0	1.0000000
4	3116.3381	13220.439	260.77579	-5.0	0.0	1560.0	1.0000000
36	1673.8943	14356.392	231.00598	360.0	0.0	4350.0	1.0000000
36	2307.1924	13938.264	259.15656	360.0	0.0	4350.0	1.0000000
36	2396.7771	14086.991	242.99307	360.0	0.0	4350.0	1.0000000
36	2547.4548	14214.519	250.59741	360.0	0.0	4350.0	1.0000000
34	2092.3059	13145.345	261.15060	360.0	0.0	4410.0	1.0000000
34	2570.5166	13403.706	260.57376	360.0	0.0	4410.0	1.0000000
1	1705.5420	13194.425	169.50003	0.0	0.0	390.0	1.0000000
1	1738.7443	13632.397	214.24600	0.0	0.0	390.0	1.0000000
1	1680.6106	14331.878	220.94923	0.0	0.0	390.0	1.0000000
1	2255.5903	13911.762	268.79987	0.0	0.0	390.0	1.0000000
1	2562.3262	13472.240	242.01851	0.0	0.0	390.0	1.0000000
1	1750.0000	13350.000	184.90387	0.0	0.0	60.0	1.0000000
1	1650.0000	13150.000	169.50000	0.0	0.0	60.0	1.0000000
1	1650.0000	14350.000	224.63367	0.0	0.0	60.0	1.0000000
13	2650.0000	13450.000	244.17444	0.0	0.0	2220.0	1.0000000
13	2950.0000	13250.000	238.61624	0.0	0.0	2220.0	1.0000000
13	3150.0000	13250.000	230.31236	0.0	0.0	2220.0	1.0000000
13	2750.0000	13150.000	234.78755	0.0	0.0	2220.0	1.0000000
13	2850.0000	13550.000	218.69318	0.0	0.0	2220.0	1.0000000
13	2750.0000	13250.000	259.35751	0.0	0.0	2220.0	1.0000000
13	2850.0000	13350.000	238.76088	0.0	0.0	2220.0	1.0000000
13	1750.0000	13450.000	238.61758	0.0	0.0	2220.0	1.0000000
13	2350.0000	13950.000	258.75067	0.0	0.0	2220.0	1.0000000
13	2450.0000	13850.000	243.94687	0.0	0.0	2220.0	1.0000000
13	2550.0000	13950.000	262.65939	0.0	0.0	2220.0	1.0000000
13	2550.0000	14150.000	251.66306	0.0	0.0	2220.0	1.0000000
13	2350.0000	14150.000	228.85469	0.0	0.0	2220.0	1.0000000
13	2250.0000	13850.000	264.40936	0.0	0.0	2220.0	1.0000000
14	1622.7244	13361.453	177.96410	0.0	0.0	2340.0	1.0000000
14	2375.3772	13811.871	242.90422	0.0	0.0	2340.0	1.0000000
14	2804.4741	13345.663	245.94955	0.0	0.0	2340.0	1.0000000
14	3056.2256	13259.146	231.18417	0.0	0.0	2340.0	1.0000000
16	2055.1497	13150.343	272.25961	0.0	0.0	1140.0	1.0000000
15	2550.0000	14350.000	237.02089	360.0	0.0	5070.0	1.0000000
15	2450.0000	14150.000	251.41704	360.0	0.0	5070.0	1.0000000
15	2450.0000	14050.000	246.01994	360.0	0.0	5070.0	1.0000000
15	2350.0000	13950.000	247.98764	360.0	0.0	5070.0	1.0000000
15	2450.0000	13650.000	226.95087	360.0	0.0	5070.0	1.0000000
15	2650.0000	13550.000	231.23079	360.0	0.0	5070.0	1.0000000
15	2650.0000	13550.000	228.60654	360.0	0.0	5070.0	1.0000000
15	2850.0000	13250.000	243.16357	360.0	0.0	5070.0	1.0000000
15	3050.0000	13250.000	235.00325	360.0	0.0	5070.0	1.0000000
15	3050.0000	13950.000	176.83386	360.0	0.0	5070.0	1.0000000
15	2950.0000	13550.000	201.73466	360.0	0.0	5070.0	1.0000000
15	3150.0000	14250.000	169.50000	360.0	0.0	5070.0	1.0000000
15	3150.0000	14050.000	169.50000	360.0	0.0	5070.0	1.0000000
15	2950.0000	14150.000	183.99385	360.0	0.0	5070.0	1.0000000
15	1750.0000	13250.000	177.60793	360.0	0.0	5070.0	1.0000000
15	1850.0000	12950.000	196.49799	360.0	0.0	5070.0	1.0000000
15	1650.0000	12850.000	178.81297	360.0	0.0	5070.0	1.0000000
15	1750.0000	13150.000	169.49997	360.0	0.0	5070.0	1.0000000
15	1850.0000	13050.000	193.14691	360.0	0.0	5070.0	1.0000000
15	2050.0000	13150.000	246.14519	360.0	0.0	5070.0	1.0000000
15	1850.0000	13350.000	210.80382	360.0	0.0	5070.0	1.0000000
1	3044.1218	12958.341	176.55290	360.0	0.0	90.0	0.9300000
1	3175.1218	13953.341	169.50000	360.0	0.0	173.0	0.9800000
13	3143.1995	14080.386	163.28943	360.0	0.0	240.0	1.0000000
15	3136.4709	13963.056	168.05196	360.0	0.0	5070.0	1.0000000
11	1950.0000	13050.000	209.77167	360.0	0.0	5070.0	1.0000000
11	1950.0000	12850.000	222.07291	360.0	0.0	5070.0	1.0000000
11	1950.0000	13250.000	212.49313	360.0	0.0	5070.0	1.0000000
11	3150.0000	13950.000	169.50002	0.0	0.0	5060.0	1.0000000
1	2650.0000	13250.000	261.23608	0.0	0.0	510.0	1.0000000
1	2550.0000	13250.000	246.25099	0.0	0.0	510.0	1.0000000
1	2650.0000	13150.000	239.75659	0.0	0.0	510.0	1.0000000
1	2750.0000	13150.000	248.88260	0.0	0.0	510.0	1.0000000
1	2850.0000	13150.000	238.98746	0.0	0.0	510.0	1.0000000
1	2250.0000	13850.000	251.57059	0.0	0.0	510.0	1.0000000
1	2250.0000	13750.000	223.54214	0.0	0.0	510.0	1.0000000
35	2844.6077	14015.975	159.59045	0.0	0.0	3150.0	1.0000000
0	1600.0000	15200.000	196.76497	0.0	0.0	1445.0	1.3599997
5	2650.0000	14400.000	189.06447	0.0	0.0	330.0	1.5799994
0	1936.3917	15859.281	210.02052	0.0	0.0	215.0	1.0000000
0	1760.6659	15953.163	46.26642	0.0	0.0	395.0	1.6399994
0	1650.0000	15500.000	231.92265	0.0	0.0	605.0	1.1999998
0	1950.0000	15150.000	243.60388	0.0	0.0	1205.0	1.0000000
0	2050.0000	15650.000	194.50467	0.0	0.0	1355.0	1.3399997
0	1707.3577	15319.447	228.55640	0.0	0.0	1115.0	1.3399997
0	1675.1960	14783.083	113.93469	0.0	0.0	1715.0	1.3799996
0	2149.4495	14911.575	149.84940	0.0	0.0	2045.0	1.3999996
0	2714.5361	14914.834	135.74533	0.0	0.0	2165.0	1.2999997
0	2123.2651	14684.411	129.99457	0.0	0.0	2135.0	1.3199997
0	2606.2915	14610.208	165.46365	0.0	0.0	2075.0	1.2199998
0	1960.8451	14604.397	135.70941	0.0	0.0	2345.0	1.3999996
5	2550.0000	15350.000	172.91502	0.0	0.0	390.0	1.0000000
5	2800.0000	15050.000	175.15143	0.0	0.0	330.0	1.4799995
4	2676.2703	14674.949	258.93219	-5.0	0.0	1560.0	1.0000000
36	2932.1692	15850.153	175.01312	360.0	0.0	4350.0	1.0000000
36	2884.5266	15765.689	177.61981	360.0	0.0	4350.0	1.0000000
36	1721.4077	15278.081	273.61041	360.0	0.0	4350.0	1.0000000
36	1929.5496	15072.440	278.71414	360.0	0.0	4350.0	1.0000000
36	2034.2206	14926.789	230.22272	360.0	0.0	4350.0	1.0000000
36	2038.9021	14717.168	215.22980	360.0	0.0	4350.0	1.0000000
36	1828.2269	14409.740	211.54239	360.0	0.0	4350.0	1.0000000
36	1984.2157	14591.105	192.63681	360.0	0.0	4350.0	1.0000000
36	2582.4712	14406.713	229.10626	360.0	0.0	4410.0	1.0000000
36	2660.1145	14579.365	246.36874	360.0	0.0	4350.0	1.0000000
36	2719.1165	14765.891	239.19040	360.0	0.0	4410.0	1.0000000
34	2632.1675	14519.495	241.73572	360.0	0.0	4410.0	1.0000000
1	2004.9664	14603.341	186.08121	0.0	0.0	390.0	1.0000000
1	1650.0000	15350.000	273.66272	0.0	0.0	60.0	1.0000000
13	1950.0000	14650.000	199.06171	0.0	0.0	2220.0	1.0000000
13	2050.0000	14750.000	216.64233	0.0	0.0	2220.0	1.0000000
13	2050.0000	14950.000	218.49342	0.0	0.0	2220.0	1.0000000
13	1950.0000	14950.000	227.65179	0.0	0.0	2220.0	1.0000000
13	1750.0000	14950.000	173.93761	0.0	0.0	2220.0	1.0000000
13	1750.0000	14950.000	176.93932	0.0	0.0	2220.0	1.0000000
13	1850.0000	15050.000	270.84198	0.0	0.0	2220.0	1.0000000
13	1650.0000	15250.000	214.90990	0.0	0.0	2220.0	1.0000000
14	1971.2411	14824.259	225.40736	0.0	0.0	2220.0	1.0000000
14	1875.5621	14761.475	196.18210	0.0	0.0	2340.0	1.0000000
15	1650.0000	15250.000	213.00926	360.0	0.0	5070.0	1.0000000
15	2050.0000	14750.000	231.83736	360.0	0.0	5070.0	1.0000000
15	1950.0000	14650.000	198.93552	360.0	0.0	5070.0	1.0000000
15	1750.0000	14550.000	218.64886	360.0	0.0	5070.0	1.0000000
15	2750.0000	14650.000	234.81079	360.0	0.0	5070.0	1.0000000
1	3180.4707	15077.063	229.93384	360.0	0.0	323.0	0.9500000
15	2902.6404	15878.101	165.78986	360.0	0.0	1440.0	1.0000000
15	2767.5776	15773.609	175.24277	360.0	0.0	1440.0	1.0000000
16	2682.4260	15028.460	186.44258	360.0	0.0	1530.0	1.0000000
16	2735.2705	15137.353	183.29320	360.0	0.0	1530.0	1.0000000
16	2105.2263	15678.849	205.25653	360.0	0.0	1620.0	1.0000000
16	2222.3064	15606.038	190.64281	360.0	0.0	1620.0	1.0000000
16	2044.1870	15858.084	205.33493	360.0	0.0	1530.0	1.0000000
16	2111.5959	15990.052	171.71040	360.0	0.0	1530.0	1.0000000
16	2169.8650	15781.404	202.22346	360.0	0.0	1590.0	1.0000000
16	2394.8879	15460.065	237.59450	360.0	0.0	1590.0	1.0000000
16	1866.8478	15964.651	231.27853	360.0	0.0	1590.0	1.0000000
16	1963.2195	15890.802	210.96092	360.0	0.0	1650.0	1.0000000
16	1768.7274	15945.750	240.06708	360.0	0.0	1650.0	1.0000000
1	1850.0000	14450.000	219.34445	0.0	0.0	510.0	1.0000000
1	1850.0000	14550.000	206.32333	0.0	0.0	510.0	1.0000000
1	2650.0000	15250.000	202.81883	0.0	0.0	510.0	1.0000000
1	2550.0000	15350.000	213.96968	0.0	0.0	510.0	1.0000000
1	2450.0000	15450.000	238.84061	0.0	0.0	510.0	1.0000000
1	2350.0000	15450.000	241.48038	0.0	0.0	510.0	1.0000000
0	1738.1527	16056.945	231.77588	0.0	0.0	275.0	1.0000000
0	1685.2274	16291.799	226.10060	0.0	0.0	185.0	1.0000000
0	1677.6476	16202.471	163.13953	0.0	0.0	275.0	1.0000000
5	2267.3499	17392.436	193.97426	0.0	0.0	270.0	1.6199994
5	2282.7654	17060.857	177.96397	0.0	0.0	390.0	1.3599997
5	2102.6477	16540.875	172.36700	0.0	0.0	390.0	1.6399994
5	2147.3835	16099.336	169.50003	0.0	0.0	390.0	1.4999995
36	1635.6720	17075.162	229.93933	360.0	0.0	4380.0	1.3799996
36	1758.6963	16101.385	265.64957	360.0	0.0	4350.0	1.0000000
36	1782.7272	16472.113	265.68484	360.0	0.0	4350.0	1.0000000
36	1808.8634	16366.050	266.45319	360.0	0.0	4350.0	1.0000000
36	1987.1395	16607.270	192.14832	360.0	0.0	4350.0	1.3399997
36	2866.3545	16285.903	195.56412	360.0	0.0	4350.0	1.0000000
36	2937.2034	16329.048	185.93750	360.0	0.0	4350.0	1.2799997
36	2783.7004	16179.855	195.52133	360.0	0.0	4350.0	1.2199998
36	3118.6318	16456.916	175.34470	360.0	0.0	4350.0	1.0000000
16	1850.0000	16050.000	238.36662	0.0	0.0	1140.0	1.0000000
16	1850.0000	16350.000	266.02805	0.0	0.0	1140.0	1.0000000
16	1850.0000	16450.000	253.69035	0.0	0.0	1140.0	1.0000000
16	1950.0000	16550.000	186.63254	0.0	0.0	1140.0	1.0000000
16	1750.0000	16150.000	251.12656	0.0	0.0	1140.0	1.0000000
16	1750.0000	16350.000	268.16263	0.0	0.0	1140.0	1.0000000
15	1650.0000	17250.000	230.66728	360.0	0.0	5070.0	1.0000000
15	1750.0000	16250.000	246.98412	360.0	0.0	5070.0	1.0000000
15	1750.0000	16250.000	244.04044	360.0	0.0	5070.0	1.0000000
15	2050.0000	16450.000	187.00287	360.0	0.0	5070.0	1.0000000
15	3160.2859	16497.314	190.15111	360.0	0.0	1170.0	1.0000000
15	3012.5042	16406.021	197.91495	360.0	0.0	1170.0	1.0000000
15	2868.2061	16319.782	215.37007	360.0	0.0	1170.0	1.0000000
15	2251.9297	17321.576	193.62932	360.0	0.0	1440.0	1.0000000
15	2251.5574	17431.111	233.22047	360.0	0.0	1440.0	1.0000000
15	2249.0208	17584.189	252.37689	360.0	0.0	1440.0	1.0000000
15	2576.9944	16134.007	192.32700	360.0	0.0	1440.0	1.0000000
15	2694.3408	16207.303	208.29932	360.0	0.0	1560.0	1.0000000
15	2388.4629	16073.928	171.05188	360.0	0.0	1620.0	1.0000000
15	2717.1641	16276.114	219.37291	360.0	0.0	1530.0	1.0000000
16	1964.4065	16038.768	202.82022	360.0	0.0	1650.0	1.0000000
5	2850.0000	17150.000	236.04953	0.0	0.0	810.0	1.0000000
5	3150.0000	17050.000	221.30603	0.0	0.0	810.0	1.0000000
5	2850.0000	17350.000	210.13515	0.0	0.0	810.0	1.0000000
1	2150.0000	16850.000	211.61055	0.0	0.0	510.0	1.0000000
1	2250.0000	16950.000	216.06050	0.0	0.0	510.0	1.0000000
1	2150.0000	17150.000	183.79155	0.0	0.0	510.0	1.0000000
5	2197.8374	18582.859	174.87114	0.0	0.0	330.0	1.5199995
5	2012.5404	18991.191	179.74037	0.0	0.0	420.0	1.9599991
5	2044.7570	17934.377	240.60963	0.0	0.0	270.0	1.8799992
5	2465.6204	17813.701	169.50003	0.0	0.0	390.0	1.4199996
4	2172.4272	17883.488	257.39526	-5.0	0.0	1560.0	1.0000000
36	2072.2017	17954.266	248.21106	360.0	0.0	4380.0	1.0000000
36	2089.1511	18025.387	251.91620	360.0	0.0	4380.0	1.4599996
36	2207.8628	18375.629	191.32147	360.0	0.0	4380.0	1.3599997
16	1750.0000	19150.000	253.97478	0.0	0.0	1140.0	1.0000000
15	1950.0000	19050.000	233.68291	360.0	0.0	5070.0	1.0000000
15	2150.0000	18850.000	185.83838	360.0	0.0	5070.0	1.0000000
15	2050.0000	18850.000	215.02739	360.0	0.0	5070.0	1.0000000
32	2007.7657	17968.660	188.88049	370.0	0.0	510.0	1.0000000
15	2032.4589	18972.980	236.23076	360.0	0.0	1170.0	1.0000000
15	2135.5667	17918.883	252.90431	360.0	0.0	1170.0	1.0000000
15	2166.3289	17981.486	251.15218	360.0	0.0	1350.0	1.0000000
15	2174.8262	18106.719	242.65340	360.0	0.0	1350.0	1.0000000
15	2162.5718	18271.764	225.25743	360.0	0.0	1350.0	1.0000000
15	2149.2974	17813.162	245.93910	360.0	0.0	1470.0	1.0000000
15	2236.4463	17684.729	249.55429	360.0	0.0	1470.0	1.0000000
15	2104.3955	18097.777	266.19742	360.0	0.0	1350.0	1.0000000
15	2132.1162	17956.725	218.63708	360.0	0.0	1440.0	1.0000000
15	1913.2799	19086.078	230.17987	360.0	0.0	1440.0	1.0000000
4	2738.5959	18012.992	191.33366	0.0	0.0	690.0	1.0000000
4	2850.0000	18450.000	224.94167	0.0	0.0	690.0	1.0000000
4	2450.0000	18350.000	235.00732	0.0	0.0	690.0	1.0000000
4	2750.0000	17950.000	174.53493	0.0	0.0	690.0	1.0000000
4	3050.0000	18050.000	180.82103	0.0	0.0	690.0	1.0000000
4	2890.9849	18076.248	188.46649	0.0	0.0	690.0	1.5599995
4	2785.5449	18519.154	261.10034	0.0	0.0	810.0	1.0000000
1	2150.0000	17750.000	236.79086	0.0	0.0	510.0	1.0000000
1	2150.0000	17850.000	239.76364	0.0	0.0	510.0	1.0000000
1	2150.0000	17850.000	231.97208	0.0	0.0	510.0	1.0000000
1	2150.0000	17950.000	246.62831	0.0	0.0	510.0	1.0000000
35	2902.4558	18005.141	117.86507	0.0	0.0	3000.0	1.0000000
5	1650.0000	20700.000	163.23546	0.0	0.0	280.0	2.1599989
5	1859.7589	19357.865	177.95058	0.0	0.0	300.0	1.9399991
5	2250.0000	20100.000	180.91737	0.0	0.0	450.0	1.2399998
5	2350.0000	20550.000	173.82610	0.0	0.0	570.0	1.6399994
36	1632.2517	20660.865	214.38614	360.0	0.0	4380.0	1.1599998
36	2251.7737	20170.625	218.32449	360.0	0.0	4380.0	1.0000000
36	2327.9070	20752.816	202.94714	360.0	0.0	4380.0	1.0599999
36	2383.4590	20415.664	208.50995	360.0	0.0	4380.0	1.0000000
36	2406.2161	20690.664	190.09702	360.0	0.0	4380.0	1.0000000
16	1750.0000	19750.000	186.31117	0.0	0.0	1140.0	1.0000000
16	1750.0000	19850.000	196.82990	0.0	0.0	1140.0	1.0000000
16	1750.0000	19350.000	228.11827	0.0	0.0	1140.0	1.0000000
16	1650.0000	19450.000	199.68753	0.0	0.0	1140.0	1.0000000
15	2550.0000	20650.000	188.64903	360.0	0.0	5070.0	1.0000000
15	2450.0000	20550.000	184.91701	360.0	0.0	5070.0	1.0000000
15	2450.0000	20450.000	208.62170	360.0	0.0	5070.0	1.0000000
15	2450.0000	20250.000	236.60623	360.0	0.0	5070.0	1.0000000
15	2450.0000	20150.000	249.10175	360.0	0.0	5070.0	1.0000000
15	1650.0000	20650.000	215.79306	360.0	0.0	5070.0	1.0000000
32	2495.7009	20336.822	234.85046	370.0	0.0	25.0	1.0200000
32	2420.7009	20281.822	233.69125	370.0	0.0	331.0	1.0300000
15	2447.7087	20777.975	209.20142	360.0	0.0	1440.0	1.0000000
15	2448.3694	20651.629	187.00798	360.0	0.0	1440.0	1.0000000
15	2394.8926	20781.078	211.60629	360.0	0.0	1440.0	1.0000000
15	2620.1504	20372.240	195.06151	360.0	0.0	1440.0	1.0000000
15	2663.5002	20232.855	214.54150	360.0	0.0	1440.0	1.0000000
15	2334.2019	20199.340	224.34599	360.0	0.0	1440.0	1.0000000
15	2594.2507	20156.268	240.83643	360.0	0.0	1440.0	1.0000000
15	2265.6619	20133.498	199.00356	360.0	0.0	1440.0	1.0000000
15	2344.9695	20244.566	244.24391	360.0	0.0	1440.0	1.0000000
34	2650.0000	20250.000	237.52808	0.0	0.0	5090.0	1.0000000
11	2450.0000	20750.000	226.08644	0.0	0.0	5060.0	1.0000000
5	2950.0000	19250.000	181.98000	0.0	0.0	810.0	1.0000000
5	3050.0000	19350.000	193.71135	0.0	0.0	810.0	1.0000000
5	3150.0000	19450.000	230.11269	0.0	0.0	810.0	1.0000000
5	3150.0000	19750.000	223.44418	0.0	0.0	810.0	1.0000000
5	3050.0000	19650.000	229.74736	0.0	0.0	810.0	1.0000000
5	2850.0000	20150.000	189.91110	0.0	0.0	810.0	1.0000000
5	3150.0000	19850.000	212.20741	0.0	0.0	810.0	1.0000000
1	2350.0000	20150.000	246.44890	0.0	0.0	510.0	1.0000000
1	2250.0000	20150.000	223.72151	0.0	0.0	510.0	1.0000000
1	2550.0000	20150.000	277.81500	0.0	0.0	510.0	1.0000000
5	1850.0000	21400.000	208.69655	0.0	0.0	90.0	2.0199990
5	2100.0000	21050.000	151.19012	0.0	0.0	-90.0	2.3599987
36	1601.5948	21788.211	219.96039	360.0	0.0	4380.0	1.0000000
36	1872.2611	21439.777	214.47134	360.0	0.0	4380.0	1.2999997
36	1744.7340	22148.646	228.53476	360.0	0.0	4380.0	1.3399997
36	1826.6174	22371.189	224.12442	360.0	0.0	4380.0	1.1199999
36	1965.2480	21297.979	193.57437	360.0	0.0	4380.0	1.0000000
1	1650.0000	22350.000	182.93047	0.0	0.0	60.0	1.0000000
1	2850.0000	21750.000	170.40816	0.0	0.0	60.0	1.0000000
1	2950.0000	21550.000	188.74155	0.0	0.0	60.0	1.0000000
1	3050.0000	20950.000	180.45467	0.0	0.0	60.0	1.0000000
16	1850.0000	21450.000	221.43263	0.0	0.0	1140.0	1.0000000
16	1950.0000	21350.000	199.46532	0.0	0.0	1140.0	1.0000000
15	2450.0000	21750.000	187.85503	360.0	0.0	5070.0	1.0000000
15	2650.0000	21750.000	169.50002	360.0	0.0	5070.0	1.0000000
15	2650.0000	21850.000	169.49998	360.0	0.0	5070.0	1.0000000
15	2750.0000	22150.000	172.10255	360.0	0.0	5070.0	1.0000000
15	2950.0000	22050.000	174.45697	360.0	0.0	5070.0	1.0000000
15	2950.0000	21750.000	182.49892	360.0	0.0	5070.0	1.0000000
15	2850.0000	21650.000	175.08994	360.0	0.0	5070.0	1.0000000
15	3150.0000	21450.000	231.21075	360.0	0.0	5070.0	1.0000000
15	2350.0000	20950.000	206.20123	360.0	0.0	5070.0	1.0000000
15	1850.0000	22250.000	225.54541	360.0	0.0	5070.0	1.0000000
15	1750.0000	22050.000	221.10489	360.0	0.0	5070.0	1.0000000
32	2405.7009	20935.822	208.21216	370.0	0.0	343.0	1.0100000
32	2754.8879	21497.357	175.67047	370.0	0.0	192.0	0.9700000
34	1950.0000	21350.000	218.29514	0.0	0.0	5090.0	1.0000000
34	1850.0000	21350.000	225.30794	0.0	0.0	5090.0	1.0000000
11	1750.0000	21550.000	235.60497	0.0	0.0	5060.0	1.0000000
11	1850.0000	21450.000	219.36668	0.0	0.0	5060.0	1.0000000
11	2650.0000	20850.000	254.17155	0.0	0.0	5060.0	1.0000000
11	2450.0000	21150.000	233.27919	0.0	0.0	5060.0	1.0000000
11	2550.0000	21050.000	259.74478	0.0	0.0	5060.0	1.0000000
1	1950.0000	21350.000	221.08740	0.0	0.0	210.0	1.0000000
1	2150.0000	21050.000	204.85280	0.0	0.0	210.0	1.0000000
1	2450.0000	21150.000	234.35710	0.0	0.0	210.0	1.0000000
1	2950.0000	21050.000	198.80853	0.0	0.0	210.0	1.0000000
5	2870.8701	21507.627	188.75815	0.0	0.0	810.0	1.0000000
5	2583.8501	20945.426	275.83554	0.0	0.0	810.0	1.0000000
5	3000.0000	23000.000	236.15547	0.0	0.0	-150.0	1.7399993
5	2600.0000	23650.000	245.57533	0.0	0.0	-150.0	1.6199994
5	2454.5034	23173.881	140.77850	0.0	0.0	-90.0	2.0799990
5	2650.0000	23000.000	207.09001	0.0	0.0	-210.0	1.0000000
5	1802.4781	23383.652	192.61809	0.0	0.0	-240.0	1.6599994
5	2200.0000	23950.000	267.26596	0.0	0.0	-390.0	1.7399993
5	1800.0000	22700.000	187.68117	0.0	0.0	-300.0	1.5999994
5	3100.0000	23750.000	213.09674	0.0	0.0	720.0	1.6199994
34	2494.5491	23600.674	154.91553	360.0	0.0	4050.0	1.0000000
34	2457.1028	22931.943	126.70377	360.0	0.0	4050.0	1.0000000
34	2747.7449	23772.547	134.51971	360.0	0.0	4050.0	1.0000000
36	2615.8621	23643.127	234.38632	360.0	0.0	4350.0	1.2799997
36	2705.0232	23674.184	222.92145	360.0	0.0	4350.0	1.3199997
36	2942.4006	23780.180	189.61035	360.0	0.0	4350.0	1.2399998
36	2071.0598	23977.797	237.80939	360.0	0.0	4350.0	1.3399997
36	2240.4622	23940.969	231.46652	360.0	0.0	4350.0	1.1599998
36	2254.5154	23000.348	131.94766	360.0	0.0	4350.0	1.6599994
36	1929.3373	23262.336	190.84335	360.0	0.0	4350.0	1.0000000
36	2592.6104	22893.805	222.10645	360.0	0.0	4380.0	1.1799998
15	2150.0000	23950.000	264.26215	0.0	0.0	1140.0	1.0000000
15	2250.0000	23950.000	262.28674	0.0	0.0	1140.0	1.0000000
15	2550.0000	23650.000	237.35342	0.0	0.0	1140.0	1.0000000
15	2750.0000	23650.000	236.69275	0.0	0.0	1140.0	1.0000000
15	2650.0000	23850.000	188.96437	0.0	0.0	1140.0	1.0000000
15	2550.1440	23664.322	269.21960	0.0	0.0	1140.0	1.0000000
15	1750.0000	23350.000	234.84355	0.0	0.0	1140.0	1.0000000
15	1850.0000	23350.000	213.65120	0.0	0.0	1140.0	1.0000000
15	1950.0000	23350.000	194.79587	0.0	0.0	1140.0	1.0000000
15	1950.0000	23150.000	180.00737	0.0	0.0	1140.0	1.0000000
15	2150.0000	23050.000	191.50101	0.0	0.0	1140.0	1.0000000
15	1938.4739	23273.262	185.83737	0.0	0.0	1140.0	1.0000000
5	2044.3296	23153.080	158.30403	0.0	0.0	-300.0	1.5399995
34	2011.0696	23234.875	107.96552	360.0	0.0	4050.0	1.0000000
15	1650.0000	23050.000	221.70184	360.0	0.0	4050.0	1.0000000
15	1650.0000	22850.000	202.82533	360.0	0.0	4050.0	1.0000000
15	1750.0000	22750.000	200.21671	360.0	0.0	4050.0	1.0000000
15	1717.9457	22899.350	201.87062	360.0	0.0	4320.0	1.0000000
15	2450.0000	22850.000	213.12291	360.0	0.0	4320.0	1.0000000
15	2850.0000	22950.000	227.32527	360.0	0.0	4320.0	1.0000000
15	3050.0000	22950.000	244.13829	360.0	0.0	4320.0	1.0000000
15	3150.0000	22950.000	222.36848	360.0	0.0	4320.0	1.0000000
15	3194.8647	23613.025	247.44635	360.0	0.0	4860.0	1.0000000
15	3070.8708	23673.303	256.06055	360.0	0.0	5040.0	1.0000000
32	2903.6914	22945.229	231.66449	370.0	0.0	144.0	1.0000000
11	3150.0000	22950.000	246.25841	0.0	0.0	5060.0	1.0000000
11	3150.0000	22950.000	228.81279	0.0	0.0	5060.0	1.0000000
11	3150.0000	22750.000	215.18413	0.0	0.0	5060.0	1.0000000
11	2650.0000	23550.000	226.58719	0.0	0.0	5060.0	1.0000000
11	2650.0000	23450.000	210.17822	0.0	0.0	5060.0	1.0000000
11	1650.0000	23950.000	216.61313	0.0	0.0	5060.0	1.0000000
11	1850.0000	23950.000	248.27998	0.0	0.0	5060.0	1.0000000
1	3050.0000	22750.000	222.86676	0.0	0.0	210.0	1.0000000
1	3050.0000	22950.000	253.96867	0.0	0.0	210.0	1.0000000
1	3050.0000	22950.000	251.93535	0.0	0.0	210.0	1.0000000
1	2650.0000	23650.000	248.45747	0.0	0.0	210.0	1.0000000
1	2550.0000	23550.000	237.34515	0.0	0.0	210.0	1.0000000
1	1850.0000	23250.000	199.35692	0.0	0.0	210.0	1.0000000
1	1650.0000	23150.000	240.39557	0.0	0.0	210.0	1.0000000
23	1960.7247	24362.545	150.46086	0.0	0.0	0.0	1.1199999
23	2298.8923	24548.945	205.42975	0.0	0.0	60.0	1.1199999
23	2885.1047	24803.410	197.68066	0.0	0.0	30.0	1.1799998
22	2650.0000	25050.000	180.26355	0.0	0.0	60.0	1.0000000
5	1800.0000	24050.000	230.81442	0.0	0.0	720.0	1.3799996
5	2800.0000	24500.000	232.10481	0.0	0.0	720.0	1.5199995
34	1938.4860	24063.471	154.63496	360.0	0.0	4050.0	1.0000000
34	2554.6345	24563.977	149.93294	360.0	0.0	4050.0	1.0000000
36	1908.5104	24043.484	218.79916	360.0	0.0	4350.0	1.2799997
15	1965.5776	24087.139	258.61957	0.0	0.0	1140.0	1.0000000
15	1950.0000	24050.000	237.16811	0.0	0.0	1140.0	1.0000000
15	2450.0000	24050.000	180.77362	0.0	0.0	1140.0	1.0000000
15	2550.0000	24450.000	211.79059	360.0	0.0	5040.0	1.0000000
15	2850.0000	24550.000	224.88924	360.0	0.0	5040.0	1.0000000
15	2750.0000	24350.000	174.15195	360.0	0.0	5040.0	1.0000000
32	2118.6260	24695.850	148.01712	370.0	0.0	294.0	1.0000000
1	1750.0000	24150.000	236.83498	0.0	0.0	210.0	1.0000000
1	1667.9248	25132.014	192.60760	0.0	0.0	3480.0	1.0000000
1	1750.0000	24950.000	221.26189	0.0	0.0	3480.0	1.0000000
1	1750.0000	24950.000	211.76448	0.0	0.0	3480.0	1.0000000
1	1850.0000	24850.000	207.69897	0.0	0.0	3480.0	1.0000000
1	2050.0000	24850.000	248.10109	0.0	0.0	3480.0	1.0000000
1	2104.8000	25124.633	228.31230	0.0	0.0	3480.0	1.0000000
1	2250.0000	24850.000	274.24301	0.0	0.0	3480.0	1.0000000
1	2350.0000	24850.000	236.59267	0.0	0.0	3480.0	1.0000000
1	2550.0000	24850.000	226.13919	0.0	0.0	3480.0	1.0000000
1	2650.0000	24950.000	175.19470	0.0	0.0	3480.0	1.0000000
1	2750.0000	24950.000	171.38036	0.0	0.0	3480.0	1.0000000
1	2850.0000	25050.000	182.22496	0.0	0.0	3480.0	1.0000000
1	2597.0681	25041.262	197.06882	0.0	0.0	3480.0	1.0000000
23	1698.3549	24689.771	200.69710	0.0	0.0	60.0	1.1999998
32	2103.6592	24792.537	148.01454	320.0	0.0	264.0	1.0000000
22	3194.5781	24558.586	185.41528	0.0	0.0	60.0	1.0000000
2	2383.7600	24705.566	191.50798	0.0	0.0	-90.0	1.0799999
36	2550.0000	24750.000	210.96391	0.0	0.0	0.0	1.0000000
36	2350.0000	24850.000	263.51224	0.0	0.0	0.0	1.0000000
36	1950.0000	24550.000	178.98378	0.0	0.0	0.0	1.0000000
36	2150.0000	24550.000	189.58240	0.0	0.0	0.0	1.0000000
36	3050.0000	24550.000	164.30858	0.0	0.0	0.0	1.0000000
22	3946.8525	321.965	189.52826	0.0	0.0	90.0	1.0000000
22	4447.2715	488.025	187.87068	0.0	0.0	90.0	1.0000000
22	4350.0000	1150.000	191.03059	0.0	0.0	90.0	1.0000000
5	4250.0000	1400.000	184.07272	350.0	0.0	6000.0	1.0000000
5	4350.0000	1100.000	211.10968	350.0	0.0	6000.0	1.0000000
1	4350.0000	850.000	207.89070	0.0	0.0	60.0	1.0000000
1	4150.0000	750.000	208.47995	0.0	0.0	60.0	1.0000000
1	4150.0000	950.000	203.25708	0.0	0.0	60.0	1.0000000
2	3550.0000	1450.000	170.07195	0.0	0.0	60.0	1.0000000
15	4350.0000	1050.000	209.20168	0.0	0.0	360.0	1.0000000
15	4450.0000	850.000	214.38347	0.0	0.0	360.0	1.0000000
15	4550.0000	750.000	219.93080	0.0	0.0	360.0	1.0000000
15	4450.0000	1050.000	206.00000	0.0	0.0	360.0	1.0000000
15	4450.0000	1250.000	201.58704	0.0	0.0	360.0	1.0000000
15	4350.0000	1350.000	187.01152	0.0	0.0	360.0	1.0000000
15	4050.0000	1250.000	177.96741	0.0	0.0	360.0	1.0000000
15	4150.0000	1050.000	194.50330	0.0	0.0	360.0	1.0000000
15	4150.0000	1250.000	183.60851	0.0	0.0	360.0	1.0000000
15	4150.0000	1350.000	181.45636	0.0	0.0	360.0	1.0000000
12	4750.0000	550.000	217.28413	360.0	0.0	29.0	1.0000000
12	4250.0000	950.000	198.19360	360.0	0.0	29.0	1.0000000
5	4450.0000	750.000	214.48300	0.0	0.0	810.0	1.0000000
5	4550.0000	650.000	219.20244	0.0	0.0	810.0	1.0000000
5	4450.0000	850.000	214.26372	0.0	0.0	810.0	1.0000000
5	4450.0000	950.000	213.65526	0.0	0.0	810.0	1.0000000
5	4250.0000	950.000	204.28224	0.0	0.0	810.0	1.0000000
5	4250.0000	1250.000	191.21140	0.0	0.0	810.0	1.0000000
5	4250.0000	1150.000	200.06052	0.0	0.0	810.0	1.0000000
5	4350.0000	1150.000	209.51041	0.0	0.0	810.0	1.0000000
22	3399.8928	124.757	191.49580	0.0	0.0	90.0	1.0000000
31	3523.5122	321.767	172.71887	-15.0	0.0	300.0	1.4999995
1	3484.0964	114.776	210.30206	0.0	0.0	60.0	1.0000000
1	3596.7419	178.444	211.37631	0.0	0.0	60.0	1.0000000
1	3992.0693	186.382	240.55383	0.0	0.0	60.0	1.0000000
1	4054.7227	165.787	249.16966	0.0	0.0	110.0	0.8400002
22	4245.2163	263.934	212.05190	0.0	0.0	400.0	1.0000000
22	4616.3013	122.884	212.15573	0.0	0.0	90.0	1.0000000
1	3447.6677	28.684	200.78093	20.0	0.0	-20.0	1.0000000
1	4246.1372	30.431	252.05769	20.0	0.0	0.0	1.0000000
1	3555.3362	97.627	209.29248	30.0	0.0	0.0	1.0000000
3	3304.4832	401.703	231.89345	0.0	0.0	-40.0	1.0400000
3	3692.8940	221.068	215.98166	0.0	0.0	-40.0	1.1399999
0	3377.6353	273.451	241.33061	0.0	0.0	10.0	1.0000000
0	3560.2834	512.875	180.58804	0.0	0.0	0.0	1.0000000
36	3450.0000	150.000	208.80058	0.0	0.0	0.0	1.0000000
36	3650.0000	50.000	203.48425	0.0	0.0	0.0	1.0000000
36	3850.0000	150.000	224.32652	0.0	0.0	0.0	1.0000000
36	3850.0000	250.000	228.87468	0.0	0.0	0.0	1.0000000
36	3650.0000	450.000	210.51837	0.0	0.0	0.0	1.0000000
22	3318.5559	786.432	93.52518	0.0	20.0	70.0	1.0000000
22	3658.4377	679.455	175.69551	0.0	0.0	70.0	0.8000002
3	3250.0000	650.000	220.49402	0.0	0.0	0.0	1.0000000
36	3250.0000	850.000	183.96248	0.0	0.0	0.0	1.0000000
36	3350.0000	850.000	183.30438	0.0	0.0	0.0	1.0000000
36	3550.0000	750.000	192.59229	0.0	0.0	0.0	1.0000000
36	3650.0000	650.000	207.55101	0.0	0.0	0.0	1.0000000
36	3750.0000	550.000	210.00002	0.0	0.0	0.0	1.0000000
36	3850.0000	450.000	211.57257	0.0	0.0	0.0	1.0000000
23	4250.0000	1750.000	171.67381	0.0	0.0	90.0	1.0000000
23	3950.0000	2250.000	169.49998	0.0	0.0	90.0	1.0000000
23	4750.0000	3050.000	169.49998	0.0	0.0	90.0	1.0000000
34	3650.0000	2900.000	203.19791	-5.0	0.0	1170.0	0.7800002
34	3500.0000	3100.000	200.57628	-5.0	0.0	1260.0	0.7400002
34	3450.0000	3000.000	180.18085	-5.0	0.0	1290.0	1.0000000
5	4200.0000	3050.000	192.18478	350.0	0.0	6000.0	1.0000000
5	3700.0000	2800.000	194.34244	350.0	0.0	6000.0	1.0000000
5	4000.0000	2350.000	243.79582	350.0	0.0	6000.0	1.0000000
5	4200.0000	2200.000	232.79947	350.0	0.0	6000.0	1.0000000
5	4250.0000	1700.000	246.13284	350.0	0.0	6000.0	1.0000000
1	3550.0000	2450.000	169.54219	0.0	0.0	60.0	1.0000000
2	3750.0000	2050.000	169.49998	0.0	0.0	60.0	1.0000000
15	4350.0000	3150.000	198.87439	360.0	0.0	5070.0	1.0000000
15	4250.0000	3050.000	210.82552	360.0	0.0	5070.0	1.0000000
5	4400.0000	3050.000	210.91762	350.0	0.0	6180.0	1.5599995
5	3784.0000	2560.000	190.14000	350.0	0.0	346.0	1.5799994
5	4000.0000	2160.000	180.60001	350.0	0.0	267.0	1.5299995
5	3952.0000	2450.000	230.76001	350.0	0.0	59.0	1.5199995
15	4400.0000	3100.000	208.62482	360.0	0.0	5070.0	1.0000000
15	4518.0000	3022.000	190.82518	360.0	0.0	5.0	1.0700001
15	4718.0000	3120.000	217.83598	360.0	0.0	214.0	1.0000000
15	3450.0000	2950.000	177.75711	360.0	0.0	5070.0	1.0000000
15	3650.0000	2850.000	200.41240	360.0	0.0	5070.0	1.0000000
15	3650.0000	2750.000	197.23820	360.0	0.0	5070.0	1.0000000
15	3650.0000	2650.000	193.78279	360.0	0.0	5070.0	1.0000000
15	4050.0000	2250.000	232.17664	360.0	0.0	5070.0	1.0000000
15	4150.0000	2250.000	236.56715	360.0	0.0	5070.0	1.0000000
15	4250.0000	2250.000	221.69577	360.0	0.0	5070.0	1.0000000
15	4250.0000	2150.000	218.88092	360.0	0.0	5070.0	1.0000000
15	3950.0000	2450.000	225.17355	360.0	0.0	5070.0	1.0000000
16	3667.0000	3040.000	213.70200	360.0	0.0	100.0	0.9600000
16	3700.0000	3150.000	229.86491	360.0	0.0	269.0	0.9700000
16	3554.0000	2906.000	191.69582	360.0	0.0	10.0	0.9700000
16	3983.6172	2271.370	216.64204	360.0	0.0	251.0	0.9500000
16	3849.0996	2489.115	209.69920	360.0	0.0	82.0	1.0200000
16	4478.2837	3100.792	208.29117	360.0	0.0	314.0	1.0400000
0	3750.0000	3050.000	186.93279	360.0	0.0	29.0	1.0000000
16	4145.5620	2006.741	194.81287	360.0	0.0	184.0	0.9100000
5	3200.0000	3750.000	200.52216	350.0	0.0	5700.0	1.0000000
16	3700.0000	3200.000	224.36461	360.0	0.0	348.0	0.9900000
34	4150.0000	4200.000	195.49622	-5.0	0.0	1200.0	1.0000000
34	3750.0000	4600.000	210.18083	-5.0	0.0	1200.0	1.0000000
34	3400.0000	4450.000	218.97652	-5.0	0.0	1170.0	1.0000000
34	3450.0000	4500.000	193.53075	-5.0	0.0	1140.0	0.8000002
34	3600.0000	4600.000	190.82848	-5.0	0.0	1140.0	0.8000002
34	3700.0000	3350.000	229.79083	-5.0	0.0	1230.0	1.0000000
12	4700.0000	4300.000	169.50000	-5.0	0.0	1380.0	1.0000000
12	4750.0000	4450.000	169.49998	-5.0	0.0	1530.0	1.0000000
31	4246.1162	3791.879	294.38849	145.0	0.0	90.0	1.0000000
32	3619.6182	3419.164	296.31232	145.0	0.0	0.0	1.0000000
33	3765.0349	3339.046	215.47609	145.0	0.0	-120.0	0.7000003
31	3613.6489	3615.864	297.48367	145.0	0.0	-210.0	1.8999991
33	3770.3337	3463.929	229.49176	145.0	0.0	0.0	1.0000000
33	3967.0232	3486.072	165.22299	145.0	0.0	-150.0	0.2000004
34	3505.9482	3663.606	212.29239	-5.0	0.0	1170.0	0.7600002
5	3800.0000	3500.000	198.65631	350.0	0.0	5610.0	1.0999999
5	3400.0000	4350.000	227.70174	350.0	0.0	5880.0	1.0000000
5	4300.0000	3400.000	189.37433	350.0	0.0	6000.0	1.0000000
5	4400.0000	3700.000	199.09192	350.0	0.0	6180.0	1.0000000
5	4400.0000	3800.000	189.74281	350.0	0.0	6180.0	1.0000000
2	3450.0000	3550.000	171.51579	0.0	0.0	60.0	1.0000000
2	3359.6101	3372.736	139.50000	0.0	0.0	180.0	1.0000000
3	4450.0000	3350.000	181.94051	0.0	0.0	210.0	1.0000000
3	4650.0000	3750.000	169.50003	0.0	0.0	210.0	1.0000000
13	3850.0000	4750.000	194.51122	0.0	0.0	750.0	1.0000000
13	3650.0000	4750.000	177.93999	0.0	0.0	750.0	1.0000000
13	4150.0000	4750.000	169.50000	0.0	0.0	750.0	1.0000000
13	4650.0000	4350.000	169.50003	0.0	0.0	750.0	1.0000000
13	4250.0000	4650.000	169.49998	0.0	0.0	750.0	1.0000000
13	4350.0000	4550.000	169.49997	0.0	0.0	750.0	1.0000000
15	3350.0000	4650.000	171.00002	360.0	0.0	5070.0	1.0000000
15	3250.0000	4550.000	184.26855	360.0	0.0	5070.0	1.0000000
15	3450.0000	4450.000	211.83607	360.0	0.0	5070.0	1.0000000
15	3550.0000	4650.000	188.01309	360.0	0.0	5070.0	1.0000000
15	3350.0000	4750.000	170.01239	360.0	0.0	5070.0	1.0000000
15	4350.0000	3550.000	198.80467	360.0	0.0	5070.0	1.0000000
15	4450.0000	3350.000	176.53302	360.0	0.0	5070.0	1.0000000
15	4450.0000	3250.000	183.68274	360.0	0.0	5070.0	1.0000000
15	4350.0000	3350.000	182.52568	360.0	0.0	5070.0	1.0000000
15	4450.0000	3550.000	180.01862	360.0	0.0	5070.0	1.0000000
15	4450.0000	3650.000	190.88939	360.0	0.0	5070.0	1.0000000
5	4426.0000	3597.000	198.20195	350.0	0.0	288.0	1.5399995
15	3350.0000	3650.000	192.18584	360.0	0.0	5070.0	1.0000000
15	3450.0000	3650.000	197.38048	360.0	0.0	5070.0	1.0000000
15	3450.0000	3450.000	169.89783	360.0	0.0	5070.0	1.0000000
15	3450.0000	3250.000	171.62471	360.0	0.0	5070.0	1.0000000
16	4400.0000	3550.000	191.41637	360.0	0.0	5070.0	1.0000000
16	4442.0000	4032.000	179.17444	360.0	0.0	77.0	1.0700001
16	4406.0000	3596.000	203.42516	360.0	0.0	288.0	1.0700001
16	4423.0000	3231.000	185.47047	360.0	0.0	46.0	0.9600000
16	4730.0000	3910.000	171.29999	360.0	0.0	88.0	1.0200000
16	4668.0000	4067.000	169.50000	360.0	0.0	174.0	0.9300000
16	3424.1475	4364.263	231.85165	360.0	0.0	292.0	1.0100000
5	4209.6016	4013.938	235.42188	350.0	0.0	6000.0	1.0000000
16	4167.6387	4130.033	206.46133	360.0	0.0	275.0	0.9000000
16	3508.6230	4635.884	182.16124	360.0	0.0	291.0	0.9100000
16	4331.0615	3910.583	217.58058	360.0	0.0	347.0	0.9700000
14	3957.2708	4621.715	212.85974	360.0	0.0	29.0	1.0000000
14	4250.0000	4650.000	169.50000	360.0	0.0	29.0	1.0000000
32	4567.9082	6107.391	124.50002	5.0	0.0	480.0	1.0000000
31	4794.7070	6005.292	124.50005	5.0	0.0	480.0	1.0000000
31	4504.5083	5642.107	126.29616	-45.0	0.0	660.0	1.0000000
31	4354.0693	5745.043	124.50005	-45.0	0.0	570.0	1.0000000
34	4750.0000	6100.000	169.49998	-5.0	0.0	1140.0	0.7200003
34	4400.0000	5850.000	169.50002	-5.0	0.0	1140.0	0.7600002
34	4500.0000	5350.000	169.50002	-5.0	0.0	1200.0	0.8000002
34	4650.0000	6050.000	169.50003	-5.0	0.0	1140.0	1.0000000
12	4400.0000	5950.000	169.49997	-5.0	0.0	1470.0	1.0000000
12	4700.0000	6150.000	169.50000	-5.0	0.0	1530.0	1.0000000
15	4550.0000	5900.000	169.50002	-5.0	0.0	1530.0	1.0000000
0	4460.7104	5620.790	100.43562	0.0	0.0	0.0	1.0799999
13	4250.0000	4850.000	169.50003	0.0	0.0	750.0	1.0000000
13	3750.0000	5350.000	169.50000	0.0	0.0	750.0	1.0000000
13	3350.0000	5950.000	169.50003	0.0	0.0	750.0	1.0000000
13	3350.0000	5950.000	169.49998	0.0	0.0	750.0	1.0000000
13	3450.0000	6050.000	169.49997	0.0	0.0	750.0	1.0000000
13	3650.0000	5550.000	169.50005	0.0	0.0	750.0	1.0000000
13	3450.0000	5250.000	169.50000	0.0	0.0	750.0	1.0000000
13	3750.0000	6250.000	169.49997	0.0	0.0	750.0	1.0000000
13	3550.0000	5950.000	169.49997	0.0	0.0	750.0	1.0000000
13	3350.0000	5750.000	169.50002	0.0	0.0	750.0	1.0000000
13	3250.0000	5450.000	169.50000	0.0	0.0	750.0	1.0000000
13	4050.0000	5150.000	169.50002	0.0	0.0	750.0	1.0000000
13	4250.0000	5250.000	169.50003	0.0	0.0	750.0	1.0000000
13	4650.0000	4850.000	169.49998	0.0	0.0	750.0	1.0000000
13	3650.0000	5850.000	169.50000	0.0	0.0	750.0	1.0000000
13	3750.0000	5950.000	169.49998	0.0	0.0	750.0	1.0000000
13	3650.0000	6150.000	169.50000	0.0	0.0	750.0	1.0000000
15	3649.0669	6269.230	171.76067	0.0	0.0	870.0	1.0000000
15	3618.1462	6154.733	171.76068	0.0	0.0	1050.0	1.0000000
15	3495.0669	5983.948	171.76073	0.0	0.0	900.0	1.0000000
15	3250.0000	6250.000	169.49997	360.0	0.0	5070.0	1.0000000
15	3450.0000	6350.000	169.50002	360.0	0.0	5070.0	1.0000000
15	3350.0000	5950.000	169.49997	360.0	0.0	5070.0	1.0000000
15	3350.0000	5850.000	169.49998	360.0	0.0	5070.0	1.0000000
15	3250.0000	5350.000	169.50000	360.0	0.0	5070.0	1.0000000
15	3450.0000	5350.000	169.50002	360.0	0.0	5070.0	1.0000000
13	4230.6323	5058.245	169.24683	360.0	0.0	29.0	1.0000000
14	4150.0000	4950.000	169.49997	360.0	0.0	29.0	1.0000000
14	4250.0000	5050.000	169.50002	360.0	0.0	29.0	1.0000000
14	4350.0000	5350.000	169.49997	360.0	0.0	29.0	1.0000000
14	4350.0000	4950.000	169.49997	360.0	0.0	29.0	1.0000000
0	4613.2158	7323.980	99.69820	0.0	0.0	0.0	1.0000000
0	4480.2686	7879.676	141.40460	0.0	0.0	0.0	1.0000000
0	4194.1494	7668.280	132.09151	0.0	0.0	0.0	1.3999996
1	4605.4780	7450.438	99.58220	0.0	0.0	-90.0	1.7199993
7	3884.4438	7483.201	224.79453	-720.0	0.0	5460.0	1.0000000
1	4218.5464	7699.062	200.65398	0.0	0.0	300.0	1.0000000
1	4481.6089	7882.073	211.55655	0.0	0.0	300.0	1.0000000
1	4611.5825	7330.172	169.63046	0.0	0.0	300.0	1.0000000
1	3876.8667	7516.746	210.51349	0.0	0.0	300.0	1.0000000
13	3550.0000	6750.000	169.49998	0.0	0.0	750.0	1.0000000
13	3650.0000	6450.000	169.49998	0.0	0.0	750.0	1.0000000
13	3650.0000	6750.000	169.50002	0.0	0.0	750.0	1.0000000
13	4050.0000	6850.000	169.50000	0.0	0.0	750.0	1.0000000
13	4350.0000	7150.000	169.49997	0.0	0.0	750.0	1.0000000
13	4250.0000	6950.000	169.50002	0.0	0.0	750.0	1.0000000
13	3750.0000	7450.000	194.30313	0.0	0.0	750.0	1.0000000
13	4050.0000	7250.000	169.49998	0.0	0.0	750.0	1.0000000
13	4150.0000	7350.000	171.95747	0.0	0.0	750.0	1.0000000
13	3850.0000	7250.000	169.50002	0.0	0.0	750.0	1.0000000
13	3750.0000	7250.000	176.09142	0.0	0.0	750.0	1.0000000
13	3550.0000	7250.000	176.02339	0.0	0.0	750.0	1.0000000
13	3450.0000	7250.000	182.72827	0.0	0.0	750.0	1.0000000
13	4250.0000	7550.000	196.90741	0.0	0.0	750.0	1.0000000
13	4350.0000	7650.000	191.13585	0.0	0.0	750.0	1.0000000
13	4450.0000	7750.000	197.50105	0.0	0.0	750.0	1.0000000
14	4335.7925	7629.960	193.72450	0.0	0.0	750.0	1.0000000
14	3550.0000	7250.000	176.75473	0.0	0.0	750.0	1.0000000
15	3659.6169	6863.952	171.76067	0.0	0.0	750.0	1.0000000
15	3550.0000	6950.000	169.50002	0.0	0.0	750.0	1.0000000
7	3225.9456	7892.920	190.17796	360.0	0.0	1440.0	1.0000000
7	3239.8303	7380.076	217.28961	360.0	0.0	1590.0	1.0000000
7	3269.8904	7340.381	219.80016	360.0	0.0	1560.0	1.0000000
0	4677.1855	8202.694	103.39645	0.0	0.0	-90.0	1.3999996
5	3619.5476	8748.873	196.03825	-720.0	0.0	5400.0	1.0000000
5	4201.8218	8584.429	222.86107	-720.0	0.0	5400.0	1.0000000
5	4646.6152	9097.373	236.51004	-720.0	0.0	5400.0	1.0000000
7	4747.4014	9056.233	222.78300	-720.0	0.0	5430.0	1.0000000
7	3949.6345	8216.700	218.46156	-720.0	0.0	5520.0	1.0000000
7	3873.7102	8193.305	194.21661	-720.0	0.0	5400.0	1.0000000
7	3931.4622	8169.084	184.18550	-720.0	0.0	5460.0	1.0000000
7	3777.7874	8135.115	228.30609	-720.0	0.0	5400.0	1.0000000
7	3830.9805	8146.434	222.23409	-720.0	0.0	5460.0	1.0000000
1	3779.0024	8190.729	210.78998	0.0	0.0	300.0	1.0000000
1	3905.9326	8222.547	201.48735	0.0	0.0	300.0	1.0000000
1	4196.7075	8544.599	191.01227	0.0	0.0	300.0	1.0000000
1	4729.3301	9139.160	214.73729	0.0	0.0	300.0	1.0000000
1	4740.3862	9129.303	212.24883	0.0	0.0	300.0	1.0000000
1	4663.9453	8193.913	173.97083	0.0	0.0	300.0	1.0000000
11	3250.0000	8250.000	176.69934	0.0	0.0	2220.0	1.0000000
11	3550.0000	8250.000	181.70290	0.0	0.0	2220.0	1.0000000
11	3650.0000	8350.000	175.17404	0.0	0.0	2220.0	1.0000000
11	3550.0000	8450.000	169.50002	0.0	0.0	2220.0	1.0000000
11	3250.0000	8350.000	169.49998	0.0	0.0	2220.0	1.0000000
11	3250.0000	8550.000	169.49997	0.0	0.0	2220.0	1.0000000
16	3450.0000	8250.000	170.23344	0.0	0.0	1140.0	1.0000000
16	3450.0000	8250.000	170.33044	0.0	0.0	1140.0	1.0000000
1	3250.0000	8250.000	172.45314	0.0	0.0	3090.0	1.0000000
5	4477.7231	9668.188	222.73148	-720.0	0.0	5400.0	1.0000000
1	4487.5894	9637.740	194.25923	0.0	0.0	300.0	1.0000000
1	4767.1528	10245.597	221.58875	0.0	0.0	300.0	1.0000000
15	3867.9241	11105.449	174.49998	0.0	0.0	1890.0	1.0000000
15	4050.0000	11050.000	169.50003	0.0	0.0	1890.0	1.0000000
15	4032.4673	10822.288	174.49995	0.0	0.0	1950.0	1.0000000
15	3929.3042	11189.946	174.49997	0.0	0.0	1950.0	1.0000000
15	3900.9590	10890.427	174.49997	0.0	0.0	2010.0	1.0000000
15	3708.3682	10901.049	174.49997	0.0	0.0	2070.0	1.0000000
15	4335.9443	10811.029	174.49998	0.0	0.0	2160.0	1.0000000
15	3947.2935	10823.746	174.49998	0.0	0.0	2280.0	1.0000000
15	3645.0112	11188.271	174.49998	0.0	0.0	2100.0	1.0000000
15	4305.5815	11009.066	174.49995	0.0	0.0	2220.0	1.0000000
15	4198.2051	10915.204	174.49998	0.0	0.0	2220.0	1.0000000
15	4514.5854	11145.123	174.50000	0.0	0.0	2340.0	1.0000000
15	4431.1880	10971.920	174.49998	0.0	0.0	2250.0	1.0000000
15	4690.1816	11196.467	174.49995	0.0	0.0	2190.0	1.0000000
15	4631.4790	11010.045	174.50000	0.0	0.0	2220.0	1.0000000
22	4266.8867	11119.082	169.50000	360.0	0.0	1500.0	0.9200001
11	4450.0000	11150.000	169.49997	0.0	0.0	5060.0	1.0000000
11	4250.0000	11050.000	169.49997	0.0	0.0	5060.0	1.0000000
1	3250.0000	10250.000	169.49997	0.0	0.0	3420.0	1.0000000
1	3250.0000	10250.000	169.49997	0.0	0.0	3420.0	1.0000000
1	3250.0000	10250.000	169.49997	0.0	0.0	3420.0	1.0000000
1	3450.0000	10350.000	169.49997	0.0	0.0	3420.0	1.0000000
1	3350.0000	10350.000	169.49997	0.0	0.0	3420.0	1.0000000
1	3550.0000	10250.000	169.49997	0.0	0.0	3420.0	1.0000000
1	3550.0000	10150.000	169.49997	0.0	0.0	3420.0	1.0000000
1	3550.0000	10050.000	169.49997	0.0	0.0	3420.0	1.0000000
1	3450.0000	9950.000	169.49997	0.0	0.0	3420.0	1.0000000
1	3450.0000	9850.000	169.49997	0.0	0.0	3420.0	1.0000000
1	3350.0000	9850.000	169.49997	0.0	0.0	3420.0	1.0000000
1	3350.0000	9750.000	169.49997	0.0	0.0	3420.0	1.0000000
1	3350.0000	9650.000	169.49997	0.0	0.0	3420.0	1.0000000
1	3350.0000	9650.000	169.49997	0.0	0.0	3420.0	1.0000000
1	3450.0000	9650.000	169.50002	0.0	0.0	3420.0	1.0000000
1	3450.0000	9650.000	169.50000	0.0	0.0	3420.0	1.0000000
1	3550.0000	9650.000	169.50000	0.0	0.0	3420.0	1.0000000
1	3650.0000	9650.000	169.50003	0.0	0.0	3420.0	1.0000000
1	3650.0000	9650.000	169.49998	0.0	0.0	3420.0	1.0000000
1	3750.0000	9650.000	169.49995	0.0	0.0	3420.0	1.0000000
1	3850.0000	9650.000	169.49997	0.0	0.0	3420.0	1.0000000
1	3850.0000	9650.000	169.49998	0.0	0.0	3420.0	1.0000000
1	3850.0000	9750.000	169.50002	0.0	0.0	3420.0	1.0000000
1	3950.0000	9650.000	169.49995	0.0	0.0	3420.0	1.0000000
1	4050.0000	9650.000	169.50003	0.0	0.0	3420.0	1.0000000
1	3350.0000	10350.000	169.50002	0.0	0.0	3420.0	1.0000000
1	3350.0000	10250.000	169.50003	0.0	0.0	3420.0	1.0000000
1	3450.0000	10150.000	169.50000	0.0	0.0	3420.0	1.0000000
1	3250.0000	10250.000	169.50000	0.0	0.0	3420.0	1.0000000
1	3250.0000	10150.000	169.50002	0.0	0.0	3420.0	1.0000000
1	3350.0000	9750.000	169.50002	0.0	0.0	3420.0	1.0000000
1	3450.0000	9750.000	169.49998	0.0	0.0	3420.0	1.0000000
35	4362.2251	11145.901	124.49998	10.0	0.0	3120.0	1.0000000
35	4305.4067	11035.347	124.49997	10.0	0.0	3030.0	1.0000000
36	3200.0000	11400.000	169.50002	360.0	0.0	3990.0	1.4599996
36	3250.0000	11350.000	169.50002	360.0	0.0	3990.0	1.0000000
36	3400.0000	11500.000	169.49998	360.0	0.0	3990.0	1.0000000
1	3328.4016	11494.475	169.45673	0.0	0.0	300.0	1.0000000
15	4063.3516	11329.124	174.50000	0.0	0.0	1890.0	1.0000000
15	3750.0000	11350.000	169.50000	0.0	0.0	1890.0	1.0000000
15	4281.7700	11218.357	174.49998	0.0	0.0	2070.0	1.0000000
15	4129.8950	11610.472	174.49997	0.0	0.0	1890.0	1.0000000
15	4320.2437	11411.218	174.49998	0.0	0.0	1980.0	1.0000000
15	3928.5303	11610.271	174.50000	0.0	0.0	2190.0	1.0000000
15	4536.1089	11305.892	174.49995	0.0	0.0	2370.0	1.0000000
15	3913.5940	11456.854	174.49998	0.0	0.0	2220.0	1.0000000
13	3250.0000	12350.000	171.80054	0.0	0.0	2220.0	1.0000000
11	3550.0000	12450.000	175.92531	0.0	0.0	5060.0	1.0000000
11	3850.0000	12550.000	176.18027	0.0	0.0	5060.0	1.0000000
11	4050.0000	12650.000	193.83803	0.0	0.0	5060.0	1.0000000
11	4150.0000	12650.000	193.94073	0.0	0.0	5060.0	1.0000000
11	3750.0000	12650.000	219.29051	0.0	0.0	5060.0	1.0000000
11	3550.0000	12550.000	194.64986	0.0	0.0	5060.0	1.0000000
11	4250.0000	11250.000	169.49998	0.0	0.0	5060.0	1.0000000
11	4150.0000	11550.000	169.50002	0.0	0.0	5060.0	1.0000000
11	4250.0000	11450.000	169.50002	0.0	0.0	5060.0	1.0000000
35	4262.9404	11209.282	124.49997	10.0	0.0	3120.0	1.0000000
35	4390.8789	11959.473	124.50003	10.0	0.0	3120.0	1.0000000
35	4359.7144	11940.286	124.49997	10.0	0.0	2970.0	1.0000000
35	4362.9619	11959.725	124.49997	10.0	0.0	3000.0	1.0000000
35	3875.4253	11790.250	124.49997	10.0	0.0	3000.0	1.0000000
35	3863.7966	11821.680	124.50002	10.0	0.0	2910.0	1.0000000
35	4753.8569	12748.176	212.90128	10.0	0.0	3150.0	1.0000000
35	4684.5127	12768.081	201.27489	10.0	0.0	3270.0	1.0000000
35	4726.2188	12753.629	207.95157	0.0	0.0	2940.0	1.0000000
35	4254.8926	12728.668	210.89299	0.0	0.0	2940.0	1.0000000
35	4261.5781	12721.463	211.46442	0.0	0.0	3060.0	1.2999997
5	3200.0000	14350.000	169.50000	0.0	0.0	330.0	1.4199996
13	3250.0000	13250.000	218.96422	0.0	0.0	2220.0	1.0000000
13	3450.0000	13350.000	224.41542	0.0	0.0	2220.0	1.0000000
13	3550.0000	13350.000	231.73189	0.0	0.0	2220.0	1.0000000
13	3250.0000	13150.000	233.84711	0.0	0.0	2220.0	1.0000000
15	3250.0000	13350.000	208.04124	360.0	0.0	5070.0	1.0000000
15	3250.0000	13450.000	209.48477	360.0	0.0	5070.0	1.0000000
15	3550.0000	13650.000	212.11722	360.0	0.0	5070.0	1.0000000
15	3450.0000	13850.000	196.35245	360.0	0.0	5070.0	1.0000000
15	3350.0000	13850.000	187.21869	360.0	0.0	5070.0	1.0000000
15	3350.0000	14250.000	169.50002	360.0	0.0	5070.0	1.0000000
15	3250.0000	14150.000	169.80415	360.0	0.0	5070.0	1.0000000
1	4534.4658	14322.813	173.21062	360.0	0.0	235.0	0.9800000
1	4468.4707	13717.063	170.32346	360.0	0.0	73.0	0.9200000
1	3717.4707	13800.063	220.56364	360.0	0.0	205.0	1.0300000
1	3275.4707	13879.063	179.00058	360.0	0.0	326.0	0.9300000
1	3752.1218	13804.341	222.77951	360.0	0.0	279.0	1.0000000
1	4730.1221	14295.341	169.64648	360.0	0.0	93.0	1.0700001
1	4050.1218	12861.341	185.47328	360.0	0.0	352.0	0.9800000
1	4351.1221	13111.341	174.81958	360.0	0.0	75.0	0.9800000
1	4476.1221	13197.341	169.53810	360.0	0.0	267.0	0.9200000
1	3291.1218	13050.341	206.75789	360.0	0.0	138.0	1.0200000
1	4604.1221	13614.341	173.19580	360.0	0.0	337.0	0.9900000
13	3322.0249	14009.521	170.55757	360.0	0.0	240.0	1.0000000
13	3358.0608	14100.704	168.22017	360.0	0.0	240.0	1.0000000
35	4002.6519	12825.093	202.16238	0.0	0.0	3030.0	1.0000000
35	3979.3496	12818.240	204.44156	0.0	0.0	2880.0	1.0000000
35	4151.9321	13939.916	226.97336	0.0	0.0	3060.0	1.2599998
35	4151.7456	13929.774	225.12541	0.0	0.0	2940.0	1.0000000
35	3897.0808	13824.851	220.59169	0.0	0.0	3060.0	1.1999998
35	3875.7898	13826.369	162.28017	0.0	0.0	2970.0	1.1199999
35	3262.7104	13667.369	144.27072	0.0	0.0	2970.0	1.0000000
35	3301.1165	13619.480	145.45923	0.0	0.0	3000.0	1.0000000
37	4786.0039	13113.023	430.86243	0.0	0.0	-60.0	1.4599996
1	4699.6733	15541.512	169.50980	360.0	0.0	279.0	1.0000000
1	3936.6733	15507.512	169.50000	360.0	0.0	277.0	0.9200000
1	4689.6733	15932.512	169.50000	360.0	0.0	336.0	0.9500000
1	4041.6733	15249.512	170.42850	360.0	0.0	147.0	0.9700000
1	4707.6733	15169.512	169.50000	360.0	0.0	212.0	1.0200000
1	4700.6733	15701.512	169.50000	360.0	0.0	174.0	1.0100000
1	4392.6733	15700.512	169.50113	360.0	0.0	251.0	0.9500000
1	3442.3853	15819.981	173.22368	360.0	0.0	142.0	0.9600000
1	3998.3853	15225.981	169.50000	360.0	0.0	118.0	0.9400000
1	3569.3853	15206.981	178.19635	360.0	0.0	104.0	0.9300000
1	4787.3853	15588.981	169.50000	360.0	0.0	263.0	1.0400000
1	4090.5178	15873.692	200.76451	360.0	0.0	279.0	1.0000000
1	3571.5178	14958.692	172.78772	360.0	0.0	183.0	0.9200000
1	4045.5178	15613.692	169.70538	360.0	0.0	110.0	1.0200000
1	4781.4658	14969.813	169.50005	360.0	0.0	279.0	1.0000000
1	4186.4658	15807.813	184.71152	360.0	0.0	305.0	0.9900000
1	4330.4658	15601.813	178.08345	360.0	0.0	311.0	1.0400000
1	4146.4707	14660.063	229.52196	360.0	0.0	279.0	1.0000000
1	4609.4707	14838.063	177.24556	360.0	0.0	170.0	1.0599999
1	3589.4707	14566.063	190.89972	360.0	0.0	166.0	0.9900000
1	4490.4707	14542.063	253.69879	360.0	0.0	346.0	1.0200000
1	3508.4707	14929.063	176.81102	360.0	0.0	176.0	1.0300000
1	3465.1218	14610.341	169.50000	360.0	0.0	138.0	1.0700001
1	3774.4561	15864.152	179.43188	360.0	0.0	279.0	1.0000000
1	4114.4561	15846.152	194.85655	360.0	0.0	112.0	0.9300000
1	4284.4561	14953.152	169.50000	360.0	0.0	239.0	0.9200000
1	4153.4561	15308.152	189.31773	360.0	0.0	106.0	0.9300000
13	4593.7344	15999.809	167.45467	360.0	0.0	240.0	1.0000000
13	4481.4976	15943.776	172.63002	360.0	0.0	240.0	1.0000000
13	4358.2451	15932.830	184.83585	360.0	0.0	240.0	1.0000000
13	4238.7148	15888.355	199.59625	360.0	0.0	240.0	1.0000000
13	4137.8813	15891.535	207.90417	360.0	0.0	240.0	1.0000000
13	4684.2847	15876.535	165.79451	360.0	0.0	240.0	1.0000000
13	4707.3193	14877.596	163.96155	360.0	0.0	240.0	1.0000000
13	4644.3223	14803.389	172.03386	360.0	0.0	240.0	1.0000000
13	4553.2480	14830.439	174.78400	360.0	0.0	240.0	1.0000000
13	4420.9541	14833.033	167.30739	360.0	0.0	240.0	1.0000000
13	4788.3462	15080.597	163.28937	360.0	0.0	240.0	1.0000000
13	4260.4409	14850.575	168.03647	360.0	0.0	240.0	1.0000000
13	4130.4297	14804.182	184.17958	360.0	0.0	240.0	1.0000000
13	4035.7734	14754.420	208.77223	360.0	0.0	240.0	1.0000000
13	3915.7698	14737.308	209.57014	360.0	0.0	240.0	1.0000000
13	4179.8428	14981.510	164.39883	360.0	0.0	240.0	1.0000000
13	4335.7144	14938.040	163.28938	360.0	0.0	240.0	1.0000000
13	4289.1982	14728.185	181.55434	360.0	0.0	240.0	1.0000000
13	4100.4482	15364.384	169.84351	360.0	0.0	240.0	1.0000000
13	4074.7080	15479.454	168.77338	360.0	0.0	240.0	1.0000000
13	3975.9980	15409.730	164.53786	360.0	0.0	240.0	1.0000000
13	3816.6897	15496.286	163.54665	360.0	0.0	240.0	1.0000000
13	4142.1826	15515.870	172.38301	360.0	0.0	240.0	1.0000000
13	4145.7568	15125.189	168.95712	360.0	0.0	240.0	1.0000000
13	4204.0249	15322.834	196.92380	360.0	0.0	240.0	1.0000000
13	4338.0557	15389.479	240.81157	360.0	0.0	240.0	1.0000000
13	4421.7134	15518.921	211.77562	360.0	0.0	240.0	1.0000000
13	4099.8877	15237.350	164.97017	360.0	0.0	240.0	1.0000000
13	3687.2188	15583.903	163.28941	360.0	0.0	240.0	1.0000000
13	3533.8687	15626.008	164.37196	360.0	0.0	240.0	1.0000000
13	3936.2241	15487.959	165.69014	360.0	0.0	240.0	1.0000000
13	3828.6338	15647.339	165.21754	360.0	0.0	240.0	1.0000000
13	3969.1611	15637.504	170.68819	360.0	0.0	300.0	1.0000000
13	3665.9639	15723.686	165.60692	360.0	0.0	360.0	1.0000000
13	3395.0542	15741.950	168.06705	360.0	0.0	360.0	1.0000000
13	3824.4138	15403.102	163.33723	360.0	0.0	360.0	1.0000000
13	4077.2625	15688.821	176.29242	360.0	0.0	450.0	1.0000000
13	4036.9888	15836.810	198.62869	360.0	0.0	450.0	1.0000000
11	3891.6582	15589.899	166.71445	360.0	0.0	450.0	1.0000000
11	3950.0000	15350.000	170.11063	360.0	0.0	450.0	1.0000000
11	4150.0000	15450.000	178.77103	360.0	0.0	450.0	1.0000000
11	3650.0000	15650.000	170.61424	360.0	0.0	450.0	1.0000000
11	3750.0000	15650.000	169.94949	360.0	0.0	450.0	1.0000000
11	4150.0000	15850.000	201.64290	360.0	0.0	450.0	1.0000000
11	4350.0000	15950.000	199.96552	360.0	0.0	450.0	1.0000000
11	4250.0000	15850.000	197.55917	360.0	0.0	450.0	1.0000000
11	4550.0000	14750.000	222.04570	360.0	0.0	450.0	1.0000000
11	4750.0000	14850.000	171.59892	360.0	0.0	450.0	1.0000000
11	4650.0000	14750.000	184.49608	360.0	0.0	450.0	1.0000000
15	4094.1206	15523.704	185.66696	360.0	0.0	990.0	1.0000000
15	3529.7024	15631.109	179.48801	360.0	0.0	990.0	1.0000000
15	4200.0430	14843.019	185.12714	360.0	0.0	990.0	1.0000000
15	4763.8193	14650.367	182.08841	360.0	0.0	990.0	1.0000000
15	3881.5737	14760.567	213.24971	360.0	0.0	990.0	1.0000000
15	4038.5117	14941.229	183.61949	360.0	0.0	1170.0	1.0000000
15	3289.4670	15742.249	181.99252	360.0	0.0	1170.0	1.0000000
4	4709.2559	17292.873	239.18916	-5.0	0.0	1290.0	1.0000000
4	3955.1008	17243.822	256.78796	-5.0	0.0	1380.0	1.0000000
1	4194.3853	16065.981	212.22714	360.0	0.0	279.0	1.0000000
1	3257.3853	16257.981	204.58185	360.0	0.0	334.0	1.0300000
1	3793.3853	16995.980	196.02106	360.0	0.0	288.0	0.9500000
1	3217.3853	16823.980	169.50000	360.0	0.0	274.0	0.9200000
1	3999.3853	16310.981	197.64290	360.0	0.0	358.0	0.9300000
1	3868.5178	16859.691	218.29657	360.0	0.0	22.0	1.0599999
1	4716.5176	16375.692	183.79074	360.0	0.0	232.0	1.0599999
1	3985.5178	16281.692	201.35504	360.0	0.0	243.0	0.9400000
1	3614.5178	16389.691	199.04150	360.0	0.0	257.0	1.0100000
1	4145.4561	16863.152	234.09259	360.0	0.0	245.0	0.9700000
1	3327.4561	16184.152	220.37968	360.0	0.0	38.0	0.9800000
1	4545.4561	16702.152	201.37039	360.0	0.0	87.0	1.0200000
1	3898.4561	16218.152	203.00739	360.0	0.0	198.0	1.0500000
1	3856.4561	16726.152	210.40051	360.0	0.0	7.0	1.0400000
1	4328.4561	16319.152	176.44095	360.0	0.0	280.0	1.0599999
1	4574.9404	16847.727	177.32767	360.0	0.0	273.0	1.0300000
13	4726.6797	16037.127	163.55640	360.0	0.0	240.0	1.0000000
13	4782.3433	16172.555	163.28941	360.0	0.0	240.0	1.0000000
13	3850.0000	17550.000	221.06708	0.0	0.0	450.0	1.0000000
13	4050.0000	17350.000	225.65710	0.0	0.0	450.0	1.0000000
13	4050.0000	17250.000	224.14034	0.0	0.0	450.0	1.0000000
13	3850.0000	17250.000	233.19850	0.0	0.0	450.0	1.0000000
13	3950.0000	17350.000	250.84201	0.0	0.0	450.0	1.0000000
13	4650.0000	17350.000	200.51799	0.0	0.0	450.0	1.0000000
13	4750.0000	17150.000	206.13902	0.0	0.0	450.0	1.0000000
34	4649.4551	17207.912	107.61073	0.0	0.0	5120.0	1.0000000
34	3973.9058	17306.184	147.93692	0.0	0.0	5120.0	1.0000000
34	3970.5347	17363.260	157.55676	0.0	0.0	5150.0	1.0000000
11	3850.0000	17350.000	244.13573	0.0	0.0	5060.0	1.0000000
11	3950.0000	17250.000	223.02255	0.0	0.0	5060.0	1.0000000
11	4750.0000	16050.000	169.50000	0.0	0.0	5060.0	1.0000000
5	3411.0256	17225.957	285.03796	0.0	0.0	810.0	1.0000000
5	3350.0000	17350.000	262.19766	0.0	0.0	810.0	1.0000000
5	3550.0000	17050.000	240.79002	0.0	0.0	810.0	1.0000000
5	3350.0000	17350.000	256.56790	0.0	0.0	810.0	1.0000000
5	3850.0000	17350.000	238.91524	0.0	0.0	810.0	1.0000000
5	3850.0000	17150.000	208.65163	0.0	0.0	810.0	1.0000000
5	3950.0000	16950.000	215.52742	0.0	0.0	810.0	1.0000000
5	4050.0000	16950.000	238.84491	0.0	0.0	810.0	1.0000000
5	4350.0000	16850.000	190.65955	0.0	0.0	810.0	1.0000000
5	4550.0000	17450.000	212.19797	0.0	0.0	810.0	1.0000000
5	4650.0000	17350.000	207.10556	0.0	0.0	810.0	1.0000000
5	4750.0000	17350.000	186.84750	0.0	0.0	810.0	1.0000000
5	4750.0000	17150.000	205.91940	0.0	0.0	810.0	1.0000000
5	4450.0000	16450.000	171.03531	0.0	0.0	810.0	1.0000000
5	4650.0000	16050.000	169.84398	0.0	0.0	810.0	1.0000000
1	4350.0000	18900.000	179.67206	0.0	0.0	2015.0	1.0000000
1	4050.0000	19100.000	173.81299	0.0	0.0	2105.0	1.0000000
1	4350.0000	18850.000	169.50003	0.0	0.0	2195.0	1.6999993
1	4666.7646	18774.607	85.32448	0.0	0.0	2225.0	1.4799995
1	4778.1064	18767.043	94.16743	0.0	0.0	2285.0	1.2399998
4	4174.6904	18886.162	183.64600	-5.0	0.0	600.0	1.0000000
4	3869.8130	19133.357	203.30855	-5.0	0.0	600.0	1.0000000
4	4661.4946	18706.660	215.19936	-5.0	0.0	930.0	1.0000000
4	4538.2202	17622.900	232.55934	-5.0	0.0	1380.0	1.0000000
4	3722.0889	17854.592	243.89270	-5.0	0.0	1530.0	1.0000000
4	3451.1082	18339.072	238.34149	-5.0	0.0	1560.0	1.0000000
13	3343.3811	18735.426	275.13110	0.0	0.0	450.0	1.0000000
13	3418.4412	18618.738	272.46014	0.0	0.0	450.0	1.0000000
1	4150.0000	19050.000	169.49997	0.0	0.0	210.0	1.0000000
1	4250.0000	19050.000	172.26208	0.0	0.0	210.0	1.0000000
5	4450.0000	17850.000	187.83350	0.0	0.0	810.0	1.0000000
5	4450.0000	17950.000	184.04126	0.0	0.0	810.0	1.0000000
5	4250.0000	18250.000	192.12199	0.0	0.0	810.0	1.0000000
5	4150.0000	18450.000	185.18903	0.0	0.0	810.0	1.0000000
5	3850.0000	18950.000	205.17805	0.0	0.0	810.0	1.0000000
5	4050.0000	18750.000	197.72690	0.0	0.0	810.0	1.0000000
5	4750.0000	18750.000	187.25481	0.0	0.0	810.0	1.0000000
5	4650.0000	18750.000	170.48488	0.0	0.0	810.0	1.0000000
5	4350.0000	18950.000	171.12511	0.0	0.0	810.0	1.0000000
5	4050.0000	18850.000	190.40640	0.0	0.0	810.0	1.0000000
5	3850.0000	19150.000	200.55997	0.0	0.0	810.0	1.0000000
5	3950.0000	19150.000	188.00894	0.0	0.0	810.0	1.0000000
5	4250.0000	18250.000	189.80434	0.0	0.0	810.0	1.0000000
5	4450.0000	18150.000	174.03665	0.0	0.0	810.0	1.0000000
5	4450.0000	18150.000	171.47246	0.0	0.0	810.0	1.0000000
5	4250.0000	18050.000	215.48524	0.0	0.0	810.0	1.0000000
5	4350.0000	17950.000	208.56747	0.0	0.0	810.0	1.0000000
0	4450.0781	19303.578	114.12582	0.0	0.0	2345.0	1.0000000
0	4409.1724	19483.748	-13.39073	0.0	0.0	2075.0	1.2999997
0	4250.7988	19587.590	-13.79010	0.0	0.0	2015.0	1.2799997
0	4748.1787	19231.840	53.65010	0.0	0.0	2345.0	1.0000000
0	4286.0273	20136.658	-3.93829	0.0	0.0	2225.0	1.2999997
1	3850.0000	19450.000	180.66960	0.0	0.0	2075.0	1.0000000
1	3700.0000	20100.000	172.66780	0.0	0.0	2135.0	1.3399997
1	3700.0000	19800.000	198.69942	0.0	0.0	2225.0	1.3399997
1	3700.0000	20400.000	202.26363	0.0	0.0	2045.0	1.4799995
1	4500.0000	20700.000	169.49998	0.0	0.0	2075.0	1.4199996
1	3700.0000	20700.000	176.21147	0.0	0.0	2075.0	1.0000000
1	3757.4556	20777.770	84.88689	0.0	0.0	2135.0	1.2799997
4	3643.3154	19518.230	277.42429	-5.0	0.0	930.0	1.0000000
12	3485.4741	20782.674	184.58253	360.0	0.0	31.0	0.9600000
12	4479.6162	20728.393	169.50005	360.0	0.0	277.0	0.9800000
4	3474.7966	20009.455	241.58371	-5.0	0.0	570.0	1.3199997
1	4498.8647	20692.400	164.58002	0.0	0.0	1985.0	1.4199996
32	3698.5581	20558.213	173.52887	370.0	0.0	144.0	1.0400000
34	3650.0000	19350.000	207.34280	0.0	0.0	5150.0	1.0000000
34	3712.4836	19245.967	226.55516	0.0	0.0	5090.0	1.0000000
11	3578.8137	20505.115	198.28404	0.0	0.0	5060.0	1.0000000
5	3750.0000	19250.000	210.02634	0.0	0.0	810.0	1.0000000
5	3250.0000	19650.000	192.13548	0.0	0.0	810.0	1.0000000
5	3350.0000	19750.000	179.62125	0.0	0.0	810.0	1.0000000
5	3450.0000	19850.000	202.32988	0.0	0.0	810.0	1.0000000
5	3450.0000	19750.000	181.47110	0.0	0.0	810.0	1.0000000
5	3550.0000	20450.000	239.30733	0.0	0.0	810.0	1.0000000
5	3250.0000	20750.000	204.13278	0.0	0.0	810.0	1.0000000
26	4350.0000	19500.000	160.34602	0.0	0.0	150.0	1.0000000
26	4250.0000	19800.000	155.16690	0.0	0.0	150.0	1.0000000
1	3550.0000	20250.000	226.04076	0.0	0.0	510.0	1.0000000
1	3950.0000	20750.000	191.55396	0.0	0.0	510.0	1.0000000
1	4050.0000	20800.000	170.05002	0.0	0.0	1985.0	1.3599997
1	4150.0000	20850.000	169.49998	0.0	0.0	2075.0	1.3399997
1	3850.0000	20950.000	169.67384	0.0	0.0	60.0	1.0000000
1	3350.0000	21450.000	270.53824	0.0	0.0	60.0	1.0000000
1	3950.0000	21550.000	212.42981	0.0	0.0	60.0	1.0000000
1	4350.0000	21650.000	209.63707	0.0	0.0	60.0	1.0000000
1	4650.0000	22050.000	171.40987	0.0	0.0	60.0	1.0000000
15	3750.0000	22350.000	185.94800	360.0	0.0	4320.0	1.0000000
15	3250.0000	21650.000	255.19951	360.0	0.0	5070.0	1.0000000
12	4664.0122	22097.875	174.88670	360.0	0.0	340.0	0.9900000
12	4499.4272	21457.039	246.29320	360.0	0.0	322.0	1.0000000
12	4621.4272	21405.039	256.61749	360.0	0.0	202.0	1.0100000
12	4598.4272	21201.039	219.32707	360.0	0.0	106.0	1.0599999
12	4622.4272	22019.039	180.19383	360.0	0.0	303.0	0.9600000
12	4797.0576	22375.344	169.50000	360.0	0.0	185.0	0.9900000
12	4608.0576	22198.344	180.57874	360.0	0.0	148.0	1.0100000
12	4315.3872	21371.971	199.82169	360.0	0.0	224.0	1.0000000
12	3404.3872	22220.971	195.70940	360.0	0.0	188.0	1.0500000
12	4116.3872	20809.971	169.50000	360.0	0.0	5.0	0.9500000
12	4313.9141	21577.039	205.20493	360.0	0.0	224.0	1.0000000
12	3327.9141	20805.039	205.66550	360.0	0.0	41.0	1.0599999
12	3680.9141	22089.039	192.06822	360.0	0.0	1.0	0.9200000
12	3870.9141	21939.039	209.47395	360.0	0.0	128.0	0.9800000
12	3695.9141	21682.039	211.35153	360.0	0.0	256.0	1.0700001
12	4160.4741	21567.674	222.57799	360.0	0.0	224.0	1.0000000
12	3643.4741	21937.674	185.85936	360.0	0.0	139.0	1.0000000
12	3357.4741	20903.674	223.12010	360.0	0.0	154.0	1.0300000
12	3408.4741	21621.674	267.78433	360.0	0.0	293.0	1.0200000
12	4791.7222	21096.340	175.80583	360.0	0.0	178.0	0.9500000
4	4073.5103	20987.461	215.10483	-5.0	0.0	870.0	1.0000000
4	4467.8711	20907.955	214.97734	-5.0	0.0	870.0	1.0000000
32	3363.7300	21394.240	165.48535	315.0	0.0	510.0	1.0000000
32	3245.6121	20919.631	97.13463	370.0	0.0	750.0	1.0000000
32	3693.4468	21533.676	141.77582	370.0	0.0	660.0	1.0000000
32	3211.4932	21508.928	118.26057	370.0	0.0	660.0	1.4999995
32	3511.2988	21463.674	268.21631	370.0	0.0	71.0	0.9700000
34	4650.0000	21950.000	183.61086	0.0	0.0	5090.0	1.0000000
34	4650.0000	21550.000	257.33145	0.0	0.0	5090.0	1.0000000
34	4450.0000	21850.000	204.95177	0.0	0.0	5090.0	1.0000000
34	4250.0000	21650.000	225.71637	0.0	0.0	5090.0	1.0000000
34	3850.0000	22050.000	208.06078	0.0	0.0	5090.0	1.0000000
34	3750.0000	21450.000	220.40919	0.0	0.0	5090.0	1.0000000
34	3650.0000	21350.000	238.48517	0.0	0.0	5090.0	1.0000000
11	3450.0000	21250.000	265.09845	0.0	0.0	5060.0	1.0000000
11	3550.0000	21350.000	260.19418	0.0	0.0	5060.0	1.0000000
11	3350.0000	21450.000	286.24640	0.0	0.0	5060.0	1.0000000
11	3450.0000	21350.000	289.49194	0.0	0.0	5060.0	1.0000000
11	3850.0000	21550.000	213.17619	0.0	0.0	5060.0	1.0000000
11	3850.0000	21450.000	203.97266	0.0	0.0	5060.0	1.0000000
11	3650.0000	21350.000	223.33978	0.0	0.0	5060.0	1.0000000
5	3732.9897	20815.908	196.73735	0.0	0.0	810.0	1.0000000
5	3450.0000	20950.000	215.72792	0.0	0.0	810.0	1.0000000
5	3250.0000	20950.000	221.86380	0.0	0.0	810.0	1.0000000
5	3550.0000	21250.000	250.73128	0.0	0.0	810.0	1.0000000
5	3450.0000	21250.000	239.43152	0.0	0.0	810.0	1.0000000
5	3250.0000	21150.000	223.71443	0.0	0.0	810.0	1.0000000
5	3799.4072	21561.346	222.03195	0.0	0.0	810.0	1.0000000
5	3576.1292	21424.992	290.47211	0.0	0.0	810.0	1.0000000
5	4150.0000	20950.000	175.39877	0.0	0.0	810.0	1.0000000
5	4050.0000	20850.000	185.02968	0.0	0.0	810.0	1.0000000
5	3850.0000	21050.000	171.89529	0.0	0.0	810.0	1.0000000
5	4450.0000	20950.000	173.52881	0.0	0.0	810.0	1.0000000
5	4450.0000	20850.000	179.45236	0.0	0.0	810.0	1.0000000
3	4250.0000	23400.000	188.51630	0.0	0.0	-240.0	1.0000000
3	4550.0000	22700.000	189.95023	0.0	0.0	-330.0	1.0000000
5	3900.0000	22950.000	184.22179	0.0	0.0	-450.0	1.0000000
5	3450.0000	23400.000	220.06975	0.0	0.0	-390.0	1.4399996
34	3239.6304	22857.207	115.38129	360.0	0.0	4050.0	1.0000000
34	3543.1196	23424.131	143.00975	360.0	0.0	4050.0	1.0000000
34	3978.5171	23216.852	107.58354	360.0	0.0	4050.0	1.0000000
34	4495.4546	22660.330	148.49005	360.0	0.0	4050.0	1.0000000
36	4434.6855	23351.918	174.39139	360.0	0.0	4350.0	1.0000000
36	4511.7700	23349.596	169.89862	360.0	0.0	4350.0	1.4399996
36	3926.0020	23104.443	183.47275	360.0	0.0	4350.0	1.2199998
36	3946.6462	23143.395	180.27081	360.0	0.0	4350.0	1.1599998
36	4178.5977	23332.152	167.97629	360.0	0.0	4350.0	1.0000000
36	4532.7036	22692.660	216.92188	360.0	0.0	4350.0	1.0000000
36	4607.7900	22665.270	208.98593	360.0	0.0	4350.0	1.0000000
36	3236.6631	22747.443	174.53433	360.0	0.0	4350.0	1.0000000
36	3735.4678	22425.922	171.47549	360.0	0.0	4350.0	1.0999999
36	3521.8672	22442.078	192.25455	360.0	0.0	4350.0	1.1599998
36	3546.0576	22409.572	190.91635	360.0	0.0	4410.0	1.0000000
36	3519.0759	23480.781	201.46313	360.0	0.0	4410.0	1.0000000
36	3461.1797	23536.760	198.57523	360.0	0.0	4410.0	1.3799996
36	3227.7673	23723.824	202.00043	360.0	0.0	4350.0	1.3799996
15	3450.0000	23450.000	217.56456	360.0	0.0	4320.0	1.0000000
15	3850.0000	23250.000	203.51192	360.0	0.0	4320.0	1.0000000
15	3650.0000	23350.000	225.46298	360.0	0.0	4320.0	1.0000000
15	3950.0000	23150.000	199.83954	360.0	0.0	4320.0	1.0000000
15	4350.0000	23350.000	189.38763	360.0	0.0	4320.0	1.0000000
15	4550.0000	23350.000	182.19722	360.0	0.0	4320.0	1.0000000
15	3450.0000	22550.000	197.47455	360.0	0.0	4320.0	1.0000000
15	4150.0000	22450.000	212.52136	360.0	0.0	4320.0	1.0000000
15	4350.0000	22550.000	196.99861	360.0	0.0	4320.0	1.0000000
15	4550.0000	22650.000	227.13376	360.0	0.0	4320.0	1.0000000
15	4550.0000	22650.000	227.00392	360.0	0.0	4320.0	1.0000000
15	4750.0000	22550.000	185.68501	360.0	0.0	4320.0	1.0000000
15	4750.0000	23250.000	186.65718	360.0	0.0	4320.0	1.0000000
15	4115.6875	23235.373	191.84511	360.0	0.0	4410.0	1.0000000
15	4473.8115	22690.406	238.35954	360.0	0.0	4590.0	1.0000000
15	3329.9319	22677.652	201.78426	360.0	0.0	4590.0	1.0000000
15	3567.3032	22538.242	209.16847	360.0	0.0	4860.0	1.0000000
12	3883.4741	22500.674	172.23521	360.0	0.0	72.0	0.9600000
12	4534.4741	22561.674	211.25055	360.0	0.0	93.0	0.9400000
11	4450.0000	23350.000	231.01401	0.0	0.0	5060.0	1.0000000
11	4350.0000	23250.000	210.12767	0.0	0.0	5060.0	1.0000000
11	4150.0000	23250.000	187.91078	0.0	0.0	5060.0	1.0000000
11	3950.0000	23150.000	215.96956	0.0	0.0	5060.0	1.0000000
1	4411.5825	23323.088	231.75533	0.0	0.0	330.0	1.0000000
1	4090.2832	23243.795	191.46579	0.0	0.0	210.0	1.0000000
1	4250.0000	22650.000	191.28363	0.0	0.0	510.0	1.0000000
1	4450.0000	22650.000	231.57310	0.0	0.0	510.0	1.0000000
1	4550.0000	22650.000	231.52814	0.0	0.0	510.0	1.0000000
23	3517.6660	24469.633	127.03754	0.0	0.0	30.0	1.1399999
23	4184.0537	24546.678	209.44304	0.0	0.0	60.0	1.0999999
22	3906.5652	24832.670	215.04054	0.0	0.0	60.0	1.0000000
1	3250.0000	24850.000	255.54796	0.0	0.0	3480.0	1.0000000
1	3524.1035	25094.424	230.04596	0.0	0.0	3450.0	0.8600001
1	3650.0000	24850.000	227.00601	0.0	0.0	3480.0	1.0000000
1	3750.0000	24750.000	224.23264	0.0	0.0	3480.0	1.0000000
1	3850.0000	24850.000	226.04312	0.0	0.0	3480.0	1.0000000
1	4050.0000	24750.000	168.39857	0.0	0.0	3480.0	1.0000000
1	4450.0000	24750.000	207.55252	0.0	0.0	3480.0	1.0000000
1	4550.0000	24850.000	212.18333	0.0	0.0	3480.0	1.0000000
1	4640.1943	25154.211	135.65422	0.0	0.0	3480.0	1.0000000
23	4498.4570	24386.137	209.01131	0.0	0.0	30.0	1.0999999
22	4743.7153	24620.881	131.40836	0.0	0.0	60.0	1.0000000
5	3451.6736	24776.045	217.02690	0.0	0.0	0.0	1.2999997
3	3567.6575	24783.666	205.49577	0.0	0.0	120.0	1.1799998
15	4450.0000	24650.000	174.51280	0.0	0.0	0.0	1.0000000
31	3390.4395	24918.549	216.98428	0.0	0.0	-60.0	1.0000000
32	3247.9238	25016.223	61.19069	0.0	0.0	-10.0	1.0000000
36	3650.0000	24750.000	197.82884	0.0	0.0	0.0	1.0000000
36	3650.0000	24850.000	244.41678	0.0	0.0	0.0	1.0000000
22	4943.0894	234.502	222.60037	0.0	0.0	90.0	1.0000000
22	5744.3130	484.326	187.66756	0.0	0.0	90.0	1.0000000
22	6253.5596	223.326	204.06514	0.0	0.0	90.0	1.0000000
22	6139.9277	775.364	314.73993	0.0	0.0	90.0	1.0000000
22	5493.8550	423.961	226.04164	0.0	0.0	90.0	1.0000000
23	5050.0000	1250.000	171.09422	0.0	0.0	30.0	1.0000000
5	5050.0000	1250.000	243.63646	350.0	0.0	6000.0	1.0000000
1	6150.0000	550.000	225.81827	0.0	0.0	60.0	1.0000000
1	5550.0000	850.000	205.64594	0.0	0.0	60.0	1.0000000
1	5350.0000	450.000	283.81219	0.0	0.0	60.0	1.0000000
15	5150.0000	1250.000	220.39055	0.0	0.0	360.0	1.0000000
15	5350.0000	1450.000	213.28427	0.0	0.0	360.0	1.0000000
15	5250.0000	1550.000	212.18681	0.0	0.0	360.0	1.0000000
15	5050.0000	1550.000	173.32651	0.0	0.0	360.0	1.0000000
15	4950.0000	1550.000	175.79472	0.0	0.0	360.0	1.0000000
15	5150.0000	1350.000	231.79210	0.0	0.0	360.0	1.0000000
15	5050.0000	550.000	212.82257	0.0	0.0	360.0	1.0000000
15	5350.0000	350.000	281.53152	0.0	0.0	360.0	1.0000000
15	5450.0000	550.000	264.93054	0.0	0.0	360.0	1.0000000
15	5550.0000	550.000	251.22687	0.0	0.0	360.0	1.0000000
15	5650.0000	650.000	211.82208	0.0	0.0	360.0	1.0000000
15	5403.2622	410.815	286.84857	0.0	0.0	360.0	1.0000000
15	6250.0000	950.000	267.72516	0.0	0.0	360.0	1.0000000
15	5950.0000	950.000	251.66113	0.0	0.0	360.0	1.0000000
15	6050.0000	850.000	233.43059	0.0	0.0	360.0	1.0000000
15	6062.3530	933.660	236.04013	0.0	0.0	480.0	1.0000000
15	6292.5112	941.113	265.64130	0.0	0.0	570.0	1.0000000
12	6350.0000	950.000	260.71194	360.0	0.0	29.0	1.0000000
12	5850.0000	850.000	243.43878	360.0	0.0	29.0	1.0000000
12	5650.0000	850.000	223.17056	360.0	0.0	29.0	1.0000000
12	5050.0000	450.000	217.26122	360.0	0.0	29.0	1.0000000
12	5050.0000	1350.000	245.23654	360.0	0.0	29.0	1.0000000
5	6350.0000	1150.000	234.69983	0.0	0.0	810.0	1.0000000
5	6350.0000	1050.000	258.94897	0.0	0.0	810.0	1.0000000
5	6250.0000	950.000	259.81714	0.0	0.0	810.0	1.0000000
5	6350.0000	850.000	251.65166	0.0	0.0	810.0	1.0000000
5	5850.0000	850.000	249.33942	0.0	0.0	810.0	1.0000000
5	5650.0000	850.000	211.39795	0.0	0.0	810.0	1.0000000
5	5750.0000	750.000	222.90022	0.0	0.0	810.0	1.0000000
5	5950.0000	850.000	242.65010	0.0	0.0	810.0	1.0000000
5	5950.0000	850.000	246.16183	0.0	0.0	810.0	1.0000000
5	5150.0000	1550.000	183.57843	0.0	0.0	810.0	1.0000000
5	5150.0000	1450.000	208.65802	0.0	0.0	810.0	1.0000000
5	5250.0000	1350.000	213.29706	0.0	0.0	810.0	1.0000000
22	5296.1211	224.646	192.23338	0.0	0.0	90.0	1.0000000
1	5640.6895	86.436	207.76283	0.0	0.0	-60.0	1.0000000
1	5750.0000	150.000	212.40213	0.0	0.0	0.0	1.0000000
1	5950.0000	50.000	229.86194	0.0	0.0	60.0	1.0000000
1	5050.0000	50.000	269.35504	0.0	0.0	0.0	1.0000000
1	5050.0000	150.000	273.49811	0.0	0.0	0.0	1.0000000
1	5150.0000	150.000	268.76160	0.0	0.0	0.0	1.0000000
1	5550.0000	250.000	215.91667	0.0	0.0	0.0	1.0000000
1	5350.0000	150.000	237.88141	0.0	0.0	0.0	1.0000000
1	5350.0000	50.000	221.04117	0.0	0.0	-40.0	1.0000000
1	5550.0000	50.000	206.18016	0.0	0.0	0.0	1.0000000
1	5450.0000	250.000	223.02994	0.0	0.0	-80.0	1.0000000
1	5450.0000	150.000	221.60054	0.0	0.0	70.0	1.0000000
1	5750.0000	250.000	209.84047	0.0	0.0	-80.0	1.0000000
1	5650.0000	450.000	213.61737	0.0	0.0	0.0	1.0000000
1	5550.0000	350.000	216.67041	0.0	0.0	80.0	1.0000000
1	5950.0000	250.000	213.71718	0.0	0.0	0.0	1.0000000
1	5850.0000	150.000	211.83278	0.0	0.0	-140.0	1.0000000
1	5750.0000	350.000	208.11818	0.0	0.0	-140.0	1.0000000
1	5650.0000	350.000	215.70656	0.0	0.0	0.0	1.0000000
1	5750.0000	50.000	209.51086	0.0	0.0	0.0	1.0000000
1	6050.0000	50.000	234.28615	0.0	0.0	-30.0	1.0000000
31	5832.5195	603.614	183.92696	0.0	0.0	0.0	1.0000000
32	5965.3105	685.320	124.86287	0.0	0.0	0.0	1.0000000
33	5957.3452	481.452	216.53738	0.0	0.0	0.0	1.0000000
31	6254.9727	629.373	212.56065	0.0	0.0	70.0	0.8200002
33	6121.7021	703.347	230.10222	0.0	0.0	0.0	1.0000000
22	5971.2603	1724.213	169.54915	0.0	0.0	60.0	1.0000000
23	4950.0000	2350.000	169.49997	0.0	0.0	90.0	1.0000000
23	4950.0000	1850.000	169.49995	0.0	0.0	30.0	1.0000000
5	4900.0000	1800.000	216.27341	350.0	0.0	6000.0	1.0000000
5	4950.0000	2300.000	222.91840	350.0	0.0	6000.0	1.0000000
5	4850.0000	2950.000	183.06949	350.0	0.0	6000.0	1.0000000
5	5250.0000	2850.000	176.17023	350.0	0.0	6000.0	1.0000000
5	5250.0000	2500.000	179.88101	350.0	0.0	6000.0	1.0000000
5	5350.0000	2600.000	176.17665	350.0	0.0	6180.0	1.4599996
3	5018.7720	2760.198	166.31552	0.0	0.0	210.0	1.0000000
15	5650.0000	1750.000	203.51527	0.0	0.0	360.0	1.0000000
15	5650.0000	1850.000	188.21455	0.0	0.0	360.0	1.0000000
15	6050.0000	2050.000	188.10815	0.0	0.0	360.0	1.0000000
15	6050.0000	1950.000	210.69560	0.0	0.0	360.0	1.0000000
15	5850.0000	1650.000	233.42879	0.0	0.0	360.0	1.0000000
15	6050.0000	1850.000	250.79700	0.0	0.0	360.0	1.0000000
15	6150.0000	1850.000	204.37387	0.0	0.0	360.0	1.0000000
15	5850.0000	1750.000	239.23447	0.0	0.0	360.0	1.0000000
5	5028.0000	2186.000	194.48283	350.0	0.0	248.0	1.5799994
15	4972.0000	2879.000	171.53699	360.0	0.0	255.0	0.9300000
15	4853.0000	2122.000	193.73907	360.0	0.0	36.0	1.0300000
15	4849.0000	2910.000	176.62199	360.0	0.0	187.0	1.0500000
15	4950.0000	2650.000	200.04059	360.0	0.0	5070.0	1.0000000
15	4950.0000	2550.000	188.73447	360.0	0.0	5070.0	1.0000000
15	4950.0000	2450.000	193.10617	360.0	0.0	5070.0	1.0000000
15	5050.0000	2250.000	184.97589	360.0	0.0	5070.0	1.0000000
15	4950.0000	1950.000	201.34439	360.0	0.0	5070.0	1.0000000
16	5097.0000	3118.000	171.88620	360.0	0.0	80.0	0.9700000
16	4984.0000	2603.000	173.91721	360.0	0.0	175.0	0.9200000
5	4827.5796	2331.011	194.84192	350.0	0.0	269.0	1.6099994
16	5013.4390	3035.483	169.90314	360.0	0.0	332.0	0.9000000
15	5550.0000	3050.000	176.36743	360.0	0.0	29.0	1.0000000
36	6300.0000	4550.000	169.49998	5.0	0.0	750.0	1.0000000
36	6150.0000	4650.000	169.49998	5.0	0.0	750.0	1.0000000
36	5750.0000	4050.000	169.50000	5.0	0.0	750.0	1.0000000
31	6360.3975	3751.371	129.50003	5.0	0.0	690.0	1.0000000
31	6332.0171	3485.510	129.50006	5.0	0.0	630.0	1.6199994
34	5400.0000	4550.000	169.49995	-5.0	0.0	780.0	1.0000000
34	4900.0000	4750.000	169.49998	-5.0	0.0	840.0	1.0000000
34	4850.0000	4550.000	169.50003	-5.0	0.0	840.0	0.8000002
34	5800.0000	4000.000	169.50000	-5.0	0.0	1140.0	0.8600001
35	4850.0000	4450.000	169.50000	-5.0	0.0	1410.0	1.0000000
35	4850.0000	4400.000	169.49997	-5.0	0.0	1290.0	1.0000000
35	4850.0000	4450.000	169.50000	-5.0	0.0	1290.0	1.4799995
11	6100.0000	4600.000	169.50002	-5.0	0.0	1380.0	1.0000000
12	4900.0000	4400.000	169.49997	-5.0	0.0	1380.0	1.0000000
12	4900.0000	4750.000	169.50000	-5.0	0.0	1380.0	1.0000000
12	4900.0000	4700.000	169.50000	-5.0	0.0	1470.0	1.0000000
1	5550.0000	4750.000	169.57491	0.0	0.0	-90.0	1.8399992
1	5150.0000	4400.000	169.49997	0.0	0.0	-90.0	1.0000000
32	5190.1416	4283.451	169.49997	0.0	0.0	-210.0	1.0000000
32	4849.0176	4063.105	147.73395	0.0	0.0	-30.0	1.1999998
32	4879.8130	3923.428	227.82787	135.0	0.0	240.0	1.0000000
3	5050.0000	3350.000	169.50000	0.0	0.0	210.0	1.0000000
3	5850.0000	3250.000	171.64285	0.0	0.0	210.0	1.0000000
15	6150.0000	3450.000	169.49998	0.0	0.0	750.0	1.0000000
5	5065.0000	3702.000	169.59900	350.0	0.0	324.0	1.6099994
5	4917.0000	3450.000	169.50000	350.0	0.0	276.0	1.6099994
15	5376.0000	3477.000	170.02440	360.0	0.0	12.0	1.0200000
15	4878.0000	4093.000	171.06931	360.0	0.0	96.0	0.9800000
16	4881.4727	3754.709	172.78252	360.0	0.0	298.0	0.9700000
15	5850.0000	4050.000	179.91805	360.0	0.0	29.0	1.0000000
15	5550.0000	3350.000	187.79233	360.0	0.0	29.0	1.0000000
15	5650.0000	3350.000	183.31374	360.0	0.0	29.0	1.0000000
15	5850.0000	3350.000	175.16579	360.0	0.0	29.0	1.0000000
15	5850.0000	3250.000	171.90683	360.0	0.0	29.0	1.0000000
15	5050.0000	3450.000	169.50000	360.0	0.0	29.0	1.0000000
1	5850.0000	3950.000	180.59560	0.0	0.0	330.0	1.0000000
1	5950.0000	4050.000	173.04843	0.0	0.0	330.0	1.0000000
1	5850.0000	4050.000	185.67624	0.0	0.0	330.0	1.0000000
1	5250.0000	3650.000	170.68188	0.0	0.0	330.0	1.0000000
1	5350.0000	3650.000	169.33972	0.0	0.0	330.0	1.0000000
1	5350.0000	3550.000	169.50003	0.0	0.0	330.0	1.0000000
1	5350.0000	3450.000	171.29984	0.0	0.0	330.0	1.0000000
1	5550.0000	3350.000	187.52965	0.0	0.0	330.0	1.0000000
1	4850.0000	4450.000	169.49997	0.0	0.0	3090.0	1.0000000
1	4850.0000	4350.000	169.49995	0.0	0.0	3090.0	1.0000000
37	5296.5020	3777.003	479.56479	0.0	0.0	0.0	1.4399996
37	5236.8413	3942.940	480.65247	0.0	0.0	-30.0	1.0000000
35	6150.0000	5750.000	169.50000	5.0	0.0	750.0	1.0000000
33	4939.2788	5923.005	124.50000	5.0	0.0	390.0	1.0000000
34	5400.0000	5250.000	169.49997	-10.0	0.0	780.0	1.0000000
34	5250.0000	5000.000	169.49997	-5.0	0.0	840.0	1.0000000
34	5150.0000	4850.000	169.50002	-5.0	0.0	1200.0	0.6800003
34	6000.0000	5600.000	169.50003	-5.0	0.0	1140.0	1.0000000
34	5950.0000	5000.000	169.50003	-5.0	0.0	1140.0	1.0000000
35	5950.0000	4950.000	169.49998	-5.0	0.0	1140.0	1.0000000
35	5950.0000	4950.000	169.50002	-5.0	0.0	1320.0	1.4399996
35	6150.0000	5750.000	169.50002	-5.0	0.0	1320.0	1.3399997
35	5950.0000	4950.000	169.50003	-5.0	0.0	900.0	1.0000000
35	6150.0000	5750.000	169.49998	-5.0	0.0	1290.0	1.0000000
35	5850.0000	6250.000	169.49997	5.0	0.0	750.0	1.0000000
35	5850.0000	6250.000	169.49998	5.0	0.0	960.0	1.0000000
35	5850.0000	6250.000	169.50002	5.0	0.0	1050.0	1.3599997
35	6250.0000	5350.000	169.50005	5.0	0.0	1050.0	1.0000000
35	6250.0000	5350.000	169.50002	5.0	0.0	1140.0	1.3199997
35	6150.0000	5400.000	169.50002	5.0	0.0	780.0	1.0000000
11	5900.0000	6200.000	169.49998	-5.0	0.0	1470.0	1.0000000
11	6100.0000	5700.000	169.50002	-5.0	0.0	1470.0	1.0000000
12	6150.0000	5850.000	169.49997	-5.0	0.0	1470.0	1.0000000
12	5750.0000	6250.000	169.50002	-5.0	0.0	1470.0	1.0000000
12	5900.0000	6350.000	169.49998	-5.0	0.0	1470.0	1.0000000
12	5950.0000	4950.000	169.49997	-5.0	0.0	1470.0	1.0000000
12	6350.0000	5300.000	169.49998	-5.0	0.0	1470.0	1.0000000
13	6250.0000	5400.000	169.50005	-5.0	0.0	1470.0	1.0000000
13	5850.0000	5100.000	169.49998	-5.0	0.0	1470.0	1.0000000
13	6100.0000	5300.000	169.50002	-5.0	0.0	1470.0	1.0000000
13	6350.0000	4900.000	169.49998	-5.0	0.0	1470.0	1.0000000
13	5750.0000	4950.000	169.49997	-5.0	0.0	1470.0	1.0000000
11	5400.0000	5200.000	169.50000	-5.0	0.0	1380.0	1.0000000
11	5150.0000	4950.000	169.50000	-5.0	0.0	1380.0	1.0000000
0	5215.2725	4966.983	174.87836	0.0	0.0	0.0	1.0000000
0	4836.0435	5902.075	176.32326	0.0	0.0	0.0	1.0000000
1	5650.0000	5350.000	169.49997	0.0	0.0	-90.0	1.0000000
13	6050.0000	4850.000	169.50000	0.0	0.0	750.0	1.0000000
1	6150.0000	5350.000	169.50000	0.0	0.0	3090.0	1.0000000
1	6250.0000	5250.000	169.50002	0.0	0.0	3090.0	1.0000000
1	6250.0000	5450.000	169.50000	0.0	0.0	3090.0	1.0000000
1	6250.0000	5750.000	181.44511	0.0	0.0	3090.0	1.0000000
1	6150.0000	5650.000	169.50005	0.0	0.0	3090.0	1.0000000
1	5650.0000	5350.000	169.50000	0.0	0.0	3090.0	1.0000000
1	5950.0000	4950.000	169.50003	0.0	0.0	3090.0	1.0000000
1	6050.0000	4850.000	169.49998	0.0	0.0	3090.0	1.0000000
1	5950.0000	6150.000	182.19463	0.0	0.0	3090.0	1.0000000
1	5850.0000	6150.000	173.13133	0.0	0.0	3090.0	1.0000000
33	4852.8335	5829.445	124.32523	5.0	0.0	480.0	1.1399999
13	5800.0000	6400.000	169.49998	-5.0	0.0	1470.0	1.0000000
1	5166.8789	7351.420	99.50002	0.0	0.0	-90.0	1.0000000
1	5063.7124	7001.630	101.36243	0.0	0.0	-90.0	1.0000000
5	5895.4854	7880.177	196.72714	-720.0	0.0	5400.0	1.0000000
5	5696.7695	7563.163	196.92999	-720.0	0.0	5400.0	1.0000000
5	5768.5483	8458.119	196.03827	-720.0	0.0	5400.0	1.0000000
5	5921.5615	8074.425	196.03828	-720.0	0.0	5400.0	1.0000000
5	5078.8047	8158.665	196.03830	-720.0	0.0	5400.0	1.0000000
5	6234.5249	9109.413	206.56551	-720.0	0.0	5400.0	1.0000000
6	5565.2495	9532.406	153.81578	-720.0	0.0	5610.0	1.8999991
7	6081.4692	9046.785	185.00792	-720.0	0.0	5430.0	1.0000000
7	6013.7598	9013.707	195.30414	-720.0	0.0	5430.0	1.0000000
7	6084.5698	9111.575	193.26405	-720.0	0.0	5520.0	1.0000000
7	5618.2715	9589.244	165.59128	-720.0	0.0	5400.0	1.0000000
7	5281.9917	8714.897	236.94922	-720.0	0.0	5400.0	1.0000000
7	5368.1011	8688.908	228.43115	-720.0	0.0	5490.0	1.0000000
7	5232.8472	8634.241	223.68890	-720.0	0.0	5370.0	1.0000000
7	4804.2769	9126.837	219.66130	-720.0	0.0	5520.0	1.0000000
1	5284.7588	8745.450	224.30627	0.0	0.0	300.0	1.0000000
1	5238.2930	8690.140	209.86949	0.0	0.0	300.0	1.0000000
1	5339.6401	8735.957	223.67972	0.0	0.0	300.0	1.0000000
1	4957.4331	8201.204	176.84769	0.0	0.0	300.0	1.0000000
1	5131.9609	8274.097	169.45670	0.0	0.0	300.0	1.0000000
1	5091.2368	8102.174	169.45668	0.0	0.0	300.0	1.0000000
1	6318.2812	9198.228	175.49599	0.0	0.0	3420.0	1.0000000
4	6104.0259	10908.471	181.03831	-720.0	0.0	5280.0	1.3999996
5	4859.2798	10209.591	244.68642	-720.0	0.0	5400.0	1.0000000
5	5485.2715	10371.046	247.47133	-720.0	0.0	5400.0	1.0000000
5	6259.6929	9838.319	231.30821	-720.0	0.0	5400.0	1.0000000
6	5512.3325	9665.006	215.11493	-720.0	0.0	5520.0	1.7399993
7	5641.3032	9620.677	166.61407	-720.0	0.0	5460.0	1.0000000
7	5674.8745	9672.917	165.99994	-720.0	0.0	5520.0	1.0000000
1	4856.6587	10175.902	208.99414	0.0	0.0	300.0	1.0000000
1	4920.6841	10307.781	217.28552	0.0	0.0	300.0	1.0000000
1	5386.9653	10400.903	210.96658	0.0	0.0	300.0	1.0000000
1	5624.5508	9643.114	196.71733	0.0	0.0	300.0	1.0000000
1	6350.0000	10950.000	169.49998	0.0	0.0	3420.0	1.0000000
4	6326.1709	11742.891	181.03827	-720.0	0.0	5190.0	1.5199995
14	6050.0000	12750.000	169.50000	0.0	0.0	1530.0	1.0000000
14	5050.0000	12650.000	172.11053	0.0	0.0	1530.0	1.0000000
14	5450.0000	12650.000	169.50002	0.0	0.0	1530.0	1.0000000
14	5722.4585	12662.290	174.50000	0.0	0.0	1530.0	1.0000000
14	5874.0269	12610.206	174.49997	0.0	0.0	1680.0	1.0000000
14	5887.8750	12767.424	174.49995	0.0	0.0	1650.0	1.0000000
14	6068.0049	12629.933	174.49995	0.0	0.0	1560.0	1.0000000
14	6166.1152	12784.096	174.50002	0.0	0.0	1650.0	1.0000000
14	5600.5762	12590.045	174.49997	0.0	0.0	1590.0	1.0000000
14	5291.4419	12689.064	174.53564	0.0	0.0	1650.0	1.0000000
14	5453.3281	12780.940	174.49998	0.0	0.0	1710.0	1.0000000
14	5252.2959	12586.695	175.28442	0.0	0.0	1770.0	1.0000000
14	5824.5752	12694.858	174.50000	0.0	0.0	1830.0	1.0000000
14	6084.5635	12469.159	174.49998	0.0	0.0	1890.0	1.0000000
11	5942.0361	12685.104	133.31004	360.0	0.0	270.0	1.0000000
13	6134.4116	12527.256	178.31003	360.0	0.0	270.0	1.0000000
13	6160.2837	12673.232	178.31006	360.0	0.0	270.0	1.0000000
13	5566.6846	12679.633	178.31000	360.0	0.0	270.0	1.0000000
13	5146.1499	12762.739	183.04477	360.0	0.0	270.0	1.0000000
14	5686.8755	12523.752	174.50003	0.0	0.0	1650.0	1.0000000
14	5720.1362	12423.621	169.49995	0.0	0.0	1530.0	1.0000000
13	5629.5181	12702.443	169.49995	0.0	0.0	1530.0	1.0000000
13	4966.4082	12668.814	184.22694	0.0	0.0	1530.0	1.0000000
13	6111.6279	12403.796	169.49997	0.0	0.0	1530.0	1.0000000
13	5182.2183	12747.731	170.48273	0.0	0.0	1530.0	1.0000000
16	5822.1138	12752.782	163.28937	360.0	0.0	1650.0	1.0000000
16	5902.4883	12497.215	163.28935	360.0	0.0	1650.0	1.0000000
1	6262.3716	11615.124	169.50000	0.0	0.0	3420.0	1.0000000
1	6342.5605	11613.709	169.49995	0.0	0.0	3420.0	1.0000000
1	6169.1978	11803.193	169.50003	0.0	0.0	3420.0	1.0000000
1	6213.5283	11890.633	169.49998	0.0	0.0	3420.0	1.0000000
1	6345.5542	12016.704	169.49997	0.0	0.0	3420.0	1.0000000
14	6250.0000	13250.000	169.50000	0.0	0.0	1530.0	1.0000000
14	6250.0000	13150.000	169.50003	0.0	0.0	1530.0	1.0000000
14	6350.0000	12950.000	169.50000	0.0	0.0	1530.0	1.0000000
14	5750.0000	12850.000	169.50000	0.0	0.0	1530.0	1.0000000
14	5450.0000	13050.000	169.50003	0.0	0.0	1530.0	1.0000000
14	5250.0000	12850.000	170.65823	0.0	0.0	1530.0	1.0000000
14	5550.0000	12950.000	169.49998	0.0	0.0	1530.0	1.0000000
14	5750.0000	13250.000	169.50000	0.0	0.0	1530.0	1.0000000
14	5950.0000	13350.000	169.49997	0.0	0.0	1530.0	1.0000000
14	6050.0000	12950.000	169.50000	0.0	0.0	1530.0	1.0000000
14	5750.0000	13050.000	169.50003	0.0	0.0	1530.0	1.0000000
14	5877.2227	12897.388	174.49997	0.0	0.0	1560.0	1.0000000
14	6224.1060	13005.299	174.50000	0.0	0.0	1590.0	1.0000000
14	5578.5283	12802.795	174.50002	0.0	0.0	1710.0	1.0000000
14	5653.9917	13051.698	174.49998	0.0	0.0	1800.0	1.0000000
14	5951.7764	12985.812	174.49995	0.0	0.0	1890.0	1.0000000
1	4839.4658	14254.813	169.50000	360.0	0.0	178.0	0.9800000
11	5965.1758	12857.960	178.31006	360.0	0.0	270.0	1.0000000
13	5724.3726	12917.217	178.31004	360.0	0.0	270.0	1.0000000
13	5589.7915	13038.209	178.31000	360.0	0.0	270.0	1.0000000
13	5644.7471	13155.333	178.31004	360.0	0.0	270.0	1.0000000
13	6165.8423	12958.553	178.31000	360.0	0.0	270.0	1.0000000
13	6369.2266	13062.011	178.31006	360.0	0.0	270.0	1.0000000
13	5798.6050	13356.686	169.49997	0.0	0.0	1530.0	1.0000000
13	5651.1650	13275.074	169.50002	0.0	0.0	1530.0	1.0000000
13	5894.9702	13443.154	169.50000	0.0	0.0	1530.0	1.0000000
13	5639.9829	12832.663	169.49997	0.0	0.0	1530.0	1.0000000
13	6308.2739	13320.614	219.50003	-720.0	0.0	4800.0	1.0000000
35	5033.4878	13703.224	239.95555	10.0	0.0	2910.0	1.0000000
35	4870.5215	13850.588	237.44441	10.0	0.0	3000.0	1.0000000
35	4914.8931	13816.373	245.15253	10.0	0.0	2910.0	1.0000000
35	5036.9004	13704.979	239.17896	10.0	0.0	3150.0	1.0000000
35	5034.0352	13270.285	199.09219	0.0	0.0	3000.0	1.0000000
35	5029.3823	13299.245	195.67966	0.0	0.0	2910.0	1.0000000
35	5011.2710	13001.376	238.82660	0.0	0.0	3030.0	1.0000000
37	4822.4014	13061.240	431.56989	0.0	0.0	30.0	1.4799995
1	5423.6733	15501.512	169.50000	360.0	0.0	290.0	0.9400000
1	5258.6733	15421.512	195.76747	360.0	0.0	325.0	1.0300000
1	5206.6733	15655.512	171.05557	360.0	0.0	316.0	1.0200000
1	4920.3853	15790.981	169.50000	360.0	0.0	327.0	1.0700001
1	5015.5176	15779.692	169.50000	360.0	0.0	263.0	1.0599999
1	4935.4658	15411.813	169.50000	360.0	0.0	181.0	0.9700000
1	5555.4658	15443.813	169.50000	360.0	0.0	73.0	1.0200000
1	5642.4658	15545.813	169.50000	360.0	0.0	342.0	1.0400000
1	4962.4658	14617.813	182.84915	360.0	0.0	173.0	1.0500000
1	4950.4707	14673.063	183.21375	360.0	0.0	15.0	1.0700001
13	6352.0889	14653.521	219.50005	-720.0	0.0	4800.0	1.0000000
13	6366.2588	14800.293	219.50002	-720.0	0.0	4800.0	1.0000000
13	6240.0474	14982.842	219.50005	-720.0	0.0	4800.0	1.0000000
13	6103.6143	15119.685	219.50005	-720.0	0.0	4800.0	1.0000000
13	6057.5181	15171.623	219.50002	-720.0	0.0	4800.0	1.0000000
13	5883.7197	15245.494	219.50003	-720.0	0.0	4800.0	1.0000000
13	5860.7075	15399.651	219.50005	-720.0	0.0	4800.0	1.0000000
13	5698.4253	15472.305	219.50000	-720.0	0.0	4800.0	1.0000000
13	5575.9517	15416.636	219.50000	-720.0	0.0	4800.0	1.0000000
13	5642.9497	15433.775	219.50005	-720.0	0.0	4800.0	1.0000000
13	5498.1094	15419.978	219.89709	-720.0	0.0	4800.0	1.0000000
13	5790.0000	15432.745	219.50002	-720.0	0.0	4800.0	1.0000000
13	5395.6528	15442.986	232.19011	-720.0	0.0	4800.0	1.0000000
13	5303.4478	15453.590	240.66446	-720.0	0.0	4800.0	1.0000000
13	5254.8696	15387.256	251.48096	-720.0	0.0	4800.0	1.0000000
13	5206.7515	15308.435	248.53191	-720.0	0.0	4800.0	1.0000000
13	5072.4902	15350.166	219.50006	-720.0	0.0	4800.0	1.0000000
13	4923.9526	15460.102	219.50003	-720.0	0.0	4800.0	1.0000000
1	5030.0942	15622.805	163.28937	360.0	0.0	240.0	1.0200000
13	4969.5044	15470.305	163.28937	360.0	0.0	240.0	1.0000000
13	4837.8091	15623.349	163.28943	360.0	0.0	240.0	1.0000000
13	4890.2773	15554.435	163.28940	360.0	0.0	240.0	1.0000000
13	4915.6821	15694.378	163.28940	360.0	0.0	240.0	1.0000000
13	4980.3125	15815.803	163.28943	360.0	0.0	240.0	1.0000000
13	4845.8413	15958.790	163.28941	360.0	0.0	240.0	1.0000000
13	4910.9136	15944.949	163.28941	360.0	0.0	240.0	1.0000000
13	5044.3037	15223.970	163.28940	360.0	0.0	240.0	1.0000000
13	4964.2192	15095.182	163.28943	360.0	0.0	240.0	1.0000000
13	5119.1821	15272.699	168.75627	360.0	0.0	240.0	1.0000000
13	4931.4502	14998.162	169.42218	360.0	0.0	240.0	1.0000000
13	4931.5176	14909.432	169.10403	360.0	0.0	240.0	1.0000000
13	4935.4810	14817.352	168.31627	360.0	0.0	240.0	1.0000000
13	5053.7275	14686.713	214.93195	360.0	0.0	240.0	1.0000000
13	5128.4849	14660.763	223.35945	360.0	0.0	240.0	1.0000000
13	5204.2759	14611.403	207.02795	360.0	0.0	240.0	1.0000000
13	5301.0815	14668.108	173.62924	360.0	0.0	240.0	1.0000000
13	5407.1675	14723.850	163.28935	360.0	0.0	240.0	1.0000000
13	5463.8257	14823.984	167.60652	360.0	0.0	240.0	1.0000000
13	5553.8716	14733.154	163.28937	360.0	0.0	240.0	1.0000000
13	5462.2788	14658.057	163.65263	360.0	0.0	240.0	1.0000000
13	5668.2754	14677.484	163.62714	360.0	0.0	240.0	1.0000000
13	4810.6289	14786.150	163.28941	360.0	0.0	240.0	1.0000000
13	4818.7241	14928.892	163.28941	360.0	0.0	240.0	1.0000000
13	4864.1284	14692.701	163.28940	360.0	0.0	240.0	1.0000000
11	4950.0000	15650.000	169.49998	360.0	0.0	450.0	1.0000000
11	5050.0000	15450.000	169.49998	360.0	0.0	450.0	1.0000000
11	5050.0000	15550.000	169.50003	360.0	0.0	450.0	1.0000000
11	5150.0000	15650.000	170.75914	360.0	0.0	450.0	1.0000000
11	5950.0000	15350.000	169.50002	360.0	0.0	450.0	1.0000000
11	6150.0000	15250.000	169.50000	360.0	0.0	450.0	1.0000000
11	6150.0000	15150.000	169.50003	360.0	0.0	450.0	1.0000000
11	5350.0000	15650.000	171.48015	360.0	0.0	450.0	1.0000000
11	5450.0000	15650.000	169.50002	360.0	0.0	450.0	1.0000000
15	5225.1284	15780.575	165.16631	360.0	0.0	450.0	1.0000000
15	5262.1318	15873.014	164.62622	360.0	0.0	630.0	1.0000000
15	5332.8203	15918.883	180.56493	360.0	0.0	810.0	1.0000000
15	5428.6279	15729.272	180.85997	360.0	0.0	990.0	1.0000000
15	5170.9702	15501.890	180.39017	360.0	0.0	990.0	1.0000000
15	5665.2271	14671.657	178.71452	360.0	0.0	990.0	1.0000000
11	4950.0000	15850.000	169.50005	0.0	0.0	5060.0	1.0000000
11	4950.0000	15650.000	169.50003	0.0	0.0	5060.0	1.0000000
5	6250.0000	15850.000	191.70091	0.0	0.0	810.0	1.0000000
5	6250.0000	15950.000	186.43997	0.0	0.0	810.0	1.0000000
4	6157.8467	17072.199	234.84059	-5.0	0.0	870.0	1.0000000
4	4957.8906	17077.021	248.95096	-5.0	0.0	1380.0	1.0000000
1	5051.5176	16860.691	190.29471	360.0	0.0	153.0	1.0400000
1	5042.5176	16769.691	172.92415	360.0	0.0	4.0	1.0000000
1	5458.9404	17183.727	169.98820	360.0	0.0	279.0	1.0000000
1	5972.9404	17495.727	174.16245	360.0	0.0	63.0	1.0300000
1	5387.9404	17044.727	186.34308	360.0	0.0	355.0	1.0500000
1	5786.9404	17061.727	189.16113	360.0	0.0	204.0	0.9500000
13	4849.4619	16084.126	163.28943	360.0	0.0	240.0	1.0000000
15	5351.2144	16010.077	181.32585	360.0	0.0	990.0	1.0000000
13	4850.0000	17050.000	216.81705	0.0	0.0	450.0	1.0000000
13	4950.0000	17050.000	210.96678	0.0	0.0	450.0	1.0000000
13	4914.6255	17119.025	212.72641	0.0	0.0	450.0	1.0000000
13	5850.0000	16350.000	189.91284	0.0	0.0	450.0	1.0000000
13	5950.0000	16350.000	208.50305	0.0	0.0	450.0	1.0000000
13	6050.0000	16450.000	206.96468	0.0	0.0	450.0	1.0000000
13	6250.0000	16450.000	209.04631	0.0	0.0	450.0	1.0000000
13	6350.0000	16350.000	196.57274	0.0	0.0	450.0	1.0000000
13	6150.0000	16350.000	192.87883	0.0	0.0	450.0	1.0000000
13	5650.0000	17050.000	191.04779	0.0	0.0	450.0	1.0000000
13	5750.0000	16950.000	218.50934	0.0	0.0	450.0	1.0000000
13	5850.0000	16950.000	218.02383	0.0	0.0	450.0	1.0000000
13	6050.0000	17050.000	225.19952	0.0	0.0	450.0	1.0000000
13	6150.0000	17050.000	233.70863	0.0	0.0	450.0	1.0000000
13	5950.0000	17050.000	225.57208	0.0	0.0	450.0	1.0000000
13	5750.0000	17250.000	177.77881	0.0	0.0	450.0	1.0000000
13	5650.0000	17150.000	171.67107	0.0	0.0	450.0	1.0000000
13	5750.0000	17150.000	178.61398	0.0	0.0	450.0	1.0000000
13	5550.0000	16950.000	209.67601	0.0	0.0	450.0	1.0000000
34	6150.0000	17050.000	214.16585	0.0	0.0	5120.0	1.0000000
34	5250.0000	16950.000	185.85817	0.0	0.0	5120.0	1.0000000
34	5150.0000	16950.000	192.19072	0.0	0.0	5120.0	1.0000000
34	5050.0000	16950.000	207.31821	0.0	0.0	5120.0	1.0000000
34	5126.2480	16893.771	101.93197	0.0	0.0	5090.0	1.0000000
1	5750.0000	17050.000	202.14943	0.0	0.0	210.0	1.0000000
1	5850.0000	17050.000	197.86838	0.0	0.0	210.0	1.0000000
1	5850.0000	17050.000	199.31929	0.0	0.0	210.0	1.0000000
1	5650.0000	16850.000	232.01572	0.0	0.0	210.0	1.0000000
1	6050.0000	16150.000	201.68831	0.0	0.0	210.0	1.0000000
1	6150.0000	16150.000	204.32336	0.0	0.0	210.0	1.0000000
1	6250.0000	16350.000	182.55856	0.0	0.0	210.0	1.0000000
5	4850.0000	17350.000	174.93814	0.0	0.0	810.0	1.0000000
5	5050.0000	17050.000	195.90608	0.0	0.0	810.0	1.0000000
5	5250.0000	17150.000	170.24808	0.0	0.0	810.0	1.0000000
5	5350.0000	16250.000	199.14764	0.0	0.0	810.0	1.0000000
5	5350.0000	16350.000	217.79132	0.0	0.0	810.0	1.0000000
5	4950.0000	16350.000	207.15469	0.0	0.0	810.0	1.0000000
5	4950.0000	16350.000	196.67682	0.0	0.0	810.0	1.0000000
5	4850.0000	16150.000	170.21715	0.0	0.0	810.0	1.0000000
5	5650.0000	17150.000	171.10255	0.0	0.0	810.0	1.0000000
5	5750.0000	17150.000	178.39447	0.0	0.0	810.0	1.0000000
5	5950.0000	17050.000	217.77107	0.0	0.0	810.0	1.0000000
5	5550.0000	16950.000	222.30243	0.0	0.0	810.0	1.0000000
5	6150.0000	16450.000	211.08788	0.0	0.0	810.0	1.0000000
5	6350.0000	16450.000	209.90091	0.0	0.0	810.0	1.0000000
5	6350.0000	16450.000	210.75005	0.0	0.0	810.0	1.0000000
5	5950.0000	16350.000	200.97887	0.0	0.0	810.0	1.0000000
5	6250.0000	16250.000	186.68944	0.0	0.0	810.0	1.0000000
1	4809.3579	18804.236	102.22342	0.0	0.0	2285.0	1.4199996
1	5168.7510	19108.396	77.95908	0.0	0.0	2285.0	1.4199996
1	5238.4302	19037.490	77.56029	0.0	0.0	2375.0	1.3799996
1	5015.7310	18765.051	77.56027	0.0	0.0	2465.0	1.4399996
4	5336.2090	19004.500	214.49998	-5.0	0.0	660.0	1.0000000
4	5090.1396	18825.479	214.50000	-5.0	0.0	780.0	1.0000000
4	6316.9395	18013.531	214.49997	-5.0	0.0	930.0	1.0000000
4	5746.9800	17604.861	214.50002	-5.0	0.0	930.0	1.0000000
4	5136.9717	17973.559	214.50003	-5.0	0.0	1230.0	1.2399998
4	5388.1060	17724.361	214.50000	-5.0	0.0	1290.0	1.0000000
1	6182.9404	18102.727	169.50000	360.0	0.0	165.0	0.9500000
1	5601.9404	17999.727	172.56134	360.0	0.0	266.0	0.9300000
1	5571.9404	17631.727	177.46747	360.0	0.0	186.0	0.9600000
1	6091.9404	18092.727	169.50000	360.0	0.0	310.0	0.9300000
1	6258.9028	19079.336	169.50000	360.0	0.0	184.0	1.0200000
1	5350.0000	17850.000	194.61823	0.0	0.0	210.0	1.0000000
1	5450.0000	17850.000	206.76900	0.0	0.0	210.0	1.0000000
1	5150.0000	17850.000	171.81355	0.0	0.0	210.0	1.0000000
5	5250.0000	18950.000	192.30911	0.0	0.0	810.0	1.0000000
5	4950.0000	18650.000	199.73906	0.0	0.0	810.0	1.0000000
26	5850.0000	18500.000	139.56432	0.0	0.0	120.0	1.0000000
26	6050.0000	18650.000	149.71141	0.0	0.0	240.0	1.0000000
35	5142.0918	17787.672	115.81944	0.0	0.0	3000.0	1.0000000
35	5300.0908	17769.986	125.06406	0.0	0.0	3000.0	1.0000000
1	4972.8901	19663.908	77.56027	0.0	0.0	2045.0	1.7399993
1	4882.4321	19838.816	84.87234	0.0	0.0	2135.0	1.4599996
1	5143.7520	19294.820	110.12425	0.0	0.0	2225.0	1.6199994
1	5073.9136	19535.391	80.29344	0.0	0.0	2225.0	1.3999996
4	5134.0093	19592.826	214.82283	-5.0	0.0	600.0	1.0000000
4	6000.2148	19724.154	214.50002	-5.0	0.0	780.0	1.0000000
4	5504.8145	19652.090	214.50002	-5.0	0.0	870.0	1.0000000
4	5980.4058	20161.598	214.49997	-5.0	0.0	870.0	1.0000000
4	4809.1343	19814.566	246.55969	-5.0	0.0	870.0	1.0000000
4	6156.0928	19253.797	214.50000	-5.0	0.0	930.0	1.0000000
4	5844.3662	19297.250	214.50002	-5.0	0.0	1080.0	1.0000000
1	6396.9028	20643.336	169.50000	360.0	0.0	187.0	1.0100000
1	6357.9028	19378.336	221.93463	360.0	0.0	337.0	1.0500000
1	6256.9028	19351.336	204.85010	360.0	0.0	319.0	1.0700001
12	6398.8032	20684.330	169.50000	360.0	0.0	146.0	0.9800000
12	6311.6177	19603.902	170.67226	360.0	0.0	58.0	1.0300000
12	6179.0122	20420.875	169.50000	360.0	0.0	72.0	1.0400000
2	6249.8027	19945.252	169.50000	360.0	0.0	224.0	0.9600000
5	4850.0000	19750.000	190.86894	0.0	0.0	810.0	1.0000000
5	5150.0000	19650.000	186.10240	0.0	0.0	810.0	1.0000000
5	5250.0000	19650.000	183.63811	0.0	0.0	810.0	1.0000000
5	5350.0000	19550.000	174.74846	0.0	0.0	810.0	1.0000000
5	5250.0000	19250.000	183.54431	0.0	0.0	810.0	1.0000000
26	5400.0000	20300.000	140.74699	0.0	0.0	150.0	1.0000000
26	5000.0000	20400.000	161.10236	0.0	0.0	180.0	0.7600002
1	5650.0000	20750.000	185.08026	0.0	0.0	510.0	1.0000000
3	5600.0000	22300.000	169.50002	0.0	0.0	-510.0	1.0000000
3	6000.0000	22250.000	169.50000	0.0	0.0	-600.0	1.0000000
4	5106.8921	20978.041	214.49997	-5.0	0.0	870.0	1.0000000
34	5472.9033	22371.658	99.76814	360.0	0.0	4050.0	1.0000000
15	6250.0000	22350.000	180.34332	360.0	0.0	5070.0	1.0000000
15	6050.0000	22250.000	169.81950	360.0	0.0	5070.0	1.0000000
15	5950.0000	22150.000	171.70830	360.0	0.0	5070.0	1.0000000
15	6150.0000	22250.000	176.04362	360.0	0.0	5070.0	1.0000000
12	6329.2798	21088.727	169.50000	360.0	0.0	220.0	0.9300000
12	5852.1968	21126.762	169.49995	360.0	0.0	224.0	1.0000000
12	5109.1968	21882.762	208.41763	360.0	0.0	335.0	1.0599999
12	5066.1968	21957.762	202.55417	360.0	0.0	258.0	1.0100000
12	4896.1968	21611.762	218.12337	360.0	0.0	76.0	1.0400000
12	5910.0122	21691.875	182.31535	360.0	0.0	261.0	0.9500000
12	5326.0122	20865.875	169.50000	360.0	0.0	325.0	0.9200000
12	6349.4272	21360.039	169.50000	360.0	0.0	262.0	0.9800000
12	5072.4272	22268.039	175.68933	360.0	0.0	345.0	0.9900000
12	5073.0576	21393.344	169.50000	360.0	0.0	224.0	1.0000000
12	5928.0576	22174.344	188.76923	360.0	0.0	237.0	0.9400000
12	5467.0576	22163.344	178.92802	360.0	0.0	309.0	0.9400000
12	5902.0576	22192.344	191.24492	360.0	0.0	144.0	0.9700000
12	5200.0576	21629.344	172.57938	360.0	0.0	110.0	0.9400000
12	4942.4741	21530.674	189.05872	360.0	0.0	72.0	1.0700001
4	4803.0015	21273.518	200.17906	5.0	0.0	570.0	1.0000000
4	5753.6001	20828.686	214.49998	-5.0	0.0	930.0	1.2999997
12	6272.3198	20964.795	169.49998	360.0	0.0	12.0	1.0300000
1	5050.0000	20950.000	169.49998	0.0	0.0	510.0	1.0000000
1	5150.0000	20950.000	173.57559	0.0	0.0	510.0	1.0000000
1	5350.0000	20850.000	192.11900	0.0	0.0	510.0	1.0000000
1	5550.0000	20850.000	185.79861	0.0	0.0	510.0	1.0000000
1	5246.0864	23837.752	172.13260	0.0	0.0	0.0	1.0000000
1	5804.0869	23421.449	169.50000	0.0	0.0	0.0	1.0000000
2	6000.0000	23050.000	178.87820	0.0	0.0	-150.0	1.0000000
2	5650.0000	23250.000	170.51231	0.0	0.0	-300.0	1.0000000
3	5050.0000	23350.000	174.51233	0.0	0.0	-300.0	1.0000000
3	5250.0000	22450.000	169.50003	0.0	0.0	-600.0	1.0000000
3	5000.0000	22500.000	169.50002	0.0	0.0	-510.0	1.0000000
4	6050.0000	23850.000	169.50000	0.0	0.0	-570.0	1.0000000
4	5250.0000	23600.000	169.50002	0.0	0.0	-570.0	1.3999996
5	6204.9741	23674.924	169.49997	0.0	0.0	-450.0	1.0000000
34	5071.5361	23219.760	136.29524	360.0	0.0	4050.0	1.0000000
34	5799.2739	23146.365	102.09970	360.0	0.0	4050.0	1.0000000
34	5454.8540	23961.646	91.10193	360.0	0.0	4050.0	1.0000000
36	6118.2329	23005.164	186.06720	360.0	0.0	4410.0	1.4599996
36	5852.0273	23029.217	168.04245	360.0	0.0	4350.0	1.2799997
36	6219.3672	23105.240	165.75586	360.0	0.0	4350.0	1.0000000
36	5057.1650	23211.518	203.96582	360.0	0.0	4350.0	1.4199996
36	5067.3906	23209.459	205.17264	360.0	0.0	4350.0	1.0200000
36	4969.7979	22563.652	185.95248	360.0	0.0	4350.0	1.0000000
36	5316.8545	22404.133	158.98846	360.0	0.0	4350.0	1.0000000
15	4950.0000	22550.000	199.07779	360.0	0.0	4320.0	1.0000000
15	5150.0000	23150.000	225.42020	360.0	0.0	4320.0	1.0000000
15	5150.0000	23150.000	225.73151	360.0	0.0	4320.0	1.0000000
15	5350.0000	23150.000	229.22653	360.0	0.0	4320.0	1.0000000
15	6050.0000	22850.000	210.07884	360.0	0.0	5070.0	1.0000000
15	5850.0000	23250.000	171.89125	360.0	0.0	5070.0	1.0000000
15	5750.0000	23050.000	192.14000	360.0	0.0	5070.0	1.0000000
15	6050.0000	22950.000	203.23248	360.0	0.0	5070.0	1.0000000
15	6250.0000	23050.000	185.46103	360.0	0.0	5070.0	1.0000000
15	6150.0000	23150.000	170.45306	360.0	0.0	5070.0	1.0000000
15	6050.0000	23250.000	169.50000	360.0	0.0	5070.0	1.0000000
15	5850.0000	23050.000	179.63266	360.0	0.0	5070.0	1.0000000
12	5875.4272	22401.039	191.41832	360.0	0.0	307.0	1.0599999
11	5950.0000	23050.000	190.59290	0.0	0.0	5060.0	1.0000000
11	5850.0000	22950.000	179.46486	0.0	0.0	5060.0	1.0000000
11	5550.0000	22450.000	197.43549	0.0	0.0	5060.0	1.0000000
11	5350.0000	22450.000	200.74892	0.0	0.0	5060.0	1.0000000
11	5150.0000	22450.000	206.63841	0.0	0.0	5060.0	1.0000000
1	5450.0000	23950.000	171.50424	0.0	0.0	210.0	1.0000000
23	5153.1885	24831.008	203.12260	0.0	0.0	60.0	1.0000000
23	5645.1226	24984.211	170.01891	0.0	0.0	60.0	1.0000000
23	5975.5020	24644.141	171.24411	0.0	0.0	60.0	1.0599999
1	6070.8120	24347.328	169.50000	0.0	0.0	0.0	1.0000000
4	5081.0151	24425.486	173.91176	0.0	0.0	-570.0	1.5999994
4	5500.0000	24050.000	170.41783	0.0	0.0	-450.0	1.0000000
34	5471.7036	24264.500	89.92450	360.0	0.0	4050.0	1.0000000
15	5450.0000	24250.000	169.88924	360.0	0.0	5040.0	1.0000000
15	4850.0000	24350.000	174.00493	360.0	0.0	5040.0	1.0000000
15	4950.0000	24450.000	192.57129	360.0	0.0	5040.0	1.0000000
15	5050.0000	24550.000	204.05249	360.0	0.0	5040.0	1.0000000
15	5150.0000	24650.000	205.23053	360.0	0.0	5040.0	1.0000000
15	5250.0000	24650.000	186.13512	360.0	0.0	5040.0	1.0000000
15	5450.0000	24550.000	169.50003	360.0	0.0	5040.0	1.0000000
15	5047.7905	24360.619	218.70789	360.0	0.0	5190.0	1.0000000
15	5232.2710	24491.023	224.11472	360.0	0.0	5070.0	1.0000000
32	5357.9141	24617.146	136.60783	370.0	0.0	294.0	1.0000000
1	5172.3174	24684.074	191.26059	0.0	0.0	210.0	1.0000000
1	5245.8882	24571.031	182.49127	0.0	0.0	210.0	0.7800002
1	4850.0000	24850.000	216.75865	0.0	0.0	3510.0	0.7600002
1	4950.0000	24950.000	213.85184	0.0	0.0	3480.0	1.0000000
1	5050.0000	24850.000	241.13228	0.0	0.0	3480.0	0.6600003
1	4969.7490	24819.719	217.82738	0.0	0.0	3480.0	1.0000000
1	5250.0000	24750.000	191.95297	0.0	0.0	3480.0	1.0000000
1	5415.4170	24749.291	204.20308	0.0	0.0	3480.0	0.7600002
1	5313.6460	24867.254	188.97604	0.0	0.0	3480.0	1.0000000
1	5750.0000	24750.000	177.39751	0.0	0.0	3480.0	1.0000000
1	5850.0000	24850.000	171.37772	0.0	0.0	3480.0	1.0000000
1	5950.0000	24850.000	169.80927	0.0	0.0	3480.0	1.0000000
1	5857.9258	25014.451	179.11610	0.0	0.0	3480.0	1.0000000
1	6050.0000	24750.000	170.11304	0.0	0.0	3480.0	1.0000000
1	6150.0000	24750.000	173.88730	0.0	0.0	3480.0	1.0000000
1	6305.2393	24861.816	186.00310	0.0	0.0	3480.0	0.7800002
1	6350.0000	24750.000	198.88828	0.0	0.0	3480.0	1.0000000
23	5497.0894	24763.844	168.10382	0.0	0.0	40.0	1.0000000
23	6359.1753	24572.246	196.10994	0.0	0.0	60.0	1.0999999
2	4860.8076	24697.713	191.63501	0.0	0.0	0.0	1.1799998
36	4850.0000	24550.000	176.89908	0.0	0.0	0.0	1.0000000
36	5550.0000	24650.000	173.24837	0.0	0.0	0.0	1.0000000
22	6514.3140	498.740	229.38487	0.0	0.0	90.0	1.0000000
22	7114.9668	195.075	183.29572	0.0	0.0	90.0	1.0000000
22	7454.4116	386.130	181.58279	0.0	0.0	90.0	1.0000000
22	7788.1299	514.688	198.04771	0.0	0.0	90.0	1.0000000
23	7550.0000	1450.000	177.49268	0.0	0.0	60.0	1.0000000
36	7800.0000	1300.000	279.42172	-5.0	0.0	1440.0	1.0000000
1	7350.0000	950.000	172.61900	0.0	0.0	60.0	1.0000000
1	6750.0000	550.000	224.06749	0.0	0.0	60.0	1.0000000
1	6650.0000	950.000	192.02849	0.0	0.0	60.0	1.0000000
15	6450.0000	1050.000	250.23329	0.0	0.0	360.0	1.0000000
15	6450.0000	1050.000	248.24765	0.0	0.0	360.0	1.0000000
15	6550.0000	1150.000	250.34052	0.0	0.0	360.0	1.0000000
15	6650.0000	1150.000	258.16861	0.0	0.0	360.0	1.0000000
12	6550.0000	1150.000	252.89232	360.0	0.0	29.0	1.0000000
5	7650.0000	1350.000	263.12424	0.0	0.0	810.0	1.0000000
5	7750.0000	1350.000	279.74631	0.0	0.0	810.0	1.0000000
5	7850.0000	1250.000	269.48672	0.0	0.0	810.0	1.0000000
5	7650.0000	1250.000	221.54373	0.0	0.0	810.0	1.0000000
5	7450.0000	1250.000	205.23868	0.0	0.0	810.0	1.0000000
5	6650.0000	1150.000	256.63446	0.0	0.0	810.0	1.0000000
5	6750.0000	1250.000	258.65674	0.0	0.0	810.0	1.0000000
5	6650.0000	1150.000	246.84619	0.0	0.0	810.0	1.0000000
22	6922.9155	535.850	149.64403	0.0	0.0	360.0	1.0000000
1	6550.0000	150.000	238.34026	0.0	0.0	0.0	1.0000000
1	6578.3618	239.328	236.95218	0.0	0.0	0.0	1.0000000
1	7450.0000	250.000	219.90556	0.0	0.0	0.0	1.0000000
1	7450.0000	50.000	224.78638	0.0	0.0	0.0	1.0000000
1	7850.0000	50.000	197.20244	0.0	0.0	0.0	1.0000000
1	7501.1035	177.533	215.58502	0.0	0.0	-60.0	1.0000000
1	7659.0649	140.813	203.27821	0.0	0.0	-40.0	0.9200001
1	6850.0000	150.000	251.39117	0.0	0.0	0.0	1.0000000
31	7570.1826	271.844	220.07747	0.0	0.0	-70.0	0.8600001
32	7697.9014	375.036	117.70334	0.0	0.0	0.0	1.0000000
33	7687.0566	240.270	216.25307	0.0	0.0	0.0	1.0000000
36	7950.0000	450.000	221.15471	0.0	0.0	0.0	1.0000000
36	7650.0000	250.000	215.77959	0.0	0.0	0.0	1.0000000
36	7350.0000	250.000	222.36305	0.0	0.0	0.0	1.0000000
36	7450.0000	450.000	205.64389	0.0	0.0	0.0	1.0000000
23	7366.4316	2239.838	151.97635	0.0	0.0	60.0	1.0000000
23	6850.0000	1950.000	169.50002	0.0	0.0	60.0	1.0000000
36	7500.0000	2250.000	225.01659	-5.0	0.0	1440.0	1.0000000
33	7771.6094	2925.480	169.64159	-5.0	0.0	1440.0	1.0000000
15	7591.4868	2243.887	211.69022	0.0	0.0	570.0	1.0000000
15	7151.3706	2071.625	197.02179	0.0	0.0	570.0	1.0000000
15	7450.0000	2450.000	189.08083	0.0	0.0	570.0	1.0000000
15	7150.0000	2250.000	185.21591	0.0	0.0	570.0	1.0000000
15	6950.0000	2150.000	183.76956	0.0	0.0	570.0	1.0000000
15	6950.0000	1950.000	240.28009	0.0	0.0	570.0	1.0000000
15	6945.2070	2135.601	191.52951	0.0	0.0	720.0	1.0000000
15	7054.0483	2282.874	174.70665	0.0	0.0	840.0	1.0000000
15	7412.1260	2475.923	179.81432	0.0	0.0	750.0	1.0000000
12	6990.5825	2228.490	171.10963	360.0	0.0	29.0	1.0000000
12	6750.0000	2050.000	208.93419	360.0	0.0	29.0	1.0000000
12	6850.0000	1950.000	249.22511	360.0	0.0	29.0	1.0000000
12	7150.0000	2250.000	195.74586	360.0	0.0	29.0	1.0000000
5	7950.0000	2050.000	229.96463	0.0	0.0	810.0	1.0000000
1	7950.0000	2550.000	169.50003	0.0	0.0	3090.0	1.0000000
36	6400.0000	3650.000	169.50005	5.0	0.0	750.0	1.0000000
35	7751.2339	4466.059	169.49997	0.0	0.0	-360.0	1.0000000
35	7747.9170	4475.529	179.50000	0.0	0.0	-240.0	1.1999998
35	7764.4517	4545.644	179.50000	0.0	0.0	-90.0	1.1399999
35	7786.8589	4545.336	179.50000	0.0	0.0	30.0	0.7400002
35	7797.6826	4556.160	179.50000	0.0	0.0	-180.0	1.0000000
35	7966.3989	4245.947	179.50003	0.0	0.0	-120.0	1.0000000
35	7977.3071	4241.451	179.50003	0.0	0.0	30.0	1.3199997
35	7977.6406	4229.593	179.49997	0.0	0.0	120.0	1.0000000
35	7658.1206	3928.403	179.50000	0.0	0.0	60.0	1.0000000
35	7573.0811	3925.967	179.50000	0.0	0.0	60.0	1.3799996
35	7542.7456	3959.464	179.49998	0.0	0.0	240.0	1.0000000
35	7159.8296	3953.060	179.50000	0.0	0.0	420.0	1.2599998
35	7212.3452	3939.958	179.50000	0.0	0.0	600.0	1.0000000
35	7173.7349	3931.617	179.50002	0.0	0.0	450.0	0.8400002
35	7067.4004	4528.485	179.49997	0.0	0.0	450.0	1.0000000
35	7079.6162	4525.516	179.50002	0.0	0.0	510.0	1.2799997
35	7090.1533	4494.488	179.50002	0.0	0.0	450.0	0.8200002
35	7088.9458	4516.863	134.50003	5.0	0.0	570.0	0.7800002
13	7550.0000	3800.000	169.49998	5.0	0.0	480.0	1.0000000
13	7950.0000	4100.000	169.50000	5.0	0.0	540.0	1.0000000
14	7750.0000	3900.000	169.50000	5.0	0.0	450.0	1.0000000
14	7150.0000	3850.000	169.50003	5.0	0.0	450.0	1.0000000
14	7850.0000	4550.000	169.49997	5.0	0.0	450.0	1.0000000
14	7250.0000	4000.000	169.49997	5.0	0.0	450.0	1.0000000
14	7900.0000	4300.000	169.50000	5.0	0.0	450.0	1.0000000
16	7500.0000	4000.000	169.49997	5.0	0.0	450.0	1.0000000
16	7200.0000	3900.000	169.50003	5.0	0.0	450.0	1.0000000
16	7700.0000	4450.000	169.49998	5.0	0.0	540.0	1.0000000
16	7100.0000	4500.000	169.50002	5.0	0.0	540.0	1.0000000
16	7000.0000	4400.000	169.50002	5.0	0.0	600.0	1.0000000
15	7150.0000	4450.000	169.50002	5.0	0.0	750.0	1.0000000
15	7600.0000	3950.000	169.50000	5.0	0.0	750.0	1.0000000
36	7600.0000	4050.000	169.50002	5.0	0.0	750.0	1.0000000
36	7650.0000	4450.000	169.50000	5.0	0.0	750.0	1.0000000
36	7200.0000	4550.000	169.50000	5.0	0.0	750.0	1.0000000
36	7300.0000	4700.000	169.50002	5.0	0.0	750.0	1.0000000
36	7050.0000	3750.000	169.49998	5.0	0.0	750.0	1.0000000
36	6750.0000	4500.000	169.50003	5.0	0.0	750.0	1.0000000
36	6500.0000	4500.000	169.49998	5.0	0.0	750.0	1.0000000
1	6950.0000	4650.000	169.50002	0.0	0.0	-90.0	1.0000000
1	6750.0000	4450.000	169.50003	0.0	0.0	-90.0	1.0000000
1	7650.0000	4050.000	169.49998	0.0	0.0	-90.0	1.0000000
4	7450.0000	3450.000	169.50003	-710.0	0.0	2220.0	1.3599997
4	7750.0000	3700.000	169.49995	-730.0	0.0	2370.0	1.3199997
15	6450.0000	3650.000	174.75380	0.0	0.0	750.0	1.0000000
15	6550.0000	3450.000	173.43202	0.0	0.0	750.0	1.0000000
15	6950.0000	4150.000	169.50003	0.0	0.0	750.0	1.0000000
15	7050.0000	4250.000	169.50002	0.0	0.0	750.0	1.0000000
13	6550.0000	4750.000	169.50002	0.0	0.0	750.0	1.0000000
5	7450.0000	3650.000	171.83545	0.0	0.0	810.0	1.0000000
5	7550.0000	3650.000	169.93341	0.0	0.0	810.0	1.0000000
5	7850.0000	3750.000	169.50003	0.0	0.0	810.0	1.0000000
5	7950.0000	3850.000	169.49998	0.0	0.0	810.0	1.0000000
1	7250.0000	4050.000	169.49997	0.0	0.0	3090.0	1.0000000
1	7250.0000	3950.000	172.96959	0.0	0.0	3090.0	1.0000000
1	7250.0000	3750.000	184.16579	0.0	0.0	3090.0	1.0000000
1	7150.0000	4350.000	169.49997	0.0	0.0	3090.0	1.0000000
1	7350.0000	4550.000	169.49998	0.0	0.0	3090.0	1.0000000
1	7450.0000	4750.000	169.50000	0.0	0.0	3090.0	1.0000000
1	7650.0000	4650.000	169.49998	0.0	0.0	3090.0	1.0000000
1	7650.0000	4650.000	169.49997	0.0	0.0	3090.0	1.0000000
1	7850.0000	4350.000	169.49997	0.0	0.0	3090.0	1.0000000
1	7950.0000	4350.000	169.49997	0.0	0.0	3090.0	1.0000000
1	7950.0000	4150.000	169.50005	0.0	0.0	3090.0	1.0000000
37	7967.5015	3886.844	440.65247	0.0	0.0	60.0	1.4399996
37	7953.3438	3883.465	440.65253	0.0	0.0	0.0	1.4599996
1	6400.0000	5600.000	169.62903	0.0	0.0	-90.0	1.0000000
1	7900.0000	4800.000	169.50003	0.0	0.0	-90.0	1.0000000
15	6550.0000	4950.000	169.50000	5.0	0.0	750.0	1.0000000
35	6500.0000	4950.000	169.49998	5.0	0.0	750.0	1.0000000
31	6503.1304	5504.562	154.50000	5.0	0.0	750.0	1.0000000
32	6520.6465	5637.365	129.50003	5.0	0.0	690.0	1.0000000
33	6699.8560	5713.961	129.50000	5.0	0.0	630.0	1.0000000
33	6746.7949	5978.322	124.50005	5.0	0.0	390.0	1.0000000
34	6700.0000	5550.000	169.50003	-5.0	0.0	1140.0	1.0000000
35	6450.0000	4950.000	169.50000	5.0	0.0	930.0	1.0000000
35	7750.0000	5250.000	169.49998	-5.0	0.0	1290.0	1.0000000
35	7750.0000	5250.000	169.50002	-5.0	0.0	1500.0	1.1999998
35	7650.0000	5700.000	169.49998	-5.0	0.0	1470.0	1.0000000
11	7850.0000	5300.000	169.49998	-5.0	0.0	1470.0	1.0000000
11	7750.0000	5150.000	169.49997	-5.0	0.0	1470.0	1.0000000
11	7700.0000	5700.000	169.49997	-5.0	0.0	1470.0	1.0000000
13	6500.0000	5000.000	169.50002	-5.0	0.0	1470.0	1.0000000
13	7650.0000	5650.000	169.49998	-5.0	0.0	1470.0	1.0000000
13	7900.0000	5200.000	169.49998	-5.0	0.0	1470.0	1.0000000
12	7400.0000	6300.000	169.49998	-5.0	0.0	1380.0	1.0000000
32	7304.1685	6075.136	200.58205	0.0	0.0	-60.0	1.0000000
13	7710.3330	4927.051	171.76071	0.0	0.0	750.0	1.0000000
13	7850.0000	5050.000	169.50000	0.0	0.0	750.0	1.0000000
1	7750.0000	5250.000	170.99557	0.0	0.0	3090.0	1.0000000
1	7650.0000	5650.000	170.29790	0.0	0.0	3090.0	1.0000000
1	7750.0000	5650.000	169.50002	0.0	0.0	3090.0	1.0000000
1	6450.0000	4950.000	169.50002	0.0	0.0	3090.0	1.0000000
1	6550.0000	4950.000	169.49997	0.0	0.0	3090.0	1.0000000
37	7038.5801	5140.205	485.42834	0.0	0.0	-30.0	1.4799995
37	7036.0874	5204.218	491.05151	0.0	0.0	150.0	1.3199997
37	6955.3564	5287.207	499.09937	0.0	0.0	180.0	1.0000000
12	7450.0000	6400.000	169.50000	-5.0	0.0	1470.0	1.0000000
35	6650.0000	6650.000	169.49998	5.0	0.0	750.0	1.0000000
35	6650.0000	6650.000	169.50003	15.0	0.0	4380.0	1.3999996
35	6650.0000	6650.000	169.50003	-5.0	0.0	1290.0	1.0000000
11	6750.0000	6700.000	169.50003	-5.0	0.0	1470.0	1.0000000
11	6600.0000	6600.000	169.50003	-5.0	0.0	1470.0	1.0000000
12	6550.0000	6800.000	169.50000	-5.0	0.0	1470.0	1.0000000
13	6700.0000	6800.000	169.50000	-5.0	0.0	1470.0	1.0000000
12	7150.0000	6700.000	169.50000	-5.0	0.0	1470.0	1.0000000
12	7250.0000	6500.000	169.49997	-5.0	0.0	1560.0	1.0000000
12	7150.0000	6800.000	169.49998	-5.0	0.0	1380.0	1.0000000
11	7600.0000	6450.000	169.50002	-5.0	0.0	1380.0	1.0000000
5	7805.3296	8306.130	196.03831	-720.0	0.0	5400.0	1.0000000
5	7168.2412	8704.828	196.03827	-720.0	0.0	5400.0	1.0000000
5	6612.7451	9136.811	196.03825	-720.0	0.0	5400.0	1.0000000
1	7250.0000	9250.000	169.49997	0.0	0.0	3420.0	1.0000000
1	7250.0000	9150.000	169.49997	0.0	0.0	3420.0	1.0000000
1	7350.0000	9150.000	169.49997	0.0	0.0	3420.0	1.0000000
1	7450.0000	9150.000	169.49997	0.0	0.0	3420.0	1.0000000
1	7550.0000	9050.000	169.49997	0.0	0.0	3420.0	1.0000000
1	7550.0000	8950.000	169.49997	0.0	0.0	3420.0	1.0000000
1	7650.0000	8950.000	169.49997	0.0	0.0	3420.0	1.0000000
1	7750.0000	8950.000	169.49997	0.0	0.0	3420.0	1.0000000
1	7850.0000	8950.000	169.49997	0.0	0.0	3420.0	1.0000000
1	7950.0000	8950.000	169.49997	0.0	0.0	3420.0	1.0000000
1	7950.0000	9350.000	169.50002	0.0	0.0	3420.0	1.0000000
1	7950.0000	9450.000	169.50002	0.0	0.0	3420.0	1.0000000
1	7950.0000	9450.000	169.49997	0.0	0.0	3420.0	1.0000000
1	7950.0000	9550.000	169.49998	0.0	0.0	3420.0	1.0000000
1	7950.0000	9550.000	169.50000	0.0	0.0	3420.0	1.0000000
1	7950.0000	9450.000	169.50005	0.0	0.0	3420.0	1.0000000
1	7450.0000	8950.000	169.50002	0.0	0.0	3420.0	1.0000000
1	7167.9336	9118.290	169.50002	0.0	0.0	3420.0	1.0000000
4	6782.3042	9386.748	196.03828	-720.0	0.0	5280.0	1.0000000
1	7028.2061	9181.071	169.49997	0.0	0.0	3420.0	1.0000000
1	6890.1289	9204.414	169.49997	0.0	0.0	3420.0	1.0000000
1	6809.5552	9220.064	169.49998	0.0	0.0	3420.0	1.0000000
1	6684.2983	9128.660	169.50002	0.0	0.0	3420.0	1.0000000
1	7244.1895	8983.133	169.50000	0.0	0.0	3420.0	1.0000000
1	7101.6377	9054.523	169.50005	0.0	0.0	3420.0	1.0000000
1	6482.4980	9266.815	169.50009	0.0	0.0	3420.0	1.0000000
1	6568.0474	9186.027	169.49998	0.0	0.0	3420.0	1.0000000
1	6409.5522	9209.175	169.49994	0.0	0.0	3420.0	1.0000000
1	6923.3081	9089.380	169.49998	0.0	0.0	3420.0	1.0000000
35	7835.8652	9040.200	124.49997	0.0	0.0	2850.0	1.0000000
35	7784.1074	9045.192	124.50000	10.0	0.0	3060.0	1.4599996
35	7754.7900	9075.279	124.50003	10.0	0.0	2910.0	1.2399998
35	6856.0454	9285.967	124.50002	10.0	0.0	2910.0	1.0000000
4	7597.9399	10736.884	219.50005	-720.0	0.0	4920.0	1.0000000
4	6576.4761	11028.429	181.03825	-720.0	0.0	5190.0	1.4199996
4	7262.7817	10183.271	196.03830	-720.0	0.0	5250.0	1.2999997
1	7450.0000	9950.000	169.49997	0.0	0.0	3420.0	1.0000000
1	7550.0000	10050.000	169.49997	0.0	0.0	3420.0	1.0000000
1	7650.0000	10050.000	169.49997	0.0	0.0	3420.0	1.0000000
1	7750.0000	10050.000	169.49997	0.0	0.0	3420.0	1.0000000
1	7850.0000	10050.000	169.49997	0.0	0.0	3420.0	1.0000000
1	7950.0000	10050.000	169.49997	0.0	0.0	3420.0	1.0000000
1	7850.0000	10050.000	169.49997	0.0	0.0	3420.0	1.0000000
1	7750.0000	10050.000	169.49997	0.0	0.0	3420.0	1.0000000
1	7650.0000	10150.000	169.49997	0.0	0.0	3420.0	1.0000000
1	7550.0000	10050.000	169.49997	0.0	0.0	3420.0	1.0000000
1	7450.0000	9950.000	169.49997	0.0	0.0	3420.0	1.0000000
1	7950.0000	9850.000	169.49997	0.0	0.0	3420.0	1.0000000
1	7950.0000	9850.000	169.49997	0.0	0.0	3420.0	1.0000000
1	7850.0000	9850.000	169.49997	0.0	0.0	3420.0	1.0000000
1	7750.0000	9750.000	169.49997	0.0	0.0	3420.0	1.0000000
1	7650.0000	9650.000	169.49997	0.0	0.0	3420.0	1.0000000
1	7650.0000	9650.000	169.49997	0.0	0.0	3420.0	1.0000000
1	7950.0000	9850.000	169.50000	0.0	0.0	3420.0	1.0000000
1	6650.0000	10550.000	169.49997	0.0	0.0	3420.0	1.0000000
1	6550.0000	10550.000	169.49998	0.0	0.0	3420.0	1.0000000
1	6650.0000	10350.000	169.50002	0.0	0.0	3420.0	1.0000000
1	6850.0000	10250.000	169.49995	0.0	0.0	3420.0	1.0000000
1	6450.0000	10950.000	169.49998	0.0	0.0	3420.0	1.0000000
1	6450.0000	10950.000	169.49998	0.0	0.0	3420.0	1.0000000
1	6750.0000	10850.000	169.49998	0.0	0.0	3420.0	1.0000000
1	7050.0000	10650.000	169.49998	0.0	0.0	3420.0	1.0000000
1	7150.0000	10650.000	169.49997	0.0	0.0	3420.0	1.0000000
1	7250.0000	10650.000	169.49998	0.0	0.0	3420.0	1.0000000
1	7250.0000	10650.000	169.49998	0.0	0.0	3420.0	1.0000000
1	6850.0000	10850.000	169.50002	0.0	0.0	3420.0	1.0000000
1	7350.0000	10850.000	169.50002	0.0	0.0	3420.0	1.0000000
1	7250.0000	11050.000	169.49997	0.0	0.0	3420.0	1.0000000
1	6750.0000	11150.000	169.50002	0.0	0.0	3420.0	1.0000000
1	6950.0000	10750.000	169.49997	0.0	0.0	3420.0	1.0000000
1	6950.0000	10650.000	169.49998	0.0	0.0	3420.0	1.0000000
1	7050.0000	10350.000	169.50002	0.0	0.0	3420.0	1.0000000
1	6950.0000	10550.000	169.49998	0.0	0.0	3420.0	1.0000000
1	6850.0000	10850.000	169.50000	0.0	0.0	3420.0	1.0000000
1	6950.0000	11150.000	169.49998	0.0	0.0	3420.0	1.0000000
1	7050.0000	11050.000	169.50002	0.0	0.0	3420.0	1.0000000
1	7250.0000	11050.000	169.49997	0.0	0.0	3420.0	1.0000000
1	7250.0000	10950.000	169.50003	0.0	0.0	3420.0	1.0000000
1	7150.0000	11150.000	169.50003	0.0	0.0	3420.0	1.0000000
1	6750.0000	10750.000	169.50003	0.0	0.0	3420.0	1.0000000
1	6450.0000	10850.000	169.49998	0.0	0.0	3420.0	1.0000000
1	6750.0000	10350.000	169.50005	0.0	0.0	3420.0	1.0000000
1	7350.0000	10950.000	169.50002	0.0	0.0	3420.0	1.0000000
1	7450.0000	10950.000	169.49995	0.0	0.0	3420.0	1.0000000
1	7550.0000	10850.000	169.50005	0.0	0.0	3420.0	1.0000000
1	7014.4639	10459.229	169.49997	0.0	0.0	3420.0	1.0000000
1	6450.0000	10950.000	169.49998	0.0	0.0	3420.0	1.0000000
1	7556.4404	9972.512	169.49998	0.0	0.0	3420.0	1.0000000
1	7326.0039	10130.448	169.50000	0.0	0.0	3420.0	1.0000000
1	7246.7485	10280.743	169.49997	0.0	0.0	3420.0	1.0000000
1	7760.2256	9922.001	169.49995	0.0	0.0	3420.0	1.0000000
1	7633.7129	9961.326	169.49998	0.0	0.0	3420.0	1.0000000
1	7562.8745	10369.575	169.50002	0.0	0.0	3420.0	1.0000000
1	7640.9829	10429.117	169.49998	0.0	0.0	3420.0	1.0000000
1	7444.8135	10546.731	169.49997	0.0	0.0	3420.0	1.0000000
1	7355.4937	10678.831	169.50000	0.0	0.0	3420.0	1.0000000
1	7384.7300	10516.258	169.49997	0.0	0.0	3420.0	1.0000000
1	7356.1318	10476.622	169.49998	0.0	0.0	3420.0	1.0000000
1	7678.4722	10613.747	169.49997	0.0	0.0	3420.0	1.0000000
1	7560.5352	10722.791	169.49995	0.0	0.0	3420.0	1.0000000
1	7826.5210	10230.966	169.49992	0.0	0.0	3420.0	1.0000000
1	7605.2920	10948.554	169.49992	0.0	0.0	3420.0	1.0000000
35	7119.8462	10889.629	174.49997	0.0	0.0	3270.0	1.2799997
35	7146.2627	10868.711	174.49997	0.0	0.0	3360.0	1.2599998
35	7123.7998	10859.979	124.49998	0.0	0.0	2880.0	1.0000000
35	7722.6704	9939.390	124.50000	0.0	0.0	2880.0	1.4999995
35	7721.9468	9955.982	124.49997	0.0	0.0	3030.0	1.6599994
35	7724.0903	9906.832	124.50002	0.0	0.0	2850.0	1.0000000
35	6841.2891	10654.415	124.50002	10.0	0.0	2910.0	1.0000000
35	7420.1035	10572.562	124.49998	10.0	0.0	2910.0	1.0000000
4	7416.4033	11799.490	219.50005	-720.0	0.0	4920.0	1.0000000
4	7388.1709	11380.881	219.50000	-720.0	0.0	4920.0	1.0000000
4	7450.0000	12650.000	169.50000	-720.0	0.0	4920.0	1.0000000
4	6561.8647	11706.357	181.03828	-720.0	0.0	4920.0	1.4799995
11	7850.0000	11750.000	169.50000	0.0	0.0	720.0	1.0000000
11	7650.0000	12050.000	170.85138	0.0	0.0	720.0	1.0000000
11	7550.0000	12450.000	169.50000	0.0	0.0	720.0	1.0000000
11	7450.0000	12250.000	172.52734	0.0	0.0	720.0	1.0000000
11	7250.0000	12750.000	169.49998	0.0	0.0	720.0	1.0000000
11	6850.0000	12750.000	169.50000	0.0	0.0	720.0	1.0000000
16	7728.1270	12726.388	189.49997	0.0	0.0	1530.0	1.0000000
14	7494.7021	12687.779	189.50000	0.0	0.0	1530.0	1.0000000
14	7350.0000	12650.000	169.50002	0.0	0.0	1530.0	1.0000000
14	6950.0000	12350.000	169.49998	0.0	0.0	1530.0	1.0000000
14	6850.0000	12650.000	169.49998	0.0	0.0	1530.0	1.0000000
13	7083.8413	12760.295	178.31001	360.0	0.0	270.0	1.0000000
13	6944.3276	12733.796	169.49995	0.0	0.0	1530.0	1.0000000
13	7154.5742	12785.472	169.50000	0.0	0.0	1530.0	1.0000000
13	7403.7559	12680.272	169.50002	0.0	0.0	1530.0	1.0000000
13	7420.2803	12540.770	169.50002	0.0	0.0	1530.0	1.0000000
13	7422.4062	12344.854	169.49995	0.0	0.0	1530.0	1.0000000
13	7546.7334	12176.071	186.93326	0.0	0.0	1530.0	1.0000000
13	7591.0908	12595.427	169.49998	0.0	0.0	1530.0	1.0000000
13	7639.8516	12703.995	169.49997	0.0	0.0	1530.0	1.0000000
13	7781.7256	12771.546	169.49998	0.0	0.0	1530.0	1.0000000
13	7722.1372	11914.875	169.50003	0.0	0.0	1530.0	1.0000000
13	7844.3438	11591.336	169.50003	0.0	0.0	1530.0	1.0000000
13	6847.5591	12534.725	169.50000	0.0	0.0	1530.0	1.0000000
13	7975.5166	11520.352	169.50002	0.0	0.0	1530.0	1.0000000
1	6950.0000	11250.000	169.50000	0.0	0.0	3420.0	1.0000000
1	6850.0000	11350.000	169.50002	0.0	0.0	3420.0	1.0000000
1	6650.0000	11550.000	169.50000	0.0	0.0	3420.0	1.0000000
1	6750.0000	11350.000	169.49997	0.0	0.0	3420.0	1.0000000
1	6750.0000	11450.000	169.50002	0.0	0.0	3420.0	1.0000000
1	6567.7314	11315.916	169.49998	0.0	0.0	3420.0	1.0000000
1	6637.1870	11425.320	169.50002	0.0	0.0	3420.0	1.0000000
1	7093.6562	11327.651	169.49998	0.0	0.0	3420.0	1.0000000
1	6975.9121	11636.555	169.50003	0.0	0.0	3420.0	1.0000000
1	6826.4814	11774.666	169.49998	0.0	0.0	3420.0	1.0000000
1	6463.4897	11507.853	169.50002	0.0	0.0	3420.0	1.0000000
35	6873.9312	11307.967	124.49997	10.0	0.0	2910.0	1.0000000
35	6599.8779	11523.943	124.49998	10.0	0.0	3120.0	1.0000000
4	7050.0000	13250.000	171.97052	-720.0	0.0	4920.0	1.0000000
4	6850.0000	13050.000	169.50000	-720.0	0.0	4920.0	1.0000000
14	6950.0000	13050.000	169.49998	0.0	0.0	1530.0	1.0000000
14	6450.0000	13050.000	169.49998	0.0	0.0	1530.0	1.0000000
14	6650.0000	13050.000	169.49997	0.0	0.0	1530.0	1.0000000
14	6550.0000	12950.000	169.50000	0.0	0.0	1530.0	1.0000000
13	6664.2793	12904.157	178.31006	360.0	0.0	270.0	1.0000000
13	6791.3193	12811.800	178.31006	360.0	0.0	270.0	1.0000000
13	6731.3906	13066.664	169.49998	0.0	0.0	1530.0	1.0000000
13	6851.6035	13085.639	169.49995	0.0	0.0	1530.0	1.0000000
14	6943.0244	13194.977	169.50005	0.0	0.0	1530.0	1.0000000
13	6709.6450	13115.203	219.50000	-720.0	0.0	4800.0	1.0000000
13	6566.9644	14348.157	219.50005	-720.0	0.0	4800.0	1.0000000
13	6681.4111	14262.522	219.50006	-720.0	0.0	4800.0	1.0000000
13	6797.4136	14263.857	219.50002	-720.0	0.0	4800.0	1.0000000
13	6923.9805	14233.620	220.21941	-720.0	0.0	4800.0	1.0000000
13	6541.8975	14239.176	163.28941	360.0	0.0	240.0	1.0000000
13	6547.7061	14127.098	163.28938	360.0	0.0	240.0	1.0000000
13	6558.9038	14010.856	163.28938	360.0	0.0	240.0	1.0000000
13	7036.9487	14205.002	181.03984	360.0	0.0	240.0	1.0000000
13	7120.2065	14107.722	187.88402	360.0	0.0	240.0	1.0000000
13	7213.5054	14158.224	198.87163	360.0	0.0	240.0	1.0000000
13	7324.5127	14119.780	200.45975	360.0	0.0	240.0	1.0000000
13	7382.8682	14185.098	209.24413	360.0	0.0	240.0	1.0000000
13	7477.4761	14129.111	187.77371	360.0	0.0	240.0	1.0000000
13	7491.6680	14214.182	194.78911	360.0	0.0	240.0	1.0000000
13	7598.0117	14298.482	197.69994	360.0	0.0	240.0	1.0000000
13	7529.3970	14099.132	176.68965	360.0	0.0	240.0	1.0000000
13	7584.4800	14008.200	180.98393	360.0	0.0	240.0	1.0000000
26	7714.9790	13538.457	178.94290	0.0	0.0	750.0	0.6600003
26	7601.0654	13540.430	178.94286	0.0	0.0	600.0	0.4800005
13	6470.2725	14490.438	219.50002	-720.0	0.0	4800.0	1.0000000
13	7623.0537	14424.299	187.17734	360.0	0.0	240.0	1.0000000
13	7661.0249	14541.768	191.29970	360.0	0.0	240.0	1.0000000
13	7653.8740	14647.815	198.29446	360.0	0.0	240.0	1.0000000
1	7050.0000	15450.000	171.00002	0.0	0.0	210.0	1.0000000
1	7150.0000	15450.000	173.13144	0.0	0.0	210.0	1.0000000
1	7850.0000	15850.000	187.28194	0.0	0.0	210.0	1.0000000
5	6950.0000	15550.000	180.46225	0.0	0.0	810.0	1.0000000
5	7050.0000	15550.000	176.06435	0.0	0.0	810.0	1.0000000
5	6650.0000	15550.000	191.90787	0.0	0.0	810.0	1.0000000
5	6450.0000	15550.000	190.62450	0.0	0.0	810.0	1.0000000
5	7450.0000	15850.000	171.06317	0.0	0.0	810.0	1.0000000
5	7850.0000	15950.000	195.83553	0.0	0.0	810.0	1.0000000
5	7950.0000	15950.000	183.62889	0.0	0.0	810.0	1.0000000
26	7023.4170	14789.162	178.94284	0.0	0.0	600.0	0.4400004
26	7747.7598	15298.116	178.94286	0.0	0.0	900.0	0.2400004
26	6852.9600	14848.854	178.94287	0.0	0.0	1110.0	0.5200005
4	6842.4165	17160.629	245.68492	-5.0	0.0	990.0	1.0000000
4	6788.3408	17205.033	247.09631	-5.0	0.0	900.0	1.0000000
4	7672.0464	17459.777	223.84355	-5.0	0.0	900.0	1.0000000
1	6445.9404	16889.727	184.63266	360.0	0.0	258.0	0.9700000
13	6550.0000	16550.000	214.90976	0.0	0.0	450.0	1.0000000
13	6450.0000	16450.000	208.00803	0.0	0.0	450.0	1.0000000
13	6750.0000	17150.000	201.34236	0.0	0.0	450.0	1.0000000
13	6850.0000	17150.000	200.79396	0.0	0.0	450.0	1.0000000
13	7050.0000	17150.000	191.31175	0.0	0.0	450.0	1.0000000
13	7150.0000	17150.000	187.84975	0.0	0.0	450.0	1.0000000
13	7250.0000	17150.000	172.93813	0.0	0.0	450.0	1.0000000
13	6850.0000	17150.000	212.22844	0.0	0.0	450.0	1.0000000
13	6950.0000	17150.000	215.52516	0.0	0.0	450.0	1.0000000
13	6950.0000	17250.000	205.90559	0.0	0.0	450.0	1.0000000
13	6850.0000	17350.000	229.95131	0.0	0.0	450.0	1.0000000
13	7950.0000	17050.000	219.67204	0.0	0.0	450.0	1.0000000
34	7750.0000	17250.000	229.96436	0.0	0.0	5120.0	1.0000000
34	6850.0000	17150.000	204.05377	0.0	0.0	5120.0	1.0000000
34	6450.0000	17150.000	180.52049	0.0	0.0	5120.0	1.0000000
1	6450.0000	16550.000	218.59637	0.0	0.0	210.0	1.0000000
1	7850.0000	16350.000	195.80774	0.0	0.0	210.0	1.0000000
1	7950.0000	16250.000	197.64174	0.0	0.0	210.0	1.0000000
1	7950.0000	16150.000	184.37988	0.0	0.0	210.0	1.0000000
1	7850.0000	16050.000	170.09157	0.0	0.0	210.0	1.0000000
5	6950.0000	17250.000	206.10600	0.0	0.0	810.0	1.0000000
5	6950.0000	17250.000	215.99478	0.0	0.0	810.0	1.0000000
5	6750.0000	17150.000	200.50830	0.0	0.0	810.0	1.0000000
5	6550.0000	16650.000	206.54707	0.0	0.0	810.0	1.0000000
5	7950.0000	16150.000	197.60919	0.0	0.0	810.0	1.0000000
5	7850.0000	16150.000	210.58327	0.0	0.0	810.0	1.0000000
34	7950.0000	17550.000	169.50000	0.0	0.0	3000.0	1.0000000
26	6400.0000	18750.000	140.75912	0.0	0.0	150.0	0.6600003
4	7417.8818	18134.602	214.49998	-5.0	0.0	900.0	1.0000000
1	6518.9028	18889.336	169.50000	360.0	0.0	56.0	1.0100000
4	7292.6885	18619.932	217.49150	-5.0	0.0	1020.0	1.0000000
4	7116.9062	19012.406	198.14099	-5.0	0.0	1020.0	1.2399998
2	7436.1367	18762.238	145.61845	360.0	0.0	30.0	1.0000000
2	7493.9141	19153.766	154.23505	360.0	0.0	30.0	1.0000000
2	7930.8667	18398.355	159.38109	360.0	0.0	120.0	1.0000000
26	6900.0000	18050.000	151.01842	0.0	0.0	150.0	0.6000004
35	7643.1328	18210.080	149.55661	0.0	0.0	3000.0	1.0000000
35	7420.0464	18743.941	157.18608	0.0	0.0	3000.0	1.0000000
4	6698.2881	19334.486	214.49998	-5.0	0.0	1080.0	1.4199996
1	6650.0000	20650.000	169.50003	0.0	0.0	60.0	1.0000000
1	7150.0000	20050.000	169.49998	0.0	0.0	60.0	1.0000000
1	7250.0000	19550.000	169.49997	0.0	0.0	60.0	1.0000000
1	7750.0000	19450.000	180.28584	0.0	0.0	60.0	1.0000000
1	7750.0000	20750.000	169.50002	0.0	0.0	60.0	1.0000000
1	7100.9028	19807.336	169.50003	360.0	0.0	279.0	1.0000000
1	7952.9028	19685.336	174.34755	360.0	0.0	45.0	1.0700001
1	6527.9028	19733.336	169.50000	360.0	0.0	159.0	1.0200000
1	7750.9028	20396.336	169.50000	360.0	0.0	248.0	1.0100000
1	7804.9038	20303.414	169.49998	360.0	0.0	279.0	1.0000000
1	7044.9038	20300.414	169.50000	360.0	0.0	140.0	0.9600000
1	7499.9038	19393.414	188.18140	360.0	0.0	142.0	0.9600000
1	6979.9038	19857.414	169.50000	360.0	0.0	201.0	1.0200000
1	7579.9038	19695.414	169.50000	360.0	0.0	37.0	0.9500000
1	7014.9038	20137.414	169.50000	360.0	0.0	163.0	0.9900000
1	7725.9038	19994.414	169.50000	360.0	0.0	53.0	1.0100000
1	7689.9038	19365.414	183.65245	360.0	0.0	4.0	0.9800000
1	6989.9038	20574.414	169.50000	360.0	0.0	169.0	0.9200000
1	7394.1963	20051.469	169.50000	360.0	0.0	16.0	1.0100000
1	7492.1963	20518.469	169.50000	360.0	0.0	282.0	1.0500000
1	7642.1963	19918.469	169.50000	360.0	0.0	50.0	0.9800000
2	7376.7754	20564.695	169.50000	360.0	0.0	164.0	1.0500000
2	6413.9570	20694.008	169.50000	360.0	0.0	12.0	0.9800000
12	6652.2798	20368.727	169.50000	360.0	0.0	63.0	1.0000000
12	7167.6074	20206.953	169.50000	360.0	0.0	90.0	0.9300000
12	7668.6074	20340.953	169.50000	360.0	0.0	70.0	1.0400000
12	6982.6074	20308.953	169.50000	360.0	0.0	43.0	0.9900000
12	7390.8032	20617.330	169.50000	360.0	0.0	143.0	1.0599999
12	7997.7261	20003.668	169.50000	360.0	0.0	165.0	1.0000000
12	7689.4814	20794.006	169.50000	360.0	0.0	213.0	1.0400000
12	7843.4814	20259.006	169.50000	360.0	0.0	139.0	0.9800000
12	7504.4814	20481.006	169.50000	360.0	0.0	8.0	1.0700001
12	7323.2080	19626.109	169.49998	360.0	0.0	224.0	1.0000000
12	6824.2080	19881.109	169.50000	360.0	0.0	339.0	0.9400000
12	6969.2080	20385.109	169.50000	360.0	0.0	70.0	1.0500000
12	7116.6934	19614.861	169.50003	360.0	0.0	224.0	1.0000000
12	6416.6934	20506.861	169.50000	360.0	0.0	263.0	0.9800000
12	6867.6934	19838.861	169.50000	360.0	0.0	255.0	1.0000000
12	7347.6934	19468.861	170.61383	360.0	0.0	27.0	0.9400000
12	7807.6934	19990.861	169.50000	360.0	0.0	127.0	1.0100000
12	6554.6934	20566.861	169.50000	360.0	0.0	16.0	0.9700000
12	7771.6934	20211.861	169.50000	360.0	0.0	152.0	0.9700000
12	7259.6177	19873.902	169.50005	360.0	0.0	224.0	1.0000000
12	6916.6177	19755.902	169.50000	360.0	0.0	46.0	0.9400000
12	6540.6177	19774.902	169.50000	360.0	0.0	239.0	0.9800000
12	7496.6177	19978.902	169.50000	360.0	0.0	56.0	0.9400000
12	6925.6177	20758.902	169.50000	360.0	0.0	259.0	0.9600000
12	6894.6177	20554.902	169.50000	360.0	0.0	68.0	1.0100000
12	7128.2271	19964.814	169.50003	360.0	0.0	224.0	1.0000000
12	7958.2271	20388.814	169.50000	360.0	0.0	181.0	0.9900000
12	6496.2271	19604.814	180.86844	360.0	0.0	119.0	1.0400000
12	7276.2271	20358.814	169.50000	360.0	0.0	203.0	0.9400000
12	6776.1968	20191.762	169.50000	360.0	0.0	126.0	1.0000000
12	6662.7812	20534.447	169.50000	360.0	0.0	90.0	1.0000000
35	7755.5474	19448.900	161.39021	0.0	0.0	3000.0	1.0000000
35	7718.4907	20013.633	149.55667	0.0	0.0	3000.0	1.0000000
35	7161.7573	20044.482	151.27756	0.0	0.0	3000.0	1.0000000
35	6942.3599	20633.334	149.55666	0.0	0.0	3000.0	1.0000000
4	6850.0000	22250.000	169.49997	0.0	0.0	-450.0	1.4399996
1	6450.0000	21450.000	169.50003	0.0	0.0	60.0	1.0000000
1	7650.0000	20850.000	169.49997	0.0	0.0	60.0	1.0000000
1	7150.0000	21650.000	169.50000	0.0	0.0	60.0	1.0000000
15	6550.0000	22350.000	215.08180	360.0	0.0	5070.0	1.0000000
15	6850.0000	22350.000	171.86516	360.0	0.0	5070.0	1.0000000
15	6950.0000	22250.000	169.50000	360.0	0.0	5070.0	1.0000000
15	6450.0000	22150.000	205.86009	360.0	0.0	5070.0	1.0000000
1	7796.1963	21262.469	169.50000	360.0	0.0	270.0	1.0400000
1	7453.1963	21454.469	169.50000	360.0	0.0	93.0	1.0000000
1	7844.1963	21758.469	169.50000	360.0	0.0	231.0	1.0000000
2	7757.7754	21607.695	169.50000	360.0	0.0	306.0	0.9400000
2	7124.2700	22019.197	169.50000	360.0	0.0	305.0	1.0400000
2	6508.0396	21961.305	170.34566	360.0	0.0	54.0	1.0799999
2	6789.0396	21723.305	169.50000	360.0	0.0	108.0	1.0200000
2	7016.1074	21402.449	169.50000	360.0	0.0	69.0	1.0300000
2	6616.1074	20854.449	169.50000	360.0	0.0	58.0	1.0899999
2	7768.5684	22306.094	134.50003	360.0	0.0	300.0	1.0000000
2	7493.1895	21083.250	169.50002	360.0	0.0	287.0	0.9800000
12	7136.2798	21158.727	169.49998	360.0	0.0	224.0	1.0000000
12	6978.2798	21859.727	169.50000	360.0	0.0	253.0	0.9400000
12	6971.2798	21945.727	169.50000	360.0	0.0	107.0	1.0400000
12	7600.2798	21751.727	169.50000	360.0	0.0	65.0	0.9500000
12	7785.2798	21844.727	169.50000	360.0	0.0	251.0	0.9500000
12	6667.2798	21560.727	169.50000	360.0	0.0	171.0	0.9200000
12	7446.6074	20834.953	169.50003	360.0	0.0	224.0	1.0000000
12	7890.6074	21354.953	169.50000	360.0	0.0	132.0	1.0700001
12	6711.6074	20900.953	169.50000	360.0	0.0	240.0	1.0599999
12	7294.6074	21779.953	169.50000	360.0	0.0	67.0	0.9200000
12	7835.6074	20806.953	169.50000	360.0	0.0	352.0	1.0200000
12	7338.8032	21370.330	169.50002	360.0	0.0	224.0	1.0000000
12	6504.8032	21313.330	169.50000	360.0	0.0	342.0	0.9200000
12	7219.8032	22114.330	169.50000	360.0	0.0	316.0	1.0400000
12	7029.8032	21418.330	169.50000	360.0	0.0	66.0	0.9800000
12	7497.8032	22347.330	169.50000	360.0	0.0	82.0	1.0000000
12	6682.8032	22164.330	180.13199	360.0	0.0	242.0	1.0000000
12	7284.7261	20923.668	169.49997	360.0	0.0	224.0	1.0000000
12	7345.7261	21671.668	169.50000	360.0	0.0	208.0	0.9500000
12	7134.7261	21462.668	169.50000	360.0	0.0	191.0	0.9500000
12	7836.7261	20923.668	169.50000	360.0	0.0	328.0	0.9400000
12	6754.7261	21782.668	169.50000	360.0	0.0	180.0	0.9600000
12	6886.4814	21224.006	169.50000	360.0	0.0	224.0	1.0000000
12	7047.4814	21249.006	169.50000	360.0	0.0	234.0	0.9700000
12	6915.4814	21467.006	169.50000	360.0	0.0	224.0	0.9500000
12	7542.4814	21694.006	169.50000	360.0	0.0	119.0	0.9300000
12	6551.6177	20868.902	169.50000	360.0	0.0	237.0	0.9300000
12	6532.0122	22083.875	182.74811	360.0	0.0	328.0	1.0500000
12	6498.0122	22036.875	177.09210	360.0	0.0	165.0	0.9300000
12	6892.2949	21523.191	169.49998	360.0	0.0	195.0	0.9900000
32	6733.5508	22369.275	127.92825	370.0	0.0	534.0	1.0000000
11	7350.0000	21850.000	170.87184	0.0	0.0	5060.0	1.0000000
11	7450.0000	21950.000	190.36855	0.0	0.0	5060.0	1.0000000
11	7350.0000	22050.000	196.93732	0.0	0.0	5060.0	1.0000000
11	7150.0000	21950.000	169.50003	0.0	0.0	5060.0	1.0000000
11	7150.0000	21850.000	169.50003	0.0	0.0	5060.0	1.0000000
11	7150.0000	21850.000	169.49997	0.0	0.0	5060.0	1.0000000
11	6850.0000	22350.000	172.18227	0.0	0.0	5060.0	1.0000000
11	6850.0000	22350.000	170.70889	0.0	0.0	5060.0	1.0000000
11	6750.0000	22250.000	179.23534	0.0	0.0	5060.0	1.0000000
4	6400.0000	22500.000	169.49998	0.0	0.0	-540.0	1.0000000
1	6513.0396	23672.592	169.50002	0.0	0.0	0.0	1.0999999
4	6700.0000	22950.000	186.87767	0.0	0.0	-540.0	1.0000000
4	7050.0000	22950.000	191.61058	0.0	0.0	-570.0	1.0000000
4	6750.0000	23800.000	169.50003	0.0	0.0	-570.0	1.0000000
4	7200.0000	23700.000	169.50003	0.0	0.0	-570.0	1.0000000
5	7250.0000	23650.000	169.50003	0.0	0.0	720.0	1.0000000
5	6767.5835	23938.625	169.50003	0.0	0.0	720.0	1.0000000
5	7724.2529	23619.451	174.62108	0.0	0.0	780.0	1.2999997
5	7897.6880	23940.131	169.49998	0.0	0.0	780.0	1.0000000
4	7076.2314	23170.883	180.01700	5.0	0.0	570.0	1.8599992
34	6749.8394	23922.764	89.50002	360.0	0.0	4050.0	1.0000000
34	7133.1318	22932.551	118.39073	360.0	0.0	4050.0	1.0000000
36	7927.1445	23430.666	197.38446	360.0	0.0	4740.0	1.3399997
36	6929.3032	23989.945	160.01315	360.0	0.0	4740.0	1.2199998
36	7252.6924	23665.688	160.01315	360.0	0.0	4740.0	1.2199998
36	6993.8496	23698.439	155.01315	360.0	0.0	4410.0	1.0000000
15	6950.0000	23150.000	173.16895	360.0	0.0	5070.0	1.0000000
15	6850.0000	22950.000	201.00725	360.0	0.0	5070.0	1.0000000
15	6750.0000	23150.000	184.30107	360.0	0.0	5070.0	1.0000000
15	6950.0000	23150.000	174.62752	360.0	0.0	5070.0	1.0000000
15	6950.0000	22950.000	197.33441	360.0	0.0	5070.0	1.0000000
15	7150.0000	22950.000	201.82584	360.0	0.0	5070.0	1.0000000
15	7250.0000	22950.000	228.87488	360.0	0.0	5070.0	1.0000000
15	7350.0000	23150.000	187.50632	360.0	0.0	5070.0	1.0000000
15	7150.0000	23150.000	171.03119	360.0	0.0	5070.0	1.0000000
15	7250.0000	23050.000	195.83714	360.0	0.0	5070.0	1.0000000
15	6550.0000	22450.000	201.04294	360.0	0.0	5070.0	1.0000000
15	6650.0000	22450.000	195.94473	360.0	0.0	5070.0	1.0000000
15	7750.0000	22550.000	169.50002	360.0	0.0	5070.0	1.0000000
15	7950.0000	22750.000	169.50003	360.0	0.0	5070.0	1.0000000
32	6821.4653	23067.283	137.16701	370.0	0.0	504.0	1.0000000
32	7343.2686	23156.820	145.08728	370.0	0.0	654.0	1.0000000
1	7950.0000	22650.000	205.38020	0.0	0.0	210.0	1.0000000
1	7750.0000	23650.000	179.20491	0.0	0.0	210.0	1.0000000
23	6889.3540	24542.873	148.50377	0.0	0.0	60.0	1.0000000
23	7731.8647	24689.725	156.63541	0.0	0.0	60.0	1.0000000
22	7272.5942	24620.184	155.60152	0.0	0.0	60.0	1.0000000
1	6450.7744	24069.678	169.73415	0.0	0.0	0.0	1.3199997
5	7246.8638	24219.578	154.50002	0.0	0.0	770.0	1.5799994
34	7174.1772	24202.752	89.50005	360.0	0.0	4050.0	1.0000000
36	7241.3159	24195.469	160.01318	360.0	0.0	4740.0	1.2199998
36	7242.1021	24207.703	155.01315	360.0	0.0	4410.0	1.1199999
1	7150.0000	24250.000	169.49998	0.0	0.0	210.0	1.0000000
1	7250.0000	24750.000	169.50002	0.0	0.0	3480.0	1.0000000
1	7348.1177	24903.287	170.74284	0.0	0.0	3420.0	1.0000000
1	7371.4922	25118.621	189.29124	0.0	0.0	3480.0	1.0000000
1	7474.0381	25096.234	188.45520	0.0	0.0	3400.0	0.8400002
1	7650.0000	24850.000	170.91618	0.0	0.0	3480.0	1.0000000
1	7750.0000	24750.000	171.61996	0.0	0.0	3480.0	1.0000000
1	7850.0000	24750.000	173.01237	0.0	0.0	3480.0	1.0000000
4	6465.8130	24614.963	206.99512	0.0	0.0	0.0	1.0000000
5	6565.8521	24828.111	214.32097	0.0	0.0	0.0	1.4399996
32	6515.3965	24997.758	204.79634	0.0	0.0	-20.0	0.8200002
25	7871.4521	25050.332	183.52022	0.0	0.0	240.0	1.8999991
25	7980.4312	24987.895	183.81293	10.0	0.0	310.0	1.2599998
25	7995.4165	25070.494	184.44162	0.0	0.0	220.0	1.0999999
31	7789.3662	25100.646	168.68947	0.0	0.0	-70.0	1.0000000
2	6669.2695	24904.816	216.33313	0.0	0.0	-110.0	1.0599999
5	7344.6851	24878.771	173.15500	0.0	0.0	-30.0	1.7599993
19	7650.0000	25050.000	178.87431	0.0	0.0	150.0	0.7200003
19	7800.8306	24971.475	183.70047	0.0	0.0	0.0	0.8800001
36	6750.0000	24950.000	194.73338	0.0	0.0	0.0	1.0000000
36	7650.0000	24650.000	169.50002	0.0	0.0	0.0	1.0000000
22	8150.9351	227.050	196.60944	0.0	0.0	90.0	1.0000000
22	8531.1143	330.688	198.57764	0.0	0.0	90.0	1.0000000
22	9052.5771	337.860	184.56210	0.0	0.0	90.0	1.0000000
22	9329.8564	146.081	182.30679	0.0	0.0	90.0	1.0000000
23	9450.0000	1550.000	169.50003	0.0	0.0	30.0	1.0000000
23	9250.0000	1050.000	185.25439	0.0	0.0	30.0	1.0000000
23	8746.9854	471.794	259.77032	0.0	0.0	90.0	1.0000000
23	8150.0000	1050.000	176.34631	0.0	0.0	90.0	1.0000000
36	8550.0000	1550.000	224.48891	-5.0	0.0	1440.0	1.0000000
16	9562.5771	1539.147	219.29253	-725.0	0.0	2010.0	1.0000000
16	9395.9131	1474.381	196.82001	-725.0	0.0	2040.0	1.0000000
11	9318.5576	1003.636	284.24854	-725.0	0.0	2370.0	1.0000000
3	9450.0000	1550.000	243.38164	-715.0	0.0	2220.0	1.0000000
3	9200.0000	1050.000	215.90723	-715.0	0.0	2220.0	1.0000000
3	8750.0000	650.000	246.78485	-715.0	0.0	2220.0	1.0000000
3	8850.0000	1550.000	190.61703	0.0	0.0	210.0	1.0000000
3	9350.0000	1250.000	186.04466	0.0	0.0	210.0	1.0000000
3	8050.0000	650.000	224.94797	0.0	0.0	210.0	1.0000000
3	8450.0000	650.000	251.71811	0.0	0.0	210.0	1.0000000
3	8250.0000	950.000	301.02109	0.0	0.0	210.0	1.0000000
27	9578.9551	295.511	173.06145	-725.0	0.0	2150.0	1.0000000
27	9547.6064	291.121	166.84375	-725.0	0.0	2010.0	1.0000000
1	8715.5000	301.549	239.12796	0.0	0.0	0.0	1.0000000
1	9178.9131	44.397	211.17923	0.0	0.0	0.0	1.0000000
1	9250.0000	50.000	213.70409	0.0	0.0	-50.0	0.8200002
1	9350.0000	50.000	216.60745	20.0	0.0	0.0	1.0000000
1	8350.0000	50.000	205.90355	0.0	0.0	0.0	1.0000000
1	8250.0000	150.000	210.75148	0.0	0.0	0.0	1.0000000
1	8685.2744	230.362	243.67336	0.0	0.0	-50.0	0.8200002
36	8750.0000	450.000	240.57147	0.0	0.0	0.0	1.0000000
36	8650.0000	450.000	242.32626	0.0	0.0	0.0	1.0000000
36	8550.0000	250.000	241.77534	0.0	0.0	0.0	1.0000000
36	8350.0000	250.000	228.44983	0.0	0.0	0.0	1.0000000
36	8550.0000	450.000	236.53140	0.0	0.0	0.0	1.0000000
36	8000.0000	2650.000	169.49998	-5.0	0.0	1470.0	1.0000000
36	8800.0000	2600.000	169.50002	-5.0	0.0	1470.0	1.0000000
36	8350.0000	2500.000	169.50000	-5.0	0.0	1470.0	1.0000000
36	8200.0000	2900.000	169.50003	-5.0	0.0	1500.0	1.0000000
36	8350.0000	2400.000	169.49998	-5.0	0.0	1500.0	1.0000000
36	8300.0000	2250.000	169.50002	-5.0	0.0	1440.0	1.0000000
1	8450.0000	2550.000	169.49997	0.0	0.0	-90.0	1.0000000
1	8350.0000	2450.000	169.50005	0.0	0.0	-90.0	1.0000000
1	8200.0000	2900.000	169.50002	0.0	0.0	-30.0	1.0000000
36	9000.0000	2950.000	172.69139	-715.0	0.0	2220.0	1.4199996
36	9050.0000	2950.000	174.28232	-715.0	0.0	2220.0	1.4799995
36	8800.0000	2550.000	169.50003	-715.0	0.0	2220.0	1.0000000
4	8510.5889	2992.179	199.46851	-730.0	0.0	2370.0	1.0000000
4	8149.0835	2724.557	199.46851	-730.0	0.0	2370.0	1.0000000
4	8882.4336	2579.712	199.46846	-730.0	0.0	2370.0	1.0000000
4	9025.1084	2935.761	201.79167	-730.0	0.0	2370.0	1.0000000
1	9350.0000	2350.000	169.50003	0.0	0.0	60.0	1.0000000
1	9450.0000	2150.000	169.49998	0.0	0.0	60.0	1.0000000
1	8650.0000	1650.000	207.89252	0.0	0.0	60.0	1.0000000
1	8150.0000	2250.000	171.75160	0.0	0.0	60.0	1.0000000
0	8939.0723	2933.903	169.50000	360.0	0.0	182.0	1.0700001
0	9562.8330	2933.313	186.44913	360.0	0.0	217.0	0.9800000
5	8050.0000	2150.000	209.93321	0.0	0.0	810.0	1.0000000
5	8150.0000	2150.000	194.11797	0.0	0.0	810.0	1.0000000
5	8150.0000	2050.000	191.28595	0.0	0.0	810.0	1.0000000
5	8250.0000	1950.000	225.01334	0.0	0.0	810.0	1.0000000
1	8150.0000	2850.000	169.49997	0.0	0.0	3090.0	1.0000000
1	8250.0000	2850.000	169.49998	0.0	0.0	3090.0	1.0000000
1	8350.0000	2850.000	169.50000	0.0	0.0	3090.0	1.0000000
1	8450.0000	2850.000	169.49997	0.0	0.0	3090.0	1.0000000
1	8550.0000	2850.000	169.50003	0.0	0.0	3090.0	1.0000000
1	8050.0000	2550.000	169.49997	0.0	0.0	3090.0	1.0000000
37	8618.5088	2607.824	440.65247	0.0	0.0	0.0	1.3999996
37	8738.4854	2648.690	440.65247	0.0	0.0	0.0	1.4599996
37	8622.1885	2638.320	440.65253	0.0	0.0	-60.0	1.2999997
37	8703.9668	2713.322	440.65250	0.0	0.0	-30.0	1.3199997
23	8473.3857	1606.621	179.43588	0.0	0.0	60.0	1.0000000
16	8000.0000	4250.000	169.50002	5.0	0.0	450.0	1.0000000
35	8250.0000	4350.000	169.50000	0.0	0.0	60.0	1.0000000
35	8255.6836	4337.860	169.50002	0.0	0.0	-120.0	1.3999996
35	8279.9746	4330.895	169.49998	0.0	0.0	-270.0	0.8000002
35	8676.2090	4429.047	169.50003	0.0	0.0	-360.0	1.0000000
35	8661.9023	4436.468	179.49995	0.0	0.0	-150.0	1.2399998
35	8257.6523	4137.141	179.50002	0.0	0.0	30.0	1.0000000
35	8274.0332	4127.373	179.50003	0.0	0.0	240.0	1.3199997
13	8300.0000	4100.000	169.49997	5.0	0.0	450.0	1.0000000
14	8300.0000	4300.000	169.50002	5.0	0.0	450.0	1.0000000
16	8200.0000	4250.000	169.50002	5.0	0.0	450.0	1.0000000
16	8650.0000	4400.000	169.50000	5.0	0.0	450.0	1.0000000
16	8700.0000	4450.000	169.49997	5.0	0.0	540.0	1.0000000
36	8750.0000	4500.000	169.49997	5.0	0.0	750.0	1.0000000
36	8800.0000	3250.000	169.50002	-5.0	0.0	1470.0	1.0000000
1	8450.0000	3250.000	169.50000	0.0	0.0	-90.0	1.0000000
36	8900.0000	4700.000	209.95386	-715.0	0.0	2220.0	1.0000000
36	8850.0000	4400.000	169.50003	-715.0	0.0	2220.0	1.0000000
36	8800.0000	4150.000	169.50002	-715.0	0.0	2220.0	1.0000000
36	8900.0000	4100.000	172.31438	-715.0	0.0	2220.0	1.0000000
36	8900.0000	4300.000	179.48705	-715.0	0.0	2220.0	1.4399996
36	9450.0000	3550.000	192.42790	-715.0	0.0	2220.0	1.0000000
36	9400.0000	3650.000	173.53331	-715.0	0.0	2220.0	1.3999996
36	9550.0000	3650.000	188.48616	-715.0	0.0	2220.0	1.3799996
4	8938.4219	3240.340	199.46844	-730.0	0.0	2370.0	1.0000000
13	8350.0000	4650.000	169.49997	0.0	0.0	750.0	1.0000000
13	8550.0000	4250.000	169.50003	0.0	0.0	750.0	1.0000000
13	8650.0000	4250.000	169.49998	0.0	0.0	750.0	1.0000000
13	8650.0000	3850.000	169.50003	0.0	0.0	750.0	1.0000000
13	8550.0000	3850.000	169.50000	0.0	0.0	750.0	1.0000000
13	8350.0000	3750.000	169.50002	0.0	0.0	750.0	1.0000000
13	8250.0000	3750.000	169.50002	0.0	0.0	750.0	1.0000000
13	8950.0000	3950.000	177.71777	0.0	0.0	750.0	1.0000000
13	8850.0000	4450.000	169.50002	0.0	0.0	750.0	1.0000000
13	8350.0000	4750.000	169.50002	0.0	0.0	750.0	1.0000000
13	8050.0000	4750.000	169.50002	0.0	0.0	750.0	1.0000000
0	8235.9414	3429.428	139.50002	360.0	0.0	243.0	0.9200000
0	9195.0723	3271.903	198.52626	360.0	0.0	276.0	1.0000000
0	8654.0723	3728.903	169.50000	360.0	0.0	265.0	1.0500000
0	9030.0723	4111.902	190.25725	360.0	0.0	62.0	0.9700000
0	8458.8926	4755.480	169.50000	360.0	0.0	83.0	1.0200000
0	8500.8926	4678.480	169.50000	360.0	0.0	343.0	0.9600000
0	8271.8926	4692.480	169.50000	360.0	0.0	123.0	0.9100000
0	8763.8926	4519.480	169.50000	360.0	0.0	163.0	0.9300000
1	8050.0000	4250.000	169.50000	0.0	0.0	3090.0	1.0000000
1	8150.0000	4350.000	169.49997	0.0	0.0	3090.0	1.0000000
1	8150.0000	4450.000	169.50003	0.0	0.0	3090.0	1.0000000
1	8250.0000	4450.000	169.49997	0.0	0.0	3090.0	1.0000000
1	8350.0000	4350.000	169.49998	0.0	0.0	3090.0	1.0000000
37	8208.3857	4234.772	480.65253	0.0	0.0	180.0	1.2999997
37	8188.5469	4232.275	480.65253	0.0	0.0	90.0	1.2999997
37	8161.0439	4247.709	440.65247	0.0	0.0	30.0	1.3199997
37	8489.5947	4457.675	440.65250	0.0	0.0	0.0	1.4799995
37	8473.9658	4490.097	440.65250	0.0	0.0	30.0	1.3399997
37	8468.8271	4459.796	440.65250	0.0	0.0	0.0	1.4399996
35	8265.3037	4934.154	169.50003	0.0	0.0	-360.0	1.0000000
35	8258.1104	4940.287	179.50002	0.0	0.0	-180.0	1.2999997
35	8177.3281	4935.806	179.50000	0.0	0.0	-360.0	1.0000000
35	8215.0234	4915.823	179.50003	0.0	0.0	-60.0	1.1399999
16	8250.0000	4850.000	169.49998	5.0	0.0	450.0	1.0000000
36	8150.0000	4850.000	169.49998	5.0	0.0	750.0	1.0000000
32	8550.0000	6050.000	169.49998	-80.0	0.0	1620.0	1.0000000
32	8550.0000	6100.000	169.50000	-45.0	0.0	1620.0	1.0000000
33	8500.0000	5800.000	169.50000	-45.0	0.0	1620.0	1.0000000
33	8477.8008	5691.906	144.50005	-45.0	0.0	1710.0	0.6000004
36	9400.0000	5450.000	169.93097	-715.0	0.0	2220.0	1.0000000
36	9000.0000	5450.000	172.78726	-715.0	0.0	2220.0	1.0000000
36	8900.0000	5150.000	194.06119	-715.0	0.0	2220.0	1.0000000
13	8650.0000	4850.000	169.50000	0.0	0.0	750.0	1.0000000
13	8550.0000	5150.000	173.83356	0.0	0.0	750.0	1.0000000
13	8350.0000	5150.000	175.02260	0.0	0.0	750.0	1.0000000
0	9393.8926	5962.480	169.50000	360.0	0.0	323.0	1.0300000
0	8654.8926	4807.480	169.50000	360.0	0.0	0.0	0.9400001
0	9065.8994	5637.454	169.50000	360.0	0.0	136.0	0.9600000
0	9508.8994	5475.454	169.50000	360.0	0.0	39.0	1.0200000
0	9130.8994	5529.454	169.50000	360.0	0.0	235.0	0.9800000
0	9277.1416	6199.588	169.50000	360.0	0.0	348.0	0.9700000
1	8050.0000	5150.000	170.95682	0.0	0.0	3090.0	1.0000000
32	9278.3125	6254.829	169.50003	85.0	0.0	870.0	1.0000000
32	9348.5645	6282.598	159.50003	30.0	0.0	1020.0	1.0000000
0	9366.8994	6872.454	169.50000	360.0	0.0	23.0	0.9600000
0	8925.5752	6675.759	169.50000	360.0	0.0	24.0	0.9600000
0	9238.5752	7616.759	169.50000	360.0	0.0	176.0	1.0300000
0	9069.3857	7858.776	169.50000	360.0	0.0	294.0	1.0799999
0	8902.3857	7857.776	169.50000	360.0	0.0	185.0	1.0300000
0	9420.3857	7477.776	169.50000	360.0	0.0	348.0	0.9700000
0	9444.3857	6974.776	169.50000	360.0	0.0	299.0	1.0300000
0	8940.3857	6737.776	169.50000	360.0	0.0	220.0	1.0200000
0	9100.3857	7613.776	169.50000	360.0	0.0	244.0	1.0799999
0	9216.6904	7807.938	169.50000	360.0	0.0	284.0	1.0100000
0	9156.1416	6706.588	169.50000	360.0	0.0	12.0	1.0699999
0	9487.1416	6729.588	169.50000	360.0	0.0	130.0	0.9700000
0	9536.1416	7340.588	169.50000	360.0	0.0	255.0	1.0799999
35	9498.0928	6753.203	159.55666	0.0	0.0	3060.0	1.0000000
35	9123.2490	6716.479	159.55664	0.0	0.0	2910.0	1.0000000
35	9134.3682	7571.244	159.55666	0.0	0.0	2910.0	1.0000000
35	9540.4258	7347.685	159.55667	0.0	0.0	3090.0	1.0000000
35	9061.4590	7867.894	159.55667	0.0	0.0	3030.0	1.0000000
4	8136.6660	9354.646	196.03831	-720.0	0.0	5340.0	1.0000000
4	8534.8828	9493.602	196.03831	-720.0	0.0	5400.0	1.0000000
0	9121.6904	8682.938	169.50003	360.0	0.0	189.0	0.9800000
0	8982.6904	8314.938	169.50000	360.0	0.0	337.0	1.0300000
0	9552.6904	8288.938	169.50000	360.0	0.0	103.0	0.9200000
0	9083.6904	9438.938	169.50000	360.0	0.0	55.0	0.9500000
0	8669.6904	8213.938	169.50000	360.0	0.0	284.0	0.9600000
0	9335.6904	8079.938	169.50000	360.0	0.0	169.0	1.0400000
0	9534.6904	8530.938	169.50000	360.0	0.0	234.0	0.9400000
0	8952.6904	8662.938	169.50000	360.0	0.0	213.0	0.9400000
1	8550.0000	8850.000	169.49998	0.0	0.0	3420.0	1.0000000
1	8650.0000	9050.000	169.50003	0.0	0.0	3420.0	1.0000000
1	8750.0000	9050.000	169.49998	0.0	0.0	3420.0	1.0000000
1	8850.0000	8950.000	169.49998	0.0	0.0	3420.0	1.0000000
1	8950.0000	8850.000	169.50003	0.0	0.0	3420.0	1.0000000
1	8850.0000	8650.000	169.50003	0.0	0.0	3420.0	1.0000000
1	8850.0000	8550.000	169.49998	0.0	0.0	3420.0	1.0000000
1	8650.0000	8450.000	169.50002	0.0	0.0	3420.0	1.0000000
1	8650.0000	8450.000	169.50000	0.0	0.0	3420.0	1.0000000
1	8350.0000	8550.000	169.49998	0.0	0.0	3420.0	1.0000000
1	8150.0000	8550.000	169.50000	0.0	0.0	3420.0	1.0000000
1	8050.0000	8550.000	169.49997	0.0	0.0	3420.0	1.0000000
1	8150.0000	8450.000	169.50000	0.0	0.0	3420.0	1.0000000
1	8350.0000	8350.000	169.50003	0.0	0.0	3420.0	1.0000000
1	8450.0000	8450.000	169.50002	0.0	0.0	3420.0	1.0000000
1	8550.0000	8450.000	169.50000	0.0	0.0	3420.0	1.0000000
1	8650.0000	8450.000	169.50000	0.0	0.0	3420.0	1.0000000
1	8750.0000	8550.000	169.50002	0.0	0.0	3420.0	1.0000000
1	8950.0000	8750.000	169.50002	0.0	0.0	3420.0	1.0000000
1	8850.0000	8950.000	169.50002	0.0	0.0	3420.0	1.0000000
1	8750.0000	8950.000	169.50002	0.0	0.0	3420.0	1.0000000
1	8650.0000	8850.000	169.50002	0.0	0.0	3420.0	1.0000000
1	8750.0000	8750.000	169.50002	0.0	0.0	3420.0	1.0000000
1	8850.0000	8750.000	169.50002	0.0	0.0	3420.0	1.0000000
1	8750.0000	8850.000	169.49998	0.0	0.0	3420.0	1.0000000
1	8050.0000	8950.000	169.49997	0.0	0.0	3420.0	1.0000000
1	8150.0000	9050.000	169.49997	0.0	0.0	3420.0	1.0000000
1	8250.0000	9150.000	169.49997	0.0	0.0	3420.0	1.0000000
1	8250.0000	9250.000	169.49997	0.0	0.0	3420.0	1.0000000
1	8350.0000	9350.000	169.49997	0.0	0.0	3420.0	1.0000000
1	8350.0000	9450.000	169.49997	0.0	0.0	3420.0	1.0000000
1	8250.0000	9550.000	169.49997	0.0	0.0	3420.0	1.0000000
1	8250.0000	9450.000	169.49997	0.0	0.0	3420.0	1.0000000
1	8350.0000	9350.000	169.50005	0.0	0.0	3420.0	1.0000000
1	8350.0000	9250.000	169.50000	0.0	0.0	3420.0	1.0000000
1	8250.0000	9050.000	169.50002	0.0	0.0	3420.0	1.0000000
1	8050.0000	9050.000	169.49998	0.0	0.0	3420.0	1.0000000
1	8152.7295	9492.561	169.49997	0.0	0.0	3420.0	1.0000000
35	9539.5498	8509.332	159.55667	0.0	0.0	3030.0	1.0000000
35	9559.6934	8293.449	159.55666	0.0	0.0	2940.0	1.0000000
35	9352.9258	8077.448	159.55663	0.0	0.0	3120.0	1.0000000
35	8860.8564	8722.104	159.55664	0.0	0.0	3120.0	1.0000000
35	8311.0938	9300.915	159.55667	0.0	0.0	3120.0	1.0000000
1	9050.0000	9850.000	169.50002	-720.0	0.0	3810.0	1.0000000
1	9150.0000	10450.000	169.50000	-720.0	0.0	3810.0	1.0000000
1	9050.0000	10850.000	169.49998	-720.0	0.0	3810.0	1.0000000
1	8450.0000	10650.000	169.49998	-720.0	0.0	3810.0	1.0000000
1	8550.0000	10750.000	169.50003	-720.0	0.0	3810.0	1.0000000
4	9450.0000	11000.000	169.49997	-720.0	0.0	4320.0	1.4999995
4	9150.0000	10400.000	169.50000	-720.0	0.0	4320.0	1.3599997
4	9050.0000	9850.000	169.50000	-720.0	0.0	4320.0	1.2799997
4	8119.0693	10275.239	219.50002	-720.0	0.0	4920.0	1.0000000
4	8073.0005	9689.132	196.03833	-720.0	0.0	5340.0	1.0000000
11	8135.0142	10983.063	169.50005	0.0	0.0	720.0	1.0000000
11	9450.0000	11050.000	169.50003	0.0	0.0	720.0	1.0000000
11	8650.0000	11150.000	169.50000	0.0	0.0	720.0	1.0000000
11	8950.0000	11150.000	169.50000	0.0	0.0	720.0	1.0000000
11	9450.0000	10850.000	169.50002	0.0	0.0	720.0	1.0000000
12	8640.0273	10990.384	169.50002	0.0	0.0	720.0	1.0000000
13	8108.3691	11144.661	169.50005	0.0	0.0	1530.0	1.0000000
13	9249.5420	11186.129	169.50002	0.0	0.0	1530.0	1.0000000
13	9324.9697	11083.447	169.50005	0.0	0.0	1530.0	1.0000000
13	9431.8877	10961.018	169.50005	0.0	0.0	1530.0	1.0000000
13	9510.0186	10750.704	169.50003	0.0	0.0	1530.0	1.0000000
13	9595.0928	10699.119	169.50003	0.0	0.0	1530.0	1.0000000
13	8817.7588	11045.677	219.50002	-720.0	0.0	4800.0	1.0000000
13	8666.5508	10980.657	219.50000	-720.0	0.0	4800.0	1.0000000
1	8050.0000	10050.000	169.49997	0.0	0.0	3420.0	1.0000000
1	8450.0000	9750.000	169.49997	0.0	0.0	3420.0	1.0000000
1	8250.0000	9650.000	169.49997	0.0	0.0	3420.0	1.0000000
1	8150.0000	9750.000	169.49997	0.0	0.0	3420.0	1.0000000
1	8050.0000	9750.000	169.50000	0.0	0.0	3420.0	1.0000000
1	8150.0000	9750.000	169.50003	0.0	0.0	3420.0	1.0000000
1	8250.0000	9650.000	169.49998	0.0	0.0	3420.0	1.0000000
1	8053.4849	9615.260	169.49998	0.0	0.0	3420.0	1.0000000
1	8550.0000	11250.000	169.50002	-720.0	0.0	3810.0	1.0000000
1	8950.0000	11650.000	169.50002	-720.0	0.0	3810.0	1.0000000
4	8390.4482	11299.650	219.50000	-720.0	0.0	4500.0	1.0000000
4	8853.6621	11748.804	219.50005	-720.0	0.0	4500.0	1.0000000
4	8250.0000	11750.000	169.50005	-720.0	0.0	4920.0	1.0000000
4	8150.0000	12550.000	173.32539	-720.0	0.0	4920.0	1.0000000
11	8750.0000	11750.000	169.49997	0.0	0.0	720.0	1.0000000
11	9150.0000	11250.000	169.50003	0.0	0.0	720.0	1.0000000
11	8750.0000	11450.000	169.49998	0.0	0.0	720.0	1.0000000
11	8150.0000	11450.000	169.49998	0.0	0.0	720.0	1.0000000
11	8350.0000	11550.000	169.49997	0.0	0.0	720.0	1.0000000
12	8950.0000	11450.000	169.50000	0.0	0.0	720.0	1.0000000
12	8550.0000	12150.000	169.50003	0.0	0.0	720.0	1.0000000
12	8450.0000	12550.000	169.50003	0.0	0.0	720.0	1.0000000
13	8386.4424	12399.569	169.50005	0.0	0.0	720.0	1.0000000
13	8150.0000	12650.000	194.91808	0.0	0.0	720.0	1.0000000
13	9450.0000	12750.000	169.49998	0.0	0.0	720.0	1.0000000
13	9250.0000	12550.000	169.50003	0.0	0.0	720.0	1.0000000
13	9350.0000	12650.000	169.50000	0.0	0.0	720.0	1.0000000
16	8000.4590	12762.881	208.21584	0.0	0.0	1440.0	1.0000000
13	8053.1123	12717.283	201.44731	0.0	0.0	1530.0	1.0000000
13	8174.6865	12783.562	185.73012	0.0	0.0	1530.0	1.0000000
13	8214.6670	12639.798	179.44174	0.0	0.0	1530.0	1.0000000
13	8306.5322	12570.676	169.49995	0.0	0.0	1530.0	1.0000000
13	8479.0303	12254.505	169.50003	0.0	0.0	1530.0	1.0000000
13	8258.2500	11506.300	169.50003	0.0	0.0	1530.0	1.0000000
13	8127.3164	11289.572	169.50000	0.0	0.0	1530.0	1.0000000
13	8527.2305	11519.911	169.50000	0.0	0.0	1530.0	1.0000000
13	8777.1357	11614.661	169.50000	0.0	0.0	1530.0	1.0000000
13	8921.0234	11306.982	169.50002	0.0	0.0	1530.0	1.0000000
13	9036.9180	11235.427	169.50002	0.0	0.0	1530.0	1.0000000
13	8639.7578	12032.468	219.50006	-720.0	0.0	4800.0	1.0000000
13	8692.3477	11917.846	219.50000	-720.0	0.0	4800.0	1.0000000
13	8741.6055	11799.259	219.50000	-720.0	0.0	4800.0	1.0000000
11	9550.0000	12750.000	169.50000	0.0	0.0	450.0	1.0000000
11	9550.0000	12650.000	169.49997	0.0	0.0	450.0	1.0000000
11	9350.0000	12750.000	169.49998	0.0	0.0	450.0	1.0000000
11	9250.0000	12650.000	169.50003	0.0	0.0	450.0	1.0000000
4	8150.0000	12850.000	182.29883	-720.0	0.0	4920.0	1.0000000
4	8278.8545	13467.797	207.82037	-720.0	0.0	4920.0	1.0000000
13	8250.0000	12950.000	169.50000	0.0	0.0	720.0	1.0000000
13	8350.0000	13050.000	169.50003	0.0	0.0	720.0	1.0000000
13	8650.0000	13050.000	169.50003	0.0	0.0	720.0	1.0000000
13	8750.0000	13150.000	169.49998	0.0	0.0	720.0	1.0000000
13	8324.2646	12937.391	219.50005	-720.0	0.0	4800.0	1.0000000
13	8464.9131	12995.581	219.50000	-720.0	0.0	4800.0	1.0000000
13	8546.0264	12996.947	219.50003	-720.0	0.0	4800.0	1.0000000
13	8695.1328	13081.091	219.50005	-720.0	0.0	4800.0	1.0000000
13	8768.0342	13188.515	219.50003	-720.0	0.0	4800.0	1.0000000
13	8725.3613	13309.957	219.50006	-720.0	0.0	4800.0	1.0000000
1	8050.0000	15950.000	175.37033	0.0	0.0	210.0	1.0000000
1	8650.0000	14650.000	227.91414	0.0	0.0	210.0	1.0000000
1	8750.0000	14550.000	219.74471	0.0	0.0	210.0	1.0000000
1	8750.0000	14550.000	222.61836	0.0	0.0	210.0	1.0000000
1	8750.0000	14450.000	204.74559	0.0	0.0	210.0	1.0000000
1	8650.0000	14550.000	197.88457	0.0	0.0	210.0	1.0000000
1	8550.0000	14650.000	219.00333	0.0	0.0	210.0	1.0000000
1	8850.0000	14650.000	232.08766	0.0	0.0	210.0	1.0000000
1	8850.0000	14450.000	237.89671	0.0	0.0	210.0	1.0000000
1	8850.0000	14450.000	236.25066	0.0	0.0	210.0	1.0000000
1	8850.0000	14550.000	233.12798	0.0	0.0	210.0	1.0000000
1	8750.0000	14650.000	212.52809	0.0	0.0	210.0	1.0000000
1	8650.0000	15550.000	200.59995	0.0	0.0	210.0	1.0000000
1	8850.0000	15850.000	231.19908	0.0	0.0	210.0	1.0000000
1	8750.0000	15950.000	224.44542	0.0	0.0	210.0	1.0000000
1	8650.0000	15850.000	239.12865	0.0	0.0	210.0	1.0000000
1	8650.0000	15750.000	229.05093	0.0	0.0	210.0	1.0000000
1	8750.0000	15650.000	228.57274	0.0	0.0	210.0	1.0000000
1	8850.0000	15550.000	201.63385	0.0	0.0	210.0	1.0000000
5	8150.0000	15850.000	173.20711	0.0	0.0	810.0	1.0000000
5	8150.0000	15850.000	178.18980	0.0	0.0	810.0	1.0000000
5	8350.0000	15850.000	197.08253	0.0	0.0	810.0	1.0000000
5	8750.0000	15750.000	253.26326	0.0	0.0	810.0	1.0000000
5	8850.0000	15950.000	210.83842	0.0	0.0	810.0	1.0000000
5	8750.0000	15850.000	239.71230	0.0	0.0	810.0	1.0000000
5	8650.0000	15950.000	242.77420	0.0	0.0	810.0	1.0000000
26	8106.5005	15172.945	178.94286	0.0	0.0	720.0	0.6000004
26	9552.3213	15564.189	178.94289	0.0	0.0	1260.0	0.4000004
26	9416.0527	15700.113	178.94501	0.0	0.0	1470.0	0.4200004
0	8778.8750	16790.725	223.04486	0.0	0.0	0.0	1.0000000
0	8172.9614	17101.031	174.77249	0.0	0.0	0.0	1.0000000
0	9223.6533	17127.576	214.81787	0.0	0.0	0.0	1.0000000
0	9133.0303	16863.572	234.93593	0.0	0.0	0.0	1.0000000
1	9229.5283	17172.615	213.37866	0.0	0.0	0.0	1.0000000
13	8250.0000	16950.000	196.26866	0.0	0.0	450.0	1.0000000
13	8150.0000	17050.000	209.68716	0.0	0.0	450.0	1.0000000
13	8150.0000	16850.000	233.43610	0.0	0.0	450.0	1.0000000
13	8250.0000	16750.000	204.29723	0.0	0.0	450.0	1.0000000
13	8250.0000	16850.000	216.50368	0.0	0.0	450.0	1.0000000
13	8050.0000	16950.000	227.05347	0.0	0.0	450.0	1.0000000
13	8078.8682	16875.445	242.23726	0.0	0.0	450.0	1.0000000
13	8350.0000	16750.000	188.04402	0.0	0.0	450.0	1.0000000
13	8540.9170	16535.170	261.40381	0.0	0.0	450.0	1.0000000
13	8637.3848	16602.617	241.26315	0.0	0.0	450.0	1.0000000
13	8462.4697	16551.850	266.54144	0.0	0.0	450.0	1.0000000
13	9251.0195	16861.229	230.18747	0.0	0.0	450.0	1.0000000
13	9450.0000	16850.000	201.17937	0.0	0.0	450.0	1.0000000
13	9550.0000	16750.000	203.66170	0.0	0.0	450.0	1.0000000
13	9350.0000	16850.000	206.83923	0.0	0.0	450.0	1.0000000
13	9150.0000	16850.000	241.97563	0.0	0.0	450.0	1.0000000
34	9350.0000	16850.000	201.18587	0.0	0.0	5120.0	1.0000000
34	9050.0000	16850.000	240.42795	0.0	0.0	5120.0	1.0000000
34	8550.0000	16550.000	267.14600	0.0	0.0	5120.0	1.0000000
34	8050.0000	17050.000	221.89226	0.0	0.0	5120.0	1.0000000
5	8150.0000	16050.000	206.72000	0.0	0.0	810.0	1.0000000
5	8050.0000	16150.000	205.00526	0.0	0.0	810.0	1.0000000
5	8550.0000	16750.000	216.77481	0.0	0.0	810.0	1.0000000
5	8650.0000	16550.000	231.42357	0.0	0.0	810.0	1.0000000
5	8350.0000	16750.000	191.88156	0.0	0.0	810.0	1.0000000
5	8250.0000	16950.000	203.29008	0.0	0.0	810.0	1.0000000
5	8150.0000	17050.000	197.32874	0.0	0.0	810.0	1.0000000
0	8263.0615	17972.533	184.55318	0.0	0.0	0.0	1.0000000
0	8789.5840	18155.664	200.64925	0.0	0.0	0.0	1.0000000
0	9391.3916	17732.975	197.06972	0.0	0.0	0.0	1.0000000
1	8824.0605	18240.107	211.56454	0.0	0.0	0.0	1.0000000
1	8019.5415	18466.561	190.73386	0.0	0.0	0.0	1.0000000
2	8974.8125	18638.045	160.35191	360.0	0.0	120.0	1.0000000
2	8329.5840	18388.604	153.51126	360.0	0.0	120.0	1.0000000
34	9350.0000	17750.000	186.39029	0.0	0.0	2940.0	1.0000000
34	9366.1514	17817.299	116.42059	0.0	0.0	3000.0	1.0000000
34	8750.0000	18150.000	214.49380	0.0	0.0	3000.0	1.0000000
1	8250.0000	19750.000	177.09070	0.0	0.0	60.0	1.0000000
1	8350.0000	20450.000	169.50000	0.0	0.0	60.0	1.0000000
1	8067.9028	19302.336	214.95020	360.0	0.0	292.0	1.0100000
1	8342.9043	20782.414	169.50000	360.0	0.0	181.0	1.0500000
1	8994.1963	20147.469	171.72672	360.0	0.0	70.0	0.9800000
1	8833.1963	19882.469	169.50000	360.0	0.0	161.0	1.0500000
2	8079.7915	20784.127	169.50002	360.0	0.0	202.0	1.0599999
2	8017.5610	20284.508	169.49998	360.0	0.0	210.0	1.0100000
12	8135.2798	20640.727	169.50000	360.0	0.0	338.0	1.0300000
12	8318.6074	20666.953	169.50000	360.0	0.0	196.0	0.9200000
12	8272.7266	20514.668	169.50000	360.0	0.0	320.0	0.9400000
12	8069.2080	20371.109	169.50000	360.0	0.0	31.0	0.9300000
12	8312.2080	19732.109	176.72832	360.0	0.0	197.0	0.9900000
12	8045.2271	19885.814	169.50000	360.0	0.0	165.0	0.9500000
2	8469.0264	19539.803	153.78300	360.0	0.0	120.0	1.0000000
2	9050.8213	19234.973	152.41458	360.0	0.0	120.0	1.0000000
2	8751.1826	19534.678	155.90123	360.0	0.0	120.0	1.0000000
2	9049.5596	20666.277	133.57855	360.0	0.0	120.0	1.0000000
34	9299.3770	20131.148	100.23491	0.0	0.0	3000.0	1.0000000
34	9134.0273	20724.023	90.27229	0.0	0.0	3000.0	1.0000000
1	8050.0000	21450.000	169.50002	0.0	0.0	60.0	1.0000000
1	8150.0000	21850.000	169.49997	0.0	0.0	60.0	1.0000000
1	8150.0000	21050.000	169.50000	0.0	0.0	60.0	1.0000000
1	9350.0000	21650.000	169.50000	0.0	0.0	60.0	1.0000000
1	8036.1963	20871.469	169.50000	360.0	0.0	279.0	1.0000000
1	8387.1963	21146.469	169.50000	360.0	0.0	201.0	1.0500000
2	8341.7754	21292.695	119.50002	360.0	0.0	279.0	1.0000000
12	8229.8027	21312.330	169.50000	360.0	0.0	74.0	1.0300000
12	8181.7261	21193.668	169.50000	360.0	0.0	216.0	1.0200000
12	8242.7266	21322.668	169.50000	360.0	0.0	319.0	0.9400000
2	8654.7910	21703.209	133.57857	360.0	0.0	120.0	1.0000000
1	8850.0000	21450.000	169.49998	0.0	0.0	3420.0	1.0000000
1	8750.0000	21650.000	169.99767	0.0	0.0	3420.0	1.0000000
1	8850.0000	21650.000	169.50003	0.0	0.0	3420.0	1.0000000
24	9550.0000	23400.000	169.49997	0.0	0.0	-330.0	0.6800003
6	9599.3379	23269.994	286.35513	50.0	0.0	-330.0	1.0000000
6	9599.7070	23341.498	429.34875	75.0	0.0	-240.0	1.0000000
24	8748.0010	23538.857	211.16063	0.0	0.0	1080.0	0.6400003
28	9550.0000	22550.000	267.18307	10.0	0.0	-60.0	1.0000000
28	9000.0000	22850.000	169.49997	10.0	0.0	-180.0	1.0000000
5	8214.7246	23736.768	169.49998	0.0	0.0	780.0	1.0000000
4	8093.5190	23477.514	207.39891	0.0	0.0	690.0	1.5399995
4	8592.5654	23598.721	192.28410	5.0	0.0	570.0	1.5399995
34	8102.4854	23612.631	103.91589	360.0	0.0	4050.0	1.0000000
34	8537.1670	23443.129	130.04182	360.0	0.0	4050.0	1.0000000
34	8849.0654	23640.836	139.57793	360.0	0.0	4050.0	1.0000000
34	9266.6797	23984.072	144.87556	360.0	0.0	4050.0	1.0000000
36	9517.7139	22881.951	223.19968	360.0	0.0	4740.0	1.2599998
36	9597.2959	22998.043	233.37057	360.0	0.0	4740.0	1.3399997
36	9422.6279	22787.473	249.68265	360.0	0.0	4740.0	1.4199996
36	9588.4492	22815.648	213.32703	360.0	0.0	4740.0	1.3199997
36	8796.6680	23546.260	208.11414	360.0	0.0	4740.0	1.0000000
36	8035.0093	23479.186	195.01440	360.0	0.0	4740.0	1.2799997
36	8126.9351	23564.293	185.89105	360.0	0.0	4740.0	1.2199998
1	8850.0000	23850.000	174.29147	0.0	0.0	60.0	1.0000000
1	9450.0000	22650.000	234.99042	0.0	0.0	60.0	1.0000000
15	8050.0000	22650.000	191.35345	360.0	0.0	5070.0	1.0000000
15	8250.0000	22750.000	210.43420	360.0	0.0	5070.0	1.0000000
15	8350.0000	22650.000	211.79205	360.0	0.0	5070.0	1.0000000
15	8550.0000	22650.000	213.71063	360.0	0.0	5070.0	1.0000000
15	8650.0000	22650.000	217.77791	360.0	0.0	5070.0	1.0000000
15	8050.0000	22850.000	172.68095	360.0	0.0	5070.0	1.0000000
15	8050.0000	22750.000	170.34047	360.0	0.0	5070.0	1.0000000
15	8150.0000	23450.000	205.36501	360.0	0.0	5070.0	1.0000000
15	8350.0000	23450.000	190.82608	360.0	0.0	5070.0	1.0000000
15	8550.0000	23550.000	195.68932	360.0	0.0	5070.0	1.0000000
15	8550.0000	23550.000	192.31178	360.0	0.0	5070.0	1.0000000
15	8350.0000	23550.000	193.10254	360.0	0.0	5070.0	1.0000000
15	8350.0000	23650.000	173.26620	360.0	0.0	5070.0	1.0000000
15	8650.0000	23850.000	169.50002	360.0	0.0	5070.0	1.0000000
15	8550.0000	23650.000	169.50002	360.0	0.0	5070.0	1.0000000
15	8850.0000	23550.000	220.65572	360.0	0.0	5070.0	1.0000000
15	8950.0000	23750.000	211.85991	360.0	0.0	5070.0	1.0000000
15	8950.0000	23850.000	191.14166	360.0	0.0	5070.0	1.0000000
15	8850.0000	23550.000	220.31305	360.0	0.0	5070.0	1.0000000
15	8650.0000	23450.000	222.62654	360.0	0.0	5070.0	1.0000000
15	8650.0000	23350.000	223.05884	360.0	0.0	5070.0	1.0000000
15	8750.0000	23450.000	219.02371	360.0	0.0	5070.0	1.0000000
15	9350.0000	23950.000	216.73204	360.0	0.0	5070.0	1.0000000
15	9450.0000	23950.000	211.04456	360.0	0.0	5070.0	1.0000000
32	8118.9863	23495.629	154.76021	370.0	0.0	654.0	1.0000000
2	8810.4766	22706.820	183.18463	360.0	0.0	330.0	1.0000000
4	9598.7754	22540.141	247.53516	-5.0	0.0	860.0	1.0000000
4	9477.1699	23328.006	266.49890	-5.0	0.0	860.0	1.0000000
11	9550.0000	23250.000	221.33910	0.0	0.0	5060.0	1.0000000
11	9350.0000	23150.000	216.05122	0.0	0.0	5060.0	1.0000000
11	8450.0000	22750.000	188.79814	0.0	0.0	5060.0	1.0000000
11	8250.0000	22750.000	225.15872	0.0	0.0	5060.0	1.0000000
1	8350.0000	22650.000	235.91975	0.0	0.0	210.0	1.0000000
1	8250.0000	23450.000	226.81613	0.0	0.0	210.0	1.0000000
32	8034.8438	22768.104	124.45232	370.0	0.0	654.0	1.0000000
23	8168.2280	24459.791	217.85536	0.0	0.0	60.0	1.0000000
23	8513.0762	24459.299	163.49794	0.0	0.0	60.0	1.0000000
23	9219.2559	24923.492	181.43430	0.0	0.0	60.0	1.0000000
24	8852.7197	24782.861	184.00426	0.0	0.0	840.0	0.8600001
5	8204.9160	24063.574	169.50003	0.0	0.0	660.0	1.5199995
34	9544.1260	24527.020	103.27225	360.0	0.0	4050.0	1.0000000
1	9350.0000	24050.000	223.54585	0.0	0.0	60.0	1.0000000
1	8168.3384	24575.176	204.89301	0.0	0.0	3480.0	0.9400001
1	8350.0000	24750.000	226.93567	0.0	0.0	3390.0	0.8000002
1	8450.0000	24750.000	227.56975	0.0	0.0	3480.0	1.0000000
1	8550.0000	24650.000	226.37526	0.0	0.0	3480.0	1.0000000
1	8589.3184	25080.928	152.88908	0.0	0.0	3480.0	1.0000000
1	8750.0000	24650.000	180.71117	0.0	0.0	3480.0	1.0000000
1	8950.0000	24550.000	169.50002	0.0	0.0	3480.0	1.0000000
1	9050.0000	24550.000	170.31465	0.0	0.0	3480.0	1.0000000
1	9250.0000	24650.000	184.45717	0.0	0.0	3480.0	1.0000000
1	9350.0000	24550.000	190.89719	0.0	0.0	3480.0	1.0000000
1	9350.0000	24450.000	185.72588	0.0	0.0	3480.0	1.0000000
1	9250.0000	24350.000	181.47035	0.0	0.0	3480.0	1.0000000
1	9150.0000	24250.000	172.12148	0.0	0.0	3480.0	1.0000000
1	9150.0000	24150.000	176.45392	0.0	0.0	3480.0	1.0000000
1	9250.0000	24250.000	179.17422	0.0	0.0	3480.0	1.0000000
1	9250.0000	24150.000	182.90714	0.0	0.0	3480.0	1.0000000
1	9450.0000	24450.000	189.91800	0.0	0.0	3480.0	1.0000000
1	9550.0000	24650.000	189.29994	0.0	0.0	3480.0	1.0000000
1	9450.0000	24750.000	196.67419	0.0	0.0	3480.0	1.0000000
1	9470.5010	24945.051	192.37210	0.0	0.0	3480.0	1.0000000
1	9331.2314	25153.859	192.44493	0.0	0.0	3480.0	1.0000000
23	9537.1113	24996.496	179.04826	0.0	0.0	60.0	1.0000000
1	8945.1768	24987.008	196.94102	0.0	0.0	-140.0	1.0000000
25	8099.8564	25004.043	185.25970	10.0	0.0	210.0	0.6800003
25	8906.9883	25088.014	191.80313	0.0	0.0	-70.0	1.2799997
25	8850.0000	25050.000	193.39233	0.0	0.0	0.0	1.0000000
5	8939.2920	25024.682	185.32681	0.0	0.0	10.0	1.6199994
25	8282.8994	24958.662	174.94893	0.0	0.0	260.0	0.9600000
25	8342.0244	24911.674	182.06726	10.0	0.0	210.0	0.6800003
25	9282.9814	25091.561	203.65552	0.0	0.0	-120.0	0.8200002
5	8230.5566	24710.260	212.96535	0.0	0.0	0.0	1.7599993
19	8036.5381	24884.986	162.05403	0.0	0.0	40.0	0.8000002
19	8105.3496	24992.092	184.31264	0.0	0.0	10.0	0.4600005
19	8103.2285	25119.934	200.42674	0.0	0.0	0.0	1.0000000
36	8450.0000	24650.000	231.52040	0.0	0.0	0.0	1.0000000
36	9050.0000	24950.000	182.96602	0.0	0.0	0.0	1.0000000
36	8950.0000	24950.000	192.47055	0.0	0.0	0.0	1.0000000
36	9350.0000	24850.000	189.09200	0.0	0.0	0.0	1.0000000
36	9350.0000	25050.000	187.96371	0.0	0.0	0.0	1.0000000
36	9050.0000	24950.000	184.29538	0.0	0.0	0.0	1.0000000
36	8550.0000	24950.000	193.04660	0.0	0.0	0.0	1.0000000
36	8550.0000	24950.000	191.76308	0.0	0.0	0.0	1.0000000
36	8550.0000	24750.000	210.16302	0.0	0.0	0.0	1.0000000
22	9935.2334	249.521	180.40596	0.0	0.0	90.0	1.0000000
22	10238.0645	413.706	202.48753	0.0	0.0	90.0	1.0000000
23	11114.9824	327.350	153.74400	0.0	0.0	0.0	1.0000000
22	10575.6270	228.441	244.75294	0.0	0.0	90.0	1.0000000
22	10777.9951	426.131	161.06111	0.0	0.0	30.0	1.0000000
23	10345.8779	750.690	278.04474	0.0	0.0	90.0	1.0000000
27	10660.6006	1529.008	184.94737	-725.0	0.0	1920.0	1.1199999
27	10593.1562	1530.950	196.38518	-725.0	0.0	2010.0	1.0000000
16	9750.9375	1543.102	174.99332	-725.0	0.0	1980.0	1.0000000
16	9922.3613	1593.248	178.31250	-725.0	0.0	2040.0	1.0000000
16	9635.5010	1484.921	194.12665	-725.0	0.0	1980.0	1.0000000
16	10405.0059	1596.764	166.89867	-725.0	0.0	1980.0	1.0000000
16	10585.6729	1472.904	190.44360	-725.0	0.0	1980.0	1.0000000
16	10645.8994	1599.780	168.59160	-725.0	0.0	1980.0	1.0000000
16	10465.5859	1509.763	196.78932	-725.0	0.0	1980.0	1.0000000
16	11016.8779	617.771	188.46135	-725.0	0.0	1980.0	1.0000000
16	11191.6455	578.879	223.21425	-725.0	0.0	1980.0	1.0000000
11	10465.7764	1511.832	251.06140	-725.0	0.0	2370.0	1.0000000
3	10640.2393	1474.402	221.66443	-715.0	0.0	2670.0	1.0000000
3	9711.1426	1543.752	217.19035	-715.0	0.0	2670.0	1.0000000
4	10094.6543	1511.954	253.00443	-730.0	0.0	2370.0	1.0000000
0	10553.1025	1496.561	231.27742	360.0	0.0	106.0	0.8800000
0	10550.1025	1482.561	229.13509	360.0	0.0	137.0	0.9100000
1	10750.0000	1550.000	234.00005	0.0	0.0	3420.0	1.0000000
16	10900.2852	383.544	178.79071	-725.0	0.0	1980.0	1.0000000
1	10150.0000	150.000	216.74153	0.0	0.0	0.0	1.0000000
1	10350.0000	50.000	229.55751	0.0	0.0	0.0	1.0000000
1	10950.0000	50.000	232.59969	0.0	0.0	0.0	1.0000000
1	9750.0000	50.000	208.24867	0.0	0.0	-90.0	1.0000000
1	9650.0000	50.000	214.81323	20.0	0.0	0.0	1.0000000
1	9763.5400	61.932	203.61917	30.0	0.0	-40.0	0.8600001
3	10250.0000	250.000	237.16933	0.0	0.0	0.0	1.0000000
3	10052.0586	260.442	211.86598	0.0	0.0	-20.0	1.0000000
27	10744.7129	218.495	166.11565	-725.0	0.0	2080.0	1.0000000
27	10839.1758	187.854	175.45851	-725.0	0.0	2170.0	1.0400000
27	10388.4375	572.603	232.54008	-725.0	0.0	1960.0	0.8400002
27	10468.9805	602.255	215.71071	-725.0	0.0	1860.0	0.6800003
16	10576.4443	616.738	281.79382	-725.0	0.0	1980.0	1.0000000
11	10255.3398	544.368	282.79834	-725.0	0.0	2370.0	1.0000000
11	10350.0000	450.000	264.50067	0.0	0.0	0.0	1.0000000
27	9653.0723	1636.619	201.93701	-725.0	0.0	1890.0	1.0799999
27	9749.6650	1648.774	179.49835	-725.0	0.0	2010.0	1.0000000
16	9793.9902	1717.292	168.67516	-725.0	0.0	1950.0	1.0000000
16	9693.4648	1714.711	180.29262	-725.0	0.0	1950.0	1.0000000
16	10156.1055	1631.333	161.49855	-725.0	0.0	1980.0	1.0000000
11	9966.8975	1625.601	230.50975	-725.0	0.0	2370.0	1.0000000
4	9794.6172	1889.868	264.48724	-730.0	0.0	2370.0	1.0000000
1	11050.0000	2050.000	169.50002	0.0	0.0	60.0	1.0000000
1	10450.0000	2250.000	169.50002	0.0	0.0	60.0	1.0000000
1	10050.0000	2350.000	169.49998	0.0	0.0	60.0	1.0000000
1	10450.0000	2750.000	169.49998	0.0	0.0	60.0	1.0000000
1	9850.0000	2850.000	169.49998	0.0	0.0	60.0	1.0000000
3	10850.0000	3050.000	169.50002	0.0	0.0	210.0	1.0000000
3	10450.0000	2650.000	169.50003	0.0	0.0	210.0	1.0000000
0	10521.0723	2962.903	169.50000	360.0	0.0	114.0	1.0400000
0	10535.8330	3056.313	169.50003	360.0	0.0	202.0	0.9500000
0	9716.8330	2549.313	169.50000	360.0	0.0	205.0	0.9000000
0	10147.8330	2490.313	169.50000	360.0	0.0	100.0	0.9800000
0	10132.8330	2455.313	169.50000	360.0	0.0	245.0	0.9200000
0	10054.8330	3064.313	169.50000	360.0	0.0	62.0	0.8700000
0	10511.1025	2494.561	169.50000	360.0	0.0	335.0	1.0000000
1	10650.0000	1750.000	193.27933	0.0	0.0	3420.0	1.0000000
1	10650.0000	2450.000	169.49998	0.0	0.0	3420.0	1.0000000
1	10450.0000	2550.000	169.50002	0.0	0.0	3420.0	1.0000000
1	10550.0000	2650.000	169.50002	0.0	0.0	3420.0	1.0000000
1	10450.0000	2450.000	169.50003	0.0	0.0	3420.0	1.0000000
1	10450.0000	2250.000	169.50003	0.0	0.0	3420.0	1.0000000
1	10550.0000	2350.000	169.50000	0.0	0.0	3420.0	1.0000000
36	9600.0000	3650.000	179.46339	-715.0	0.0	2220.0	1.3599997
36	11169.2285	4271.690	204.30533	-730.0	0.0	2580.0	1.2599998
36	10775.0840	4233.481	221.73315	-730.0	0.0	2580.0	1.0000000
3	10450.0000	3450.000	169.50002	0.0	0.0	210.0	1.0000000
0	10018.1875	4060.282	173.02312	360.0	0.0	29.0	1.0000000
0	10364.1875	3512.282	169.50000	360.0	0.0	191.0	1.0700001
0	11012.1875	4284.282	183.92917	360.0	0.0	31.0	0.9900000
0	10592.1875	4311.282	188.78575	360.0	0.0	155.0	0.9900000
0	10223.1875	4314.282	177.77637	360.0	0.0	220.0	1.0200000
0	10002.1875	4207.282	176.38527	360.0	0.0	54.0	1.0400000
0	10571.1875	3973.282	169.50000	360.0	0.0	101.0	1.0700001
0	9628.0723	3785.903	187.36076	360.0	0.0	29.0	1.0000000
0	10619.0723	3549.903	169.50000	360.0	0.0	90.0	0.9500000
0	9775.0723	3688.903	172.16040	360.0	0.0	49.0	0.9300000
0	10870.8330	3625.313	169.50000	360.0	0.0	133.0	1.0100000
0	10668.8330	3406.313	169.50000	360.0	0.0	309.0	0.8800000
0	9656.8330	3714.313	175.20947	360.0	0.0	239.0	0.9400000
1	10450.0000	3550.000	169.49997	0.0	0.0	330.0	1.0000000
1	10350.0000	3350.000	169.50003	0.0	0.0	330.0	1.0000000
1	10150.0000	3350.000	169.49997	0.0	0.0	330.0	1.0000000
1	9950.0000	3250.000	170.01321	0.0	0.0	330.0	1.0000000
1	10050.0000	3250.000	169.49998	0.0	0.0	330.0	1.0000000
1	9850.0000	3550.000	181.10852	0.0	0.0	3420.0	1.0000000
1	9950.0000	3350.000	171.99689	0.0	0.0	3420.0	1.0000000
36	10950.0000	5350.000	181.03369	-715.0	0.0	2220.0	1.0000000
36	10600.0000	5300.000	181.76561	-715.0	0.0	2220.0	1.0000000
36	10800.0000	5250.000	197.58588	-715.0	0.0	2220.0	1.0000000
36	10800.0000	5250.000	195.34920	-715.0	0.0	2220.0	1.5599995
36	10450.0000	5250.000	173.58536	-715.0	0.0	2220.0	1.0000000
36	10350.0000	5150.000	188.16379	-715.0	0.0	2220.0	1.0000000
36	9800.0000	5150.000	169.50003	-715.0	0.0	2220.0	1.0000000
3	11050.0000	6350.000	169.69554	0.0	0.0	210.0	1.0000000
3	10179.3174	5899.807	164.50005	0.0	0.0	300.0	1.0000000
3	10395.9336	6297.851	169.50003	0.0	0.0	330.0	1.0000000
4	10648.3193	5987.262	229.50000	0.0	0.0	330.0	1.0000000
0	9985.8994	5942.454	169.49997	360.0	0.0	59.0	0.9900000
0	10968.8994	5967.454	183.35245	360.0	0.0	212.0	0.9200000
0	9919.8994	5652.454	169.50000	360.0	0.0	26.0	0.9700000
0	10593.8994	5950.454	169.50000	360.0	0.0	333.0	1.0000000
0	10021.8994	5264.454	169.50000	360.0	0.0	89.0	0.9100000
0	10462.5752	6098.759	169.50000	360.0	0.0	126.0	1.0000000
0	10052.5752	5651.759	169.50000	360.0	0.0	59.0	0.9700000
0	10185.5752	5679.759	169.50000	360.0	0.0	341.0	1.0000000
0	10570.5752	6070.759	169.50000	360.0	0.0	213.0	1.0100000
0	10605.1416	6233.588	169.50000	360.0	0.0	157.0	0.9700000
0	10257.1416	6178.588	169.50000	360.0	0.0	68.0	1.0999999
5	10150.0000	5550.000	169.50002	0.0	0.0	810.0	1.0000000
5	9850.0000	5550.000	169.49998	0.0	0.0	810.0	1.0000000
5	9750.0000	5650.000	169.49997	0.0	0.0	810.0	1.0000000
5	9950.0000	5650.000	169.50002	0.0	0.0	810.0	1.0000000
5	10050.0000	5450.000	169.49997	0.0	0.0	810.0	1.0000000
1	11050.0000	5250.000	189.55901	0.0	0.0	3420.0	1.0000000
1	10950.0000	5250.000	189.35857	0.0	0.0	3420.0	1.0000000
1	10750.0000	5250.000	197.36028	0.0	0.0	3420.0	1.0000000
1	10850.0000	5450.000	202.53943	0.0	0.0	3420.0	1.0000000
1	10850.0000	5650.000	197.99008	0.0	0.0	3420.0	1.0000000
32	10792.0127	6019.683	170.58499	85.0	0.0	870.0	1.0000000
3	10950.0000	6750.000	169.50000	0.0	0.0	210.0	1.0000000
4	10750.0000	6450.000	169.49998	0.0	0.0	330.0	1.0000000
0	9787.5752	6635.759	168.97623	360.0	0.0	169.0	0.9700000
0	10677.5752	6880.759	169.50000	360.0	0.0	236.0	1.0300000
0	10271.5752	7279.759	169.50000	360.0	0.0	55.0	0.9000000
0	10191.5752	6556.759	169.50000	360.0	0.0	345.0	1.0100000
0	9848.3857	7327.776	169.49998	360.0	0.0	190.0	1.0200000
0	9952.3857	7584.776	169.50000	360.0	0.0	90.0	1.0100000
0	10826.3857	7361.776	169.50000	360.0	0.0	308.0	0.9700000
0	10733.3857	7377.776	169.50000	360.0	0.0	63.0	0.9600000
0	10100.1416	7019.588	169.50002	360.0	0.0	279.0	1.0400000
0	9731.1416	7780.588	169.50000	360.0	0.0	359.0	0.9899999
0	9658.1416	7945.588	169.50000	360.0	0.0	193.0	1.0599999
0	10574.1416	7357.588	169.50000	360.0	0.0	118.0	1.0400000
5	11150.0000	6850.000	169.50002	0.0	0.0	810.0	1.0000000
5	10950.0000	7150.000	169.50000	0.0	0.0	810.0	1.0000000
5	10550.0000	6850.000	169.50002	0.0	0.0	810.0	1.0000000
5	10850.0000	6550.000	169.49998	0.0	0.0	810.0	1.0000000
5	11150.0000	6550.000	169.50002	0.0	0.0	810.0	1.0000000
5	11050.0000	6750.000	169.50000	0.0	0.0	810.0	1.0000000
5	10950.0000	6650.000	169.50003	0.0	0.0	810.0	1.0000000
1	11150.0000	6550.000	169.50000	0.0	0.0	3420.0	1.0000000
36	10450.0000	7850.000	169.49997	0.0	0.0	2910.0	1.0000000
36	10450.0000	7750.000	169.49998	0.0	0.0	2910.0	1.0000000
36	10250.0000	7650.000	169.49997	0.0	0.0	2910.0	1.0000000
36	10361.5635	7847.326	74.55667	0.0	0.0	2910.0	1.5799994
32	10879.9746	7134.087	169.49992	-60.0	0.0	810.0	0.8800001
1	10750.0000	9350.000	169.50000	-720.0	0.0	3810.0	1.0000000
1	10950.0000	9350.000	169.50003	-720.0	0.0	3810.0	1.0000000
1	11150.0000	9450.000	169.50000	-720.0	0.0	3810.0	1.0000000
4	10800.0000	9400.000	169.50002	-720.0	0.0	4320.0	1.5399995
4	11168.4541	9403.473	219.50005	-720.0	0.0	4260.0	1.0000000
4	10653.3691	8802.541	219.50002	-720.0	0.0	4500.0	1.0000000
4	10932.3994	8263.066	229.50000	0.0	0.0	510.0	1.0000000
0	10099.6904	8030.938	169.50000	360.0	0.0	61.0	1.0200000
0	11158.1826	9598.060	169.49997	0.0	0.0	0.0	1.0000000
36	10650.0000	8050.000	169.49997	0.0	0.0	2910.0	1.0000000
36	10550.0000	8250.000	169.49998	0.0	0.0	2910.0	1.0000000
36	10650.0000	8350.000	169.50002	0.0	0.0	2910.0	1.0000000
36	10583.6660	8020.543	74.55667	0.0	0.0	2910.0	1.6999993
36	10686.9551	8243.126	74.55663	0.0	0.0	2910.0	1.9199991
35	11035.5996	9558.048	159.55661	0.0	0.0	3120.0	1.0000000
35	11145.9561	9586.641	159.55666	0.0	0.0	2940.0	1.0000000
35	10921.3936	9393.059	159.55666	0.0	0.0	2940.0	1.0000000
35	10745.8955	9367.876	119.55661	0.0	0.0	2940.0	1.0000000
1	10850.0000	10350.000	169.50003	-720.0	0.0	3810.0	1.0000000
1	10950.0000	10950.000	169.50000	-720.0	0.0	3810.0	1.0000000
1	9950.0000	11050.000	169.50002	-720.0	0.0	3810.0	1.0000000
1	10050.0000	10750.000	169.49998	-720.0	0.0	3810.0	1.0000000
1	9750.0000	10550.000	169.49997	-720.0	0.0	3810.0	1.0000000
1	10250.0000	10250.000	169.50002	-720.0	0.0	3810.0	1.0000000
1	10650.0000	9850.000	169.50003	-720.0	0.0	3810.0	1.0000000
1	9850.0000	9750.000	169.50002	-720.0	0.0	3810.0	1.0000000
4	10300.0000	10700.000	169.50000	-720.0	0.0	3810.0	1.6399994
4	9850.0000	10450.000	169.50002	-720.0	0.0	3960.0	1.4199996
4	9650.0000	10150.000	169.49998	-720.0	0.0	4320.0	1.5199995
4	9850.0000	9750.000	169.50002	-720.0	0.0	4380.0	1.3399997
4	10718.7822	9884.385	219.50005	-720.0	0.0	4350.0	1.0000000
4	10897.8340	10337.711	219.50000	-720.0	0.0	4350.0	1.0000000
4	10353.8164	10242.697	219.50006	-720.0	0.0	4350.0	1.0000000
11	9650.0000	10650.000	169.50000	0.0	0.0	720.0	1.0000000
11	9750.0000	10450.000	169.49998	0.0	0.0	720.0	1.0000000
11	9850.0000	10050.000	169.49998	0.0	0.0	720.0	1.0000000
13	10850.0000	11150.000	169.49998	0.0	0.0	720.0	1.0000000
16	10663.3311	11162.854	189.50003	0.0	0.0	1440.0	1.0000000
13	9683.4004	10574.375	169.50002	0.0	0.0	1530.0	1.0000000
4	9613.0938	9930.093	219.50000	-720.0	0.0	4800.0	1.4599996
13	9797.6572	10286.539	219.50006	-720.0	0.0	4800.0	1.0000000
13	9836.6797	10161.861	219.50000	-720.0	0.0	4800.0	1.0000000
11	10750.0000	11150.000	169.50003	0.0	0.0	450.0	1.0000000
11	11050.0000	11150.000	169.50002	0.0	0.0	450.0	1.0000000
0	11178.5400	9913.812	169.50000	0.0	0.0	0.0	1.0000000
0	11127.3164	10089.571	169.49998	0.0	0.0	0.0	1.0000000
0	11006.4658	9623.185	169.49998	0.0	0.0	0.0	1.0000000
35	11139.0811	10074.354	144.55664	0.0	0.0	3030.0	1.0000000
35	11166.0674	9912.410	144.55661	0.0	0.0	3090.0	1.0000000
1	11150.0000	11750.000	169.49997	-720.0	0.0	3810.0	1.0000000
1	10850.0000	11850.000	169.49998	-720.0	0.0	3810.0	1.0000000
1	10150.0000	11350.000	169.50002	-720.0	0.0	3810.0	1.0000000
4	9800.0000	11350.000	169.50003	-720.0	0.0	4140.0	1.5999994
4	9816.9824	12006.451	219.50002	-720.0	0.0	4620.0	1.2599998
4	10370.7363	11951.310	219.50006	-720.0	0.0	4740.0	1.0000000
13	9750.0000	12050.000	169.49998	0.0	0.0	720.0	1.0000000
13	10150.0000	12250.000	169.49997	0.0	0.0	720.0	1.0000000
13	10250.0000	11950.000	169.49998	0.0	0.0	720.0	1.0000000
13	9650.0000	12550.000	169.49997	0.0	0.0	720.0	1.0000000
13	9750.0000	12550.000	169.50000	0.0	0.0	720.0	1.0000000
13	10050.0000	12150.000	169.49997	0.0	0.0	720.0	1.0000000
13	10550.0000	11750.000	169.50000	0.0	0.0	720.0	1.0000000
13	10850.0000	11650.000	169.50002	0.0	0.0	720.0	1.0000000
13	10950.0000	11450.000	169.50000	0.0	0.0	720.0	1.0000000
13	11050.0000	11250.000	169.50000	0.0	0.0	720.0	1.0000000
13	10650.0000	11650.000	169.49998	0.0	0.0	720.0	1.0000000
13	10392.3496	11887.491	169.50003	0.0	0.0	720.0	1.0000000
13	10050.0000	12450.000	169.49997	0.0	0.0	720.0	1.0000000
13	10050.0000	12550.000	169.49998	0.0	0.0	720.0	1.0000000
13	10150.0000	12650.000	169.49998	0.0	0.0	720.0	1.0000000
15	11050.0000	12750.000	169.49998	0.0	0.0	720.0	1.0000000
15	10809.3691	12732.707	169.49997	0.0	0.0	930.0	1.0000000
16	10763.1787	11905.974	189.50003	0.0	0.0	1350.0	1.0000000
16	10582.0938	11363.287	189.50002	0.0	0.0	1350.0	1.0000000
16	10466.6758	11432.747	189.50000	0.0	0.0	1440.0	1.0000000
4	10900.0371	12762.801	169.49998	0.0	0.0	0.0	1.0000000
4	10770.6533	12743.579	169.49997	0.0	0.0	60.0	1.2399998
13	11078.8643	12692.970	214.49997	0.0	0.0	240.0	1.0000000
13	10932.6836	12738.968	214.50003	0.0	0.0	240.0	1.0000000
13	10778.4951	12771.278	214.50000	0.0	0.0	240.0	1.0000000
11	11150.0000	12550.000	169.49997	0.0	0.0	450.0	1.0000000
11	11050.0000	12750.000	169.50000	0.0	0.0	450.0	1.0000000
11	10050.0000	12750.000	169.49998	0.0	0.0	450.0	1.0000000
11	10150.0000	12450.000	169.50002	0.0	0.0	450.0	1.0000000
11	9850.0000	12450.000	169.50000	0.0	0.0	450.0	1.0000000
11	10050.0000	12350.000	169.49997	0.0	0.0	450.0	1.0000000
11	9850.0000	12050.000	169.50000	0.0	0.0	450.0	1.0000000
11	9950.0000	12050.000	169.49998	0.0	0.0	450.0	1.0000000
11	10150.0000	12050.000	169.50000	0.0	0.0	450.0	1.0000000
11	10350.0000	11850.000	169.49998	0.0	0.0	450.0	1.0000000
11	10450.0000	11750.000	169.50003	0.0	0.0	450.0	1.0000000
11	10650.0000	11750.000	169.49997	0.0	0.0	450.0	1.0000000
11	10750.0000	11650.000	169.49998	0.0	0.0	450.0	1.0000000
11	10850.0000	11550.000	169.49997	0.0	0.0	450.0	1.0000000
11	10950.0000	11350.000	169.49998	0.0	0.0	450.0	1.0000000
11	10850.0000	11750.000	169.49998	0.0	0.0	450.0	1.0000000
11	10850.0000	11950.000	169.50000	0.0	0.0	450.0	1.0000000
11	10550.0000	11550.000	169.50000	0.0	0.0	450.0	1.0000000
11	10450.0000	11350.000	169.50000	0.0	0.0	450.0	1.0000000
11	10550.0000	11250.000	169.50003	0.0	0.0	450.0	1.0000000
11	10950.0000	11650.000	169.50003	0.0	0.0	450.0	1.0000000
11	11050.0000	11750.000	169.50003	0.0	0.0	450.0	1.0000000
11	11050.0000	11950.000	169.50003	0.0	0.0	450.0	1.0000000
0	9926.8271	12317.838	200.52623	0.0	0.0	0.0	1.0000000
0	10019.4355	12400.137	210.27094	0.0	0.0	0.0	1.0000000
0	9960.9395	12140.871	195.83032	0.0	0.0	0.0	1.0000000
36	11000.0000	13450.000	169.50002	360.0	0.0	3990.0	1.3199997
36	10800.0000	13650.000	169.50000	360.0	0.0	4050.0	1.5599995
36	10650.0000	14200.000	169.49997	360.0	0.0	4050.0	1.2399998
1	10450.0000	14150.000	178.17636	0.0	0.0	60.0	1.0000000
1	10450.0000	13950.000	183.78127	0.0	0.0	60.0	1.0000000
1	10850.0000	13450.000	169.50003	0.0	0.0	60.0	1.0000000
13	10050.0000	12850.000	169.50000	0.0	0.0	720.0	1.0000000
13	10150.0000	12950.000	169.50003	0.0	0.0	720.0	1.0000000
13	10250.0000	13150.000	169.49998	0.0	0.0	720.0	1.0000000
13	10450.0000	13250.000	169.50003	0.0	0.0	720.0	1.0000000
13	10250.0000	12950.000	169.49998	0.0	0.0	720.0	1.0000000
13	10050.0000	13450.000	169.50000	0.0	0.0	720.0	1.0000000
13	10250.0000	13450.000	169.50000	0.0	0.0	720.0	1.0000000
15	11050.0000	13150.000	169.49998	0.0	0.0	720.0	1.0000000
15	10950.0000	12950.000	169.49997	0.0	0.0	720.0	1.0000000
15	10650.0000	12950.000	169.49998	0.0	0.0	720.0	1.0000000
15	10650.0000	12850.000	169.50002	0.0	0.0	720.0	1.0000000
15	11150.0000	13050.000	169.50002	0.0	0.0	720.0	1.0000000
15	11150.0000	12850.000	169.50000	0.0	0.0	720.0	1.0000000
13	10696.2744	12891.416	214.50002	0.0	0.0	390.0	1.0000000
13	10601.3721	13025.438	214.49997	0.0	0.0	390.0	1.0000000
13	10385.2588	13137.722	214.50000	0.0	0.0	450.0	1.0000000
13	10340.2012	12985.037	214.50000	0.0	0.0	450.0	1.0000000
13	11059.2070	12979.372	214.49998	0.0	0.0	450.0	1.0000000
11	10450.0000	13050.000	169.50000	0.0	0.0	450.0	1.0000000
11	10150.0000	12950.000	169.49997	0.0	0.0	450.0	1.0000000
26	11133.1084	14125.953	178.94289	0.0	0.0	1980.0	0.6400003
36	10750.0000	14450.000	169.49998	360.0	0.0	3990.0	1.2999997
36	11000.0000	14600.000	169.50002	360.0	0.0	3990.0	1.2799997
1	10950.0000	14550.000	176.19714	0.0	0.0	60.0	1.0000000
1	10750.0000	14550.000	169.50002	0.0	0.0	60.0	1.0000000
1	10650.0000	14450.000	172.27225	0.0	0.0	60.0	1.0000000
13	11150.0000	15950.000	174.39044	0.0	0.0	450.0	1.0000000
13	10550.0000	15950.000	197.56468	0.0	0.0	450.0	1.0000000
13	10950.0000	15950.000	199.81596	0.0	0.0	450.0	1.0000000
1	10050.0000	14750.000	229.92090	0.0	0.0	210.0	1.0000000
1	10250.0000	14850.000	224.20445	0.0	0.0	210.0	1.0000000
1	10350.0000	14950.000	178.44890	0.0	0.0	210.0	1.0000000
1	10350.0000	14950.000	174.66162	0.0	0.0	210.0	1.0000000
1	10350.0000	14750.000	190.31245	0.0	0.0	210.0	1.0000000
1	10250.0000	14650.000	215.68091	0.0	0.0	210.0	1.0000000
1	10150.0000	14750.000	230.95070	0.0	0.0	210.0	1.0000000
1	10150.0000	15750.000	184.55954	0.0	0.0	210.0	1.0000000
1	10250.0000	15650.000	204.23665	0.0	0.0	210.0	1.0000000
1	10350.0000	15650.000	187.62947	0.0	0.0	210.0	1.0000000
1	10350.0000	15450.000	174.76993	0.0	0.0	210.0	1.0000000
1	10250.0000	15450.000	193.56049	0.0	0.0	210.0	1.0000000
1	10150.0000	15550.000	203.77325	0.0	0.0	210.0	1.0000000
1	10450.0000	15950.000	204.20163	0.0	0.0	210.0	1.0000000
1	10650.0000	15750.000	169.50002	0.0	0.0	210.0	1.0000000
1	10750.0000	15850.000	174.83255	0.0	0.0	210.0	1.0000000
1	10750.0000	15950.000	200.76169	0.0	0.0	210.0	1.0000000
1	10450.0000	15750.000	184.39240	0.0	0.0	210.0	1.0000000
1	10450.0000	15750.000	192.24837	0.0	0.0	210.0	1.0000000
1	10650.0000	15750.000	169.49998	0.0	0.0	210.0	1.0000000
1	11050.0000	14650.000	170.35754	0.0	0.0	210.0	1.0000000
26	9719.6104	15394.909	168.75189	0.0	0.0	1110.0	0.4400004
13	10750.0000	16050.000	215.91585	0.0	0.0	450.0	1.0000000
13	10950.0000	16050.000	202.47812	0.0	0.0	450.0	1.0000000
13	11050.0000	16050.000	174.47604	0.0	0.0	450.0	1.0000000
13	10850.0000	16050.000	219.81599	0.0	0.0	450.0	1.0000000
13	11150.0000	16650.000	201.87056	0.0	0.0	450.0	1.0000000
34	10850.0000	16650.000	187.86865	0.0	0.0	5120.0	1.0000000
34	10550.0000	16650.000	195.35942	0.0	0.0	5120.0	1.0000000
34	10450.0000	16550.000	191.96803	0.0	0.0	5120.0	1.0000000
34	10250.0000	16450.000	230.16734	0.0	0.0	5120.0	1.0000000
5	10150.0000	16550.000	233.42751	0.0	0.0	810.0	1.0000000
5	10150.0000	16450.000	229.51280	0.0	0.0	810.0	1.0000000
5	10350.0000	16650.000	205.50600	0.0	0.0	810.0	1.0000000
5	10350.0000	16650.000	200.72809	0.0	0.0	810.0	1.0000000
5	10450.0000	16550.000	196.25291	0.0	0.0	810.0	1.0000000
5	10550.0000	16650.000	195.98676	0.0	0.0	810.0	1.0000000
5	10650.0000	16750.000	199.64488	0.0	0.0	810.0	1.0000000
34	11184.2031	17818.197	109.85098	0.0	0.0	5120.0	1.0000000
34	10450.0000	18250.000	192.18542	0.0	0.0	3000.0	1.0000000
34	10236.2490	17859.377	143.18631	0.0	0.0	2970.0	1.0000000
34	10382.2832	18081.221	187.93752	0.0	0.0	2940.0	0.7000003
34	10318.2119	17981.787	181.26530	0.0	0.0	2940.0	0.9400001
37	10894.4561	18990.957	465.92651	0.0	0.0	30.0	1.5199995
37	10831.4609	19069.852	430.65253	0.0	0.0	30.0	1.4199996
32	10406.1572	19399.389	114.54414	370.0	0.0	534.0	1.0000000
32	10424.8174	19497.742	309.54413	320.0	0.0	534.0	0.6000004
11	11150.0000	20750.000	225.49274	0.0	0.0	5060.0	1.0000000
1	9950.0000	20550.000	170.55980	0.0	0.0	3420.0	1.0000000
1	10150.0000	20550.000	195.91611	0.0	0.0	3420.0	1.0000000
1	9950.0000	20650.000	169.50003	0.0	0.0	3420.0	1.0000000
34	10509.6562	19532.986	140.45309	0.0	0.0	2940.0	1.0000000
34	10534.5820	19583.318	92.24800	0.0	0.0	2940.0	0.8200002
34	10381.4922	19271.008	101.73074	0.0	0.0	3000.0	1.0000000
28	10800.0000	21500.000	234.50000	10.0	0.0	-60.0	1.0000000
28	9750.0000	21850.000	169.49997	10.0	0.0	-120.0	1.0000000
28	11150.0000	20850.000	169.50003	10.0	0.0	0.0	1.0000000
29	10618.6816	22238.969	404.49994	40.0	0.0	-270.0	0.9600000
34	9658.6611	22151.506	89.50000	360.0	0.0	4050.0	1.0000000
34	10079.3105	21636.891	113.05098	360.0	0.0	4050.0	1.0000000
34	10348.6699	22153.488	119.90353	360.0	0.0	4050.0	1.0000000
34	10657.4375	21636.924	89.50000	360.0	0.0	4050.0	1.0000000
34	10959.6348	22153.637	116.79764	360.0	0.0	4050.0	1.0000000
34	10945.3867	21258.656	114.42863	360.0	0.0	4050.0	1.0000000
34	11041.1074	21053.291	113.23537	360.0	0.0	4050.0	1.0000000
1	10550.0000	22350.000	171.88412	0.0	0.0	60.0	1.0000000
1	10950.0000	22250.000	211.47559	0.0	0.0	60.0	1.0000000
1	11150.0000	22350.000	202.93192	0.0	0.0	60.0	1.0000000
2	10379.3369	22320.660	156.28949	360.0	0.0	330.0	1.0000000
2	9929.8682	21691.295	150.79514	360.0	0.0	330.0	1.0000000
2	10611.8008	21508.826	140.50592	360.0	0.0	330.0	1.0000000
2	10434.8428	21488.729	138.21614	360.0	0.0	270.0	1.0000000
2	10718.2314	22269.248	148.53658	360.0	0.0	270.0	1.0000000
0	11062.7012	22164.799	195.93901	-5.0	0.0	50.0	1.0000000
0	10579.6094	22145.041	181.72220	-5.0	0.0	50.0	1.0000000
0	9880.7178	21816.061	183.52118	-5.0	0.0	50.0	1.0000000
0	10402.1504	22272.184	195.29279	-5.0	0.0	50.0	1.0000000
0	9668.8281	21924.717	165.83188	-5.0	0.0	50.0	1.0000000
0	10482.3750	21471.785	187.06355	-5.0	0.0	50.0	1.0000000
0	10845.9717	22252.129	196.01492	-5.0	0.0	50.0	1.0000000
0	11031.6621	21042.170	196.22961	-5.0	0.0	50.0	1.0000000
4	11100.7256	20970.953	258.62305	-5.0	0.0	800.0	1.0000000
4	11140.8486	20818.867	277.09897	-5.0	0.0	860.0	1.0000000
4	10812.1768	21506.281	321.43286	-5.0	0.0	860.0	1.0000000
11	10650.0000	21450.000	238.18115	0.0	0.0	5060.0	1.0000000
11	10150.0000	21450.000	224.69588	0.0	0.0	5060.0	1.0000000
11	10050.0000	21650.000	218.65204	0.0	0.0	5060.0	1.0000000
11	9750.0000	22050.000	170.88034	0.0	0.0	5060.0	1.0000000
11	9750.0000	22350.000	175.28061	0.0	0.0	5060.0	1.0000000
1	10750.0000	22350.000	189.85350	0.0	0.0	210.0	1.0000000
1	9850.0000	20950.000	174.13681	0.0	0.0	3420.0	1.0000000
1	9850.0000	20850.000	171.08452	0.0	0.0	3420.0	1.0000000
34	9892.6621	20864.863	79.61008	0.0	0.0	3000.0	1.0000000
6	9642.6553	23923.402	378.95496	75.0	0.0	-330.0	1.0000000
6	9656.6895	23966.635	510.60922	65.0	0.0	60.0	1.0000000
6	9700.2148	23969.150	284.93066	70.0	0.0	90.0	1.0000000
24	10364.9697	23828.652	140.37794	70.0	0.0	0.0	0.2600003
29	10460.6289	22832.271	333.34662	45.0	0.0	-40.0	1.0000000
34	9686.3750	23361.199	150.93390	360.0	0.0	4050.0	1.0000000
34	10452.3301	23424.568	124.67209	360.0	0.0	4050.0	1.0000000
34	10477.0010	22826.582	101.75352	360.0	0.0	4050.0	1.0000000
34	9748.4180	22660.010	128.29538	360.0	0.0	4050.0	1.0000000
34	10227.2812	23848.799	151.44684	360.0	0.0	4050.0	1.0000000
36	10568.8018	23578.777	164.19043	360.0	0.0	4740.0	1.3999996
36	10546.8457	23385.719	174.30518	360.0	0.0	4740.0	1.3599997
36	10459.3027	23599.898	171.51337	360.0	0.0	4740.0	1.3999996
36	9611.0234	22533.701	176.08813	360.0	0.0	4740.0	1.1599998
1	10550.0000	23350.000	184.68280	0.0	0.0	60.0	1.0000000
1	10650.0000	22950.000	169.50003	0.0	0.0	60.0	1.0000000
32	9696.9434	22808.254	165.20329	370.0	0.0	534.0	1.0000000
32	10394.2559	23095.488	165.12566	370.0	0.0	624.0	1.0000000
0	9661.3369	22630.637	202.36009	-5.0	0.0	50.0	1.0000000
0	9808.0342	22838.104	218.66095	-5.0	0.0	50.0	1.0000000
0	9678.8545	23318.996	218.66539	-5.0	0.0	50.0	1.0000000
0	9649.5654	23957.658	202.48592	-5.0	0.0	50.0	1.0000000
0	10276.8340	23817.074	235.48622	-5.0	0.0	50.0	1.0000000
0	10270.5850	23648.807	208.70055	-5.0	0.0	50.0	1.0000000
0	10487.1758	23025.811	192.72395	-5.0	0.0	50.0	1.0000000
0	10422.7197	22975.502	210.61046	-5.0	0.0	50.0	1.0000000
0	10429.9717	23332.354	200.58501	-5.0	0.0	50.0	1.0000000
4	10372.7061	23136.195	270.04147	-5.0	0.0	860.0	1.0000000
11	9750.0000	22450.000	186.97136	0.0	0.0	5060.0	1.0000000
11	9850.0000	22650.000	200.00908	0.0	0.0	5060.0	1.0000000
11	9750.0000	22550.000	199.33008	0.0	0.0	5060.0	1.0000000
11	9650.0000	22550.000	196.27998	0.0	0.0	5060.0	1.0000000
1	9650.0000	22750.000	216.74887	0.0	0.0	210.0	1.0000000
24	9600.0000	24050.000	169.49998	0.0	0.0	-930.0	0.8600001
23	10102.7295	24773.922	183.85883	0.0	0.0	60.0	1.0000000
23	10869.0361	24665.832	153.25076	0.0	0.0	60.0	1.0000000
24	10459.8350	24674.314	205.95583	0.0	0.0	1230.0	0.7600002
24	10821.5342	24171.201	168.19644	0.0	0.0	1440.0	0.5200005
34	9762.1436	24017.131	127.88593	360.0	0.0	4050.0	1.0000000
34	11154.2236	24149.545	101.33440	360.0	0.0	4050.0	1.0000000
34	10574.9082	24611.611	116.23051	360.0	0.0	4050.0	1.0000000
36	11017.1875	24084.039	165.28491	360.0	0.0	4740.0	1.2999997
36	11025.7900	24202.230	180.72183	360.0	0.0	4740.0	1.2999997
15	9750.0000	24050.000	203.97951	360.0	0.0	5070.0	1.0000000
15	9850.0000	24150.000	214.11378	360.0	0.0	5070.0	1.0000000
15	9650.0000	24350.000	194.03508	360.0	0.0	5070.0	1.0000000
15	9850.0000	24250.000	220.65131	360.0	0.0	5070.0	1.0000000
15	9850.0000	24050.000	192.15836	360.0	0.0	5070.0	1.0000000
15	9688.9785	24182.271	229.30386	360.0	0.0	5070.0	1.0000000
15	9743.2100	24133.998	232.47162	360.0	0.0	5070.0	1.0000000
0	9738.7969	24112.006	226.00172	-5.0	0.0	50.0	1.0000000
4	9798.5996	24060.115	272.14822	-5.0	0.0	860.0	1.0000000
1	9898.8232	25043.176	213.76292	0.0	0.0	3420.0	1.0000000
1	10050.0000	24950.000	199.92894	0.0	0.0	3480.0	1.0000000
1	10196.2246	24915.580	204.24519	0.0	0.0	3480.0	1.0000000
1	10250.0000	24750.000	183.28928	0.0	0.0	3480.0	1.0000000
1	10350.0000	24750.000	174.72493	0.0	0.0	3480.0	1.0000000
23	9733.2549	24750.701	173.49689	0.0	0.0	60.0	1.0000000
24	11128.7207	24920.322	231.09462	0.0	0.0	1440.0	0.5200005
14	10650.0000	24950.000	249.78598	0.0	0.0	0.0	1.0000000
14	10750.0000	24950.000	260.92294	0.0	0.0	-20.0	1.0000000
14	10727.9170	24876.477	245.23296	0.0	0.0	-170.0	1.0000000
14	10876.8721	24926.709	232.80228	0.0	0.0	-40.0	1.0000000
14	10964.7715	24792.635	202.42036	0.0	0.0	-110.0	1.0000000
23	11676.0957	361.801	201.37708	0.0	0.0	0.0	1.0000000
23	11987.9307	353.315	210.48448	0.0	0.0	90.0	1.0000000
23	12519.6191	500.095	203.89474	0.0	0.0	90.0	1.0000000
22	12262.5322	585.742	247.91916	0.0	0.0	90.0	1.0000000
23	11766.6992	1481.491	220.82307	0.0	0.0	90.0	1.0000000
23	11250.0000	1450.000	196.62132	0.0	0.0	90.0	1.0000000
36	12567.2490	1186.453	219.89876	-725.0	0.0	1470.0	1.0000000
36	12511.1719	1198.242	238.26509	-725.0	0.0	1470.0	1.2999997
36	12771.6689	1112.725	181.20030	-725.0	0.0	1530.0	1.3999996
27	12644.2695	1152.536	176.24091	-725.0	0.0	1620.0	1.2399998
27	11548.1982	1341.701	201.35994	-725.0	0.0	1740.0	1.1799998
27	11290.5283	424.999	264.33557	-725.0	0.0	1830.0	1.1999998
27	11362.7959	427.451	240.19179	-725.0	0.0	1860.0	1.0000000
16	11588.0273	1293.161	194.90117	-725.0	0.0	1980.0	1.0000000
16	11590.1182	1422.868	199.32306	-725.0	0.0	1980.0	1.0000000
16	11379.9189	1382.169	193.66556	-725.0	0.0	1980.0	1.0000000
16	11346.4873	606.153	223.59781	-725.0	0.0	1980.0	1.0000000
16	11286.7236	484.421	228.87238	-725.0	0.0	1980.0	1.0000000
16	11611.4990	563.091	204.96533	-725.0	0.0	1980.0	1.0000000
16	12703.9990	1105.540	168.24150	-725.0	0.0	1980.0	1.0000000
16	12676.4131	1221.703	175.29785	-725.0	0.0	1980.0	1.0000000
16	12559.6543	1137.600	189.80037	-725.0	0.0	1980.0	1.0000000
16	12513.5557	1226.591	223.04216	-725.0	0.0	1980.0	1.0000000
16	12402.9932	1158.483	205.03900	-725.0	0.0	1980.0	1.0000000
11	12524.3701	1143.978	252.35909	-725.0	0.0	2370.0	1.0000000
11	11308.6201	543.910	283.35483	-725.0	0.0	2370.0	1.0000000
3	11530.5332	1315.285	235.37454	-715.0	0.0	2670.0	1.0000000
3	11365.7031	364.397	266.36508	-715.0	0.0	2670.0	1.0000000
4	11623.2705	1498.153	249.43532	-730.0	0.0	2370.0	1.0000000
1	11650.0000	1550.000	217.49654	0.0	0.0	60.0	1.0000000
1	12250.0000	850.000	209.73029	0.0	0.0	60.0	1.0000000
1	12350.0000	550.000	225.42001	0.0	0.0	60.0	1.0000000
1	12750.0000	750.000	177.24861	0.0	0.0	60.0	1.0000000
0	11937.1025	1509.561	174.02301	360.0	0.0	172.0	0.8900000
5	12667.8311	1162.784	199.61700	0.0	0.0	420.0	1.0000000
5	11656.1533	1323.284	213.60426	0.0	0.0	420.0	1.0000000
5	11746.0010	1525.129	218.46371	0.0	0.0	420.0	1.0000000
1	11280.8223	150.809	271.53900	0.0	0.0	60.0	1.0000000
1	11327.4863	156.338	263.54761	0.0	0.0	120.0	1.0000000
1	11206.0391	224.748	299.86929	0.0	0.0	60.0	1.0000000
1	11414.6846	68.069	235.11668	0.0	0.0	60.0	1.0000000
1	12050.0000	150.000	247.13277	0.0	0.0	0.0	1.0000000
1	12450.0000	150.000	258.42966	0.0	0.0	0.0	1.0000000
1	12635.2393	134.267	244.66595	0.0	0.0	-50.0	1.0000000
1	11650.0000	50.000	217.56247	0.0	0.0	0.0	1.0000000
32	12174.8799	149.154	149.55557	0.0	0.0	0.0	1.0000000
33	12270.0596	193.571	264.00626	0.0	0.0	0.0	1.0000000
36	12450.0000	150.000	258.13193	0.0	0.0	0.0	1.0000000
36	12350.0000	250.000	259.19919	0.0	0.0	0.0	1.0000000
36	12250.0000	450.000	239.53392	0.0	0.0	0.0	1.0000000
36	12150.0000	450.000	221.90460	0.0	0.0	0.0	1.0000000
36	11850.0000	250.000	222.45500	0.0	0.0	0.0	1.0000000
36	11950.0000	150.000	244.30975	0.0	0.0	0.0	1.0000000
36	11350.0000	250.000	251.75198	0.0	0.0	0.0	1.0000000
23	12650.0000	1850.000	184.34654	0.0	0.0	90.0	1.0000000
36	12327.4053	1855.245	191.95398	-725.0	0.0	1440.0	1.3799996
36	11942.2100	1755.007	200.87112	-725.0	0.0	1500.0	1.4399996
36	12003.0781	1866.641	199.53203	-725.0	0.0	1470.0	1.0000000
16	11865.5176	1782.765	186.38417	-725.0	0.0	1980.0	1.0000000
16	12142.8320	1928.248	153.47752	-725.0	0.0	1980.0	1.0000000
16	11799.1406	1657.044	184.59717	-725.0	0.0	1980.0	1.0000000
11	12044.4648	1819.992	237.06870	-725.0	0.0	2370.0	1.0000000
36	11800.0000	2100.000	169.50000	-715.0	0.0	2220.0	1.0000000
36	11650.0000	2200.000	169.49998	-715.0	0.0	2220.0	1.3599997
36	12150.0000	2250.000	187.80460	-715.0	0.0	2220.0	1.0000000
36	11357.9131	3045.171	203.81203	-730.0	0.0	2580.0	1.4799995
1	12750.0000	1850.000	229.84718	0.0	0.0	60.0	1.0000000
1	11850.0000	1850.000	217.40540	0.0	0.0	60.0	1.0000000
3	11250.0000	1750.000	175.85043	0.0	0.0	210.0	1.0000000
0	11276.8330	3112.313	169.50000	360.0	0.0	143.0	0.9700000
0	11422.1025	2474.561	169.50000	360.0	0.0	28.0	0.9300000
0	11317.1025	2956.561	170.22551	360.0	0.0	70.0	0.9600000
0	11814.1025	2644.561	180.88853	360.0	0.0	257.0	0.8600000
0	11675.1025	1712.561	199.04176	360.0	0.0	349.0	0.9900000
0	12050.1025	1830.561	206.86153	360.0	0.0	196.0	0.9300000
5	12179.6211	3127.014	215.04974	0.0	0.0	420.0	1.0000000
5	11840.6543	2613.941	180.80356	0.0	0.0	420.0	1.0000000
5	11606.2695	3111.894	199.59412	0.0	0.0	420.0	1.0000000
5	12193.7686	2247.340	194.23088	0.0	0.0	420.0	1.0000000
5	11913.4336	2160.457	174.71255	0.0	0.0	420.0	1.0000000
1	11350.0000	3150.000	174.60818	0.0	0.0	330.0	1.0000000
1	11250.0000	2950.000	169.49997	0.0	0.0	330.0	1.0000000
1	12350.0000	2850.000	184.22864	0.0	0.0	3420.0	1.0000000
1	12450.0000	2750.000	202.86937	0.0	0.0	3420.0	1.0000000
1	12650.0000	2650.000	193.36414	0.0	0.0	3420.0	1.0000000
1	12250.0000	3150.000	203.72476	0.0	0.0	3420.0	1.0000000
1	12050.0000	3150.000	209.73378	0.0	0.0	3420.0	1.0000000
1	11850.0000	2150.000	169.50000	0.0	0.0	3420.0	1.0000000
1	11650.0000	2150.000	169.49998	0.0	0.0	3420.0	1.0000000
1	12050.0000	2050.000	183.48228	0.0	0.0	3420.0	1.0000000
1	11850.0000	1950.000	202.47107	0.0	0.0	3420.0	1.0000000
1	11950.0000	2050.000	191.23486	0.0	0.0	3420.0	1.0000000
4	12193.0596	3392.780	251.21461	-730.0	0.0	2370.0	1.0000000
4	11993.6035	4071.858	234.19965	-730.0	0.0	2370.0	1.0000000
4	11451.6387	3601.877	199.52480	-730.0	0.0	2370.0	1.0000000
4	11235.2471	4489.599	227.56644	-730.0	0.0	2370.0	1.0000000
36	11448.8438	3278.033	199.46846	-730.0	0.0	2370.0	1.4399996
36	11473.8682	3411.824	199.46848	-730.0	0.0	2370.0	1.3399997
36	11372.7607	3787.714	215.64551	-730.0	0.0	2580.0	1.3999996
36	11252.9619	4079.459	245.67339	-730.0	0.0	2580.0	1.3399997
36	11210.6279	3636.059	199.46849	-730.0	0.0	2580.0	1.1399999
36	11331.5156	3769.648	208.37462	-730.0	0.0	2580.0	1.0000000
36	11586.0977	3436.319	199.46846	-730.0	0.0	2580.0	1.0000000
36	12139.8740	4286.747	209.43657	-730.0	0.0	2580.0	1.0000000
36	12164.3574	4661.232	216.69798	-730.0	0.0	2580.0	1.2799997
0	11895.1025	3206.561	206.86304	360.0	0.0	194.0	0.8900000
5	12356.3730	3458.661	216.38405	0.0	0.0	420.0	1.0000000
5	12750.0000	4150.000	181.58171	0.0	0.0	420.0	1.0000000
1	12750.0000	3650.000	222.85931	0.0	0.0	330.0	1.0000000
1	12450.0000	3550.000	219.30873	0.0	0.0	330.0	1.0000000
1	12250.0000	3450.000	217.81212	0.0	0.0	330.0	1.0000000
1	12150.0000	3450.000	217.81581	0.0	0.0	330.0	1.0000000
1	12250.0000	3250.000	205.54985	0.0	0.0	330.0	1.0000000
1	11350.0000	3550.000	169.49998	0.0	0.0	330.0	1.0000000
1	11250.0000	3350.000	169.49998	0.0	0.0	330.0	1.0000000
1	11350.0000	3250.000	169.50002	0.0	0.0	330.0	1.0000000
1	11450.0000	3450.000	169.49998	0.0	0.0	3420.0	1.0000000
1	11450.0000	3350.000	169.50002	0.0	0.0	3420.0	1.0000000
1	11250.0000	3250.000	169.49997	0.0	0.0	3420.0	1.0000000
1	11350.0000	4650.000	207.78740	0.0	0.0	3420.0	1.0000000
1	11250.0000	4550.000	215.40311	0.0	0.0	3420.0	1.0000000
1	11250.0000	4550.000	213.79042	0.0	0.0	3420.0	1.0000000
36	12050.0000	5900.000	212.07263	-715.0	0.0	2220.0	1.0000000
36	12250.0000	5800.000	211.45441	-715.0	0.0	2220.0	1.0000000
36	11750.0000	5050.000	216.74126	-715.0	0.0	2220.0	1.0000000
36	11800.0000	5000.000	199.35422	-715.0	0.0	2220.0	1.0000000
36	11600.0000	5200.000	206.99236	-715.0	0.0	2220.0	1.0000000
5	12350.0000	5950.000	234.89041	0.0	0.0	420.0	1.0000000
5	12750.0000	6250.000	169.49998	0.0	0.0	420.0	1.0000000
1	11250.0000	5150.000	180.38890	0.0	0.0	3420.0	1.0000000
1	11450.0000	6350.000	169.49997	0.0	0.0	3420.0	1.0000000
36	12100.0000	7800.000	169.49997	0.0	0.0	30.0	1.0000000
36	11750.0000	7600.000	169.49998	0.0	0.0	120.0	1.0000000
36	11500.0000	7500.000	169.50002	0.0	0.0	120.0	1.0000000
36	11600.0000	7650.000	169.50003	0.0	0.0	120.0	1.0000000
36	11550.0000	7550.000	169.49998	0.0	0.0	60.0	1.0000000
1	11550.0000	7450.000	169.50000	0.0	0.0	60.0	1.0000000
3	12650.0000	7350.000	169.50000	0.0	0.0	210.0	1.0000000
3	12050.0000	6850.000	169.49998	0.0	0.0	210.0	1.0000000
3	12050.0000	7250.000	169.49997	0.0	0.0	210.0	1.0000000
4	11434.6074	6472.747	229.50003	0.0	0.0	510.0	1.0000000
4	11550.0000	6850.000	169.50000	0.0	0.0	510.0	1.0000000
4	12078.6943	6433.512	229.50006	0.0	0.0	510.0	1.0000000
4	12350.0000	7050.000	169.50003	0.0	0.0	510.0	1.0000000
4	11706.0371	6885.915	229.50003	0.0	0.0	510.0	1.0000000
4	12686.1299	7714.393	229.50002	0.0	0.0	510.0	1.0000000
4	11645.0977	7861.168	229.50003	0.0	0.0	510.0	1.0000000
0	12733.1055	7815.282	169.49998	0.0	0.0	0.0	1.0000000
0	12791.7275	7753.983	169.49998	0.0	0.0	0.0	1.0000000
0	12670.3613	7383.309	169.49997	0.0	0.0	0.0	1.0000000
5	11350.0000	6750.000	169.50000	0.0	0.0	810.0	1.0000000
5	11250.0000	6750.000	169.49998	0.0	0.0	810.0	1.0000000
1	11650.0000	6550.000	169.49998	0.0	0.0	3420.0	1.0000000
1	11350.0000	6550.000	169.50002	0.0	0.0	3420.0	1.0000000
1	11224.1758	6480.731	169.50006	0.0	0.0	3420.0	1.0000000
1	12050.0000	6850.000	169.50002	0.0	0.0	3420.0	1.0000000
1	12050.0000	6850.000	169.50002	0.0	0.0	3420.0	1.0000000
1	12050.0000	7250.000	169.49998	0.0	0.0	3420.0	1.0000000
1	12050.0000	7250.000	169.49998	0.0	0.0	3420.0	1.0000000
1	12650.0000	7350.000	169.50002	0.0	0.0	3420.0	1.0000000
1	12650.0000	7350.000	169.49998	0.0	0.0	3420.0	1.0000000
1	12750.0000	7750.000	169.50000	0.0	0.0	3420.0	1.0000000
37	12248.1348	6470.456	554.45538	0.0	0.0	-30.0	1.0000000
37	12270.0547	6495.119	509.45538	0.0	0.0	30.0	1.2599998
31	12443.1631	7783.040	169.49997	0.0	0.0	720.0	1.0000000
31	11730.2012	7250.364	169.50000	0.0	0.0	810.0	1.0000000
31	11700.1670	7146.509	169.49998	-60.0	0.0	900.0	1.0000000
36	12050.0000	8000.000	169.50000	0.0	0.0	120.0	1.0000000
12	12470.1113	9362.792	169.49998	0.0	0.0	420.0	1.0000000
12	12677.9746	9086.848	169.50003	0.0	0.0	300.0	1.0000000
15	12738.1865	8812.919	169.50000	0.0	0.0	94.0	0.9200000
15	12337.9102	8626.388	169.50000	0.0	0.0	257.0	1.0100001
15	12664.9102	8729.388	169.50000	0.0	0.0	72.0	1.0300001
36	12250.0000	8350.000	169.50003	0.0	0.0	120.0	1.0000000
36	12300.0000	8200.000	169.49997	0.0	0.0	120.0	1.0000000
36	12250.0000	8100.000	169.49997	0.0	0.0	90.0	1.0000000
4	11683.5518	9571.898	219.50003	-720.0	0.0	4500.0	1.0000000
1	12250.0000	9350.000	169.50000	0.0	0.0	60.0	1.0000000
1	11850.0000	8650.000	169.50002	0.0	0.0	60.0	1.0000000
4	12255.3057	9107.768	229.50003	0.0	0.0	510.0	1.0000000
0	12399.8438	9371.323	169.50002	0.0	0.0	0.0	1.0000000
0	12581.6836	9221.561	169.49998	0.0	0.0	0.0	1.0000000
0	12648.6924	8737.039	169.49998	0.0	0.0	0.0	1.0000000
0	12334.0645	8670.242	169.50005	0.0	0.0	0.0	1.0000000
0	12222.2490	8270.298	169.50003	0.0	0.0	0.0	1.0000000
1	12150.0000	8250.000	169.49997	0.0	0.0	3420.0	1.0000000
1	12250.0000	8250.000	169.49997	0.0	0.0	3420.0	1.0000000
37	11238.9648	9521.979	509.45538	0.0	0.0	60.0	1.0000000
37	11240.7998	9509.345	509.45544	0.0	0.0	0.0	1.0000000
37	11740.8281	8324.169	514.05463	0.0	0.0	0.0	1.3199997
37	11722.2637	8341.605	514.05463	0.0	0.0	0.0	1.2799997
37	11795.5938	8393.758	514.05463	0.0	0.0	0.0	1.1799998
37	11804.1465	8351.488	514.05469	0.0	0.0	-60.0	1.2799997
15	12758.9102	10066.388	169.50000	0.0	0.0	310.0	1.1300000
15	12631.9102	10271.388	169.50000	0.0	0.0	346.0	1.0300001
15	12318.9102	9693.388	169.50000	0.0	0.0	182.0	1.1000000
1	12600.0000	10400.000	169.50002	-720.0	0.0	3750.0	1.0000000
1	12150.0000	10300.000	169.49998	-720.0	0.0	3750.0	1.0000000
1	12050.0000	10900.000	169.50000	-720.0	0.0	3750.0	1.0000000
1	11800.0000	10300.000	169.49997	-720.0	0.0	3750.0	1.0000000
1	11750.0000	10900.000	169.50000	-720.0	0.0	3750.0	1.0000000
1	11350.0000	10850.000	169.49998	-720.0	0.0	3750.0	1.0000000
1	11350.0000	10450.000	169.49998	-720.0	0.0	3810.0	1.0000000
1	11250.0000	10150.000	169.49997	-720.0	0.0	3810.0	1.0000000
4	11351.9209	10179.739	219.50002	-720.0	0.0	4350.0	1.0000000
4	11447.9834	10882.019	219.50000	-720.0	0.0	4350.0	1.0000000
4	11779.8262	10938.305	219.50003	-720.0	0.0	4440.0	1.0000000
4	12004.8096	10875.511	219.49998	-720.0	0.0	4500.0	1.0000000
4	11773.4043	10214.089	219.50005	-720.0	0.0	4500.0	1.0000000
4	12340.4814	10219.970	219.49998	-720.0	0.0	4500.0	1.0000000
1	12650.0000	10450.000	169.50002	0.0	0.0	60.0	1.0000000
0	11376.7090	10200.976	169.50003	0.0	0.0	0.0	1.0000000
0	11881.2705	10861.149	169.50002	0.0	0.0	0.0	1.0000000
0	11869.5801	10958.463	169.50003	0.0	0.0	0.0	1.0000000
0	11677.8057	10843.878	169.50002	0.0	0.0	0.0	1.0000000
0	11812.5195	10105.303	169.50000	0.0	0.0	0.0	1.0000000
0	11931.7822	10324.493	169.50003	0.0	0.0	0.0	1.0000000
0	12513.1895	10336.146	169.50002	0.0	0.0	0.0	1.0000000
0	12321.6445	9732.786	169.50000	0.0	0.0	0.0	1.0000000
35	11370.6025	10177.038	144.55667	0.0	0.0	3000.0	1.0000000
35	11871.2246	10864.456	144.55664	0.0	0.0	3000.0	1.0000000
35	11935.3682	10305.150	144.55667	0.0	0.0	3000.0	1.0000000
35	11685.2012	10832.479	144.55661	0.0	0.0	3000.0	1.0000000
37	11566.1074	9783.940	509.45538	0.0	0.0	30.0	1.0000000
37	11511.8975	9898.512	509.45538	0.0	0.0	0.0	1.0000000
36	12550.0000	12700.000	180.47534	360.0	0.0	3990.0	1.0000000
1	11250.0000	11350.000	169.49997	-720.0	0.0	3810.0	1.0000000
1	11650.0000	11850.000	169.50003	-720.0	0.0	3810.0	1.0000000
1	11350.0000	11950.000	169.50000	-720.0	0.0	3810.0	1.0000000
13	12350.0000	12050.000	169.49997	0.0	0.0	720.0	1.0000000
13	12050.0000	11950.000	169.50000	0.0	0.0	720.0	1.0000000
13	11750.0000	12250.000	169.50000	0.0	0.0	720.0	1.0000000
13	12050.0000	12650.000	171.00000	0.0	0.0	720.0	1.0000000
13	12250.0000	12750.000	169.56108	0.0	0.0	720.0	1.0000000
13	12350.0000	12350.000	169.50000	0.0	0.0	720.0	1.0000000
13	12050.0000	12150.000	169.49997	0.0	0.0	720.0	1.0000000
13	11950.0000	12350.000	169.49998	0.0	0.0	720.0	1.0000000
13	11650.0000	12750.000	169.50000	0.0	0.0	720.0	1.0000000
13	11350.0000	12250.000	169.49998	0.0	0.0	720.0	1.0000000
13	11650.0000	12050.000	169.49998	0.0	0.0	720.0	1.0000000
13	12250.0000	12250.000	169.50003	0.0	0.0	720.0	1.0000000
13	12550.0000	12350.000	169.49998	0.0	0.0	720.0	1.0000000
13	12550.0000	12650.000	173.10463	0.0	0.0	720.0	1.0000000
13	11850.0000	12550.000	169.50002	0.0	0.0	720.0	1.0000000
14	12350.0000	12550.000	169.50002	0.0	0.0	720.0	1.0000000
15	12150.0000	12550.000	171.00000	0.0	0.0	720.0	1.0000000
15	12050.0000	12450.000	169.55492	0.0	0.0	720.0	1.0000000
15	11950.0000	12650.000	170.47826	0.0	0.0	720.0	1.0000000
15	11450.0000	12750.000	169.50000	0.0	0.0	720.0	1.0000000
15	11350.0000	12650.000	169.50000	0.0	0.0	720.0	1.0000000
15	11581.9082	12534.746	169.49997	0.0	0.0	930.0	1.0000000
15	11711.0342	12797.160	169.49997	0.0	0.0	930.0	1.0000000
16	11916.0215	12068.907	204.50000	0.0	0.0	1140.0	1.0000000
16	11564.0469	12208.410	189.50000	0.0	0.0	1260.0	1.0000000
16	11744.1191	12080.707	189.49998	0.0	0.0	1350.0	1.0000000
16	12177.1055	12004.924	189.49998	0.0	0.0	1410.0	1.0000000
16	11348.1035	12356.586	189.50000	0.0	0.0	1350.0	1.0000000
16	11589.4502	11747.929	189.50000	0.0	0.0	1350.0	1.0000000
0	11924.5029	12527.286	169.86749	0.0	0.0	0.0	1.0000000
0	12277.2490	12576.536	169.84122	0.0	0.0	0.0	1.0000000
0	11618.1621	12778.018	169.49997	0.0	0.0	0.0	1.0000000
4	11223.8623	12648.386	169.50002	0.0	0.0	0.0	1.4199996
4	11576.5684	12502.067	214.49997	0.0	0.0	-30.0	1.0000000
4	11485.8291	12072.495	214.49998	0.0	0.0	-90.0	1.0000000
4	12566.9365	12170.202	214.49998	0.0	0.0	0.0	1.0000000
5	11796.0312	12622.938	214.50002	0.0	0.0	0.0	1.0000000
5	12085.0791	12379.805	214.49995	0.0	0.0	240.0	1.0000000
13	11898.0811	12369.561	214.50003	0.0	0.0	240.0	1.0000000
13	11765.9355	12502.812	214.50003	0.0	0.0	240.0	1.0000000
13	11625.7178	12600.003	214.49995	0.0	0.0	240.0	1.0000000
13	11547.7637	12570.212	214.50003	0.0	0.0	240.0	1.0000000
13	11414.8848	12591.338	214.49998	0.0	0.0	240.0	1.0000000
13	11368.1934	12712.727	214.50003	0.0	0.0	240.0	1.0000000
13	11211.9102	12673.686	214.49998	0.0	0.0	240.0	1.0000000
13	11835.5391	12776.041	214.49998	0.0	0.0	450.0	1.0000000
13	11451.1650	12227.617	214.50000	0.0	0.0	450.0	1.0000000
11	12150.0000	12650.000	171.00003	0.0	0.0	450.0	1.0000000
11	11950.0000	12250.000	169.50002	0.0	0.0	450.0	1.0000000
11	11850.0000	12150.000	169.50000	0.0	0.0	450.0	1.0000000
11	11950.0000	12050.000	169.50000	0.0	0.0	450.0	1.0000000
11	11250.0000	12650.000	169.49997	0.0	0.0	450.0	1.0000000
11	11250.0000	12450.000	169.49997	0.0	0.0	450.0	1.0000000
36	12000.0000	13550.000	169.50003	360.0	0.0	3990.0	1.0000000
36	11950.0000	13400.000	169.50002	360.0	0.0	3990.0	1.0000000
36	11800.0000	13250.000	169.50002	360.0	0.0	3990.0	1.0000000
36	11600.0000	13100.000	169.49998	360.0	0.0	3990.0	1.0000000
36	11800.0000	13350.000	169.50000	360.0	0.0	3990.0	1.5599995
36	11350.0000	12900.000	169.49997	360.0	0.0	3990.0	1.0000000
36	11300.0000	13400.000	169.49998	360.0	0.0	3990.0	1.0000000
36	11750.0000	14000.000	169.50003	360.0	0.0	4050.0	1.3799996
1	12550.0000	14250.000	169.49998	0.0	0.0	60.0	1.0000000
1	12750.0000	13650.000	170.14430	0.0	0.0	60.0	1.0000000
1	12650.0000	13250.000	169.49997	0.0	0.0	60.0	1.0000000
1	12450.0000	13150.000	169.50000	0.0	0.0	60.0	1.0000000
1	12150.0000	13250.000	169.49997	0.0	0.0	60.0	1.0000000
1	11950.0000	13850.000	169.50003	0.0	0.0	60.0	1.0000000
1	12035.0967	14053.077	169.50002	0.0	0.0	60.0	1.0000000
1	11250.0000	13250.000	169.49998	0.0	0.0	60.0	1.0000000
1	11850.0000	13450.000	169.49997	0.0	0.0	60.0	1.0000000
1	11950.0000	13450.000	169.49997	0.0	0.0	60.0	1.0000000
1	11850.0000	13750.000	169.49997	0.0	0.0	60.0	1.0000000
1	11950.0000	13950.000	169.50000	0.0	0.0	60.0	1.0000000
1	12030.3867	13267.264	169.50003	0.0	0.0	60.0	1.0000000
14	12050.0000	13050.000	169.50002	0.0	0.0	720.0	1.0000000
14	11850.0000	12850.000	169.50000	0.0	0.0	720.0	1.0000000
14	12350.0000	12850.000	169.50000	0.0	0.0	720.0	1.0000000
15	11950.0000	12850.000	169.50000	0.0	0.0	720.0	1.0000000
15	11550.0000	12950.000	169.49997	0.0	0.0	720.0	1.0000000
15	11350.0000	13350.000	169.49997	0.0	0.0	720.0	1.0000000
15	11368.4375	12895.343	169.50002	0.0	0.0	870.0	1.0000000
15	11720.8936	13211.868	169.50000	0.0	0.0	930.0	1.0000000
15	11982.4736	13355.188	169.50002	0.0	0.0	930.0	1.0000000
15	11582.9395	13088.524	169.49998	0.0	0.0	1020.0	1.0000000
15	11830.9961	13343.944	204.49997	0.0	0.0	1140.0	1.0000000
0	11555.5537	13121.325	169.50002	0.0	0.0	0.0	1.0000000
13	11496.2959	12818.276	214.49997	0.0	0.0	450.0	1.0000000
13	11647.0654	13061.172	214.49997	0.0	0.0	450.0	1.0000000
13	11773.6494	13168.791	214.50003	0.0	0.0	450.0	1.0000000
13	11871.5146	13311.346	214.50002	0.0	0.0	450.0	1.0000000
13	12134.0420	13558.108	214.49997	0.0	0.0	450.0	1.0000000
13	12310.1914	13462.145	214.49997	0.0	0.0	450.0	1.0000000
13	12550.0000	14350.000	169.50003	0.0	0.0	450.0	1.0000000
13	12550.0000	14250.000	169.50000	0.0	0.0	450.0	1.0000000
11	11950.0000	13450.000	169.50003	0.0	0.0	450.0	1.0000000
11	12150.0000	13550.000	169.50002	0.0	0.0	450.0	1.0000000
11	12050.0000	13550.000	169.50000	0.0	0.0	450.0	1.0000000
11	12250.0000	13450.000	169.50002	0.0	0.0	450.0	1.0000000
11	12350.0000	13250.000	169.49997	0.0	0.0	450.0	1.0000000
1	11750.0000	14350.000	185.99231	0.0	0.0	210.0	1.0000000
1	11950.0000	14350.000	182.72610	0.0	0.0	210.0	1.0000000
5	12750.0000	13350.000	169.50003	0.0	0.0	810.0	1.0000000
5	12350.0000	13250.000	169.50002	0.0	0.0	810.0	1.0000000
5	12250.0000	13550.000	169.22273	0.0	0.0	810.0	1.0000000
5	12150.0000	13650.000	169.50002	0.0	0.0	810.0	1.0000000
5	11950.0000	13550.000	169.50000	0.0	0.0	810.0	1.0000000
5	12150.0000	13450.000	169.50000	0.0	0.0	810.0	1.0000000
5	12250.0000	13450.000	169.50000	0.0	0.0	810.0	1.0000000
26	11271.6865	14030.165	178.94287	0.0	0.0	1800.0	0.4800005
37	11741.7705	13905.975	418.31006	0.0	0.0	60.0	1.3199997
37	11718.2021	13967.035	421.44092	0.0	0.0	60.0	1.0000000
37	11681.7217	13925.458	425.41745	0.0	0.0	30.0	1.4599996
32	12545.9053	12982.493	169.49998	0.0	0.0	150.0	1.0000000
31	12121.3086	14369.004	115.86783	0.0	0.0	150.0	1.0000000
36	11300.0000	14550.000	169.50000	360.0	0.0	3930.0	1.3199997
36	11550.0000	14450.000	169.50002	360.0	0.0	3930.0	1.3399997
1	12750.0000	14450.000	169.50000	0.0	0.0	60.0	1.0000000
1	12750.0000	14750.000	169.50000	0.0	0.0	60.0	1.0000000
1	12750.0000	14850.000	169.50002	0.0	0.0	60.0	1.0000000
1	12051.9805	14465.463	134.59941	0.0	0.0	60.0	1.0000000
1	11450.0000	14650.000	174.31842	0.0	0.0	60.0	1.0000000
1	11250.0000	14650.000	189.82219	0.0	0.0	60.0	1.0000000
13	12750.0000	14950.000	169.50000	0.0	0.0	450.0	1.0000000
13	12750.0000	14650.000	169.50000	0.0	0.0	450.0	1.0000000
13	12650.0000	14550.000	169.50000	0.0	0.0	450.0	1.0000000
13	12550.0000	14450.000	169.50002	0.0	0.0	450.0	1.0000000
13	12650.0000	14750.000	169.49998	0.0	0.0	450.0	1.0000000
34	11250.0000	15950.000	201.89085	0.0	0.0	5120.0	1.0000000
34	11550.0000	15650.000	204.97646	0.0	0.0	5120.0	1.0000000
34	12050.0000	15950.000	191.16824	0.0	0.0	5120.0	1.0000000
0	12478.9707	15787.386	184.05858	0.0	0.0	0.0	1.0000000
1	12750.0000	15750.000	197.59212	0.0	0.0	0.0	1.0000000
1	11950.0000	14450.000	187.03928	0.0	0.0	210.0	1.0000000
1	11550.0000	14450.000	188.83430	0.0	0.0	210.0	1.0000000
1	11250.0000	14650.000	178.10384	0.0	0.0	210.0	1.0000000
1	12150.0000	15850.000	178.86002	0.0	0.0	210.0	1.0000000
1	12450.0000	15750.000	180.54126	0.0	0.0	210.0	1.0000000
1	11550.0000	15750.000	224.16756	0.0	0.0	210.0	1.0000000
1	11350.0000	15650.000	212.55161	0.0	0.0	210.0	1.0000000
1	11550.0000	15650.000	219.51962	0.0	0.0	210.0	1.0000000
5	12650.0000	14550.000	217.53964	0.0	0.0	810.0	1.0000000
5	12750.0000	14550.000	214.52809	0.0	0.0	810.0	1.0000000
5	12750.0000	14750.000	226.56842	0.0	0.0	810.0	1.0000000
26	11401.1484	15216.562	149.97882	0.0	0.0	1470.0	0.5000005
26	11606.0947	15118.322	142.38022	0.0	0.0	1620.0	0.6000004
37	11819.0137	15065.880	389.22519	0.0	0.0	30.0	1.0000000
37	11904.8047	14953.776	359.45538	0.0	0.0	30.0	1.4399996
31	12716.7676	14764.400	225.95830	0.0	0.0	330.0	1.0000000
13	11350.0000	16550.000	173.75435	0.0	0.0	450.0	1.0000000
13	11450.0000	16650.000	169.49998	0.0	0.0	450.0	1.0000000
13	11550.0000	16550.000	169.50000	0.0	0.0	450.0	1.0000000
13	11250.0000	16650.000	180.17482	0.0	0.0	450.0	1.0000000
13	11250.0000	16550.000	187.49391	0.0	0.0	450.0	1.0000000
13	11450.0000	16450.000	169.49997	0.0	0.0	450.0	1.0000000
13	11650.0000	16350.000	169.50002	0.0	0.0	450.0	1.0000000
34	11550.0000	17450.000	169.49998	0.0	0.0	5180.0	1.0000000
34	11640.5225	17461.004	109.85098	0.0	0.0	5120.0	1.0000000
34	11450.0000	16450.000	179.18614	0.0	0.0	5120.0	1.0000000
34	11750.0000	16350.000	194.77878	0.0	0.0	5120.0	1.0000000
0	12730.5703	16704.611	196.29955	0.0	0.0	-150.0	1.0000000
0	12551.0850	17012.701	208.37088	0.0	0.0	-90.0	1.0000000
0	11929.4893	17064.762	186.74617	0.0	0.0	-90.0	1.0000000
0	11650.0000	16650.000	170.48802	0.0	0.0	-90.0	1.0000000
0	11850.0000	16750.000	169.49998	0.0	0.0	-90.0	1.0000000
0	11750.0000	16750.000	169.49998	0.0	0.0	-90.0	1.0000000
1	11750.0000	17450.000	169.49998	0.0	0.0	0.0	1.0000000
1	12050.0000	16050.000	190.27180	0.0	0.0	0.0	1.0000000
1	12050.0000	16050.000	190.93782	0.0	0.0	210.0	1.0000000
1	11850.0000	16150.000	187.08350	0.0	0.0	210.0	1.0000000
5	11350.0000	16650.000	182.82538	0.0	0.0	810.0	1.0000000
5	11450.0000	16550.000	179.20984	0.0	0.0	810.0	1.0000000
5	11650.0000	16350.000	194.66379	0.0	0.0	810.0	1.0000000
5	11750.0000	16250.000	195.11787	0.0	0.0	810.0	1.0000000
34	12434.4814	18715.059	109.85096	0.0	0.0	5180.0	1.0000000
34	11950.0000	18250.000	189.26222	0.0	0.0	5180.0	1.0000000
34	11550.0000	17750.000	169.50002	0.0	0.0	5180.0	1.0000000
34	11650.0000	17750.000	169.50000	0.0	0.0	5120.0	1.0000000
34	11550.0000	18150.000	191.23793	0.0	0.0	5120.0	1.0000000
34	11952.7422	18169.881	80.00022	0.0	0.0	5120.0	1.0000000
0	11750.0000	17950.000	169.99121	0.0	0.0	-90.0	1.0000000
0	11950.0000	17950.000	169.50002	0.0	0.0	-90.0	1.0000000
0	11950.0000	18050.000	169.60269	0.0	0.0	-90.0	1.0000000
0	12650.0000	18650.000	169.50003	0.0	0.0	-90.0	1.0000000
1	11550.0000	17950.000	169.49997	0.0	0.0	0.0	1.0000000
1	11750.0000	18050.000	180.13649	0.0	0.0	0.0	1.0000000
13	11770.8564	20711.539	169.49998	0.0	0.0	90.0	1.0000000
13	11939.1406	20652.266	169.49994	0.0	0.0	150.0	1.0000000
13	11805.8867	20557.838	169.49998	0.0	0.0	240.0	1.0000000
13	11665.9980	20600.033	169.49998	0.0	0.0	240.0	1.0000000
13	12191.4590	20643.916	169.49997	0.0	0.0	300.0	1.0000000
13	11985.8008	20445.354	169.49995	0.0	0.0	300.0	1.0000000
13	12174.9551	20536.939	169.49995	0.0	0.0	180.0	1.0000000
14	11906.4053	20799.086	169.49995	0.0	0.0	180.0	1.0000000
14	11570.2471	19796.797	169.49992	0.0	0.0	-60.0	1.0000000
14	12004.0684	19658.354	169.50000	0.0	0.0	30.0	1.0000000
15	11710.4932	19917.752	169.49998	0.0	0.0	-30.0	1.0000000
16	11435.9814	20052.494	169.49995	0.0	0.0	-30.0	1.0000000
12	11591.6309	19428.795	169.49998	0.0	0.0	-30.0	1.0000000
12	12001.2812	19214.406	169.49991	0.0	0.0	-30.0	1.0000000
34	11540.9277	20561.469	106.07204	360.0	0.0	4050.0	1.0000000
2	11343.2695	20547.686	152.22404	360.0	0.0	270.0	1.0000000
0	11600.0088	20613.305	202.06641	-5.0	0.0	50.0	1.0000000
0	11248.4795	20757.502	207.65286	-5.0	0.0	50.0	1.0000000
4	11555.9150	20546.178	279.11520	-5.0	0.0	740.0	1.0000000
11	12050.0000	20650.000	174.48389	0.0	0.0	5060.0	1.0000000
11	11450.0000	20550.000	226.86147	0.0	0.0	5060.0	1.0000000
1	12250.0000	20750.000	170.79668	0.0	0.0	0.0	1.0000000
1	12050.0000	20650.000	173.03026	0.0	0.0	0.0	1.0000000
1	11750.0000	20650.000	194.26073	0.0	0.0	0.0	1.0000000
1	12550.0000	19950.000	169.50000	0.0	0.0	3420.0	1.0000000
1	12550.0000	19650.000	169.50003	0.0	0.0	3420.0	1.0000000
1	12750.0000	19850.000	169.50000	0.0	0.0	3420.0	1.0000000
1	12650.0000	19850.000	169.49997	0.0	0.0	3420.0	1.0000000
1	12650.0000	19750.000	169.50003	0.0	0.0	3420.0	1.0000000
1	12550.0000	20150.000	169.50002	0.0	0.0	3420.0	1.0000000
28	11300.0000	22100.000	169.50005	10.0	0.0	-60.0	1.0000000
28	11500.0000	21500.000	194.49998	-35.0	0.0	-110.0	1.0000000
12	12741.0635	21092.254	169.49995	0.0	0.0	0.0	1.0000000
13	12462.0283	21010.076	169.50003	0.0	0.0	180.0	1.0000000
13	12358.5049	20949.479	169.50000	0.0	0.0	270.0	1.0000000
13	12208.9512	20913.395	169.49997	0.0	0.0	330.0	1.0000000
13	12029.2334	20935.932	169.49998	0.0	0.0	420.0	1.0000000
13	11900.6387	20890.699	169.49998	0.0	0.0	90.0	1.0000000
13	11784.1084	20873.928	169.49994	0.0	0.0	90.0	1.0000000
13	11662.9844	21391.248	169.49995	0.0	0.0	180.0	1.0000000
13	11778.3613	21502.627	169.49998	0.0	0.0	180.0	1.0000000
13	11718.7285	21689.879	169.49994	0.0	0.0	180.0	1.0000000
13	11509.0166	21353.854	169.49997	0.0	0.0	180.0	1.0000000
14	11679.6650	21521.777	169.49998	0.0	0.0	180.0	1.0000000
14	12091.8027	20984.482	169.49995	0.0	0.0	390.0	1.0000000
13	12714.4629	20936.691	169.49992	0.0	0.0	90.0	1.0000000
34	11352.9404	21842.078	108.04994	360.0	0.0	4050.0	1.0000000
34	11530.0625	21361.625	120.19190	360.0	0.0	4050.0	1.0000000
34	11857.5908	20938.766	114.04816	360.0	0.0	4050.0	1.0000000
34	12267.8408	20950.639	135.28830	360.0	0.0	4050.0	1.0000000
34	12358.5225	21654.814	159.52200	360.0	0.0	4050.0	1.0000000
34	12566.4844	21952.230	183.33121	360.0	0.0	4050.0	1.0000000
0	12557.8174	21824.045	243.57372	0.0	0.0	0.0	1.0000000
0	12403.4678	21710.188	270.57098	0.0	0.0	0.0	1.0000000
0	12587.4863	22024.412	259.51846	0.0	0.0	0.0	1.0000000
0	12636.9238	21865.162	206.35399	-5.0	0.0	50.0	1.0000000
0	12469.2324	21742.902	253.35867	-5.0	0.0	50.0	1.0000000
0	11748.5479	21443.760	212.89110	-5.0	0.0	50.0	1.0000000
0	11666.9697	21445.855	215.00195	-5.0	0.0	50.0	1.0000000
0	11352.2207	21931.555	179.27748	-5.0	0.0	50.0	1.0000000
0	11474.0859	21620.615	227.05406	-5.0	0.0	50.0	1.0000000
0	12662.3223	22138.668	258.39099	-5.0	0.0	50.0	1.0000000
4	12700.7646	22070.539	245.89139	-5.0	0.0	680.0	1.0000000
4	12438.1807	21679.893	299.03967	-5.0	0.0	680.0	1.0000000
4	11754.1699	21432.900	272.26471	-5.0	0.0	680.0	1.0000000
4	12321.9521	20931.660	266.99246	-5.0	0.0	740.0	1.0000000
1	12750.0000	20950.000	173.68237	0.0	0.0	0.0	1.0000000
1	12750.0000	22150.000	240.39206	0.0	0.0	0.0	1.0000000
1	12570.7275	21827.143	237.41000	0.0	0.0	150.0	1.0000000
1	12416.5312	21702.361	262.57773	0.0	0.0	210.0	1.0000000
1	11750.0000	21450.000	215.52467	0.0	0.0	210.0	1.0000000
1	11550.0000	21450.000	233.39587	0.0	0.0	210.0	1.0000000
29	11353.2422	23789.830	344.50000	0.0	0.0	30.0	1.0000000
28	12000.0000	23450.000	169.49998	10.0	0.0	-180.0	1.0000000
26	12177.4736	23966.355	159.50003	0.0	0.0	450.0	1.0000000
34	12646.7451	23048.836	97.97697	360.0	0.0	4050.0	1.0000000
36	12658.8857	23496.012	165.84445	360.0	0.0	4740.0	1.4399996
1	11250.0000	23650.000	169.50000	0.0	0.0	60.0	1.0000000
1	11550.0000	23550.000	169.49997	0.0	0.0	60.0	1.0000000
1	11797.9424	23400.254	170.15196	0.0	0.0	60.0	1.0000000
1	12250.0000	23550.000	176.84369	0.0	0.0	60.0	1.0000000
1	12550.0000	23350.000	195.60298	0.0	0.0	60.0	1.0000000
34	12549.0342	24356.768	101.59527	360.0	0.0	4050.0	1.0000000
34	12065.7080	24453.766	103.09011	360.0	0.0	4050.0	1.0000000
34	11438.7305	24469.002	116.40388	360.0	0.0	4050.0	1.0000000
36	11345.9873	24002.682	174.29819	360.0	0.0	4740.0	1.3599997
36	11366.7559	24133.242	171.54694	360.0	0.0	4740.0	1.3399997
1	11350.0000	24750.000	233.62215	0.0	0.0	3480.0	1.0000000
1	11550.0000	24750.000	243.21788	0.0	0.0	3480.0	1.0000000
1	11450.0000	24550.000	201.55836	0.0	0.0	3480.0	1.0000000
1	11550.0000	24450.000	227.76610	0.0	0.0	3480.0	0.8000002
1	12350.0000	24450.000	186.58916	0.0	0.0	3480.0	1.0000000
1	12550.0000	24350.000	184.89543	0.0	0.0	3480.0	1.0000000
22	11579.7031	24665.170	167.58972	0.0	0.0	60.0	1.0000000
1	11650.0000	24950.000	227.56381	0.0	0.0	0.0	1.0000000
1	11350.0000	24950.000	246.98679	0.0	0.0	0.0	1.0000000
31	11902.4678	25057.797	202.86041	0.0	0.0	-40.0	0.8400002
32	12013.1113	25149.814	206.74257	0.0	0.0	70.0	0.8600001
33	12147.4014	25066.838	210.00000	0.0	0.0	0.0	1.0000000
5	12219.4795	24938.766	207.72237	0.0	0.0	100.0	1.2799997
2	11998.5273	24964.053	205.36606	0.0	0.0	-70.0	1.0400000
14	11268.0039	24962.598	247.50514	0.0	0.0	-290.0	1.0000000
5	11639.0342	24917.004	232.35590	0.0	0.0	60.0	1.7999992
36	11850.0000	24950.000	201.20354	0.0	0.0	0.0	1.0000000
36	11950.0000	24750.000	196.67493	0.0	0.0	0.0	1.0000000
36	11850.0000	24950.000	201.90187	0.0	0.0	0.0	1.0000000
36	12250.0000	24950.000	210.12930	0.0	0.0	0.0	1.0000000
36	12250.0000	25150.000	209.74840	0.0	0.0	0.0	1.0000000
23	13137.3477	421.580	189.60114	0.0	0.0	90.0	1.0000000
22	13604.7344	442.476	168.82469	0.0	0.0	90.0	1.0000000
23	14207.3994	504.798	214.64635	0.0	0.0	60.0	1.0000000
23	13471.2412	192.808	235.26779	0.0	0.0	60.0	1.0000000
22	13955.8799	312.354	175.86694	0.0	0.0	90.0	1.0000000
22	12833.6982	349.587	190.10916	0.0	0.0	90.0	1.0000000
23	13150.0000	850.000	171.69960	0.0	0.0	90.0	1.0000000
32	14145.7129	1488.037	164.70369	0.0	0.0	1410.0	1.0000000
36	13697.9775	1242.372	194.24431	-725.0	0.0	1500.0	1.3599997
36	13896.4092	643.781	214.71680	-725.0	0.0	1470.0	1.2599998
36	13973.2139	658.159	217.94650	-725.0	0.0	1470.0	1.0000000
27	13562.5654	1344.745	207.43997	-725.0	0.0	1470.0	1.1599998
16	13518.1689	1246.635	175.54005	-725.0	0.0	1980.0	1.0000000
16	13643.9297	1273.354	170.80420	-725.0	0.0	1980.0	1.0000000
16	13646.6211	1405.639	181.88727	-725.0	0.0	1980.0	1.0000000
16	13779.1816	1365.881	155.76564	-725.0	0.0	1980.0	1.0000000
16	14015.1592	692.298	199.69893	-725.0	0.0	1980.0	1.0000000
16	13929.1650	609.452	199.19693	-725.0	0.0	1980.0	1.0000000
16	13802.9316	665.440	182.90735	-725.0	0.0	1980.0	1.0000000
16	13628.1309	675.325	165.71231	-725.0	0.0	1980.0	1.0000000
14	14041.3945	1392.684	157.85876	-725.0	0.0	1980.0	1.0000000
14	14271.4961	1465.409	150.45183	-725.0	0.0	2040.0	1.0000000
13	14271.4277	1359.446	146.58101	-725.0	0.0	2040.0	1.0000000
13	13952.7090	1294.585	169.98250	-725.0	0.0	2040.0	1.0000000
11	14380.3652	1538.962	222.78255	-725.0	0.0	2370.0	1.0000000
11	13479.9141	1322.157	238.27046	-725.0	0.0	2370.0	1.0000000
11	13274.3145	655.122	227.18701	-725.0	0.0	2370.0	1.0000000
3	13582.2100	1299.153	222.90331	-715.0	0.0	2730.0	1.0000000
36	14250.0000	1450.000	177.07143	-715.0	0.0	2220.0	1.0000000
36	13800.0000	1350.000	181.52603	-715.0	0.0	2220.0	1.0000000
36	14250.0000	800.000	240.19939	-715.0	0.0	2220.0	1.0000000
36	14350.0000	750.000	245.51581	-715.0	0.0	2220.0	1.0000000
5	14288.9287	1458.349	177.78333	0.0	0.0	420.0	1.0000000
5	13687.9697	1292.878	191.59773	0.0	0.0	420.0	1.0000000
5	13181.7734	799.987	199.78474	0.0	0.0	420.0	1.0000000
1	12950.0000	150.000	257.43201	0.0	0.0	0.0	1.0000000
1	13750.0000	50.000	225.46072	0.0	0.0	0.0	1.0000000
31	13002.0439	702.677	166.97603	0.0	0.0	0.0	1.0000000
32	13155.1768	713.892	136.59419	0.0	0.0	-50.0	1.0000000
33	13107.0107	551.681	209.50256	0.0	0.0	0.0	1.0000000
2	14156.3906	312.124	234.97653	0.0	0.0	-80.0	1.0000000
2	14090.0176	214.758	230.36882	0.0	0.0	0.0	1.0000000
2	14194.2041	214.081	238.28224	10.0	0.0	-380.0	0.7800002
36	14350.0000	350.000	246.80287	0.0	0.0	0.0	1.0000000
36	14150.0000	450.000	223.56169	0.0	0.0	0.0	1.0000000
36	12808.9922	1831.682	214.09375	-725.0	0.0	1440.0	1.3599997
36	13100.0000	2250.000	199.69032	-715.0	0.0	2220.0	1.0000000
4	12801.6143	2471.304	215.09058	-730.0	0.0	2370.0	1.0000000
1	13350.0000	2150.000	198.90759	0.0	0.0	60.0	1.0000000
1	13050.0000	2150.000	225.66788	0.0	0.0	60.0	1.0000000
3	13450.0000	3050.000	250.22728	0.0	0.0	210.0	1.0000000
5	12889.8750	2553.690	204.67783	0.0	0.0	420.0	1.0000000
5	13357.3779	2992.289	251.24957	0.0	0.0	420.0	1.0000000
1	13650.0000	2950.000	223.14177	0.0	0.0	3420.0	1.0000000
1	13350.0000	2950.000	250.16277	0.0	0.0	3420.0	1.0000000
1	13550.0000	2850.000	225.00145	0.0	0.0	3420.0	1.0000000
1	13650.0000	3150.000	207.32201	0.0	0.0	3420.0	1.0000000
37	14012.1064	2611.159	543.07373	0.0	0.0	30.0	1.2799997
37	14028.2490	2591.030	536.94519	0.0	0.0	-30.0	1.3199997
37	14000.0342	2651.781	524.28131	0.0	0.0	60.0	1.2599998
5	13147.4824	3307.308	209.50697	0.0	0.0	420.0	1.0000000
5	12961.8594	3575.237	181.48553	0.0	0.0	420.0	1.0000000
5	12999.9170	3819.961	192.32309	0.0	0.0	420.0	1.0000000
5	12950.0000	4050.000	212.83203	0.0	0.0	420.0	1.0000000
5	13250.0000	3950.000	214.10605	0.0	0.0	420.0	1.0000000
5	13450.0000	3850.000	203.94220	0.0	0.0	420.0	1.0000000
5	12950.0000	4250.000	227.75237	0.0	0.0	420.0	1.0000000
5	12950.0000	4450.000	198.56848	0.0	0.0	420.0	1.0000000
5	13850.0000	4750.000	186.45648	0.0	0.0	420.0	1.0000000
5	14150.0000	4750.000	185.72472	0.0	0.0	420.0	1.0000000
5	14350.0000	4350.000	232.92204	0.0	0.0	420.0	1.0000000
5	14350.0000	3650.000	182.69955	0.0	0.0	420.0	1.0000000
1	12950.0000	4050.000	207.86496	0.0	0.0	330.0	1.0000000
1	12950.0000	3950.000	212.56361	0.0	0.0	330.0	1.0000000
1	12850.0000	3850.000	190.63174	0.0	0.0	330.0	1.0000000
1	12850.0000	3750.000	189.86281	0.0	0.0	330.0	1.0000000
1	13250.0000	3950.000	203.62067	0.0	0.0	3420.0	1.0000000
1	13050.0000	4050.000	203.98444	0.0	0.0	3420.0	1.0000000
1	13050.0000	3950.000	214.23454	0.0	0.0	3420.0	1.0000000
1	13250.0000	3350.000	195.97861	0.0	0.0	3420.0	1.0000000
3	14250.0000	6050.000	169.50002	0.0	0.0	210.0	1.0000000
3	13450.0000	6150.000	169.49997	0.0	0.0	210.0	1.0000000
4	13038.6836	6243.019	229.50000	0.0	0.0	510.0	1.0000000
4	14000.0371	5682.213	229.50005	0.0	0.0	810.0	1.0000000
5	12950.0000	6250.000	169.50002	0.0	0.0	420.0	1.0000000
5	13150.0000	5850.000	169.50000	0.0	0.0	420.0	1.0000000
5	13450.0000	5650.000	169.50005	0.0	0.0	420.0	1.0000000
5	13550.0000	5650.000	169.49998	0.0	0.0	420.0	1.0000000
5	13450.0000	5450.000	168.92255	0.0	0.0	420.0	1.0000000
5	13650.0000	5450.000	169.50000	0.0	0.0	420.0	1.0000000
5	13850.0000	5350.000	169.49997	0.0	0.0	420.0	1.0000000
5	14150.0000	4950.000	174.70605	0.0	0.0	420.0	1.0000000
5	13850.0000	4950.000	184.33389	0.0	0.0	420.0	1.0000000
3	14250.0000	6750.000	169.50002	0.0	0.0	210.0	1.0000000
3	13250.0000	6750.000	169.49997	0.0	0.0	210.0	1.0000000
3	14150.0000	7650.000	169.50002	0.0	0.0	210.0	1.0000000
3	13450.0000	7750.000	169.49998	0.0	0.0	210.0	1.0000000
3	13050.0000	7250.000	169.50003	0.0	0.0	210.0	1.0000000
4	12935.7988	6888.685	229.50000	0.0	0.0	510.0	1.0000000
4	13576.7207	6607.258	229.50005	0.0	0.0	810.0	1.0000000
7	13561.2773	6777.348	229.50003	0.0	0.0	810.0	1.0000000
7	13311.4590	6625.564	169.50000	0.0	0.0	750.0	1.0000000
7	13359.5947	6722.357	169.50002	0.0	0.0	870.0	1.0000000
7	13778.6592	6866.126	169.49998	0.0	0.0	780.0	1.0000000
7	12852.6885	6554.832	169.50005	0.0	0.0	720.0	1.0000000
11	13376.1807	9282.614	169.50003	0.0	0.0	240.0	1.0000000
13	13466.5762	9145.271	169.50005	0.0	0.0	390.0	1.0000000
13	14234.7715	9555.252	169.50003	0.0	0.0	390.0	1.0000000
14	13811.9736	9492.986	169.50000	0.0	0.0	390.0	1.0000000
15	13050.0000	9350.000	169.50003	0.0	0.0	1890.0	1.0000000
15	13531.1865	9271.919	169.50003	0.0	0.0	2010.0	1.0000000
15	13793.1865	9407.919	169.50000	0.0	0.0	108.0	0.9500000
15	14178.1865	8707.919	169.50000	0.0	0.0	61.0	1.0000000
15	13332.1865	8277.919	169.50000	0.0	0.0	57.0	1.0599999
15	14135.1865	9280.919	169.50000	0.0	0.0	110.0	1.0400000
15	13940.9102	8653.388	169.50000	0.0	0.0	268.0	1.0700001
11	13234.7480	9109.033	169.50000	0.0	0.0	330.0	1.0000000
11	13670.0967	9256.712	169.49992	0.0	0.0	240.0	1.0000000
15	14025.7930	9404.359	169.50002	0.0	0.0	318.0	0.9600000
1	13650.0000	9550.000	169.49995	-720.0	0.0	3510.0	1.2999997
1	14150.0000	9450.000	169.50002	-720.0	0.0	3750.0	1.3199997
1	13150.0000	8750.000	169.50003	0.0	0.0	60.0	1.0000000
1	12950.0000	9050.000	169.50000	0.0	0.0	60.0	1.0000000
4	13027.7588	8643.503	229.50000	0.0	0.0	510.0	1.0000000
4	14377.5342	8912.807	229.50003	0.0	0.0	510.0	1.0000000
0	13305.4121	8285.290	169.50002	0.0	0.0	0.0	1.0000000
0	13198.2422	8596.519	169.50002	0.0	0.0	0.0	1.0000000
0	13918.6484	8698.038	169.49997	0.0	0.0	0.0	1.0000000
0	14153.7627	8737.824	169.50002	0.0	0.0	0.0	1.0000000
0	13746.7979	9539.643	169.50000	0.0	0.0	0.0	1.0000000
32	13817.1143	8382.885	169.49998	0.0	0.0	480.0	1.0000000
31	12929.9902	8169.821	169.49997	0.0	0.0	720.0	1.0000000
11	14090.8662	10457.311	169.49997	0.0	0.0	0.0	1.0000000
11	13737.6016	10207.385	169.50003	0.0	0.0	60.0	1.0000000
11	13672.0459	10463.021	169.50000	0.0	0.0	-30.0	1.0000000
11	13917.4023	10760.197	169.50002	0.0	0.0	60.0	1.0000000
11	14096.0146	10758.778	169.49997	0.0	0.0	60.0	1.0000000
11	13905.9766	9918.586	169.49997	0.0	0.0	0.0	1.0000000
11	14210.2275	9684.794	169.50002	0.0	0.0	-60.0	1.0000000
11	14246.0488	9936.876	169.50002	0.0	0.0	60.0	1.0000000
11	14363.8701	10253.691	169.50002	0.0	0.0	210.0	1.0000000
11	13259.4883	9836.005	169.50002	0.0	0.0	210.0	1.0000000
11	13010.5713	10139.656	169.50000	0.0	0.0	90.0	1.0000000
11	13669.3848	9627.038	169.49997	0.0	0.0	210.0	1.0000000
11	13654.7539	9826.419	169.50000	0.0	0.0	120.0	1.0000000
11	13479.3857	10191.727	169.50000	0.0	0.0	120.0	1.0000000
11	13494.0469	10356.812	169.50002	0.0	0.0	60.0	1.0000000
11	12896.2812	10040.645	169.50000	0.0	0.0	60.0	1.0000000
11	13081.5000	10271.071	169.49997	0.0	0.0	180.0	1.0000000
11	13028.7334	10457.310	169.49997	0.0	0.0	240.0	1.0000000
11	14262.1680	10623.253	169.49998	0.0	0.0	240.0	1.0000000
11	13021.0166	9631.602	169.50002	0.0	0.0	240.0	1.0000000
11	12826.6064	9661.880	169.50000	0.0	0.0	360.0	1.0000000
13	12957.1992	9788.727	169.50000	0.0	0.0	300.0	1.0000000
13	13037.5576	9922.449	169.49998	0.0	0.0	390.0	1.0000000
13	13624.6904	10083.168	169.50000	0.0	0.0	390.0	1.0000000
13	13185.1455	10509.055	169.49997	0.0	0.0	390.0	1.0000000
13	13349.3584	9723.643	169.49995	0.0	0.0	390.0	1.0000000
13	13571.7979	10776.193	169.49998	0.0	0.0	390.0	1.0000000
13	14074.0566	9846.981	169.50003	0.0	0.0	390.0	1.0000000
13	13738.8721	10867.957	169.50000	0.0	0.0	390.0	1.0000000
13	13995.8906	10146.812	169.49998	0.0	0.0	390.0	1.0000000
13	12815.7119	10377.824	169.49998	0.0	0.0	390.0	1.0000000
13	13887.5459	9648.188	169.49997	0.0	0.0	390.0	1.0000000
14	13850.3320	10426.850	169.50002	0.0	0.0	390.0	1.0000000
14	14090.1367	10188.305	169.50000	0.0	0.0	390.0	1.0000000
14	13033.7070	10610.159	169.49997	0.0	0.0	390.0	1.0000000
14	13074.7715	10737.534	169.50003	0.0	0.0	450.0	1.0000000
14	12948.2959	10852.740	169.50003	0.0	0.0	600.0	1.0000000
14	13521.3369	10616.062	169.49998	0.0	0.0	600.0	1.0000000
15	14333.5342	11000.936	169.50002	0.0	0.0	1890.0	1.0000000
15	14067.7354	10931.711	169.50000	0.0	0.0	274.0	0.9900000
15	14121.7354	11136.711	169.50000	0.0	0.0	249.0	1.0000000
15	14052.2559	9966.540	169.49998	0.0	0.0	1890.0	1.0000000
15	13793.2559	9626.540	169.50000	0.0	0.0	273.0	0.9500000
15	14276.2559	10405.540	169.50000	0.0	0.0	91.0	0.9400000
15	13488.7510	10898.629	169.50000	0.0	0.0	108.0	0.9200000
15	13304.7510	10475.629	169.50000	0.0	0.0	194.0	0.9800000
15	13713.7510	10739.629	169.50000	0.0	0.0	331.0	0.9600000
15	13950.0000	10350.000	169.49998	0.0	0.0	1890.0	1.0000000
15	13485.1865	10049.919	169.50000	0.0	0.0	44.0	0.9300000
15	14235.1865	10049.919	169.50000	0.0	0.0	288.0	0.9300000
13	14204.8867	10287.063	169.50005	0.0	0.0	390.0	1.0000000
36	14000.0000	10050.000	169.50000	0.0	0.0	30.0	1.0000000
36	13950.0000	9950.000	169.50002	0.0	0.0	120.0	1.0000000
1	14100.0000	10550.000	169.49997	-720.0	0.0	3210.0	1.4799995
1	14350.0000	10100.000	169.50002	-720.0	0.0	3300.0	1.4199996
1	13500.0000	9850.000	169.50002	-720.0	0.0	3300.0	1.5399995
1	13600.0000	10300.000	169.50002	-720.0	0.0	3750.0	1.3799996
1	12850.0000	10750.000	169.50000	0.0	0.0	60.0	1.0000000
1	13050.0000	10050.000	169.49997	0.0	0.0	60.0	1.0000000
1	13450.0000	10250.000	169.50002	0.0	0.0	60.0	1.0000000
1	13550.0000	9650.000	169.50003	0.0	0.0	60.0	1.0000000
1	14150.0000	9750.000	169.49998	0.0	0.0	60.0	1.0000000
0	13959.7041	9913.857	169.49998	0.0	0.0	0.0	1.0000000
0	13627.2598	10271.793	169.50003	0.0	0.0	0.0	1.0000000
0	14090.9473	10498.207	169.50000	0.0	0.0	0.0	1.0000000
0	13675.8535	10536.938	169.49998	0.0	0.0	0.0	1.0000000
0	13026.3389	10540.444	169.49998	0.0	0.0	0.0	1.0000000
0	12973.1436	10866.894	169.49997	0.0	0.0	0.0	1.0000000
0	14077.3271	11192.692	169.50002	0.0	0.0	0.0	1.0000000
0	13931.8037	12429.972	169.49997	0.0	0.0	0.0	1.0000000
11	13261.4277	12201.306	169.49998	0.0	0.0	30.0	1.0000000
11	13086.2793	12132.621	169.49997	0.0	0.0	30.0	1.0000000
11	12937.6377	12044.073	169.50003	0.0	0.0	30.0	1.0000000
11	13034.3145	11892.792	169.50003	0.0	0.0	30.0	1.0000000
11	14216.8174	11478.112	169.49998	0.0	0.0	30.0	1.0000000
11	14039.7549	11450.682	169.49998	0.0	0.0	30.0	1.0000000
12	13844.9561	11601.512	169.49997	0.0	0.0	30.0	1.0000000
12	13551.0400	11560.242	169.49997	0.0	0.0	120.0	1.0000000
15	14385.6182	12312.701	204.50002	0.0	0.0	0.0	1.0000000
15	13182.7354	11894.711	169.50000	0.0	0.0	294.0	1.0100000
15	13104.7354	11469.711	169.50000	0.0	0.0	330.0	0.9200000
36	13050.0000	12000.000	170.47551	0.0	0.0	2670.0	1.0000000
36	13550.0000	11550.000	169.49998	0.0	0.0	2670.0	1.0000000
36	14350.0000	12250.000	193.98930	350.0	0.0	6180.0	1.0000000
36	13850.0000	11800.000	181.16298	350.0	0.0	6180.0	1.0000000
1	13150.0000	12150.000	171.61832	0.0	0.0	60.0	1.0000000
1	13050.0000	11850.000	169.50002	0.0	0.0	60.0	1.0000000
4	12810.1709	12032.619	214.50003	0.0	0.0	0.0	1.0000000
0	13012.6221	12019.567	170.08705	0.0	0.0	0.0	1.0000000
0	13557.3467	11546.877	169.49997	0.0	0.0	0.0	1.0000000
0	13820.7734	11593.506	171.99361	0.0	0.0	0.0	1.0000000
0	14038.1367	11490.089	169.50000	0.0	0.0	0.0	1.0000000
0	14214.2627	11532.015	172.48607	0.0	0.0	0.0	1.0000000
0	14267.3789	12287.228	204.49733	0.0	0.0	0.0	1.0000000
5	13450.0000	12050.000	191.91237	0.0	0.0	810.0	1.0000000
5	13450.0000	12050.000	189.83165	0.0	0.0	810.0	1.0000000
5	13150.0000	12350.000	196.10201	0.0	0.0	810.0	1.0000000
5	13050.0000	12250.000	189.78447	0.0	0.0	810.0	1.0000000
5	13850.0000	12650.000	213.15723	0.0	0.0	810.0	1.0000000
5	14050.0000	12650.000	221.39622	0.0	0.0	810.0	1.0000000
37	12914.6758	12608.678	219.21451	0.0	0.0	-270.0	1.7999992
32	13858.5332	11785.824	190.68823	0.0	0.0	-30.0	1.0000000
0	14219.4219	13727.925	188.31505	0.0	0.0	0.0	1.0000000
0	14379.9404	13366.948	169.47472	0.0	0.0	-90.0	1.0000000
0	14255.4863	13266.362	177.04404	0.0	0.0	150.0	1.0000000
1	14363.8203	13732.266	192.06392	0.0	0.0	150.0	1.0000000
2	13859.4102	13933.748	181.74498	0.0	0.0	210.0	1.0000000
2	13784.1895	14322.599	188.09508	0.0	0.0	330.0	1.0000000
3	13277.2578	13567.156	147.93294	0.0	0.0	340.0	1.0000000
5	14346.4316	13954.436	187.07982	0.0	0.0	150.0	1.0000000
6	14352.7012	13738.607	194.20630	0.0	0.0	-60.0	1.3599997
6	14235.2041	13682.046	180.02089	0.0	0.0	-120.0	1.0000000
10	13269.6592	12912.096	193.55902	0.0	0.0	30.0	1.0000000
36	14300.0000	13800.000	209.43507	360.0	0.0	4020.0	1.0000000
36	14350.0000	13800.000	206.80481	360.0	0.0	3960.0	1.2999997
36	13800.0000	14050.000	184.45747	360.0	0.0	4050.0	1.4999995
36	13850.0000	14200.000	203.24513	360.0	0.0	3990.0	1.0000000
36	13350.0000	13200.000	170.92752	360.0	0.0	3990.0	1.0000000
36	13700.0000	13150.000	196.51663	360.0	0.0	3990.0	1.0000000
36	13200.0000	13150.000	178.51147	360.0	0.0	3990.0	1.3599997
36	13600.0000	13150.000	185.96973	360.0	0.0	3990.0	1.3599997
36	13400.0000	13250.000	172.37775	350.0	0.0	6180.0	1.4199996
36	13750.0000	14000.000	185.36946	350.0	0.0	6180.0	1.0000000
36	13900.0000	14150.000	192.92715	350.0	0.0	6180.0	1.0000000
1	13650.0000	14250.000	172.10309	0.0	0.0	60.0	1.0000000
1	13750.0000	14150.000	187.72142	0.0	0.0	60.0	1.0000000
1	13350.0000	13950.000	177.39828	0.0	0.0	60.0	1.0000000
1	12950.0000	13650.000	171.12480	0.0	0.0	60.0	1.0000000
13	13850.0000	13950.000	181.93124	0.0	0.0	450.0	1.0000000
13	14050.0000	13850.000	208.08823	0.0	0.0	450.0	1.0000000
13	14250.0000	13750.000	213.45097	0.0	0.0	450.0	1.0000000
13	14350.0000	13850.000	198.34448	0.0	0.0	450.0	1.0000000
11	14150.0000	13850.000	197.37364	0.0	0.0	450.0	1.0000000
11	14350.0000	13850.000	219.15309	0.0	0.0	450.0	1.0000000
5	12850.0000	13850.000	172.50002	0.0	0.0	810.0	1.0000000
5	12950.0000	13550.000	169.55618	0.0	0.0	810.0	1.0000000
5	13550.0000	13050.000	203.80063	0.0	0.0	810.0	1.0000000
5	13650.0000	12850.000	222.04639	0.0	0.0	810.0	1.0000000
5	14250.0000	12850.000	188.02617	0.0	0.0	810.0	1.0000000
26	14048.9707	13516.201	145.51602	0.0	0.0	2700.0	0.4800005
37	14362.7422	13422.901	354.77875	0.0	0.0	30.0	1.5399995
37	14311.4893	13489.310	352.47238	0.0	0.0	0.0	1.3799996
0	13260.0635	13327.156	170.87747	0.0	0.0	0.0	1.0000000
0	13122.9658	13349.404	169.49998	0.0	0.0	0.0	1.0000000
5	13182.4287	13535.383	169.49994	0.0	0.0	810.0	1.0000000
36	13171.7881	13598.920	166.33580	360.0	0.0	3990.0	1.0000000
4	14086.9824	14670.931	192.45268	0.0	0.0	150.0	1.0000000
1	13850.0000	14750.000	171.11143	0.0	0.0	60.0	1.0000000
1	14250.0000	14850.000	179.18555	0.0	0.0	60.0	1.0000000
1	13750.0000	14450.000	169.73244	0.0	0.0	60.0	1.0000000
1	13650.0000	14450.000	169.50003	0.0	0.0	60.0	1.0000000
13	14250.0000	14750.000	183.48051	0.0	0.0	450.0	1.0000000
13	14350.0000	14750.000	197.47209	0.0	0.0	450.0	1.0000000
11	14350.0000	15650.000	169.49997	0.0	0.0	450.0	1.0000000
0	13050.0000	15850.000	219.73915	0.0	0.0	0.0	1.0000000
1	13050.0000	15850.000	221.65793	0.0	0.0	0.0	1.0000000
1	13150.0000	15950.000	193.66943	0.0	0.0	0.0	1.0000000
1	13050.0000	15550.000	194.02151	0.0	0.0	210.0	1.0000000
1	13050.0000	15350.000	182.06380	0.0	0.0	210.0	1.0000000
1	12950.0000	15250.000	186.15186	0.0	0.0	210.0	1.0000000
1	12850.0000	15050.000	189.56902	0.0	0.0	210.0	1.0000000
1	12850.0000	15050.000	189.95036	0.0	0.0	210.0	1.0000000
1	12950.0000	15150.000	194.13673	0.0	0.0	210.0	1.0000000
1	12950.0000	15250.000	191.65059	0.0	0.0	210.0	1.0000000
1	13050.0000	15250.000	193.91747	0.0	0.0	210.0	1.0000000
1	13061.2646	15196.107	206.44199	0.0	0.0	300.0	1.0000000
1	13850.0000	15250.000	209.62692	0.0	0.0	300.0	1.0000000
1	14050.0000	15250.000	182.75404	0.0	0.0	300.0	1.0000000
1	14250.0000	15150.000	169.50003	0.0	0.0	300.0	1.0000000
1	14250.0000	15350.000	175.58592	0.0	0.0	300.0	1.0000000
1	14250.0000	15450.000	183.60634	0.0	0.0	300.0	1.0000000
1	13950.0000	15350.000	195.41690	0.0	0.0	300.0	1.0000000
1	14095.6963	15337.909	188.85774	0.0	0.0	420.0	1.0000000
1	14050.0000	15350.000	185.76212	0.0	0.0	420.0	1.0000000
1	14050.0000	15250.000	181.75600	0.0	0.0	420.0	1.0000000
1	14050.0000	15050.000	181.45833	0.0	0.0	420.0	1.0000000
29	13985.3418	17341.375	223.25102	0.0	0.0	5090.0	1.0000000
29	13840.9014	17395.715	222.78804	0.0	0.0	5300.0	1.0000000
0	13050.0000	16250.000	197.43408	0.0	0.0	0.0	1.0000000
0	14150.0000	17550.000	215.87140	0.0	0.0	-90.0	1.0000000
0	13850.0000	17450.000	220.56305	0.0	0.0	-90.0	1.0000000
0	13750.0000	17450.000	206.24524	0.0	0.0	-90.0	1.0000000
0	13950.0000	17550.000	228.87486	0.0	0.0	-90.0	1.0000000
1	14050.0000	17350.000	198.36299	0.0	0.0	-90.0	1.0000000
1	14150.0000	17450.000	190.73792	0.0	0.0	-90.0	1.0000000
1	13850.0000	17250.000	204.07858	0.0	0.0	-90.0	1.0000000
1	14385.3330	16722.637	198.89630	0.0	0.0	-90.0	1.0000000
1	13950.0000	16650.000	192.70274	0.0	0.0	-90.0	1.0000000
1	13950.0000	16750.000	212.15398	0.0	0.0	-90.0	1.0000000
1	14011.6484	16701.393	228.00394	0.0	0.0	-90.0	1.0000000
29	14172.0557	16783.779	453.58179	0.0	0.0	5210.0	1.0000000
1	14260.8418	16728.459	233.66122	0.0	0.0	0.0	1.0000000
1	13050.0000	16250.000	195.02769	0.0	0.0	0.0	1.0000000
34	12850.0000	18550.000	169.50002	0.0	0.0	5120.0	1.0000000
34	13050.0000	18650.000	169.50003	0.0	0.0	5120.0	1.0000000
34	13250.0000	18650.000	169.49997	0.0	0.0	5120.0	1.0000000
34	12979.2969	18480.098	149.85101	0.0	0.0	5180.0	1.0000000
34	13275.5264	18666.354	109.85101	0.0	0.0	5090.0	1.0000000
34	12950.0000	18150.000	169.50005	0.0	0.0	5090.0	1.0000000
29	13050.0000	18550.000	169.49998	0.0	0.0	5300.0	1.0000000
29	13150.0000	18650.000	169.50003	0.0	0.0	5300.0	1.0000000
29	12850.0000	18850.000	169.50003	0.0	0.0	5300.0	1.0000000
29	12989.5596	18671.736	284.50006	0.0	0.0	5150.0	1.0000000
0	12850.0000	18550.000	169.50002	0.0	0.0	-90.0	1.0000000
0	12850.0000	18450.000	169.50000	0.0	0.0	-90.0	1.0000000
0	13050.0000	17750.000	194.55341	0.0	0.0	-90.0	1.0000000
0	12950.0000	17850.000	183.35054	0.0	0.0	-90.0	1.0000000
0	13450.0000	18750.000	169.49997	0.0	0.0	-90.0	1.0000000
0	13750.0000	18650.000	169.50000	0.0	0.0	-90.0	1.0000000
0	13950.0000	18650.000	183.05722	0.0	0.0	-90.0	1.0000000
0	14250.0000	18150.000	176.80310	0.0	0.0	-90.0	1.0000000
0	14250.0000	17950.000	169.50002	0.0	0.0	-90.0	1.0000000
1	12950.0000	17650.000	187.36697	0.0	0.0	0.0	1.0000000
35	13863.5840	19335.250	174.80719	-10.0	0.0	4400.0	1.0000000
35	13940.2998	20055.123	174.80716	-10.0	0.0	4490.0	1.0000000
35	13906.9717	20086.850	174.80722	-10.0	0.0	4370.0	1.0000000
35	13851.6504	19333.826	174.80722	-10.0	0.0	4550.0	1.0000000
35	13946.8682	20015.719	174.80722	0.0	0.0	4580.0	1.6199994
35	13852.2266	19331.768	174.80716	0.0	0.0	4580.0	1.4399996
35	13196.4307	19412.176	174.80722	0.0	0.0	4400.0	1.4199996
36	13850.0000	19550.000	169.50002	0.0	0.0	5120.0	1.0000000
36	13950.0000	19350.000	169.49998	0.0	0.0	5120.0	1.0000000
36	13850.0000	19250.000	169.50003	0.0	0.0	5120.0	1.0000000
36	13950.0000	20050.000	169.50000	0.0	0.0	5120.0	1.0000000
36	13950.0000	20050.000	169.50000	0.0	0.0	5120.0	1.0000000
36	14050.0000	19850.000	169.49998	0.0	0.0	5120.0	1.0000000
36	13650.0000	19950.000	172.57835	0.0	0.0	5120.0	1.0000000
36	13350.0000	19850.000	175.58046	0.0	0.0	5120.0	1.0000000
36	13050.0000	19950.000	177.87759	0.0	0.0	5120.0	1.0000000
36	12950.0000	19350.000	169.50000	0.0	0.0	5120.0	1.0000000
36	12950.0000	19650.000	169.50002	0.0	0.0	5120.0	1.0000000
36	13150.0000	19850.000	175.28049	0.0	0.0	5120.0	1.0000000
36	13250.0000	19850.000	177.64609	0.0	0.0	5120.0	1.0000000
36	13250.0000	19750.000	169.49997	0.0	0.0	5120.0	1.0000000
36	13150.0000	19650.000	169.49998	0.0	0.0	5120.0	1.0000000
36	14064.0449	20789.850	195.75485	0.0	0.0	5120.0	1.5799994
16	13850.0000	19450.000	169.50000	0.0	0.0	5060.0	1.0000000
16	13850.0000	19350.000	169.49998	0.0	0.0	5060.0	1.0000000
16	13850.0000	19250.000	169.49997	0.0	0.0	5060.0	1.0000000
16	13950.0000	19250.000	169.50002	0.0	0.0	5060.0	1.0000000
16	13150.0000	19550.000	169.50000	0.0	0.0	5060.0	1.0000000
16	13150.0000	19350.000	169.50000	0.0	0.0	5060.0	1.0000000
16	13950.0000	20050.000	169.50002	0.0	0.0	5060.0	1.0000000
16	13950.0000	20150.000	169.50002	0.0	0.0	5060.0	1.0000000
16	13850.0000	20150.000	170.39093	0.0	0.0	5060.0	1.0000000
16	13850.0000	20050.000	169.49998	0.0	0.0	5060.0	1.0000000
16	14050.0000	19950.000	169.49997	0.0	0.0	5060.0	1.0000000
11	13850.0000	20050.000	169.50003	0.0	0.0	5060.0	1.0000000
11	13950.0000	19950.000	169.50000	0.0	0.0	5060.0	1.0000000
11	13850.0000	19350.000	169.49998	0.0	0.0	5060.0	1.0000000
11	13950.0000	19350.000	169.50003	0.0	0.0	5060.0	1.0000000
11	13250.0000	19450.000	169.49997	0.0	0.0	5060.0	1.0000000
11	13050.0000	19450.000	169.49997	0.0	0.0	5060.0	1.0000000
1	13950.0000	20050.000	169.49997	0.0	0.0	0.0	1.0000000
34	12950.4873	22347.434	110.03997	360.0	0.0	4050.0	1.0000000
34	13364.2881	21745.934	143.18283	360.0	0.0	4050.0	1.0000000
27	14045.0820	21941.383	206.21100	360.0	0.0	4590.0	1.0000000
36	14146.4023	21868.123	206.49155	360.0	0.0	4740.0	1.3399997
36	13456.5703	21745.723	180.26016	360.0	0.0	4740.0	1.4599996
36	13902.7285	22337.152	209.28537	360.0	0.0	4740.0	1.2599998
1	14150.0000	22050.000	195.94379	0.0	0.0	60.0	1.0000000
1	14050.0000	21850.000	226.18330	0.0	0.0	60.0	1.0000000
1	13350.0000	21650.000	198.73204	0.0	0.0	60.0	1.0000000
1	13550.0000	21250.000	179.06406	0.0	0.0	60.0	1.0000000
1	13750.0000	21150.000	184.45552	0.0	0.0	60.0	1.0000000
1	14250.0000	21050.000	175.97311	0.0	0.0	60.0	1.0000000
0	13320.8057	21670.207	213.71429	0.0	0.0	0.0	1.0000000
0	13374.6289	21838.709	235.38887	0.0	0.0	0.0	1.0000000
0	13312.7002	21736.371	234.58197	0.0	0.0	0.0	1.0000000
0	13918.0850	22088.791	223.44620	0.0	0.0	0.0	1.0000000
0	14187.8027	21864.648	214.55774	0.0	0.0	0.0	1.0000000
0	14120.0684	21234.184	175.28766	-5.0	0.0	50.0	1.0000000
0	13678.0635	21336.160	183.88785	-5.0	0.0	50.0	1.0000000
0	13977.5986	21838.092	189.55763	-5.0	0.0	50.0	1.0000000
0	13146.5742	22358.549	199.91011	-5.0	0.0	50.0	1.0000000
0	12859.9707	22237.793	194.91158	-5.0	0.0	50.0	1.0000000
0	13052.4805	22364.482	196.12170	-5.0	0.0	50.0	1.0000000
0	13472.6895	21764.018	184.06773	-5.0	0.0	50.0	1.0000000
0	13771.4297	21318.670	175.16957	-5.0	0.0	50.0	1.0000000
3	14081.1221	21893.865	221.23241	-5.0	0.0	590.0	1.0000000
4	13284.1572	21640.137	211.66710	-5.0	0.0	590.0	1.0000000
4	13356.1602	21614.461	188.93839	-5.0	0.0	680.0	1.0000000
4	13043.6406	22383.258	197.90541	-5.0	0.0	680.0	1.0000000
4	13119.5527	21310.328	259.70276	-5.0	0.0	860.0	1.0000000
4	13085.4775	21260.553	254.95953	-5.0	0.0	920.0	1.0000000
4	13012.3408	21139.156	240.08182	-5.0	0.0	1010.0	1.0000000
4	13431.7432	21691.164	249.95091	-5.0	0.0	1010.0	1.0000000
4	14141.4307	21860.150	275.34329	-5.0	0.0	1010.0	1.0000000
36	14250.0000	21050.000	187.96649	0.0	0.0	5120.0	1.0000000
36	14250.0000	21050.000	189.98418	0.0	0.0	5120.0	1.0000000
36	13950.0000	21150.000	194.83922	0.0	0.0	5120.0	1.0000000
36	13950.0000	21150.000	197.96541	0.0	0.0	5120.0	1.0000000
1	13050.0000	21250.000	197.17842	0.0	0.0	0.0	1.0000000
1	13350.0000	21350.000	210.42584	0.0	0.0	0.0	1.0000000
1	13141.0547	21321.588	205.54236	0.0	0.0	0.0	1.0000000
1	13450.0000	21750.000	223.07135	0.0	0.0	0.0	1.0000000
1	13250.0000	21750.000	259.85297	0.0	0.0	0.0	1.0000000
1	13150.0000	22350.000	213.80057	0.0	0.0	0.0	1.0000000
34	13167.0039	22434.131	151.26456	360.0	0.0	4050.0	1.0000000
34	12865.4043	23540.391	92.90472	360.0	0.0	4050.0	1.0000000
34	13255.5977	22446.270	149.87006	360.0	0.0	4050.0	1.0000000
34	13755.0742	22526.387	107.50008	360.0	0.0	4050.0	1.0000000
34	13653.6328	23409.889	92.28217	360.0	0.0	4050.0	1.0000000
34	13353.1484	23539.834	96.19209	360.0	0.0	4050.0	1.0000000
36	13358.1377	22466.365	213.66296	360.0	0.0	4740.0	1.2799997
36	13054.9473	22406.584	197.84210	360.0	0.0	4740.0	1.3599997
36	13919.0596	22438.107	190.22278	360.0	0.0	4740.0	1.5599995
36	13068.4717	23585.057	169.36774	360.0	0.0	4740.0	1.2999997
36	13375.6094	23608.150	168.64554	360.0	0.0	4740.0	1.3999996
1	13950.0000	23850.000	169.49998	0.0	0.0	60.0	1.0000000
1	14350.0000	23550.000	173.18880	0.0	0.0	60.0	1.0000000
0	13189.5127	22460.160	240.76115	0.0	0.0	0.0	1.0000000
0	12947.0508	22443.391	200.20691	0.0	0.0	0.0	1.0000000
0	13820.5098	22402.330	209.61545	0.0	0.0	0.0	1.0000000
0	13376.2812	22529.426	228.83017	-5.0	0.0	50.0	1.0000000
0	13736.3359	22524.164	176.31990	-5.0	0.0	50.0	1.0000000
1	13250.0000	22450.000	241.32091	0.0	0.0	0.0	1.0000000
1	12950.0000	22450.000	197.31493	0.0	0.0	0.0	1.0000000
22	13289.3652	24433.203	162.66241	0.0	0.0	60.0	1.0000000
22	13695.7031	24593.748	190.21880	0.0	0.0	60.0	1.0000000
34	13382.0244	24505.039	107.95911	340.0	0.0	3640.0	1.0000000
34	13680.1729	24331.717	98.84344	360.0	0.0	4050.0	1.0000000
34	14081.6387	24028.510	101.80523	360.0	0.0	4050.0	1.0000000
1	12950.0000	24150.000	169.50002	0.0	0.0	60.0	1.0000000
1	13250.0000	24350.000	172.66789	0.0	0.0	60.0	1.0000000
1	13450.0000	24650.000	180.74155	0.0	0.0	60.0	1.0000000
0	13747.5527	24254.258	171.67035	-5.0	0.0	50.0	1.0000000
0	13500.3730	24584.867	176.81929	-5.0	0.0	50.0	1.0000000
0	13610.3047	24349.783	170.27693	-5.0	0.0	50.0	1.0000000
0	13967.8184	24031.422	169.38097	-5.0	0.0	50.0	1.0000000
1	12950.0000	24950.000	198.95619	0.0	0.0	0.0	1.0000000
1	13050.0000	24850.000	203.76123	0.0	0.0	0.0	1.0000000
27	14062.5703	24574.807	126.19092	0.0	0.0	700.0	1.3999996
15	13350.0000	24950.000	193.88205	0.0	0.0	0.0	1.0000000
15	13337.8525	25058.777	194.04637	0.0	0.0	0.0	1.0000000
15	13216.7969	24944.068	214.99933	0.0	0.0	-60.0	1.0000000
2	14150.0000	24950.000	173.85388	0.0	0.0	-50.0	1.3399997
15	13579.5361	24972.248	202.39458	0.0	0.0	-170.0	1.0000000
15	13647.1768	24898.752	203.39684	0.0	0.0	-360.0	1.0000000
15	13741.7510	24725.430	189.69319	0.0	0.0	-190.0	1.0000000
15	13550.0000	24650.000	188.30983	0.0	0.0	0.0	1.0000000
15	13450.0000	24450.000	201.12230	0.0	0.0	0.0	1.0000000
15	13582.0410	24465.490	199.82591	0.0	0.0	210.0	1.0000000
15	13792.8867	24526.754	200.25104	0.0	0.0	-90.0	1.0000000
12	13550.0000	24750.000	193.41386	0.0	0.0	0.0	1.0000000
12	13650.0000	24850.000	199.67290	0.0	0.0	0.0	1.0000000
12	13816.8145	24872.277	181.64996	0.0	0.0	0.0	1.0000000
31	13903.7041	25045.469	178.27838	0.0	0.0	80.0	0.9000001
31	13724.2734	25042.590	183.58604	0.0	0.0	180.0	1.0000000
36	14050.0000	24750.000	169.50000	0.0	0.0	0.0	1.0000000
36	14250.0000	24650.000	171.04816	0.0	0.0	0.0	1.0000000
22	14717.0820	137.764	192.35989	0.0	0.0	90.0	1.0000000
22	15750.0000	850.000	171.52016	0.0	0.0	120.0	1.0000000
22	14618.2910	397.737	211.30200	0.0	0.0	120.0	1.0000000
23	14450.0000	850.000	224.51704	0.0	0.0	100.0	1.0000000
23	14950.0000	1450.000	175.43004	0.0	0.0	30.0	1.0000000
22	15950.0000	350.000	235.41084	0.0	0.0	30.0	1.0000000
10	15036.4854	1341.172	185.52061	0.0	0.0	240.0	1.2999997
12	15850.0000	950.000	191.28767	0.0	0.0	360.0	1.0000000
12	15850.0000	750.000	215.72961	0.0	0.0	360.0	1.0000000
12	15850.0000	550.000	203.65086	0.0	0.0	360.0	1.0000000
12	15950.0000	950.000	188.79391	0.0	0.0	360.0	1.0000000
14	15788.8203	895.104	235.89088	0.0	0.0	450.0	1.0000000
16	15939.6562	1126.297	201.50485	0.0	0.0	1500.0	1.0000000
27	14568.4727	733.565	244.58499	0.0	0.0	1560.0	0.8600001
27	14768.3320	343.895	267.72263	0.0	0.0	1500.0	1.0000000
31	14747.4854	635.799	187.79941	-20.0	0.0	1410.0	1.2599998
31	15662.8203	746.019	182.40167	0.0	0.0	1410.0	1.0000000
33	14794.2910	706.409	198.15082	0.0	0.0	1410.0	1.0000000
34	14900.7490	1331.257	150.63043	-5.0	0.0	2250.0	1.0000000
34	14673.7910	846.807	184.86005	-5.0	0.0	2280.0	1.0000000
34	15163.7354	1505.010	173.08934	-5.0	0.0	2220.0	0.8400002
36	15161.2119	1537.210	177.11392	-5.0	0.0	2190.0	1.3199997
36	14448.6309	1506.472	179.21326	-5.0	0.0	2160.0	1.2999997
36	15970.6582	925.316	106.11778	-5.0	0.0	2220.0	1.6199994
34	14824.5068	470.485	180.92798	-5.0	0.0	2220.0	0.8600001
36	14868.6396	316.167	279.13889	-725.0	0.0	1530.0	1.0000000
36	14800.2568	509.372	280.85867	-725.0	0.0	1500.0	1.1799998
14	14504.6230	829.127	219.67659	-725.0	0.0	2040.0	1.0000000
13	14979.2539	1304.683	175.75027	-725.0	0.0	2040.0	1.0000000
13	15150.0596	1379.444	178.76199	-725.0	0.0	2040.0	1.0000000
13	14778.7783	1438.601	170.57196	-725.0	0.0	2040.0	1.0000000
13	15048.2373	1511.167	220.83817	-725.0	0.0	2040.0	1.0000000
12	15129.3574	1491.955	203.08769	-725.0	0.0	2040.0	1.0000000
12	14907.3320	1399.212	186.31087	-725.0	0.0	2040.0	1.0000000
12	14782.0439	434.629	264.55640	-725.0	0.0	2040.0	1.0000000
12	14594.0449	867.486	224.86678	-725.0	0.0	2040.0	1.0000000
12	15229.3760	1536.863	184.98412	-725.0	0.0	2040.0	1.0000000
12	14650.0127	1521.292	195.81483	-725.0	0.0	2220.0	1.0000000
12	14853.1104	259.347	270.63828	-725.0	0.0	2370.0	1.0000000
12	14710.8828	466.497	334.08542	-725.0	0.0	2310.0	1.0000000
12	15694.7393	657.997	243.20299	-725.0	0.0	2310.0	1.0000000
4	15562.9307	806.399	188.21396	-715.0	0.0	2670.0	1.0000000
4	14743.7051	447.944	278.87381	-715.0	0.0	2730.0	1.0000000
5	15040.1055	1435.815	209.93764	0.0	0.0	420.0	1.0000000
1	15950.0000	1150.000	213.03410	0.0	0.0	3090.0	1.0000000
37	15062.4072	1238.909	356.20636	0.0	0.0	-270.0	2.0199990
37	15500.3926	1192.111	399.45544	0.0	0.0	-330.0	1.8599992
37	15168.2451	481.246	448.78979	0.0	0.0	-90.0	1.5199995
37	15652.8076	1290.817	469.45538	0.0	0.0	-210.0	1.6599994
37	14555.2598	1175.755	551.41290	0.0	0.0	90.0	1.0000000
37	15230.3584	965.561	487.10437	0.0	0.0	-330.0	1.2599998
1	14450.0000	250.000	248.18222	0.0	0.0	0.0	1.0000000
1	14850.0000	50.000	245.82788	0.0	0.0	0.0	1.0000000
1	15850.0000	250.000	272.60840	0.0	0.0	0.0	1.0000000
36	14850.0000	150.000	272.22760	0.0	0.0	0.0	1.0000000
22	15250.0000	1750.000	181.62302	0.0	0.0	30.0	1.0000000
22	15750.0000	2200.000	200.37277	0.0	0.0	30.0	1.0000000
36	15436.3340	1831.342	163.09714	-5.0	0.0	2190.0	1.1599998
36	15630.6680	2061.176	211.19894	-5.0	0.0	2190.0	1.2599998
36	15876.6104	2330.673	183.46080	-5.0	0.0	2190.0	1.2799997
12	15338.9785	1705.756	182.24684	-725.0	0.0	2190.0	1.0000000
12	15385.9316	1827.595	192.40067	-725.0	0.0	2250.0	1.0000000
12	15491.0566	1934.796	200.32541	-725.0	0.0	2220.0	1.0000000
11	15907.2646	2386.915	205.69649	-725.0	0.0	2460.0	1.0000000
11	15623.3555	2042.543	258.56384	-725.0	0.0	2370.0	1.0000000
36	15300.0000	1750.000	192.03946	-715.0	0.0	2220.0	1.0000000
36	15800.0000	2200.000	210.79367	-715.0	0.0	2220.0	1.0000000
5	15784.7451	2243.511	227.07054	0.0	0.0	420.0	1.0000000
5	15284.0820	1766.722	203.59026	0.0	0.0	420.0	1.0000000
5	15350.0000	3050.000	206.61313	0.0	0.0	420.0	1.0000000
5	15250.0000	2950.000	204.56650	0.0	0.0	420.0	1.0000000
5	14652.3555	2881.369	249.44797	0.0	0.0	420.0	1.0000000
5	14550.2510	2736.702	237.94530	0.0	0.0	420.0	1.0000000
5	14406.7256	2567.027	247.19666	0.0	0.0	420.0	1.0000000
5	15403.0664	1842.940	216.64519	0.0	0.0	420.0	1.0000000
5	15933.1367	2790.891	228.69153	0.0	0.0	420.0	1.0000000
5	15824.4980	2605.626	222.89279	0.0	0.0	690.0	1.0000000
1	15050.0000	2450.000	170.27460	0.0	0.0	3420.0	1.0000000
1	15150.0000	2650.000	192.85127	0.0	0.0	3420.0	1.0000000
1	14850.0000	2850.000	174.93729	0.0	0.0	3420.0	1.0000000
1	15150.0000	2550.000	180.29057	0.0	0.0	3420.0	1.0000000
1	14950.0000	2650.000	173.22026	0.0	0.0	3420.0	1.0000000
3	14450.0000	4650.000	197.25439	0.0	0.0	210.0	1.0000000
3	15250.0000	4350.000	169.50000	0.0	0.0	210.0	1.0000000
3	15650.0000	4550.000	169.50003	0.0	0.0	210.0	1.0000000
5	14450.0000	4250.000	210.65622	0.0	0.0	420.0	1.0000000
5	14450.0000	4050.000	218.98877	0.0	0.0	420.0	1.0000000
5	14650.0000	4250.000	190.60741	0.0	0.0	420.0	1.0000000
5	14750.0000	4250.000	179.09039	0.0	0.0	420.0	1.0000000
5	14750.0000	3550.000	196.02448	0.0	0.0	420.0	1.0000000
5	14950.0000	3650.000	197.06078	0.0	0.0	420.0	1.0000000
5	14850.0000	4150.000	169.95966	0.0	0.0	420.0	1.0000000
5	15150.0000	4250.000	169.50003	0.0	0.0	420.0	1.0000000
5	15250.0000	4050.000	169.50000	0.0	0.0	420.0	1.0000000
5	15350.0000	3950.000	169.50003	0.0	0.0	420.0	1.0000000
5	15450.0000	3650.000	170.12868	0.0	0.0	420.0	1.0000000
5	15450.0000	3350.000	202.73676	0.0	0.0	420.0	1.0000000
5	15350.0000	3250.000	213.60446	0.0	0.0	420.0	1.0000000
5	15201.0967	3255.665	238.81844	0.0	0.0	420.0	1.0000000
5	15741.9893	3341.542	211.47191	0.0	0.0	420.0	1.0000000
1	15387.4258	4298.351	136.97717	0.0	0.0	210.0	1.0000000
1	15306.7295	4186.278	136.97714	0.0	0.0	330.0	1.0000000
1	15050.0000	4350.000	169.50003	0.0	0.0	330.0	1.0000000
1	14950.0000	4350.000	169.49997	0.0	0.0	330.0	1.0000000
1	14750.0000	4250.000	185.45061	0.0	0.0	330.0	1.0000000
1	15450.0000	3450.000	226.49786	0.0	0.0	3420.0	1.0000000
1	15550.0000	3350.000	217.48909	0.0	0.0	3420.0	1.0000000
1	15550.0000	3550.000	200.43188	0.0	0.0	3420.0	1.0000000
1	15550.0000	3650.000	170.98402	0.0	0.0	3420.0	1.0000000
1	15350.0000	3750.000	169.50002	0.0	0.0	3420.0	1.0000000
1	14550.0000	3550.000	208.99887	0.0	0.0	3420.0	1.0000000
1	14450.0000	3950.000	171.47406	0.0	0.0	3420.0	1.0000000
1	14450.0000	4450.000	214.56818	0.0	0.0	3420.0	1.0000000
1	14450.0000	4150.000	219.48170	0.0	0.0	3420.0	1.0000000
1	14650.0000	4250.000	194.69121	0.0	0.0	3420.0	1.0000000
1	14550.0000	4050.000	188.64377	0.0	0.0	3420.0	1.0000000
1	14650.0000	4150.000	199.43089	0.0	0.0	3420.0	1.0000000
37	15499.0488	3657.705	470.69568	0.0	0.0	30.0	1.2799997
37	15648.2354	3888.469	509.45538	0.0	0.0	30.0	1.0000000
37	15698.1299	3866.210	494.45538	0.0	0.0	0.0	1.2199998
37	15436.5039	3745.365	494.45532	0.0	0.0	30.0	1.0000000
3	15150.0000	5350.000	169.49997	0.0	0.0	210.0	1.0000000
3	14450.0000	5550.000	169.50003	0.0	0.0	210.0	1.0000000
3	14550.0000	4950.000	169.49997	0.0	0.0	210.0	1.0000000
3	15950.0000	5150.000	169.50000	0.0	0.0	210.0	1.0000000
3	15950.0000	6150.000	169.50003	0.0	0.0	210.0	1.0000000
4	15161.4746	6142.584	229.50006	0.0	0.0	660.0	1.0000000
4	14403.8516	6244.535	229.50003	0.0	0.0	720.0	1.0000000
1	15850.0000	5050.000	169.50000	0.0	0.0	270.0	1.0000000
1	15250.0000	4950.000	169.49997	0.0	0.0	270.0	1.0000000
1	15250.0000	5050.000	169.50000	0.0	0.0	270.0	1.0000000
1	15150.0000	4850.000	169.50000	0.0	0.0	270.0	1.0000000
1	14850.0000	4850.000	169.49998	0.0	0.0	270.0	1.0000000
1	14727.0127	4955.276	136.97716	0.0	0.0	210.0	1.0000000
22	15750.0000	7750.000	169.50003	0.0	0.0	60.0	1.0000000
23	15650.0000	7350.000	169.49997	0.0	0.0	60.0	1.0000000
36	15855.3750	7948.089	289.31335	-725.0	0.0	1560.0	1.0000000
36	15911.8447	6554.802	187.52945	-725.0	0.0	1500.0	1.0000000
12	15717.6396	7898.153	207.88107	-725.0	0.0	2310.0	1.0000000
11	15726.8496	7264.508	214.10538	-725.0	0.0	2280.0	1.0000000
11	15690.9111	7454.041	225.25754	-725.0	0.0	2280.0	1.0000000
11	15854.2539	7995.547	220.42111	-725.0	0.0	2280.0	1.0000000
3	15250.0000	6450.000	169.49998	0.0	0.0	210.0	1.0000000
3	14550.0000	6750.000	169.49998	0.0	0.0	210.0	1.0000000
3	15050.0000	7350.000	169.49997	0.0	0.0	210.0	1.0000000
3	14550.0000	7450.000	169.50002	0.0	0.0	210.0	1.0000000
4	14980.1484	7547.094	229.50006	0.0	0.0	510.0	1.0000000
4	15063.5830	7062.091	229.50005	0.0	0.0	510.0	1.0000000
4	15498.6357	6499.261	229.50000	0.0	0.0	510.0	1.0000000
4	14861.7715	6490.034	229.50000	0.0	0.0	600.0	1.0000000
7	15782.0039	7513.093	181.35788	20.0	0.0	4430.0	1.0000000
7	15763.3027	7506.750	187.43417	20.0	0.0	4310.0	1.0000000
7	15772.9619	7743.072	205.93845	20.0	0.0	4400.0	1.0000000
7	15703.9570	7341.027	200.87529	20.0	0.0	4460.0	1.0000000
7	15681.0059	7320.816	199.07469	20.0	0.0	4370.0	1.0000000
7	15740.9629	7746.414	208.69955	20.0	0.0	4280.0	1.0000000
31	15931.2109	6997.447	190.03088	20.0	0.0	4280.0	1.0000000
1	15850.0000	7050.000	233.11433	0.0	0.0	0.0	1.0000000
1	15650.0000	7250.000	216.94722	0.0	0.0	0.0	1.0000000
1	15650.0000	7350.000	221.47986	0.0	0.0	0.0	1.0000000
1	15650.0000	7550.000	217.93379	0.0	0.0	0.0	1.0000000
1	15650.0000	7650.000	195.94434	0.0	0.0	0.0	1.0000000
1	15759.6143	7810.854	192.56560	0.0	0.0	270.0	1.0000000
10	15765.3027	7530.401	230.24942	0.0	0.0	-130.0	1.0000000
36	15881.7607	8090.441	292.43570	-725.0	0.0	1560.0	1.0000000
12	15929.7119	8190.222	211.49873	-725.0	0.0	2340.0	1.0000000
0	15339.4561	9318.260	180.65219	-725.0	0.0	3000.0	1.0000000
0	15124.6836	8989.031	180.49687	-725.0	0.0	3090.0	1.2999997
0	15421.5195	9532.058	183.01910	-725.0	0.0	3120.0	1.0000000
0	15839.2676	9099.246	53.00089	-725.0	0.0	3120.0	1.0000000
3	14550.0000	8150.000	169.49998	0.0	0.0	210.0	1.0000000
4	15031.8066	8236.142	229.50000	0.0	0.0	510.0	1.0000000
26	15706.0830	8780.004	160.86368	0.0	0.0	2340.0	0.5600004
26	15848.0654	8997.906	164.55249	0.0	0.0	2340.0	0.4800005
26	15994.6904	9212.693	153.04846	0.0	0.0	2340.0	0.5200005
1	15850.0000	8150.000	218.14716	0.0	0.0	0.0	1.0000000
31	14527.3750	8785.853	169.49998	0.0	0.0	330.0	1.0000000
32	14907.1182	9092.881	169.50000	0.0	0.0	330.0	1.0000000
32	15238.8721	8377.539	183.15982	0.0	0.0	480.0	1.0000000
11	14558.8604	10486.778	169.50003	0.0	0.0	-60.0	1.0000000
13	14403.1494	10519.868	169.49998	0.0	0.0	390.0	1.0000000
13	14634.3643	10078.857	169.49998	0.0	0.0	390.0	1.0000000
13	14613.4834	10302.952	169.50003	0.0	0.0	390.0	1.0000000
14	15321.6436	11068.728	181.64320	0.0	0.0	600.0	1.0000000
14	14767.3613	11047.454	169.50003	0.0	0.0	600.0	1.0000000
14	14506.3477	10869.296	169.49998	0.0	0.0	690.0	1.0000000
14	14614.8408	10925.411	169.49998	0.0	0.0	810.0	1.0000000
14	14663.7119	11040.974	169.50003	0.0	0.0	810.0	1.0000000
14	14890.0322	11117.617	169.50000	0.0	0.0	810.0	1.0000000
14	15266.0439	10979.707	169.49998	0.0	0.0	1140.0	1.0000000
14	15170.7871	10874.137	169.50003	0.0	0.0	1320.0	1.0000000
14	15102.3604	10787.396	169.49997	0.0	0.0	1410.0	1.0000000
15	15087.7686	10727.438	169.50000	0.0	0.0	1410.0	1.0000000
15	15373.6328	11062.064	190.37512	0.0	0.0	1410.0	1.0000000
15	15023.1318	10615.300	169.49998	0.0	0.0	1410.0	1.0000000
15	14489.1377	10809.302	169.49998	0.0	0.0	1410.0	1.0000000
15	14988.0361	10490.664	169.50000	0.0	0.0	1410.0	1.0000000
15	15086.1367	10510.660	169.50002	0.0	0.0	1530.0	1.0000000
15	15101.3232	10363.979	169.49997	0.0	0.0	1530.0	1.0000000
15	15031.5986	10220.095	169.50003	0.0	0.0	1740.0	1.0000000
15	14468.1719	11109.805	169.49997	0.0	0.0	1830.0	1.0000000
15	15221.9990	10867.588	170.15996	0.0	0.0	1890.0	1.0000000
15	14450.0000	10700.000	169.49998	0.0	0.0	1890.0	1.0000000
15	14788.2559	10876.540	169.50000	0.0	0.0	335.0	0.9700000
15	14563.2559	9798.540	169.50000	0.0	0.0	141.0	1.0599999
15	14956.2559	10428.540	169.50000	0.0	0.0	31.0	1.0700001
15	14543.2559	10235.540	169.50000	0.0	0.0	334.0	0.9500000
15	14702.4551	9903.307	169.49997	0.0	0.0	215.0	1.0599999
36	15400.0000	11100.000	202.53981	360.0	0.0	4020.0	1.2799997
5	14800.0000	10900.000	169.49997	350.0	0.0	6180.0	1.0000000
36	14800.0000	11050.000	169.50002	350.0	0.0	6180.0	1.4999995
36	14600.0000	10550.000	169.50000	350.0	0.0	6180.0	1.1799998
36	14500.0000	10650.000	169.49998	350.0	0.0	6180.0	1.1799998
36	14700.0000	10550.000	169.49998	350.0	0.0	6180.0	1.1399999
0	15385.8057	11112.046	197.84845	0.0	0.0	0.0	1.0000000
26	15821.2236	9883.118	173.02734	0.0	0.0	2340.0	0.6600003
26	15766.7490	10236.415	171.45567	0.0	0.0	2700.0	0.5800004
32	15649.2012	11077.259	189.83566	0.0	0.0	-30.0	1.0000000
33	15440.4268	11117.465	124.28576	0.0	0.0	0.0	1.0000000
33	15729.3076	11125.136	164.90704	0.0	0.0	0.0	1.0000000
33	15756.1670	11086.736	151.39096	0.0	0.0	110.0	1.0000000
33	15814.0781	11071.990	138.38187	0.0	0.0	50.0	1.0000000
33	15805.7402	11026.955	144.46176	0.0	0.0	120.0	1.0000000
36	14900.0000	11200.000	169.49998	350.0	0.0	6180.0	1.2799997
11	14413.3262	11602.896	169.49997	0.0	0.0	30.0	1.0000000
14	14548.7832	12219.825	169.50002	0.0	0.0	120.0	1.0000000
14	14690.7793	11707.152	169.49998	0.0	0.0	120.0	1.0000000
14	14557.8467	11583.028	169.50003	0.0	0.0	120.0	1.0000000
15	14571.1006	11702.657	169.50005	0.0	0.0	120.0	1.0000000
16	14965.2725	11283.253	169.50002	0.0	0.0	120.0	1.0000000
16	15070.3779	11356.336	169.50000	0.0	0.0	30.0	1.0000000
16	15087.6738	11467.214	169.49995	0.0	0.0	30.0	1.0000000
15	14595.3369	12217.785	204.50003	0.0	0.0	30.0	1.0000000
15	14668.5771	12227.234	204.50002	0.0	0.0	120.0	1.0000000
14	14959.7197	11213.297	169.49998	0.0	0.0	960.0	1.0000000
15	15195.8848	11338.820	207.76741	0.0	0.0	1410.0	1.0000000
15	14751.7354	11252.711	169.50000	0.0	0.0	183.0	0.9200000
15	14623.7354	11590.711	179.27878	0.0	0.0	154.0	1.0700001
36	15950.0000	11850.000	200.59966	360.0	0.0	4020.0	1.0000000
36	15550.0000	12150.000	183.57549	360.0	0.0	4020.0	1.0000000
36	14900.0000	12250.000	224.98045	360.0	0.0	4020.0	1.0000000
36	15200.0000	11400.000	213.08745	360.0	0.0	4020.0	1.0000000
36	15850.0000	11750.000	205.02718	360.0	0.0	4020.0	1.0000000
36	14750.0000	12200.000	218.66521	350.0	0.0	6180.0	1.0000000
0	14432.7197	11619.026	182.49548	0.0	0.0	0.0	1.0000000
0	14622.7510	11618.328	183.78035	0.0	0.0	0.0	1.0000000
0	14657.8594	12241.479	214.45647	0.0	0.0	0.0	1.0000000
0	14724.0537	12271.570	226.72906	0.0	0.0	0.0	1.0000000
0	15854.9922	11821.543	210.39392	0.0	0.0	0.0	1.0000000
0	15069.2900	11454.094	203.80452	0.0	0.0	0.0	1.0000000
0	15950.0000	11850.000	201.00891	0.0	0.0	0.0	1.0000000
0	15150.0000	11450.000	210.47118	0.0	0.0	0.0	1.0000000
0	15050.0000	11650.000	225.45729	0.0	0.0	0.0	1.0000000
0	15750.0000	11750.000	211.14561	0.0	0.0	0.0	1.0000000
0	15850.0000	11750.000	214.84366	0.0	0.0	0.0	1.0000000
1	15350.0000	12550.000	169.50000	0.0	0.0	420.0	1.0000000
1	15550.0000	12350.000	171.69348	0.0	0.0	420.0	1.0000000
1	15550.0000	12250.000	183.72754	0.0	0.0	420.0	1.0000000
1	15450.0000	12150.000	192.14857	0.0	0.0	420.0	1.0000000
1	15350.0000	12250.000	198.88666	0.0	0.0	420.0	1.0000000
1	15550.0000	12150.000	184.35223	0.0	0.0	420.0	1.0000000
1	14850.0000	12250.000	216.53967	0.0	0.0	420.0	1.0000000
1	14850.0000	12250.000	219.54105	0.0	0.0	420.0	1.0000000
1	14950.0000	12350.000	219.56396	0.0	0.0	420.0	1.0000000
1	14750.0000	12250.000	211.78822	0.0	0.0	420.0	1.0000000
1	14550.0000	12150.000	190.42795	0.0	0.0	420.0	1.0000000
1	15050.0000	11550.000	219.12932	0.0	0.0	420.0	1.0000000
1	15150.0000	11650.000	212.48747	0.0	0.0	420.0	1.0000000
1	15050.0000	11750.000	224.19124	0.0	0.0	420.0	1.0000000
1	15050.0000	11550.000	220.97287	0.0	0.0	420.0	1.0000000
1	15150.0000	11450.000	213.96982	0.0	0.0	420.0	1.0000000
32	15122.2246	12287.254	145.82477	0.0	0.0	-30.0	1.0000000
7	14552.6797	13833.557	168.18175	0.0	0.0	-30.0	1.0000000
36	15500.0000	13050.000	185.87248	360.0	0.0	4020.0	1.0000000
36	15450.0000	13200.000	180.91286	360.0	0.0	4020.0	1.0000000
36	15450.0000	13200.000	182.65947	360.0	0.0	4020.0	1.4999995
36	14950.0000	13200.000	172.00987	360.0	0.0	4020.0	1.0000000
36	14850.0000	13100.000	169.50000	360.0	0.0	4020.0	1.0000000
36	15550.0000	13200.000	170.35573	350.0	0.0	6180.0	1.0000000
1	14850.0000	13350.000	195.27585	0.0	0.0	60.0	1.0000000
1	15150.0000	13350.000	188.95303	0.0	0.0	60.0	1.0000000
1	15350.0000	13250.000	195.55321	0.0	0.0	60.0	1.0000000
1	15250.0000	13050.000	179.49249	0.0	0.0	60.0	1.0000000
1	15250.0000	12950.000	173.72191	0.0	0.0	60.0	1.0000000
1	14850.0000	13550.000	209.94624	0.0	0.0	420.0	1.0000000
1	14950.0000	13450.000	201.17386	0.0	0.0	420.0	1.0000000
1	14950.0000	13450.000	199.63570	0.0	0.0	420.0	1.0000000
1	15350.0000	13150.000	193.79681	0.0	0.0	420.0	1.0000000
1	15450.0000	13050.000	189.31667	0.0	0.0	420.0	1.0000000
1	15350.0000	12950.000	180.92656	0.0	0.0	420.0	1.0000000
1	15450.0000	13150.000	184.75180	0.0	0.0	420.0	1.0000000
5	14550.0000	13150.000	191.37717	0.0	0.0	810.0	1.0000000
5	14650.0000	13150.000	180.09540	0.0	0.0	810.0	1.0000000
5	14750.0000	13250.000	172.80621	0.0	0.0	810.0	1.0000000
5	14850.0000	13450.000	205.05797	0.0	0.0	810.0	1.0000000
5	14950.0000	13550.000	210.47910	0.0	0.0	810.0	1.0000000
5	14950.0000	13450.000	197.26894	0.0	0.0	810.0	1.0000000
5	14850.0000	13250.000	181.92802	0.0	0.0	810.0	1.0000000
5	14550.0000	13250.000	180.08995	0.0	0.0	810.0	1.0000000
26	15324.7422	13990.339	156.37663	0.0	0.0	2700.0	0.5400004
26	15054.4062	14059.025	144.11302	0.0	0.0	2700.0	0.4600005
33	15300.0000	14100.000	163.22205	0.0	0.0	3000.0	1.0000000
33	15246.5820	14101.812	150.95547	0.0	0.0	2910.0	1.0000000
37	15768.6113	13555.799	490.87991	0.0	0.0	0.0	1.2399998
37	15697.4541	13647.546	399.01227	0.0	0.0	60.0	1.2599998
1	14450.0000	14750.000	184.45731	0.0	0.0	60.0	1.0000000
1	14650.0000	14750.000	191.68828	0.0	0.0	60.0	1.0000000
1	14850.0000	14850.000	194.38574	0.0	0.0	60.0	1.0000000
1	15050.0000	14950.000	169.87244	0.0	0.0	60.0	1.0000000
1	15350.0000	15150.000	169.50000	0.0	0.0	60.0	1.0000000
1	15550.0000	15250.000	169.50000	0.0	0.0	60.0	1.0000000
1	15750.0000	15050.000	169.50003	0.0	0.0	60.0	1.0000000
1	15750.0000	14550.000	169.50002	0.0	0.0	60.0	1.0000000
1	15650.0000	14450.000	192.07123	0.0	0.0	60.0	1.0000000
1	15450.0000	14450.000	191.40814	0.0	0.0	60.0	1.0000000
14	15955.5332	14574.698	169.50000	-5.0	0.0	130.0	1.0599999
14	15969.3906	15022.110	169.50000	-5.0	0.0	22.0	0.9700000
14	15992.3906	15453.110	169.50000	-5.0	0.0	265.0	0.9500000
14	15816.8496	15533.059	169.50000	-5.0	0.0	86.0	1.0000000
14	15867.8496	14512.059	169.50000	-5.0	0.0	299.0	0.9700000
14	15943.2637	15275.146	169.50000	-5.0	0.0	116.0	0.9700000
16	15906.5371	15368.794	169.49998	-5.0	0.0	291.0	1.0000000
16	15914.7861	15582.823	169.50002	-5.0	0.0	291.0	1.0000000
13	14450.0000	14850.000	173.86310	0.0	0.0	450.0	1.0000000
13	14750.0000	14550.000	206.22066	0.0	0.0	450.0	1.0000000
13	14850.0000	14650.000	198.76505	0.0	0.0	450.0	1.0000000
13	14850.0000	14850.000	190.25662	0.0	0.0	450.0	1.0000000
13	14750.0000	14750.000	201.44577	0.0	0.0	450.0	1.0000000
13	14550.0000	14650.000	185.04558	0.0	0.0	450.0	1.0000000
13	14550.0000	14650.000	181.95743	0.0	0.0	450.0	1.0000000
13	14650.0000	14650.000	193.94980	0.0	0.0	450.0	1.0000000
13	14450.0000	14750.000	195.04143	0.0	0.0	450.0	1.0000000
13	15150.0000	15550.000	169.49997	0.0	0.0	450.0	1.0000000
13	15250.0000	15650.000	169.50000	0.0	0.0	450.0	1.0000000
13	15350.0000	15650.000	169.50000	0.0	0.0	450.0	1.0000000
13	15450.0000	15950.000	169.50000	0.0	0.0	450.0	1.0000000
13	15450.0000	15850.000	169.50002	0.0	0.0	450.0	1.0000000
13	15450.0000	15750.000	169.50003	0.0	0.0	450.0	1.0000000
13	15450.0000	15650.000	169.49997	0.0	0.0	450.0	1.0000000
13	15350.0000	15550.000	169.50003	0.0	0.0	450.0	1.0000000
13	14950.0000	15650.000	169.50002	0.0	0.0	450.0	1.0000000
13	14850.0000	15650.000	169.50000	0.0	0.0	450.0	1.0000000
13	15050.0000	15650.000	169.49998	0.0	0.0	450.0	1.0000000
13	15950.0000	15250.000	169.49998	0.0	0.0	450.0	1.0000000
13	15950.0000	15150.000	169.50002	0.0	0.0	450.0	1.0000000
13	15950.0000	14950.000	169.50002	0.0	0.0	450.0	1.0000000
13	15950.0000	14850.000	169.50003	0.0	0.0	450.0	1.0000000
13	15950.0000	14450.000	169.50003	0.0	0.0	450.0	1.0000000
13	15650.0000	15650.000	169.50000	0.0	0.0	450.0	1.0000000
13	15650.0000	15850.000	169.50000	0.0	0.0	450.0	1.0000000
13	15650.0000	15850.000	169.49998	0.0	0.0	450.0	1.0000000
13	15850.0000	15750.000	169.50003	0.0	0.0	450.0	1.0000000
13	15750.0000	15650.000	169.49997	0.0	0.0	450.0	1.0000000
11	15598.7363	15727.001	169.49998	0.0	0.0	450.0	1.0000000
11	15593.2441	15946.584	169.49997	0.0	0.0	450.0	1.0000000
11	15050.0000	15550.000	169.50003	0.0	0.0	450.0	1.0000000
11	14950.0000	15550.000	169.49997	0.0	0.0	450.0	1.0000000
11	14850.0000	15550.000	169.49997	0.0	0.0	450.0	1.0000000
11	14750.0000	15650.000	169.49998	0.0	0.0	450.0	1.0000000
11	14550.0000	15550.000	169.49998	0.0	0.0	450.0	1.0000000
11	14650.0000	15550.000	169.49998	0.0	0.0	450.0	1.0000000
11	15250.0000	15450.000	169.50000	0.0	0.0	450.0	1.0000000
11	15250.0000	15350.000	169.49997	0.0	0.0	450.0	1.0000000
11	15350.0000	15350.000	169.50003	0.0	0.0	450.0	1.0000000
11	15450.0000	15450.000	169.50003	0.0	0.0	450.0	1.0000000
11	15550.0000	15450.000	169.50000	0.0	0.0	450.0	1.0000000
11	15550.0000	15250.000	169.50003	0.0	0.0	450.0	1.0000000
11	15450.0000	15150.000	169.50000	0.0	0.0	450.0	1.0000000
11	15350.0000	14950.000	169.50000	0.0	0.0	450.0	1.0000000
11	15250.0000	15050.000	169.49998	0.0	0.0	450.0	1.0000000
11	15350.0000	15050.000	169.50003	0.0	0.0	450.0	1.0000000
11	15650.0000	15550.000	169.49997	0.0	0.0	450.0	1.0000000
11	15250.0000	15650.000	169.50002	0.0	0.0	450.0	1.0000000
11	14550.0000	14750.000	180.47668	0.0	0.0	450.0	1.0000000
11	14650.0000	14650.000	194.81830	0.0	0.0	450.0	1.0000000
11	14750.0000	14750.000	203.33652	0.0	0.0	450.0	1.0000000
1	15350.0000	15350.000	169.50002	0.0	0.0	0.0	1.0000000
1	15650.0000	15650.000	169.50000	0.0	0.0	0.0	1.0000000
1	15850.0000	15550.000	169.50003	0.0	0.0	0.0	1.0000000
1	15950.0000	15050.000	169.50000	0.0	0.0	0.0	1.0000000
1	14550.0000	15550.000	189.08687	0.0	0.0	420.0	1.0000000
1	14650.0000	15450.000	194.98825	0.0	0.0	420.0	1.0000000
1	14450.0000	14850.000	171.92863	0.0	0.0	420.0	1.0000000
1	14650.0000	14650.000	197.36205	0.0	0.0	420.0	1.0000000
1	14750.0000	14550.000	208.06584	0.0	0.0	420.0	1.0000000
5	15550.0000	14450.000	191.54643	0.0	0.0	810.0	1.0000000
5	15750.0000	14450.000	169.62886	0.0	0.0	810.0	1.0000000
5	14950.0000	15050.000	169.50000	0.0	0.0	810.0	1.0000000
5	15350.0000	15050.000	169.49998	0.0	0.0	810.0	1.0000000
5	15450.0000	15150.000	169.49998	0.0	0.0	810.0	1.0000000
5	15450.0000	15250.000	169.50003	0.0	0.0	810.0	1.0000000
5	15350.0000	15350.000	169.50000	0.0	0.0	810.0	1.0000000
5	15250.0000	15350.000	169.50000	0.0	0.0	810.0	1.0000000
5	15250.0000	15550.000	169.49997	0.0	0.0	810.0	1.0000000
5	15450.0000	15550.000	169.49998	0.0	0.0	810.0	1.0000000
5	15450.0000	15550.000	169.49997	0.0	0.0	810.0	1.0000000
5	15550.0000	15350.000	169.49997	0.0	0.0	810.0	1.0000000
5	15650.0000	15650.000	169.50002	0.0	0.0	810.0	1.0000000
5	15550.0000	15850.000	169.50000	0.0	0.0	810.0	1.0000000
5	15550.0000	15950.000	169.50000	0.0	0.0	810.0	1.0000000
5	15850.0000	15650.000	169.50003	0.0	0.0	810.0	1.0000000
5	15850.0000	15650.000	169.50000	0.0	0.0	810.0	1.0000000
13	15550.0000	16050.000	169.49997	0.0	0.0	450.0	1.0000000
13	15650.0000	16050.000	169.50003	0.0	0.0	450.0	1.0000000
13	15635.4932	16175.370	169.49997	0.0	0.0	450.0	1.0000000
11	15450.0000	16050.000	169.50002	0.0	0.0	450.0	1.0000000
36	15650.0000	17450.000	201.13666	0.0	0.0	5120.0	1.0000000
1	15350.0000	17450.000	200.83899	0.0	0.0	-90.0	1.0000000
1	15550.0000	17350.000	181.18188	0.0	0.0	-90.0	1.0000000
35	14850.0000	19150.000	170.68324	0.0	0.0	4400.0	1.0000000
35	15106.1758	18648.318	178.91071	0.0	0.0	4400.0	1.0000000
35	15071.6182	18634.496	177.55191	0.0	0.0	4580.0	1.2599998
35	14870.9463	19116.627	176.05429	0.0	0.0	4880.0	1.2999997
35	14875.1025	19102.895	175.02420	0.0	0.0	4820.0	1.0000000
35	15087.3154	18624.768	143.93152	0.0	0.0	4760.0	1.0000000
36	14850.0000	19150.000	179.68370	0.0	0.0	5120.0	1.0000000
36	14950.0000	19150.000	169.60675	0.0	0.0	5120.0	1.0000000
36	14850.0000	19050.000	169.50002	0.0	0.0	5120.0	1.0000000
36	15850.0000	18550.000	188.02641	0.0	0.0	5120.0	1.0000000
36	15850.0000	18050.000	193.52554	0.0	0.0	5120.0	1.0000000
36	15750.0000	17850.000	186.48380	0.0	0.0	5120.0	1.0000000
36	15650.0000	17650.000	186.37535	0.0	0.0	5120.0	1.0000000
36	15650.0000	17850.000	196.17577	0.0	0.0	5120.0	1.0000000
36	15550.0000	17950.000	195.58145	0.0	0.0	5120.0	1.0000000
34	15643.8350	17852.256	203.90057	0.0	0.0	5120.0	1.0000000
34	15650.0000	17950.000	183.80174	0.0	0.0	5120.0	1.0000000
34	15750.0000	18050.000	201.03525	0.0	0.0	5120.0	1.0000000
16	14950.0000	19150.000	169.50000	0.0	0.0	5060.0	1.0000000
16	14850.0000	19150.000	174.14726	0.0	0.0	5060.0	1.0000000
16	14950.0000	18950.000	169.49998	0.0	0.0	5060.0	1.0000000
16	14750.0000	19150.000	169.78413	0.0	0.0	5060.0	1.0000000
16	14879.6797	19059.002	171.42363	0.0	0.0	5060.0	1.0000000
16	15150.0000	18650.000	178.53354	0.0	0.0	5060.0	1.0000000
16	15050.0000	18650.000	174.41084	0.0	0.0	5060.0	1.0000000
16	15050.0000	18550.000	173.50838	0.0	0.0	5060.0	1.0000000
16	15150.0000	18550.000	189.11472	0.0	0.0	5060.0	1.0000000
13	15417.5752	18753.078	200.52455	0.0	0.0	5060.0	1.0000000
13	15650.0000	18850.000	185.07925	0.0	0.0	5060.0	1.0000000
13	15750.0000	18950.000	171.82365	0.0	0.0	5060.0	1.0000000
13	15650.0000	19050.000	170.29831	0.0	0.0	5060.0	1.0000000
11	15132.3926	18675.020	175.50543	0.0	0.0	5060.0	1.0000000
11	14950.0000	19150.000	169.50000	0.0	0.0	5060.0	1.0000000
0	15050.0000	19150.000	169.49998	0.0	0.0	-90.0	1.0000000
0	14750.0000	18350.000	181.70668	0.0	0.0	-90.0	1.0000000
0	15150.0000	18150.000	187.05447	0.0	0.0	-90.0	1.0000000
0	15250.0000	18050.000	193.47023	0.0	0.0	-90.0	1.0000000
1	15305.6748	17693.336	243.98668	0.0	0.0	-90.0	1.0000000
1	14650.0000	18250.000	186.14040	0.0	0.0	-90.0	1.0000000
1	14850.0000	18450.000	173.32047	0.0	0.0	-90.0	1.0000000
1	14650.0000	18350.000	186.17041	0.0	0.0	-90.0	1.0000000
35	14780.2158	20032.166	114.80717	0.0	0.0	5030.0	2.0799990
35	14756.8496	19918.141	114.80718	0.0	0.0	5030.0	1.0000000
35	14778.6094	19914.787	184.80725	0.0	0.0	5030.0	1.0000000
35	14768.9727	19982.098	129.80722	0.0	0.0	4730.0	1.6399994
35	14843.7803	20027.842	179.85101	0.0	0.0	5030.0	2.1999989
36	14855.5635	20000.055	179.85098	0.0	0.0	5090.0	1.2599998
36	14857.5488	19966.420	179.85101	0.0	0.0	5120.0	1.3599997
36	14610.9092	19769.385	179.85098	0.0	0.0	5120.0	1.0000000
36	14850.0000	20550.000	184.97073	0.0	0.0	5120.0	1.0000000
36	14950.0000	20350.000	174.30554	0.0	0.0	5120.0	1.0000000
36	14850.0000	20250.000	174.34076	0.0	0.0	5120.0	1.0000000
36	15150.0000	20150.000	208.42049	0.0	0.0	5120.0	1.0000000
36	15950.0000	20150.000	185.31488	0.0	0.0	5120.0	1.0000000
36	15950.0000	20050.000	193.06659	0.0	0.0	5120.0	1.0000000
36	15750.0000	19950.000	172.99454	0.0	0.0	5120.0	1.0000000
36	15850.0000	19850.000	186.52966	0.0	0.0	5120.0	1.0000000
27	14744.3848	20025.377	-65.49992	0.0	0.0	5060.0	1.0000000
16	14819.3242	19918.461	169.50008	0.0	0.0	5060.0	1.0000000
16	14950.0000	19950.000	170.62338	0.0	0.0	5060.0	1.0000000
16	14750.0000	20150.000	171.69894	0.0	0.0	5060.0	1.0000000
16	14750.0000	20150.000	174.57364	0.0	0.0	5060.0	1.0000000
16	14650.0000	19950.000	169.50000	0.0	0.0	5060.0	1.0000000
16	14650.0000	19850.000	169.50002	0.0	0.0	5060.0	1.0000000
16	14850.0000	20150.000	169.59280	0.0	0.0	5060.0	1.0000000
16	14750.0000	19950.000	169.50002	0.0	0.0	5060.0	1.0000000
16	14750.0000	20050.000	169.50002	0.0	0.0	5060.0	1.0000000
16	14850.0000	19250.000	183.51553	0.0	0.0	5060.0	1.0000000
13	15650.0000	19250.000	169.50003	0.0	0.0	5060.0	1.0000000
11	14850.0000	20050.000	169.50000	0.0	0.0	5060.0	1.0000000
0	14950.0000	20050.000	170.97453	0.0	0.0	-90.0	1.0000000
0	14850.0000	19850.000	170.60786	0.0	0.0	-90.0	1.0000000
1	15950.0000	19850.000	224.95912	0.0	0.0	0.0	1.0000000
1	15850.0000	20050.000	187.71410	0.0	0.0	0.0	1.0000000
1	14750.0000	19850.000	169.50000	0.0	0.0	0.0	1.0000000
1	14850.0000	19950.000	169.49997	0.0	0.0	0.0	1.0000000
34	15867.6865	22045.502	140.01031	360.0	0.0	4050.0	1.0000000
34	15959.9648	21950.293	128.79880	360.0	0.0	4050.0	1.0000000
34	15954.4248	21370.977	130.04034	360.0	0.0	4050.0	1.0000000
36	15900.0000	21500.000	202.47131	360.0	0.0	4380.0	1.4599996
36	14850.0000	21450.000	268.12460	360.0	0.0	4380.0	1.0000000
36	14600.0000	21250.000	206.99229	360.0	0.0	4380.0	1.3999996
27	14543.7090	22178.105	184.76602	360.0	0.0	4440.0	1.0000000
27	15842.8252	21976.893	217.93903	360.0	0.0	4440.0	1.1399999
36	14662.9023	22112.850	178.73270	360.0	0.0	4740.0	1.3599997
1	14550.0000	21150.000	178.67198	0.0	0.0	60.0	1.0000000
1	14650.0000	21250.000	204.75223	0.0	0.0	60.0	1.0000000
1	14950.0000	21350.000	272.90936	0.0	0.0	60.0	1.0000000
1	15050.0000	21050.000	184.96086	0.0	0.0	60.0	1.0000000
1	15550.0000	21950.000	260.52948	0.0	0.0	60.0	1.0000000
1	15950.0000	21550.000	203.04733	0.0	0.0	60.0	1.0000000
1	15950.0000	21650.000	189.43832	0.0	0.0	60.0	1.0000000
1	15850.0000	21250.000	172.24541	0.0	0.0	60.0	1.0000000
0	14513.1221	22129.076	208.21820	0.0	0.0	0.0	1.0000000
0	15553.4053	22246.256	197.12856	0.0	0.0	0.0	1.0000000
0	15918.4170	21318.705	189.71364	-5.0	0.0	50.0	1.0000000
0	15939.6406	21850.053	199.06847	-5.0	0.0	50.0	1.0000000
0	15470.4561	22155.150	213.29803	-5.0	0.0	50.0	1.0000000
0	15094.0635	21691.355	306.26096	-5.0	0.0	50.0	1.0000000
0	14728.5986	21468.906	217.70465	-5.0	0.0	50.0	1.0000000
0	14458.7471	21258.357	188.44499	-5.0	0.0	50.0	1.0000000
0	14610.1426	22202.949	204.22400	-5.0	0.0	50.0	1.0000000
0	15401.3760	22062.969	241.81874	-5.0	0.0	50.0	1.0000000
0	15934.2275	21555.508	194.78517	-5.0	0.0	50.0	1.0000000
3	15891.3154	21902.139	210.01959	-5.0	0.0	590.0	1.0000000
3	14573.0986	22123.551	200.15414	-5.0	0.0	590.0	1.0000000
4	14634.4287	21150.445	244.35663	-5.0	0.0	1010.0	1.0000000
4	14624.4004	22071.107	249.04390	-5.0	0.0	1010.0	1.0000000
37	14872.7939	21854.094	376.82690	0.0	0.0	30.0	1.3799996
37	14947.1494	21783.902	403.23947	0.0	0.0	0.0	1.7799993
27	15294.1865	23100.115	179.63298	0.0	0.0	660.0	1.2399998
27	15350.0000	23100.000	169.50002	0.0	0.0	720.0	1.0000000
27	14467.0156	23646.783	203.16805	0.0	0.0	0.0	1.0000000
27	15764.3232	23762.510	178.66591	0.0	0.0	0.0	1.3999996
34	15040.6055	22943.436	102.34905	360.0	0.0	4050.0	1.0000000
34	15751.3340	23424.473	109.26742	360.0	0.0	4050.0	1.0000000
34	14479.5479	23446.131	93.14858	360.0	0.0	4050.0	1.0000000
34	14553.2285	23951.164	89.81277	360.0	0.0	4050.0	1.0000000
36	15429.1182	22951.066	205.19778	360.0	0.0	4740.0	1.0000000
36	15297.7314	22954.699	202.40195	360.0	0.0	4740.0	1.3599997
36	15856.5781	23649.488	160.66455	360.0	0.0	4740.0	1.3799996
36	14521.6465	23566.287	189.99683	360.0	0.0	4740.0	1.2799997
36	14526.0088	23380.170	164.30460	360.0	0.0	4740.0	1.2199998
36	15555.4004	23085.273	178.26337	360.0	0.0	4740.0	1.3999996
36	14809.9961	22552.137	213.87378	360.0	0.0	4740.0	1.4799995
1	14450.0000	23850.000	176.86525	0.0	0.0	60.0	1.0000000
1	14850.0000	23050.000	169.84709	0.0	0.0	60.0	1.0000000
1	15250.0000	23050.000	209.37328	0.0	0.0	60.0	1.0000000
1	14450.0000	22450.000	169.49997	0.0	0.0	60.0	1.0000000
0	15300.8535	22939.838	210.68785	0.0	0.0	0.0	1.0000000
0	15917.6123	22731.775	221.03384	0.0	0.0	0.0	1.0000000
0	15489.9814	22984.951	205.96054	-5.0	0.0	50.0	1.0000000
0	15670.3008	22934.158	182.53995	-5.0	0.0	50.0	1.0000000
0	15497.1172	22808.525	223.71576	-5.0	0.0	50.0	1.0000000
0	15156.2295	22678.758	195.74501	-5.0	0.0	50.0	1.0000000
0	15299.1895	22836.943	215.24507	-5.0	0.0	50.0	1.0000000
0	14529.3203	23367.164	170.29901	-5.0	0.0	50.0	1.0000000
0	14809.9795	23102.426	167.54735	-5.0	0.0	50.0	1.0000000
3	15374.4336	23069.709	222.48112	-5.0	0.0	590.0	1.0000000
3	15771.7295	23747.723	172.81572	-5.0	0.0	590.0	1.0000000
4	15533.9736	22753.496	281.58850	-5.0	0.0	1010.0	1.0000000
22	14555.1992	24716.131	184.10878	0.0	0.0	30.0	1.0000000
22	14905.7207	24320.709	172.50150	0.0	0.0	60.0	1.0000000
22	15240.2041	24190.547	165.15251	0.0	0.0	10.0	1.0000000
22	15507.9189	24315.229	107.58495	0.0	0.0	60.0	1.0000000
27	14658.0908	24428.551	158.23901	0.0	0.0	670.0	1.3999996
34	14669.6768	24630.604	129.95163	360.0	0.0	4050.0	1.0000000
34	14648.7500	24058.740	90.13845	360.0	0.0	4050.0	1.0000000
34	15051.1416	24062.748	119.26936	360.0	0.0	4050.0	1.0000000
36	14698.0576	24017.955	160.01315	360.0	0.0	4740.0	1.3199997
36	15457.4199	24004.996	186.67978	360.0	0.0	4740.0	1.0000000
36	15014.6230	24057.238	184.91147	360.0	0.0	4680.0	1.0000000
0	15163.0732	24081.047	209.52011	-5.0	0.0	50.0	1.0000000
0	14622.8164	24035.746	166.04292	-5.0	0.0	50.0	1.0000000
5	15750.0000	24050.000	174.93469	-5.0	0.0	1250.0	1.0000000
5	14801.9678	24665.680	269.23727	-5.0	0.0	1250.0	1.0000000
22	15223.4375	25030.744	211.84209	0.0	0.0	60.0	1.0000000
1	14750.0000	24750.000	227.08437	0.0	0.0	3480.0	1.0000000
1	14750.0000	24550.000	203.69736	0.0	0.0	3480.0	1.0000000
1	15150.0000	24850.000	217.12903	0.0	0.0	3480.0	1.0000000
1	15250.0000	24950.000	206.24977	0.0	0.0	3480.0	1.0000000
1	15292.4434	24822.844	185.55983	0.0	0.0	3480.0	0.8400002
1	15450.0000	24750.000	173.86211	0.0	0.0	3480.0	0.8400002
1	15649.1748	24880.828	198.06311	0.0	0.0	3420.0	0.8800001
1	15497.8633	24969.869	203.47217	0.0	0.0	3480.0	1.0000000
22	15830.5791	24483.670	136.77022	0.0	0.0	60.0	1.0000000
33	15078.9336	24733.115	213.62827	0.0	0.0	0.0	1.0000000
33	15050.0000	24850.000	219.46660	0.0	0.0	60.0	1.2999997
33	15154.1201	24809.588	206.38214	0.0	0.0	180.0	1.0000000
36	14550.0000	24850.000	217.20193	0.0	0.0	0.0	1.0000000
36	14650.0000	24950.000	215.31696	0.0	0.0	0.0	1.0000000
36	14650.0000	24650.000	206.56508	0.0	0.0	0.0	1.0000000
36	15850.0000	24750.000	172.11006	0.0	0.0	0.0	1.0000000
22	16203.8311	522.649	248.15559	0.0	0.0	90.0	1.0000000
22	16988.0273	270.304	245.38361	0.0	0.0	90.0	1.0000000
23	16604.9297	564.816	174.43477	0.0	0.0	60.0	1.0000000
22	16435.6738	212.192	186.33031	0.0	0.0	30.0	1.0000000
23	17162.8242	456.022	177.63763	0.0	0.0	90.0	1.0000000
22	17495.0430	506.731	185.67796	0.0	0.0	30.0	1.0000000
23	16064.8242	1227.421	170.09918	0.0	0.0	120.0	1.0000000
12	16469.3438	967.120	170.45163	0.0	0.0	240.0	1.0000000
12	16977.9922	1300.604	168.45844	0.0	0.0	240.0	1.0000000
12	17450.0000	1250.000	173.58484	0.0	0.0	240.0	1.0000000
12	16150.0000	1450.000	191.55215	0.0	0.0	240.0	1.0000000
12	16371.2412	1569.409	210.04625	0.0	0.0	360.0	1.0000000
12	16050.0000	1250.000	239.40656	0.0	0.0	360.0	1.0000000
14	16150.0000	1350.000	205.77669	0.0	0.0	450.0	1.0000000
14	16706.1133	1387.123	165.31569	0.0	0.0	450.0	1.0000000
14	17567.4492	1358.753	169.19536	0.0	0.0	450.0	1.0000000
33	17162.6133	903.304	169.50006	-5.0	0.0	2220.0	1.0000000
33	17086.4707	1410.562	169.50005	-5.0	0.0	2130.0	1.0000000
32	17049.9570	820.556	54.54842	-5.0	0.0	2310.0	1.0000000
33	17184.3809	736.664	146.16493	-5.0	0.0	2130.0	1.0000000
12	16545.3672	1524.934	224.08681	-725.0	0.0	2310.0	1.0000000
11	16132.7168	1120.117	216.85052	-725.0	0.0	2370.0	1.0000000
1	16250.0000	1550.000	206.45279	0.0	0.0	60.0	1.0000000
1	16150.0000	1350.000	212.68321	0.0	0.0	60.0	1.0000000
1	16950.0000	1050.000	169.49998	0.0	0.0	3090.0	1.0000000
1	16950.0000	950.000	170.75891	0.0	0.0	3090.0	1.0000000
1	17050.0000	950.000	169.81648	0.0	0.0	3090.0	1.0000000
37	16673.5625	1415.115	329.45538	0.0	0.0	-330.0	1.3599997
22	17374.4609	65.277	243.25516	0.0	0.0	30.0	1.0000000
1	16050.0000	50.000	266.13553	0.0	0.0	0.0	1.0000000
1	16050.0000	350.000	239.28749	0.0	0.0	0.0	1.0000000
1	16729.2266	147.089	257.41379	0.0	0.0	0.0	1.0000000
1	16850.0000	150.000	257.13147	0.0	0.0	0.0	1.0000000
1	17171.1367	359.503	235.22411	0.0	0.0	-110.0	1.0000000
1	17050.0000	350.000	237.35118	0.0	0.0	0.0	1.0000000
1	16369.1123	84.163	255.51863	20.0	0.0	-10.0	1.0000000
1	16265.1299	98.790	258.79974	0.0	0.0	0.0	1.0000000
1	16850.0000	50.000	254.70839	0.0	0.0	-70.0	0.8800001
3	17350.0000	350.000	232.93388	0.0	0.0	0.0	1.0000000
3	17450.0000	350.000	235.56750	0.0	0.0	0.0	1.0000000
36	17250.0000	550.000	184.93095	0.0	0.0	0.0	1.0000000
36	17150.0000	150.000	246.29944	0.0	0.0	0.0	1.0000000
36	17250.0000	250.000	250.16891	0.0	0.0	0.0	1.0000000
36	17350.0000	150.000	250.28557	0.0	0.0	0.0	1.0000000
36	17550.0000	450.000	194.08563	0.0	0.0	0.0	1.0000000
36	16050.0000	250.000	259.78964	0.0	0.0	0.0	1.0000000
36	16050.0000	150.000	265.77237	0.0	0.0	0.0	1.0000000
36	16050.0000	450.000	227.95963	0.0	0.0	0.0	1.0000000
36	16250.0000	150.000	258.53671	0.0	0.0	0.0	1.0000000
22	17277.5234	2333.814	156.55013	0.0	0.0	120.0	1.0000000
22	16887.6992	1936.175	159.56624	0.0	0.0	120.0	1.0000000
22	16568.6406	1608.492	157.06160	0.0	0.0	60.0	1.0000000
22	16250.0000	2550.000	179.23988	0.0	0.0	90.0	1.0000000
23	16550.0000	2950.000	180.68356	0.0	0.0	90.0	1.0000000
12	16650.0000	1850.000	184.82062	0.0	0.0	240.0	1.0000000
12	16950.0000	2050.000	192.29597	0.0	0.0	240.0	1.0000000
12	17250.0000	2450.000	235.86188	0.0	0.0	360.0	1.0000000
12	17550.0000	2250.000	176.95258	0.0	0.0	360.0	1.0000000
14	17371.2285	2499.240	207.48572	0.0	0.0	360.0	1.0000000
14	17150.0000	2250.000	234.69084	0.0	0.0	360.0	1.0000000
14	17191.7969	2333.130	237.84369	0.0	0.0	450.0	1.2999997
14	16513.6660	1742.922	203.28432	0.0	0.0	450.0	1.0000000
15	17280.4297	2139.714	166.50708	0.0	0.0	1140.0	1.5399995
16	17593.8477	1685.438	165.31572	0.0	0.0	1140.0	1.0000000
16	17116.8340	1767.189	165.31567	0.0	0.0	1140.0	1.4399996
16	17265.1855	1692.089	165.31569	0.0	0.0	1290.0	1.3799996
16	17479.8945	1769.713	165.31570	0.0	0.0	1440.0	1.2999997
16	16461.0898	1641.636	208.39565	0.0	0.0	1500.0	1.2599998
36	16070.3662	2491.881	175.63237	-5.0	0.0	2220.0	1.3999996
36	16321.1553	2656.440	221.40823	-5.0	0.0	2190.0	1.2799997
36	16619.6191	3076.604	204.51241	-5.0	0.0	2190.0	1.2599998
36	17527.8672	2941.529	176.61879	-5.0	0.0	2220.0	1.4799995
36	17501.3027	2437.750	164.94536	-5.0	0.0	2160.0	1.4599996
36	17103.6641	2167.569	178.24733	-5.0	0.0	2250.0	1.5799994
36	16689.1426	1800.710	151.37439	-5.0	0.0	2190.0	1.3799996
12	17048.1230	2178.832	259.03659	-725.0	0.0	2310.0	1.0000000
12	17483.2637	2943.537	251.73781	-725.0	0.0	2310.0	1.0000000
12	16664.1074	3056.592	265.48059	-725.0	0.0	2310.0	1.0000000
11	16542.6914	3015.542	238.51788	-725.0	0.0	2280.0	1.0000000
11	16548.3867	2866.035	213.13377	-725.0	0.0	2280.0	1.0000000
11	16321.6963	2634.270	239.71623	-725.0	0.0	2280.0	1.0000000
11	16148.4180	2526.368	211.84903	-725.0	0.0	2400.0	1.0000000
11	16323.4678	2526.191	223.12134	-725.0	0.0	2460.0	1.0000000
11	16356.6455	2753.468	276.45795	-725.0	0.0	2370.0	1.0000000
1	17250.0000	2750.000	183.62608	0.0	0.0	60.0	1.0000000
1	17350.0000	2450.000	201.72765	0.0	0.0	60.0	1.0000000
5	16553.2734	2947.751	230.54225	0.0	0.0	480.0	1.0000000
5	16250.5908	2576.223	233.54205	0.0	0.0	420.0	1.0000000
5	16013.8848	3053.198	259.60535	0.0	0.0	420.0	1.0000000
37	16591.4238	2008.507	475.23819	0.0	0.0	-330.0	1.4599996
37	16009.9893	1873.497	469.45532	0.0	0.0	-300.0	1.3799996
22	16750.0000	3450.000	169.49998	0.0	0.0	90.0	1.0000000
23	17050.0000	3950.000	177.82721	0.0	0.0	90.0	1.0000000
22	17564.5312	4727.394	181.99759	0.0	0.0	60.0	1.0000000
23	17350.0000	4350.000	182.57672	0.0	0.0	60.0	1.0000000
36	16861.5938	3532.224	178.97188	-5.0	0.0	2220.0	1.3999996
36	16618.4688	3323.223	172.37807	-5.0	0.0	2220.0	1.5999994
36	17157.0156	4049.400	185.26483	-5.0	0.0	2220.0	1.5999994
36	17172.2910	4061.451	179.59763	-5.0	0.0	2220.0	1.0000000
36	17021.1250	4323.686	161.26283	-5.0	0.0	2220.0	1.4999995
36	17280.9863	4652.070	149.30740	-5.0	0.0	2220.0	1.5599995
36	17498.1367	4616.926	199.38074	-5.0	0.0	2220.0	1.3999996
12	16811.9160	3501.379	252.49135	-725.0	0.0	2310.0	1.0000000
12	17149.3047	3957.978	256.28528	-725.0	0.0	2310.0	1.0000000
12	17410.9863	4326.711	264.42474	-725.0	0.0	2310.0	1.0000000
12	17348.1855	4264.374	208.93706	-725.0	0.0	2310.0	1.0000000
11	17569.5840	4671.861	209.15204	-725.0	0.0	2280.0	1.0000000
11	17439.8887	4449.299	228.48143	-725.0	0.0	2280.0	1.0000000
11	17058.1953	3846.280	206.13229	-725.0	0.0	2280.0	1.0000000
11	17191.2031	4156.729	192.42532	-725.0	0.0	2280.0	1.0000000
11	16684.0430	3442.212	196.98987	-725.0	0.0	2280.0	1.0000000
11	16904.5430	3595.459	212.44849	-725.0	0.0	2280.0	1.0000000
5	16734.2051	3458.022	201.95645	0.0	0.0	540.0	1.0000000
5	17056.7695	3954.521	227.87624	0.0	0.0	420.0	1.0000000
7	17585.3125	4759.468	199.80637	20.0	0.0	4430.0	1.0000000
7	17599.9844	4729.949	245.96367	20.0	0.0	4340.0	1.0000000
7	17430.2090	4369.418	224.55753	20.0	0.0	4400.0	1.0000000
7	17431.8301	4331.328	218.55724	20.0	0.0	4340.0	1.0000000
36	16550.0000	4750.000	173.59830	0.0	0.0	2910.0	1.0000000
36	16450.0000	4650.000	179.29504	0.0	0.0	2910.0	1.0000000
36	16350.0000	4550.000	175.08745	0.0	0.0	2910.0	1.0000000
36	16379.3057	4619.812	90.77112	0.0	0.0	2910.0	1.6599994
0	17282.0605	5738.615	169.49997	0.0	0.0	-90.0	1.0000000
0	16676.0488	6300.314	169.50000	0.0	0.0	-210.0	1.0000000
22	17542.4883	5192.289	179.12878	0.0	0.0	60.0	1.0000000
22	17050.0000	5750.000	183.62827	0.0	0.0	60.0	1.0000000
36	17513.6738	5079.369	209.29752	-5.0	0.0	2250.0	1.5199995
36	17298.0430	5605.302	200.93431	-5.0	0.0	2280.0	1.3399997
36	17538.3574	6351.752	205.21190	-5.0	0.0	2160.0	1.2799997
36	16535.8555	6268.449	211.91980	-725.0	0.0	1500.0	1.0000000
36	16412.6367	6033.625	182.41023	-725.0	0.0	1500.0	1.0000000
36	16314.6328	6140.171	182.44016	-725.0	0.0	1500.0	1.0000000
36	16766.2676	5715.254	186.49687	-725.0	0.0	1500.0	1.0000000
36	16608.4395	5682.319	182.48592	-725.0	0.0	1500.0	1.0000000
36	16726.2539	5906.922	201.98254	-725.0	0.0	1500.0	1.0000000
12	17478.1289	5125.761	225.03194	-725.0	0.0	2310.0	1.0000000
12	17310.8438	5523.913	236.98224	-725.0	0.0	2310.0	1.0000000
12	16457.3965	6376.604	200.47816	-725.0	0.0	2310.0	1.0000000
11	16746.5820	6175.931	234.56877	-725.0	0.0	2280.0	1.0000000
11	17167.0918	5697.093	232.76001	-725.0	0.0	2280.0	1.0000000
11	17446.6934	5380.056	227.10762	-725.0	0.0	2280.0	1.0000000
11	17577.2598	5194.642	226.73001	-725.0	0.0	2280.0	1.0000000
7	17523.9141	5199.478	270.47095	20.0	0.0	4400.0	1.0000000
7	17506.8066	5194.353	272.54999	20.0	0.0	4310.0	1.0000000
7	17497.9004	5243.184	268.55872	20.0	0.0	4460.0	1.0000000
7	16738.9414	6288.222	224.53183	20.0	0.0	4430.0	1.0000000
7	16728.7324	6277.046	228.57767	20.0	0.0	4340.0	1.0000000
7	17073.9590	5780.985	257.82675	20.0	0.0	4460.0	1.0000000
7	17079.7871	5749.755	254.06250	20.0	0.0	4370.0	1.0000000
7	17456.7715	6317.235	185.91788	20.0	0.0	4370.0	1.0000000
7	17435.6543	6321.784	183.66681	20.0	0.0	4280.0	1.0000000
7	17443.8301	6339.611	193.94061	20.0	0.0	4430.0	1.0000000
7	16953.2891	5992.952	191.90642	20.0	0.0	4460.0	1.0000000
7	16949.4453	5966.901	197.79369	20.0	0.0	4370.0	1.0000000
7	16951.1816	5976.595	225.53883	20.0	0.0	4430.0	1.0000000
7	17427.8887	5493.819	250.47308	20.0	0.0	4430.0	1.0000000
7	17439.4863	5452.138	248.72800	20.0	0.0	4370.0	1.0000000
7	17437.2949	5468.060	228.45439	20.0	0.0	4430.0	1.0000000
1	17550.0000	6250.000	213.35478	0.0	0.0	0.0	1.0000000
36	16750.0000	4850.000	169.49998	0.0	0.0	2910.0	1.0000000
36	16750.0000	4850.000	169.49997	0.0	0.0	2910.0	1.0000000
36	16550.0000	4850.000	171.89037	0.0	0.0	2910.0	1.0000000
36	16650.0000	5050.000	169.50003	0.0	0.0	2910.0	1.0000000
36	16591.2539	4811.299	74.81903	0.0	0.0	2910.0	1.7599993
37	17368.4004	5338.371	534.25775	0.0	0.0	30.0	1.3199997
37	17376.0430	5332.912	609.73248	0.0	0.0	-30.0	1.0000000
0	17310.2793	6523.404	169.50002	0.0	0.0	-30.0	1.0000000
0	16244.9551	6806.729	169.50002	0.0	0.0	-30.0	1.0000000
0	16292.8262	6712.989	169.50000	0.0	0.0	30.0	1.6199994
0	16442.4180	7279.294	169.49997	0.0	0.0	-30.0	1.3599997
22	17201.0137	6808.934	173.76993	0.0	0.0	60.0	1.0000000
22	16083.2900	6612.392	175.57332	0.0	0.0	60.0	1.0000000
36	16419.4199	7436.465	196.33109	-725.0	0.0	1500.0	1.0000000
36	16400.2598	7553.500	196.03564	-725.0	0.0	1500.0	1.0000000
36	16640.4199	7230.454	227.19893	-725.0	0.0	1500.0	1.0000000
36	16747.3125	7076.704	211.57570	-725.0	0.0	1500.0	1.0000000
36	16415.7188	6516.718	215.92876	-725.0	0.0	1500.0	1.0000000
36	16253.1748	6622.268	226.32173	-725.0	0.0	1500.0	1.0000000
36	16016.8262	6433.597	184.49226	-725.0	0.0	1500.0	1.0000000
12	16042.8916	6511.512	177.99057	-725.0	0.0	2310.0	1.0000000
12	16044.4199	6772.147	227.73270	-725.0	0.0	2310.0	1.0000000
12	16354.2422	7434.697	173.86948	-725.0	0.0	2310.0	1.0000000
12	16560.8066	7266.082	221.87093	-725.0	0.0	2310.0	1.0000000
11	16416.8828	7539.086	180.91893	-725.0	0.0	2280.0	1.0000000
11	16178.1426	6621.858	216.91759	-725.0	0.0	2280.0	1.0000000
11	16365.6201	6516.208	204.66805	-725.0	0.0	2280.0	1.0000000
11	16726.3789	7079.540	196.69673	-725.0	0.0	2280.0	1.0000000
11	17199.3945	6782.189	225.11122	-725.0	0.0	2280.0	1.0000000
36	17500.0000	7300.000	216.80139	360.0	0.0	4020.0	1.0000000
36	17300.0000	7050.000	201.71594	360.0	0.0	4020.0	1.0000000
36	17400.0000	6750.000	214.14214	360.0	0.0	4020.0	1.0000000
36	17250.0000	7250.000	206.05949	360.0	0.0	4020.0	1.0000000
36	17450.0000	7050.000	173.00005	360.0	0.0	4020.0	1.3399997
36	17450.0000	6700.000	205.00818	360.0	0.0	4020.0	1.3999996
7	16380.1289	6647.181	240.83992	20.0	0.0	4370.0	1.0000000
7	16393.2402	6670.391	235.89127	20.0	0.0	4430.0	1.0000000
7	16599.9004	6421.638	221.01395	20.0	0.0	4430.0	1.0000000
7	16571.8906	6444.815	219.43542	20.0	0.0	4490.0	1.0000000
7	16562.6914	6418.315	225.56908	20.0	0.0	4310.0	1.0000000
7	16835.3906	6944.197	223.63010	20.0	0.0	4310.0	1.0000000
7	16859.6836	6949.787	230.35361	20.0	0.0	4400.0	1.0000000
7	16813.6133	6967.284	223.92459	20.0	0.0	4250.0	1.0000000
7	17207.3242	6781.438	236.42908	20.0	0.0	4340.0	1.0000000
7	16267.2412	7555.576	196.39021	20.0	0.0	4310.0	1.0000000
7	16264.0059	7569.944	196.64307	20.0	0.0	4400.0	1.0000000
7	16253.3213	7591.799	196.32259	20.0	0.0	4460.0	1.0000000
32	16687.3242	7924.722	58.76067	20.0	0.0	4220.0	1.0000000
7	16737.1016	7873.997	165.16020	20.0	0.0	4340.0	1.0000000
7	16744.3418	7881.727	164.84908	20.0	0.0	4430.0	1.0000000
7	16628.9023	7850.632	177.99509	20.0	0.0	4370.0	1.0000000
7	16486.7812	7163.176	168.33138	20.0	0.0	4400.0	1.0000000
7	16477.5586	7170.403	169.31158	20.0	0.0	4310.0	1.0000000
26	17184.3203	7921.957	164.97778	0.0	0.0	2340.0	0.5800004
26	17450.1191	7959.782	164.69472	0.0	0.0	2340.0	0.5800004
1	17450.0000	6450.000	234.12595	0.0	0.0	0.0	1.0000000
1	17450.0000	6550.000	223.35802	0.0	0.0	0.0	1.0000000
1	17250.0000	6750.000	199.69279	0.0	0.0	0.0	1.0000000
1	17050.0000	6850.000	210.30495	0.0	0.0	0.0	1.0000000
19	16815.0977	9578.269	169.50003	0.0	0.0	1770.0	1.0000000
19	16952.2109	9442.032	169.50002	0.0	0.0	1740.0	1.0000000
19	16948.7988	9266.777	169.50000	0.0	0.0	1680.0	1.0000000
19	16850.9648	9094.031	169.49997	0.0	0.0	1680.0	1.0000000
19	16753.8965	8922.410	169.50000	0.0	0.0	1680.0	1.0000000
19	16653.1406	8751.649	169.49997	0.0	0.0	1680.0	1.0000000
19	17163.5645	8211.315	169.50003	0.0	0.0	1800.0	1.0000000
19	17347.6816	8260.892	169.50003	0.0	0.0	1830.0	1.0000000
19	17482.2051	8393.344	169.50003	0.0	0.0	1860.0	1.0000000
19	17582.8418	8562.379	169.50002	0.0	0.0	1860.0	1.0000000
20	17101.4199	9504.905	64.49998	0.0	0.0	0.0	1.0000000
0	17000.0000	9250.000	169.50000	0.0	0.0	120.0	1.0000000
0	17044.0117	9300.181	89.49994	0.0	0.0	210.0	1.0000000
0	17185.6250	8426.356	89.50000	0.0	0.0	210.0	1.0000000
0	17100.0000	8350.000	169.50003	0.0	0.0	150.0	1.0000000
26	16400.0000	9450.000	169.50002	0.0	0.0	210.0	0.3400004
24	16500.0000	8650.000	202.88667	0.0	0.0	210.0	0.7400002
24	17050.0000	8150.000	205.81291	0.0	0.0	360.0	0.5400004
25	16950.0000	9550.000	169.50002	0.0	0.0	720.0	1.8399992
6	17064.7266	8076.826	502.48438	10.0	0.0	-30.0	1.0000000
6	17076.7676	8056.860	338.01770	65.0	0.0	60.0	1.0000000
10	16335.0127	8449.331	206.66866	0.0	0.0	240.0	1.3399997
36	16458.5430	8424.118	249.51280	-725.0	0.0	1500.0	1.0000000
36	16314.9912	8327.227	246.56592	-725.0	0.0	1500.0	1.0000000
36	17062.2324	8061.933	206.38385	-725.0	0.0	1500.0	1.0000000
12	16057.2148	8251.601	200.10178	-725.0	0.0	2400.0	1.0000000
12	16393.1680	8476.958	200.03929	-725.0	0.0	2340.0	1.0000000
12	16249.5938	8440.185	228.43910	-725.0	0.0	2280.0	1.0000000
12	16979.5977	8061.375	200.14606	-725.0	0.0	2280.0	1.0000000
12	17136.0059	8144.916	207.46703	-725.0	0.0	2280.0	1.0000000
11	16172.4297	8351.354	211.43303	-725.0	0.0	2280.0	1.0000000
36	17200.0000	9250.000	183.89983	360.0	0.0	4020.0	1.4399996
36	16650.0000	8550.000	186.49913	360.0	0.0	4020.0	1.2599998
7	17212.5156	9418.558	185.67328	20.0	0.0	4370.0	1.0000000
7	17283.9395	9451.653	196.75070	20.0	0.0	4370.0	1.0000000
7	17300.1152	9472.932	201.04266	20.0	0.0	4460.0	1.0000000
7	17102.4141	9324.007	175.88817	20.0	0.0	4370.0	1.0000000
7	17174.5195	9354.401	179.86917	20.0	0.0	4430.0	1.0000000
7	17175.4082	9346.213	179.36450	20.0	0.0	4310.0	1.0000000
7	17002.6934	9380.294	171.08759	20.0	0.0	4310.0	1.0000000
7	16522.5664	8550.111	204.43881	20.0	0.0	4310.0	1.0000000
7	16550.4668	8542.793	202.69225	20.0	0.0	4370.0	1.0000000
7	16566.2500	8562.347	209.11351	20.0	0.0	4430.0	1.0000000
7	16581.8164	8693.223	221.47154	20.0	0.0	4430.0	1.0000000
7	16574.2910	8650.056	220.29643	20.0	0.0	4400.0	1.0000000
7	16549.0391	8605.902	372.07788	20.0	0.0	4400.0	1.0000000
7	16553.1680	8589.446	369.99432	20.0	0.0	4310.0	1.0000000
7	17040.5391	8100.614	192.41591	20.0	0.0	4310.0	1.0000000
7	17047.8516	8084.546	185.00404	20.0	0.0	4400.0	1.0000000
7	17097.7070	8138.235	194.85585	20.0	0.0	4430.0	1.0000000
7	16109.3838	8202.779	201.97775	20.0	0.0	4400.0	1.0000000
7	16085.4385	8210.475	208.54585	20.0	0.0	4310.0	1.0000000
7	16355.4365	8390.667	207.78661	20.0	0.0	4310.0	1.0000000
7	16366.6064	8401.126	208.10970	20.0	0.0	4400.0	1.0000000
7	17538.8301	8436.281	197.56941	20.0	0.0	4340.0	1.0000000
7	17544.3867	8485.343	197.67650	20.0	0.0	4400.0	1.0000000
7	17461.6348	8309.600	181.95821	20.0	0.0	4400.0	1.0000000
7	17436.8184	8278.868	177.31772	20.0	0.0	4310.0	1.0000000
7	17232.1172	8179.327	187.65277	20.0	0.0	4310.0	1.0000000
7	17289.5273	8204.144	187.41534	20.0	0.0	4370.0	1.0000000
7	16690.3496	8788.071	181.02583	20.0	0.0	4370.0	1.0000000
7	16721.4668	8868.044	162.45575	20.0	0.0	4400.0	1.0000000
7	16779.1133	8976.286	178.99184	20.0	0.0	4400.0	1.0000000
7	16817.9492	9038.230	175.98151	20.0	0.0	4400.0	1.0000000
7	16873.6484	9137.738	166.51187	20.0	0.0	4370.0	1.0000000
7	16914.1445	9223.124	171.27083	20.0	0.0	4370.0	1.0000000
7	16726.9004	9589.798	183.00414	20.0	0.0	4370.0	1.0000000
7	16385.8281	9589.756	196.63939	20.0	0.0	4370.0	1.0000000
7	16771.8125	8972.194	191.52609	20.0	0.0	4310.0	1.0000000
7	16899.1719	9139.442	182.55623	20.0	0.0	4430.0	1.0000000
7	16699.6035	8827.400	173.26768	-10.0	0.0	4430.0	1.0000000
7	16739.4883	8661.236	174.10933	0.0	0.0	90.0	1.0000000
7	16726.9082	8620.518	173.88553	0.0	0.0	30.0	1.0000000
7	16724.0684	8582.148	172.98483	0.0	0.0	30.0	1.0000000
7	17229.8164	9574.437	235.45226	20.0	0.0	4430.0	1.0000000
26	16080.5010	9395.245	145.84116	0.0	0.0	2160.0	0.7000003
9	17158.4590	9037.997	169.00868	0.0	0.0	0.0	1.0000000
9	16864.4219	8743.960	169.00868	0.0	0.0	0.0	1.0000000
7	17193.7930	9042.206	149.00873	0.0	0.0	120.0	1.0000000
7	17179.5664	9007.827	149.00870	0.0	0.0	30.0	1.0000000
7	17135.6367	9025.206	149.00868	0.0	0.0	-60.0	1.0000000
7	16852.5703	8713.211	149.00868	0.0	0.0	-30.0	1.0000000
7	16890.8594	8727.149	149.00873	0.0	0.0	90.0	1.0000000
7	16864.5293	8779.353	149.00868	0.0	0.0	150.0	1.0000000
1	16950.0000	8150.000	207.10008	0.0	0.0	0.0	1.0000000
1	16650.0000	8650.000	192.71722	0.0	0.0	0.0	1.0000000
1	16650.0000	8750.000	196.24858	0.0	0.0	0.0	1.0000000
1	16250.0000	8350.000	205.01111	0.0	0.0	0.0	1.0000000
1	16050.0000	8250.000	201.26729	0.0	0.0	0.0	1.0000000
1	16090.0186	8295.675	172.19592	0.0	0.0	210.0	1.0000000
38	17250.0000	9150.000	171.10278	0.0	0.0	30.0	1.0000000
38	17050.0000	8950.000	169.49997	0.0	0.0	90.0	1.0000000
38	17250.0000	8950.000	169.50003	0.0	0.0	30.0	1.0000000
38	16850.0000	8850.000	169.50002	0.0	0.0	30.0	1.0000000
38	16850.0000	8650.000	169.49998	0.0	0.0	90.0	1.0000000
38	16950.0000	8750.000	169.50000	0.0	0.0	30.0	1.0000000
31	16906.3457	8042.214	142.81244	20.0	0.0	4590.0	1.0000000
12	16883.1953	11075.903	219.50002	0.0	0.0	0.0	1.0000000
12	16808.5781	10933.757	219.50003	0.0	0.0	0.0	1.0000000
12	16657.9336	10885.851	219.50003	0.0	0.0	90.0	1.0000000
12	16204.7305	10873.579	219.50003	0.0	0.0	180.0	1.0000000
12	16310.7217	10900.188	169.50003	0.0	0.0	508.0	1.0300000
19	16773.4922	11111.017	169.49998	0.0	0.0	1710.0	1.0000000
19	16684.7090	10950.779	169.50002	0.0	0.0	1650.0	1.0000000
19	16507.9492	10855.997	169.50002	0.0	0.0	1650.0	1.0000000
19	16336.2773	10756.626	169.49998	0.0	0.0	1650.0	1.0000000
19	16202.2139	10626.278	169.49997	0.0	0.0	1680.0	1.0000000
19	16154.2295	10447.072	169.50002	0.0	0.0	1710.0	1.0000000
19	16151.1045	10250.725	169.49997	0.0	0.0	1710.0	1.0000000
19	16151.1348	10055.469	169.50003	0.0	0.0	1710.0	1.0000000
19	16195.7939	9876.902	169.50002	0.0	0.0	1740.0	1.0000000
19	16295.2939	9704.153	169.50002	0.0	0.0	1740.0	1.0000000
19	16431.8672	9624.648	169.50000	0.0	0.0	1800.0	1.0000000
19	16628.8086	9628.331	169.50002	0.0	0.0	1800.0	1.0000000
22	16200.0000	10150.000	169.50002	0.0	0.0	90.0	1.0000000
22	16700.0000	10750.000	169.50000	0.0	0.0	90.0	1.0000000
23	16250.0000	10600.000	169.49997	0.0	0.0	90.0	1.0000000
20	16303.9932	10309.577	169.50009	0.0	0.0	30.0	0.5600004
20	16591.1250	10511.288	169.50005	0.0	0.0	30.0	1.0000000
0	16750.0000	10900.000	169.49998	0.0	0.0	120.0	1.0000000
25	16700.0000	10750.000	169.50003	0.0	0.0	390.0	1.9799991
6	16906.0605	11154.021	328.78668	70.0	0.0	60.0	1.8599992
6	16837.5645	11107.303	537.05731	35.0	0.0	90.0	1.0000000
36	16200.0000	10450.000	170.20284	360.0	0.0	4020.0	1.3999996
36	16350.0000	10800.000	182.14455	360.0	0.0	4020.0	1.3999996
36	16650.0000	10250.000	207.09335	360.0	0.0	4020.0	1.4599996
36	16150.0000	10850.000	185.89755	360.0	0.0	4020.0	1.0000000
36	16800.0000	11050.000	209.50603	360.0	0.0	3990.0	1.3799996
36	16700.0000	11000.000	185.93742	360.0	0.0	4020.0	1.2399998
0	16450.0000	11150.000	173.19951	0.0	0.0	0.0	1.0000000
0	16450.0000	11050.000	179.12573	0.0	0.0	0.0	1.0000000
7	16867.9453	11181.821	415.88782	20.0	0.0	4370.0	0.7000003
7	16764.8262	11122.556	466.21747	20.0	0.0	4340.0	0.6600003
7	16663.9414	10323.831	229.34782	20.0	0.0	4340.0	1.0000000
7	16677.0586	10327.721	262.09583	20.0	0.0	4430.0	1.0000000
7	16798.0176	10614.498	266.05560	20.0	0.0	4370.0	1.0000000
7	16430.3477	10167.914	250.42870	20.0	0.0	4370.0	1.0000000
7	16534.6016	10302.459	236.20956	20.0	0.0	4370.0	1.0000000
7	16569.6328	9605.962	142.19963	20.0	0.0	4370.0	1.0000000
7	16494.4961	9607.268	169.67297	20.0	0.0	4370.0	1.0000000
7	16251.5557	9766.312	162.51907	20.0	0.0	4370.0	1.0000000
7	16243.7998	9809.870	161.00320	20.0	0.0	4400.0	1.0000000
7	16181.1494	9905.214	161.00323	20.0	0.0	4400.0	1.0000000
7	16149.7939	9998.209	161.00323	20.0	0.0	4400.0	1.0000000
7	16171.9570	10122.169	158.64835	20.0	0.0	4340.0	1.0000000
7	16134.9102	9927.590	146.00319	20.0	0.0	4310.0	1.0000000
7	16809.5703	11010.947	186.76381	-10.0	0.0	4370.0	1.0000000
7	16872.4297	10808.319	208.47414	20.0	0.0	4340.0	1.0000000
7	16843.8438	10779.344	214.16661	20.0	0.0	4310.0	1.0000000
7	16850.5137	10836.921	218.73796	20.0	0.0	4430.0	0.6600003
7	17092.0918	9689.441	208.81665	20.0	0.0	4340.0	1.0000000
7	17119.9180	9684.038	215.00128	20.0	0.0	4430.0	1.0000000
7	17304.0840	9690.853	224.10139	20.0	0.0	4340.0	1.0000000
7	17312.9316	9695.811	220.27599	20.0	0.0	4400.0	1.0000000
7	17303.3027	9719.310	219.06538	20.0	0.0	4460.0	1.0000000
32	17157.4473	9826.568	63.18208	20.0	0.0	4610.0	0.9200001
1	16450.0000	10750.000	169.50005	0.0	0.0	420.0	1.0000000
1	16850.0000	11050.000	192.04027	0.0	0.0	420.0	1.0000000
9	17145.0293	10259.133	169.00870	0.0	0.0	0.0	1.0000000
9	17156.9316	10646.502	169.00871	0.0	0.0	0.0	1.0000000
9	16556.4160	9857.847	169.00871	0.0	0.0	0.0	1.0000000
7	17155.0332	10217.241	149.00870	0.0	0.0	0.0	1.0000000
7	17186.8711	10249.077	149.00870	0.0	0.0	60.0	1.0000000
7	17152.5859	10287.857	149.00871	0.0	0.0	150.0	1.0000000
7	17171.0625	10614.263	149.00873	0.0	0.0	60.0	1.0000000
7	17130.2520	10639.452	149.00868	0.0	0.0	-60.0	1.0000000
7	17162.9258	10672.125	149.00868	0.0	0.0	90.0	1.0000000
38	16950.0000	10350.000	169.77643	0.0	0.0	90.0	1.0000000
38	17050.0000	10150.000	169.49997	0.0	0.0	60.0	1.0000000
38	16350.0000	9850.000	169.50002	0.0	0.0	60.0	1.0000000
38	16550.0000	9950.000	169.50003	0.0	0.0	0.0	1.0000000
38	16550.0000	9750.000	170.81567	0.0	0.0	90.0	1.0000000
38	16650.0000	9850.000	169.50005	0.0	0.0	30.0	1.0000000
13	16201.8379	12607.421	169.49998	0.0	0.0	120.0	1.0000000
13	16156.7217	12761.077	174.43619	0.0	0.0	120.0	1.0000000
13	16064.2490	12748.200	188.09183	0.0	0.0	120.0	1.0000000
13	16000.6416	12759.482	200.19905	0.0	0.0	120.0	1.0000000
17	17200.0000	12600.000	169.49998	0.0	0.0	60.0	1.0000000
17	17250.0000	12250.000	169.49998	0.0	0.0	120.0	1.0000000
15	17217.9473	12779.029	199.49998	0.0	0.0	330.0	1.0000000
15	17159.7676	12152.550	199.49997	0.0	0.0	330.0	1.0000000
15	17102.1602	12455.651	199.49997	0.0	0.0	420.0	1.0000000
12	17057.9023	12770.242	199.50000	0.0	0.0	420.0	1.0000000
12	16121.9023	12601.242	169.60185	0.0	0.0	105.0	1.0000000
12	16516.9023	12052.242	169.50000	0.0	0.0	210.0	1.0700001
12	17108.7520	12046.276	199.49997	0.0	0.0	420.0	1.0000000
12	17012.7520	12516.276	169.50000	0.0	0.0	230.0	0.9800000
12	17234.7520	12059.276	169.50000	0.0	0.0	247.0	0.9300000
12	16289.7520	11814.276	169.50000	0.0	0.0	65.0	0.9500000
8	17450.0000	12450.000	169.50002	0.0	0.0	180.0	0.8600001
12	16761.3008	12097.500	169.49997	0.0	0.0	182.0	1.0700001
12	17004.4238	11899.564	239.49997	0.0	0.0	0.0	1.0000000
12	16997.5762	12099.492	219.49997	0.0	0.0	-120.0	1.0000000
12	17139.9219	11909.702	219.49998	0.0	0.0	0.0	1.0000000
19	16800.0000	11850.000	169.50002	0.0	0.0	1650.0	1.0000000
19	16939.8984	11987.175	169.50000	0.0	0.0	1680.0	1.0000000
19	17040.8242	12156.896	169.50003	0.0	0.0	1680.0	1.0000000
19	17091.5430	12347.714	169.50003	0.0	0.0	1710.0	1.0000000
19	17039.0430	12537.552	169.50000	0.0	0.0	2100.0	1.0000000
19	17039.7422	12702.506	169.49998	0.0	0.0	2040.0	1.0000000
22	16750.0000	12000.000	169.50003	0.0	0.0	90.0	1.0000000
6	16873.9570	11211.081	437.41058	70.0	0.0	120.0	1.0000000
6	16621.8359	11755.084	316.12500	80.0	0.0	60.0	1.3799996
6	16635.9688	11765.872	536.68311	55.0	0.0	60.0	1.0000000
6	16811.5742	11746.591	529.50000	35.0	0.0	90.0	1.0000000
10	16132.2852	11782.907	207.57809	0.0	0.0	240.0	1.2999997
36	16050.0000	11850.000	203.09671	360.0	0.0	4020.0	1.4999995
36	16100.0000	11850.000	206.82616	360.0	0.0	4020.0	1.2799997
36	16800.0000	11950.000	197.09731	360.0	0.0	4020.0	1.0000000
36	16900.0000	12150.000	229.32164	360.0	0.0	4020.0	1.0000000
36	16900.0000	12100.000	226.98155	360.0	0.0	4020.0	1.4799995
36	16350.0000	11900.000	207.55302	360.0	0.0	4020.0	1.2999997
11	16150.0000	12750.000	194.63695	0.0	0.0	450.0	1.0000000
0	16818.4355	12043.781	209.15721	0.0	0.0	0.0	1.0000000
0	17117.2715	12155.351	212.28195	0.0	0.0	0.0	1.0000000
7	16683.8027	11738.135	228.98337	20.0	0.0	4370.0	1.0000000
7	16779.4766	11305.850	391.00269	20.0	0.0	4400.0	1.0000000
7	16751.2871	11210.856	454.34021	20.0	0.0	4370.0	1.0000000
7	16700.1133	11766.685	246.06284	20.0	0.0	4430.0	1.0000000
7	16594.1992	11811.257	257.25879	20.0	0.0	4310.0	1.0000000
7	16654.4199	11878.329	275.39960	20.0	0.0	4370.0	1.0000000
7	17471.1621	12711.039	189.72287	20.0	0.0	4400.0	1.0000000
7	17274.3398	12535.425	189.72289	20.0	0.0	4400.0	1.0000000
7	17250.3105	12104.975	197.92160	20.0	0.0	4340.0	1.0000000
7	17297.5859	12215.738	190.19379	20.0	0.0	4430.0	1.0000000
7	16841.3125	11226.212	195.18819	20.0	0.0	4370.0	1.0000000
7	16623.5703	11770.675	178.55634	20.0	0.0	4370.0	1.0000000
7	16767.8828	11791.457	171.84422	20.0	0.0	4370.0	1.0000000
7	16883.1035	11851.032	177.64609	20.0	0.0	4400.0	1.0000000
7	16994.3672	12012.852	199.53386	20.0	0.0	4400.0	1.0000000
7	16847.2324	11297.836	170.46982	-10.0	0.0	4430.0	1.0000000
26	16449.4805	12421.058	178.94284	0.0	0.0	2700.0	0.7400002
26	16606.8711	12567.015	178.94289	0.0	0.0	2700.0	0.6000004
8	17450.0000	12350.000	169.50002	0.0	0.0	60.0	0.7600002
21	17573.4824	12421.531	194.49998	0.0	0.0	0.0	0.5800004
7	16850.9551	11852.630	178.26852	20.0	0.0	4380.0	1.0000000
24	16759.1133	11253.431	152.19978	0.0	0.0	700.0	0.7000003
24	16591.5527	11901.069	175.99823	0.0	0.0	950.0	0.8600001
17	17450.0000	12800.000	169.49998	0.0	0.0	0.0	1.0000000
13	16094.5156	12892.520	181.66040	0.0	0.0	120.0	1.0000000
13	16100.8936	13070.976	179.48404	0.0	0.0	120.0	1.0000000
15	17507.6992	12845.838	199.50002	0.0	0.0	210.0	1.0000000
14	17432.8379	12937.173	199.50003	0.0	0.0	420.0	1.0000000
19	17171.7715	12837.843	169.50003	0.0	0.0	2010.0	1.0000000
19	17340.1836	12934.191	169.50000	0.0	0.0	2010.0	1.0000000
19	17506.0137	13036.909	169.50003	0.0	0.0	2010.0	1.0000000
14	16206.5332	13787.698	169.50000	-5.0	0.0	72.0	0.9800000
14	16485.5332	13736.698	184.11511	-5.0	0.0	252.0	0.9500000
14	16213.3906	14196.110	169.50000	-5.0	0.0	236.0	0.9700000
14	16109.3906	14372.110	169.50000	-5.0	0.0	223.0	1.0599999
14	16792.3906	14111.110	169.50000	-5.0	0.0	313.0	1.0100000
14	16527.3906	14191.110	169.50000	-5.0	0.0	148.0	0.9600000
14	16861.8496	14024.059	169.50000	-5.0	0.0	92.0	0.9300000
14	16799.8496	14048.059	169.50000	-5.0	0.0	288.0	0.9300000
14	16197.8496	13906.059	169.50000	-5.0	0.0	285.0	0.9200000
14	16833.6797	14369.388	169.50000	-5.0	0.0	291.0	0.9500000
14	17061.6992	14371.891	169.50000	-5.0	0.0	273.0	1.0100000
14	17425.5430	14372.305	169.50000	-5.0	0.0	203.0	0.9700000
14	17097.2754	14090.497	169.50002	-5.0	0.0	138.0	0.9900000
14	16911.7539	14097.572	169.49997	-5.0	0.0	133.0	0.9300000
14	16132.8545	14105.433	169.50002	-5.0	0.0	264.0	1.0000000
14	17593.0449	14341.093	169.50002	-5.0	0.0	275.0	0.9300000
16	16992.5762	14083.400	169.49997	-5.0	0.0	291.0	1.0000000
16	16831.5762	14304.289	169.50002	-5.0	0.0	291.0	1.0000000
16	17546.8027	14283.678	169.50000	-5.0	0.0	291.0	1.0000000
13	16850.0000	14350.000	169.49997	0.0	0.0	450.0	1.0000000
13	16950.0000	14250.000	169.49998	0.0	0.0	450.0	1.0000000
13	16050.0000	14350.000	169.49997	0.0	0.0	450.0	1.0000000
13	16150.0000	14250.000	169.49997	0.0	0.0	450.0	1.0000000
13	16250.0000	14050.000	169.50002	0.0	0.0	450.0	1.0000000
13	16150.0000	14350.000	169.50000	0.0	0.0	450.0	1.0000000
13	16250.0000	14350.000	169.49998	0.0	0.0	450.0	1.0000000
13	16550.0000	13750.000	181.35075	0.0	0.0	450.0	1.0000000
13	16650.0000	13950.000	173.74544	0.0	0.0	450.0	1.0000000
13	16750.0000	13950.000	170.44321	0.0	0.0	450.0	1.0000000
13	16750.0000	13950.000	169.61076	0.0	0.0	450.0	1.0000000
13	16550.0000	13850.000	177.28819	0.0	0.0	450.0	1.0000000
13	16650.0000	13850.000	179.01422	0.0	0.0	450.0	1.0000000
1	16450.0000	13950.000	176.23940	0.0	0.0	0.0	1.0000000
1	16550.0000	14050.000	190.33801	0.0	0.0	0.0	1.0000000
1	16950.0000	14350.000	169.49997	0.0	0.0	0.0	1.0000000
1	17250.0000	13950.000	216.48087	0.0	0.0	450.0	1.0000000
1	17350.0000	14150.000	176.39487	0.0	0.0	450.0	1.0000000
26	17005.7520	13289.648	178.94287	0.0	0.0	2700.0	0.7000003
26	17117.0195	13313.149	179.14011	0.0	0.0	2700.0	0.8200002
26	16790.3047	13254.731	178.94287	0.0	0.0	2700.0	0.6400003
1	16050.0000	14650.000	169.49997	0.0	0.0	60.0	1.0000000
14	16673.5332	14593.698	214.49994	-5.0	0.0	870.0	1.0000000
14	16705.5332	15217.698	169.50000	-5.0	0.0	191.0	0.9800000
14	16159.5332	14784.698	169.50000	-5.0	0.0	165.0	1.0400000
14	16519.5332	15139.698	169.50000	-5.0	0.0	171.0	1.0200000
14	16686.3906	14603.110	214.49995	-5.0	0.0	870.0	1.0000000
14	17146.3906	14935.110	169.50000	-5.0	0.0	179.0	0.9200000
14	16860.3906	14434.110	169.50000	-5.0	0.0	297.0	0.9900000
14	16601.8496	14564.059	214.49995	-5.0	0.0	870.0	1.0000000
14	17365.8496	14705.059	169.50000	-5.0	0.0	75.0	0.9400000
14	16910.8496	14555.059	169.50000	-5.0	0.0	117.0	0.9300000
14	16377.8496	14407.059	169.50000	-5.0	0.0	317.0	0.9600000
14	17492.8496	15236.059	169.50000	-5.0	0.0	281.0	1.0400000
14	16521.2637	14779.146	214.49998	-5.0	0.0	870.0	1.0000000
14	16071.2637	14502.146	169.50000	-5.0	0.0	32.0	1.0599999
14	17042.2637	14773.146	169.50000	-5.0	0.0	132.0	1.0300000
14	16542.2637	14618.146	169.50000	-5.0	0.0	205.0	1.0500000
14	16808.2637	15228.146	169.50000	-5.0	0.0	74.0	1.0000000
14	16867.2637	15734.146	169.50000	-5.0	0.0	132.0	1.0700001
14	16461.2637	15591.146	169.50000	-5.0	0.0	250.0	0.9400000
14	17383.2637	15181.146	169.50000	-5.0	0.0	6.0	0.9900000
14	17350.6797	15263.388	169.50000	-5.0	0.0	129.0	0.9300000
14	17077.6797	14832.388	169.50000	-5.0	0.0	202.0	1.0700001
14	16911.6992	14643.891	169.50000	-5.0	0.0	256.0	1.0300000
14	17312.6992	14553.891	169.50000	-5.0	0.0	0.0	0.9900000
14	16954.6992	15002.891	169.50000	-5.0	0.0	18.0	1.0700001
14	17180.5430	14918.305	169.50000	-5.0	0.0	8.0	0.9700000
16	17453.1348	15005.087	214.49994	-5.0	0.0	870.0	1.0000000
16	17446.5898	15448.732	214.49998	-5.0	0.0	870.0	1.0000000
14	16948.5938	15641.861	169.49997	-5.0	0.0	249.0	0.9500000
16	16596.8008	15159.012	169.49997	-5.0	0.0	291.0	1.0000000
16	16753.5977	14628.164	169.50002	-5.0	0.0	291.0	1.0000000
16	16950.3340	14795.170	169.50002	-5.0	0.0	291.0	1.0000000
16	17399.2969	14461.070	169.49998	-5.0	0.0	291.0	1.0000000
13	16050.0000	14950.000	169.50000	0.0	0.0	450.0	1.0000000
13	16150.0000	14850.000	169.50002	0.0	0.0	450.0	1.0000000
13	16150.0000	14850.000	169.49997	0.0	0.0	450.0	1.0000000
13	16350.0000	14850.000	169.49997	0.0	0.0	450.0	1.0000000
13	16550.0000	14750.000	169.50003	0.0	0.0	450.0	1.0000000
13	16650.0000	14750.000	169.49997	0.0	0.0	450.0	1.0000000
13	16750.0000	14650.000	169.50000	0.0	0.0	450.0	1.0000000
13	16850.0000	14750.000	169.50003	0.0	0.0	450.0	1.0000000
13	17250.0000	14650.000	169.50003	0.0	0.0	450.0	1.0000000
13	17050.0000	14750.000	169.49998	0.0	0.0	450.0	1.0000000
13	17150.0000	14750.000	169.50000	0.0	0.0	450.0	1.0000000
13	17350.0000	14950.000	169.50002	0.0	0.0	450.0	1.0000000
13	17150.0000	15050.000	169.49997	0.0	0.0	450.0	1.0000000
13	17250.0000	15050.000	169.49998	0.0	0.0	450.0	1.0000000
13	17350.0000	15450.000	169.49998	0.0	0.0	450.0	1.0000000
13	17350.0000	15350.000	169.50000	0.0	0.0	450.0	1.0000000
13	17250.0000	15150.000	169.50003	0.0	0.0	450.0	1.0000000
13	17550.0000	15050.000	169.50003	0.0	0.0	450.0	1.0000000
13	16650.0000	15350.000	169.49998	0.0	0.0	450.0	1.0000000
13	16550.0000	15550.000	169.50003	0.0	0.0	450.0	1.0000000
13	16650.0000	15650.000	169.50003	0.0	0.0	450.0	1.0000000
13	16750.0000	15650.000	169.50002	0.0	0.0	450.0	1.0000000
13	16850.0000	15650.000	169.49998	0.0	0.0	450.0	1.0000000
13	16650.0000	15550.000	169.49997	0.0	0.0	450.0	1.0000000
13	16050.0000	15350.000	169.50002	0.0	0.0	450.0	1.0000000
13	16250.0000	15350.000	169.49998	0.0	0.0	450.0	1.0000000
13	16350.0000	15250.000	169.49998	0.0	0.0	450.0	1.0000000
13	16450.0000	15350.000	169.50000	0.0	0.0	450.0	1.0000000
13	16150.0000	15350.000	169.50002	0.0	0.0	450.0	1.0000000
13	16450.0000	14450.000	169.50000	0.0	0.0	450.0	1.0000000
13	16450.0000	14550.000	169.50000	0.0	0.0	450.0	1.0000000
13	16450.0000	14650.000	169.50000	0.0	0.0	450.0	1.0000000
13	16250.0000	14950.000	169.49997	0.0	0.0	450.0	1.0000000
5	16744.9355	15492.981	169.50005	0.0	0.0	9860.0	1.0000000
5	16649.1465	15341.988	169.50003	0.0	0.0	9980.0	1.5799994
5	17145.2617	15082.014	169.50005	0.0	0.0	9980.0	1.0000000
5	17342.0625	15364.104	169.50000	0.0	0.0	10070.0	1.0000000
1	16350.0000	14850.000	169.49998	0.0	0.0	0.0	1.0000000
1	16650.0000	14850.000	169.49997	0.0	0.0	0.0	1.0000000
1	17050.0000	14950.000	169.49997	0.0	0.0	0.0	1.0000000
1	17350.0000	15050.000	169.49997	0.0	0.0	0.0	1.0000000
1	17550.0000	14850.000	169.50000	0.0	0.0	0.0	1.0000000
1	16750.0000	15750.000	169.50003	0.0	0.0	0.0	1.0000000
5	16750.0000	14550.000	169.49998	0.0	0.0	810.0	1.0000000
5	16450.0000	14750.000	169.50000	0.0	0.0	810.0	1.0000000
5	16750.0000	14750.000	169.49997	0.0	0.0	810.0	1.0000000
5	16950.0000	14850.000	169.50000	0.0	0.0	810.0	1.0000000
5	17250.0000	14650.000	169.50002	0.0	0.0	810.0	1.0000000
5	16650.0000	16450.000	169.49998	0.0	0.0	9740.0	1.0000000
5	16650.0000	16650.000	169.49998	0.0	0.0	9740.0	1.0000000
5	16586.1133	16258.825	169.50003	0.0	0.0	9800.0	1.6999993
5	16598.4102	16020.857	169.49998	0.0	0.0	9860.0	1.4799995
1	16650.0000	16050.000	169.49998	0.0	0.0	0.0	1.0000000
1	16550.0000	16350.000	169.50002	0.0	0.0	0.0	1.0000000
35	17151.3711	19050.992	189.68884	360.0	0.0	4440.0	1.0000000
35	17176.6133	19042.684	189.68887	360.0	0.0	4590.0	1.0000000
35	17144.0527	19043.674	189.68884	360.0	0.0	4350.0	1.3799996
36	17300.0000	18950.000	169.50002	360.0	0.0	4380.0	1.2599998
36	17450.0000	19100.000	169.50000	360.0	0.0	4380.0	1.2799997
36	16350.0000	19050.000	169.49998	360.0	0.0	4380.0	1.0000000
36	16950.0000	18450.000	169.50002	360.0	0.0	4380.0	1.2999997
36	16750.0000	18350.000	169.50000	360.0	0.0	4380.0	1.4799995
36	16700.0000	18150.000	169.49998	360.0	0.0	4380.0	1.2999997
36	17100.0000	18550.000	169.50002	360.0	0.0	4380.0	1.2199998
36	17000.0000	18500.000	169.49998	360.0	0.0	4380.0	1.1799998
13	17597.9473	19176.109	169.50000	-5.0	0.0	187.0	1.0599999
13	17027.9473	19042.109	169.50000	-5.0	0.0	123.0	0.9200000
13	17367.3203	19003.445	169.50000	-5.0	0.0	321.0	0.9800000
13	17554.9570	19117.482	169.50000	-5.0	0.0	28.0	1.0500000
13	16993.9570	18109.482	169.50000	-5.0	0.0	226.0	0.9200000
13	16902.9570	18106.482	169.50000	-5.0	0.0	208.0	0.9200000
5	17350.0000	17750.000	169.50002	0.0	0.0	8990.0	1.0000000
5	17550.0000	17850.000	169.49997	0.0	0.0	8990.0	1.0000000
5	17550.0000	18050.000	169.50000	0.0	0.0	8990.0	1.0000000
5	17050.0000	18350.000	169.49998	0.0	0.0	8990.0	1.0000000
5	16850.0000	18250.000	169.50000	0.0	0.0	8990.0	1.0000000
5	16750.0000	18150.000	169.50003	0.0	0.0	8990.0	1.0000000
5	16750.0000	18450.000	169.50002	0.0	0.0	8990.0	1.0000000
5	16150.0000	18350.000	169.50003	0.0	0.0	8990.0	1.0000000
5	16150.0000	18550.000	169.50002	0.0	0.0	8990.0	1.0000000
5	16150.0000	18750.000	169.50000	0.0	0.0	8990.0	1.0000000
5	16150.0000	18850.000	169.49997	0.0	0.0	8990.0	1.0000000
5	16550.0000	19150.000	169.49998	0.0	0.0	8990.0	1.0000000
5	16750.0000	19050.000	169.50000	0.0	0.0	8990.0	1.0000000
5	16950.0000	18950.000	169.50000	0.0	0.0	8990.0	1.0000000
5	17150.0000	18950.000	169.49998	0.0	0.0	8990.0	1.0000000
5	17150.0000	19050.000	169.50000	0.0	0.0	8990.0	1.0000000
5	17153.8184	19073.982	169.50000	0.0	0.0	9080.0	1.5199995
5	16862.1289	18444.305	169.50005	0.0	0.0	9290.0	1.3399997
36	17350.0000	18950.000	169.50003	0.0	0.0	5120.0	1.0000000
36	17450.0000	19150.000	169.50000	0.0	0.0	5120.0	1.0000000
36	16050.0000	18550.000	195.59064	0.0	0.0	5120.0	1.0000000
36	16150.0000	18550.000	189.56978	0.0	0.0	5120.0	1.0000000
36	16250.0000	18650.000	179.86501	0.0	0.0	5120.0	1.0000000
36	16350.0000	18850.000	169.50000	0.0	0.0	5120.0	1.0000000
1	17250.0000	18350.000	189.26414	0.0	0.0	0.0	1.0000000
1	16750.0000	18450.000	194.82750	0.0	0.0	0.0	1.0000000
1	17050.0000	18550.000	194.55534	0.0	0.0	0.0	1.0000000
36	16421.8730	19184.674	170.20290	360.0	0.0	4380.0	1.3399997
34	16933.6367	20449.168	122.92420	360.0	0.0	4050.0	1.0000000
35	17454.0938	20046.877	189.68887	360.0	0.0	3990.0	1.0000000
35	17440.2344	20065.414	189.68884	360.0	0.0	3810.0	1.0000000
35	17451.6699	20047.119	189.68884	360.0	0.0	3870.0	1.4999995
35	16653.3340	19857.613	129.68884	360.0	0.0	4350.0	1.2199998
35	16660.8555	19836.029	129.68884	360.0	0.0	4530.0	1.0000000
35	16658.0527	19844.070	129.68887	360.0	0.0	4530.0	1.6199994
35	16301.8145	19227.084	127.88889	360.0	0.0	4740.0	1.2599998
35	16301.5137	19240.971	130.33531	360.0	0.0	4380.0	1.5799994
36	16750.0000	19750.000	166.90102	360.0	0.0	4380.0	1.2599998
36	16800.0000	19850.000	165.20549	360.0	0.0	4380.0	1.4599996
36	17000.0000	20400.000	193.34419	360.0	0.0	4380.0	1.3799996
36	16950.0000	20000.000	193.60898	360.0	0.0	4380.0	1.0000000
36	17450.0000	19950.000	169.49998	360.0	0.0	4380.0	1.0000000
36	16500.0000	19600.000	169.49998	360.0	0.0	4380.0	1.3199997
36	16200.0000	19500.000	171.82535	360.0	0.0	4380.0	1.2799997
27	16755.5469	20334.297	182.74640	360.0	0.0	4440.0	1.0000000
27	16749.9102	20242.461	168.33830	360.0	0.0	4260.0	1.0000000
27	17149.9648	20542.324	203.18964	360.0	0.0	4350.0	1.0000000
1	16450.0000	20550.000	224.54866	0.0	0.0	60.0	1.0000000
1	16750.0000	20350.000	194.41577	0.0	0.0	60.0	1.0000000
1	16950.0000	20350.000	190.54471	0.0	0.0	60.0	1.0000000
1	17050.0000	20350.000	187.42653	0.0	0.0	60.0	1.0000000
1	17550.0000	20050.000	169.50002	0.0	0.0	60.0	1.0000000
13	17520.9766	20162.738	169.50000	-5.0	0.0	328.0	1.0400000
13	17337.6875	20775.918	240.13594	-5.0	0.0	317.0	0.9400000
13	17471.6875	20546.918	169.89851	-5.0	0.0	329.0	0.9400000
13	17307.6875	20495.918	176.14085	-5.0	0.0	96.0	1.0400000
13	16878.6875	19286.918	158.23618	-5.0	0.0	211.0	0.9900000
13	17297.6875	19694.918	169.35944	-5.0	0.0	183.0	0.9500000
13	16946.9473	19247.109	165.50554	-5.0	0.0	6.0	0.9900000
13	16723.9473	19489.109	152.35558	-5.0	0.0	233.0	1.0100000
13	17258.9570	19526.482	167.32698	-5.0	0.0	263.0	1.0000000
0	16812.4902	20276.066	173.38411	-5.0	0.0	50.0	1.0000000
0	16558.3418	20443.219	199.87473	-5.0	0.0	50.0	1.0000000
0	16255.9531	20640.795	202.05057	-5.0	0.0	50.0	1.0000000
0	17320.2305	20763.762	237.34119	-5.0	0.0	50.0	1.0000000
3	17151.0410	20531.996	202.85219	-5.0	0.0	590.0	1.0000000
4	16442.4902	20421.939	256.18375	-5.0	0.0	1010.0	1.0000000
4	16778.1328	20195.229	234.51942	-5.0	0.0	1010.0	1.0000000
1	16934.2402	20317.127	242.31604	-5.0	0.0	1010.0	1.0000000
2	16808.7598	20262.117	168.29884	-5.0	0.0	1010.0	1.0000000
5	17445.5859	19288.379	169.50005	0.0	0.0	9500.0	1.3399997
5	17497.0840	20013.154	169.50000	0.0	0.0	9500.0	1.0000000
36	16250.0000	20350.000	172.76103	0.0	0.0	5120.0	1.0000000
36	16250.0000	19850.000	264.75302	0.0	0.0	5120.0	1.0000000
36	16350.0000	19950.000	249.50093	0.0	0.0	5120.0	1.0000000
36	16350.0000	20150.000	201.41864	0.0	0.0	5120.0	1.0000000
36	16050.0000	20350.000	171.24524	0.0	0.0	5120.0	1.0000000
36	16150.0000	19650.000	209.49257	0.0	0.0	5120.0	1.0000000
36	16350.0000	19750.000	210.43143	0.0	0.0	5120.0	1.0000000
36	16350.0000	19950.000	256.40863	0.0	0.0	5120.0	1.0000000
36	16150.0000	19950.000	260.88281	0.0	0.0	5120.0	1.0000000
1	17350.0000	20750.000	196.41019	0.0	0.0	0.0	1.0000000
1	17250.0000	20650.000	205.12369	0.0	0.0	0.0	1.0000000
1	16750.0000	19850.000	193.36459	0.0	0.0	0.0	1.0000000
1	16750.0000	19750.000	200.31735	0.0	0.0	0.0	1.0000000
1	16050.0000	19950.000	245.96448	0.0	0.0	0.0	1.0000000
36	16000.0000	21750.000	227.29295	360.0	0.0	4380.0	1.2199998
34	16070.4902	21741.750	143.95944	360.0	0.0	4050.0	1.0000000
34	16565.1582	22136.514	141.49811	360.0	0.0	4050.0	1.0000000
34	16178.3711	20842.916	113.45368	360.0	0.0	4050.0	1.0000000
34	16956.3203	21241.445	141.59161	360.0	0.0	4050.0	1.0000000
36	16800.0000	21100.000	231.99123	360.0	0.0	4380.0	1.3599997
27	16780.9355	21228.273	310.54984	360.0	0.0	4380.0	1.0000000
36	17266.7812	22301.883	230.77792	360.0	0.0	4740.0	1.0000000
36	16894.9492	21311.223	253.87201	360.0	0.0	4740.0	1.0000000
36	17127.9863	22208.197	190.90561	360.0	0.0	4740.0	1.0000000
36	16620.9629	22162.332	203.35547	360.0	0.0	4740.0	1.0000000
1	16150.0000	20850.000	190.36760	0.0	0.0	60.0	1.0000000
1	16650.0000	21250.000	240.71962	0.0	0.0	60.0	1.0000000
1	16850.0000	21250.000	264.22598	0.0	0.0	60.0	1.0000000
1	17050.0000	21550.000	243.15533	0.0	0.0	60.0	1.0000000
1	16650.0000	21150.000	202.90305	0.0	0.0	60.0	1.0000000
13	17447.9766	20830.738	226.21638	-5.0	0.0	102.0	1.0500000
0	16142.5928	21841.879	201.61969	0.0	0.0	0.0	1.0000000
0	16466.3887	22171.848	240.87587	0.0	0.0	0.0	1.0000000
0	17310.6328	22345.145	239.42690	0.0	0.0	0.0	1.0000000
0	16827.7559	21129.018	241.36133	0.0	0.0	0.0	1.0000000
0	17359.7754	20866.039	243.81032	0.0	0.0	0.0	1.0000000
0	17365.2715	20861.418	243.71443	0.0	0.0	0.0	1.0000000
13	17387.5957	20842.184	238.73753	-5.0	0.0	137.0	1.0000000
13	17340.0254	20851.400	242.77927	-5.0	0.0	50.0	1.0500000
0	16378.6602	22208.203	233.93385	-5.0	0.0	50.0	1.0000000
0	16710.1992	21506.855	278.47311	-5.0	0.0	50.0	1.0000000
0	16690.2637	21168.684	220.99698	-5.0	0.0	50.0	1.0000000
0	16657.8145	21620.391	241.86763	-5.0	0.0	50.0	1.0000000
0	17103.3516	21708.336	223.40482	-5.0	0.0	50.0	1.0000000
0	17136.5039	22275.922	209.23743	-5.0	0.0	50.0	1.0000000
3	17270.8281	22367.842	228.53159	-5.0	0.0	350.0	1.0000000
3	16747.9961	21235.887	259.48163	-5.0	0.0	590.0	1.0000000
4	16045.1035	21599.807	277.94992	-5.0	0.0	1010.0	1.0000000
4	16644.9922	21999.168	259.86682	-5.0	0.0	1010.0	1.0000000
4	16835.1758	21141.869	307.66061	-5.0	0.0	1010.0	1.0000000
5	17093.1289	21971.125	224.95869	-5.0	0.0	1100.0	1.0000000
1	17150.0000	22250.000	209.88840	0.0	0.0	0.0	1.0000000
1	16950.0000	22150.000	191.09908	0.0	0.0	0.0	1.0000000
1	16850.0000	22050.000	200.90932	0.0	0.0	0.0	1.0000000
1	17150.0000	21550.000	202.76411	0.0	0.0	0.0	1.0000000
1	16950.0000	21350.000	235.94620	0.0	0.0	0.0	1.0000000
34	16053.2070	22627.234	128.57681	360.0	0.0	4050.0	1.0000000
32	17163.1152	22429.408	156.85741	360.0	0.0	4290.0	1.0000000
32	17309.4902	22487.293	116.67094	360.0	0.0	4590.0	1.0000000
32	17587.7695	23105.322	171.92114	360.0	0.0	4500.0	1.0000000
36	16243.0889	22582.316	181.58652	360.0	0.0	4740.0	1.0000000
0	17472.0332	22407.361	210.35692	0.0	0.0	0.0	1.0000000
0	17556.4434	22409.709	193.11308	-5.0	0.0	50.0	1.0000000
5	16127.4551	23859.916	211.41539	-5.0	0.0	1250.0	1.0000000
5	16250.0000	23450.000	192.34538	-5.0	0.0	1250.0	1.0000000
5	16650.0000	23450.000	185.09505	-5.0	0.0	1250.0	1.0000000
5	16922.8340	23802.018	212.37361	-5.0	0.0	1310.0	1.4799995
3	16730.8086	23941.732	166.00349	-5.0	0.0	1310.0	1.0000000
1	17150.0000	23950.000	185.34741	0.0	0.0	3480.0	1.0000000
5	16092.8135	24453.455	211.00348	-5.0	0.0	1250.0	1.0000000
5	16250.0000	24050.000	169.50000	-5.0	0.0	1250.0	1.0000000
5	16350.0000	24050.000	169.50003	-5.0	0.0	1250.0	1.0000000
5	16850.0000	24150.000	169.50002	-5.0	0.0	1250.0	1.0000000
3	16729.4805	24533.875	166.00348	-5.0	0.0	1400.0	1.0000000
22	16675.7871	24565.637	150.84842	0.0	0.0	90.0	0.9200001
22	16976.3477	24633.623	169.81326	0.0	0.0	30.0	1.0000000
22	16129.1992	24581.754	176.79123	0.0	0.0	30.0	1.0000000
22	16447.5918	24377.738	154.40805	0.0	0.0	60.0	0.8400002
26	17550.0000	24750.000	99.44552	0.0	0.0	60.0	1.0000000
26	17450.0000	24700.000	107.16866	0.0	0.0	120.0	1.0000000
1	16220.7861	24871.266	182.96143	0.0	0.0	3410.0	0.8800001
1	16250.0000	24950.000	202.89206	0.0	0.0	3480.0	1.0000000
1	16350.0000	24850.000	175.44960	0.0	0.0	3480.0	1.0000000
1	16550.0000	24950.000	177.26616	0.0	0.0	3480.0	0.8600001
1	16650.0000	24850.000	170.31523	0.0	0.0	3480.0	1.0000000
1	16850.0000	24850.000	203.85812	0.0	0.0	3480.0	1.0000000
1	16850.0000	24250.000	187.94621	0.0	0.0	3480.0	1.0000000
1	17050.0000	24050.000	172.92372	0.0	0.0	3480.0	1.0000000
31	17054.2656	24770.225	92.89769	-20.0	0.0	-40.0	1.0799999
31	17234.8066	25134.861	104.04095	0.0	0.0	50.0	1.2799997
32	17051.3789	25095.311	148.70587	0.0	0.0	-60.0	1.0000000
32	17408.4336	25127.475	124.88841	0.0	0.0	70.0	0.9200001
33	17171.0430	24954.652	156.92740	0.0	0.0	0.0	1.0000000
31	17582.2715	25128.920	97.80386	0.0	0.0	-80.0	1.0999999
1	17094.2402	25029.689	169.64870	0.0	0.0	0.0	1.0000000
15	17087.8164	24950.121	166.06082	0.0	0.0	0.0	1.0000000
36	16450.0000	24750.000	170.54259	0.0	0.0	0.0	1.0000000
36	16250.0000	24750.000	170.62634	0.0	0.0	0.0	1.0000000
36	16550.0000	24550.000	169.50003	0.0	0.0	0.0	1.0000000
36	17150.0000	24650.000	177.19899	0.0	0.0	0.0	1.0000000
36	16850.0000	24950.000	189.40225	0.0	0.0	0.0	1.0000000
22	17794.7344	245.569	191.88307	0.0	0.0	90.0	1.0000000
22	18321.9434	363.896	185.90137	0.0	0.0	90.0	1.0000000
22	18936.3301	318.851	224.27171	0.0	0.0	90.0	1.0000000
23	18575.8906	585.110	188.38399	0.0	0.0	90.0	1.0000000
23	17965.7734	441.094	174.60390	0.0	0.0	90.0	1.0000000
12	17750.0000	1550.000	169.49997	0.0	0.0	240.0	1.0000000
12	18050.0000	1250.000	170.99652	0.0	0.0	240.0	1.0000000
12	18250.0000	950.000	170.99988	0.0	0.0	240.0	1.0000000
12	18650.0000	950.000	169.49997	0.0	0.0	240.0	1.0000000
12	18950.0000	1250.000	181.04518	0.0	0.0	240.0	1.0000000
12	17650.0000	1450.000	170.63541	0.0	0.0	240.0	1.0000000
12	17950.0000	1550.000	169.50002	0.0	0.0	240.0	1.0000000
12	18250.0000	1250.000	169.50002	0.0	0.0	240.0	1.0000000
12	18450.0000	1150.000	169.50002	0.0	0.0	240.0	1.0000000
12	18850.0000	1450.000	175.84171	0.0	0.0	240.0	1.0000000
12	18550.0000	1250.000	169.50002	0.0	0.0	240.0	1.0000000
14	17935.8340	1373.905	167.06108	0.0	0.0	450.0	1.0000000
14	18130.0098	1087.448	167.41537	0.0	0.0	450.0	1.0000000
15	18656.3203	1264.089	166.16051	0.0	0.0	450.0	1.0000000
15	18981.0098	1478.756	177.09851	0.0	0.0	450.0	1.0000000
15	18751.2715	908.120	165.31567	0.0	0.0	450.0	1.0000000
1	19150.0000	1350.000	193.79434	0.0	0.0	3090.0	1.0000000
1	19050.0000	1250.000	185.88969	0.0	0.0	3090.0	1.0000000
1	19150.0000	1150.000	182.85408	0.0	0.0	3090.0	1.0000000
1	19050.0000	950.000	181.67192	0.0	0.0	3090.0	1.0000000
1	19050.0000	850.000	194.43741	0.0	0.0	3090.0	1.0000000
1	19150.0000	750.000	204.69290	0.0	0.0	3090.0	1.0000000
1	19150.0000	1550.000	192.32141	0.0	0.0	3090.0	1.0000000
1	19150.0000	1450.000	188.05544	0.0	0.0	3090.0	1.0000000
1	19050.0000	1350.000	185.68178	0.0	0.0	3090.0	1.0000000
1	18797.7324	330.589	244.59381	0.0	0.0	3090.0	1.0000000
1	18725.1230	62.828	253.42461	0.0	0.0	3090.0	1.0000000
23	19122.7402	115.849	248.18076	0.0	0.0	90.0	1.0000000
1	17650.0000	50.000	233.27475	0.0	0.0	0.0	1.0000000
1	17873.4277	293.349	223.28073	0.0	0.0	0.0	1.0000000
1	18050.0000	150.000	241.14410	0.0	0.0	0.0	1.0000000
1	18450.0000	350.000	225.59425	0.0	0.0	0.0	1.0000000
1	18443.8418	283.554	243.89108	0.0	0.0	0.0	1.0000000
1	18650.0000	50.000	242.16751	0.0	0.0	0.0	1.0000000
1	18650.0000	250.000	254.27422	0.0	0.0	-60.0	0.8600001
1	18550.0000	250.000	257.95685	0.0	0.0	0.0	0.7200003
32	17923.1992	89.780	117.96497	0.0	0.0	0.0	1.0000000
33	18064.3613	110.826	241.90941	0.0	0.0	0.0	1.0000000
36	18550.0000	450.000	213.85500	0.0	0.0	0.0	1.0000000
36	18450.0000	450.000	214.61980	0.0	0.0	0.0	1.0000000
36	18350.0000	550.000	200.21082	0.0	0.0	0.0	1.0000000
36	18650.0000	250.000	257.79843	0.0	0.0	0.0	1.0000000
36	18450.0000	150.000	256.87360	0.0	0.0	0.0	1.0000000
36	18150.0000	250.000	229.96288	0.0	0.0	0.0	1.0000000
22	18777.5859	3119.712	161.22418	0.0	0.0	60.0	1.0000000
22	18350.0000	3050.000	169.50000	0.0	0.0	60.0	1.0000000
22	17950.0000	3050.000	169.49997	0.0	0.0	60.0	1.0000000
23	17650.0000	3050.000	169.50003	0.0	0.0	0.0	1.0000000
23	17961.0020	2338.804	163.51505	0.0	0.0	60.0	1.0000000
12	18750.0000	1750.000	170.15764	0.0	0.0	240.0	1.0000000
12	18150.0000	1950.000	169.49998	0.0	0.0	240.0	1.0000000
12	17850.0000	1750.000	169.49997	0.0	0.0	240.0	1.0000000
14	18012.9062	1906.136	165.31570	0.0	0.0	450.0	1.0000000
15	18231.6426	2202.792	165.31567	0.0	0.0	450.0	1.0000000
15	18080.5879	2350.380	177.89476	0.0	0.0	450.0	1.0000000
15	18302.6367	2342.466	165.31573	0.0	0.0	540.0	1.0000000
15	18043.3730	2157.988	166.41176	0.0	0.0	750.0	1.0000000
15	17889.6914	2386.007	239.34756	0.0	0.0	780.0	1.2399998
15	17605.5176	2428.338	180.37505	0.0	0.0	900.0	1.3199997
36	17790.4102	3030.520	173.78938	-5.0	0.0	2220.0	1.3799996
36	18058.7559	2998.556	180.09444	-5.0	0.0	2160.0	1.2799997
31	18806.3750	2379.300	141.17209	-5.0	0.0	2100.0	1.3799996
32	18468.0664	3033.668	206.17302	-5.0	0.0	1980.0	1.0000000
5	18940.9961	2314.939	208.60223	-715.0	0.0	2310.0	1.0000000
5	18861.5762	2514.034	208.60222	-715.0	0.0	2430.0	1.0000000
5	18658.7402	2339.850	208.60217	-715.0	0.0	2430.0	1.0000000
5	18558.4824	3045.579	221.92215	-715.0	0.0	2340.0	1.7599993
1	18650.0000	2150.000	169.49997	0.0	0.0	60.0	1.0000000
1	19150.0000	2150.000	169.50002	0.0	0.0	60.0	1.0000000
1	17650.0000	3150.000	198.23019	0.0	0.0	60.0	1.0000000
1	18050.0000	2950.000	192.38680	0.0	0.0	60.0	1.0000000
1	18150.0000	2950.000	194.59935	0.0	0.0	60.0	1.0000000
5	18769.8477	3183.990	265.04578	0.0	0.0	120.0	1.0000000
5	18985.8848	2515.013	170.73927	0.0	0.0	480.0	1.0000000
5	17973.6133	2362.201	219.74474	0.0	0.0	480.0	1.0000000
5	18123.1523	2309.942	175.35022	0.0	0.0	480.0	1.0000000
5	18016.8613	3009.372	210.14346	0.0	0.0	480.0	1.0000000
5	17676.5723	3047.953	204.07431	0.0	0.0	480.0	1.0000000
7	18570.4453	2967.313	233.84746	-10.0	0.0	4370.0	1.0000000
7	18579.0840	3022.867	248.26355	-10.0	0.0	4460.0	1.0000000
7	18530.6250	2931.386	225.72632	-10.0	0.0	4310.0	1.0000000
36	18311.8203	3930.826	185.10307	-5.0	0.0	2220.0	1.5199995
36	18167.6094	3742.240	191.89516	-5.0	0.0	2220.0	1.3199997
36	18024.2520	3563.464	172.03905	-5.0	0.0	2220.0	1.3999996
36	19025.5781	3830.716	196.94405	-725.0	0.0	1500.0	1.2799997
5	18194.9531	3751.779	221.62402	-715.0	0.0	2520.0	1.3399997
5	17931.5859	3489.598	217.48100	-715.0	0.0	2550.0	1.0000000
5	18379.1133	4140.257	248.20053	-715.0	0.0	2550.0	1.0000000
36	18652.5156	4585.077	199.46843	-730.0	0.0	2580.0	1.3599997
36	18594.7207	4404.419	199.78522	-730.0	0.0	2580.0	1.3999996
36	18811.0957	4629.465	199.46849	-730.0	0.0	2580.0	1.2599998
36	18694.9590	4456.489	179.46848	-730.0	0.0	2640.0	1.1199999
36	19154.2207	4726.934	179.46843	-730.0	0.0	2580.0	1.0000000
36	19065.5371	3970.113	185.46930	-730.0	0.0	2580.0	1.0000000
36	18903.6914	3765.711	195.77397	-730.0	0.0	2580.0	1.0000000
1	19150.0000	4450.000	169.50002	0.0	0.0	60.0	1.0000000
1	18450.0000	4750.000	215.04903	0.0	0.0	60.0	1.0000000
1	18550.0000	4550.000	176.77299	0.0	0.0	60.0	1.0000000
1	18550.0000	4350.000	172.05304	0.0	0.0	60.0	1.0000000
1	18450.0000	4050.000	203.36617	0.0	0.0	60.0	1.0000000
1	18350.0000	3950.000	203.68671	0.0	0.0	60.0	1.0000000
1	18150.0000	3750.000	220.35406	0.0	0.0	60.0	1.0000000
1	18050.0000	3550.000	194.61896	0.0	0.0	60.0	1.0000000
1	17750.0000	3350.000	200.10258	0.0	0.0	60.0	1.0000000
1	17650.0000	3250.000	189.27316	0.0	0.0	60.0	1.0000000
5	18585.7266	4606.694	228.01256	0.0	0.0	-90.0	1.0000000
5	18545.2090	4697.796	245.17282	0.0	0.0	30.0	1.0000000
5	18476.3125	4422.203	238.58315	0.0	0.0	-60.0	1.0000000
5	18379.2051	4023.486	264.65298	0.0	0.0	120.0	1.0000000
5	18064.1191	3582.857	245.09741	0.0	0.0	120.0	1.0000000
5	18974.6719	3839.222	241.57042	0.0	0.0	120.0	1.0000000
5	18809.6348	4366.403	224.49998	0.0	0.0	150.0	1.0000000
5	18788.8379	3447.743	190.45998	0.0	0.0	480.0	1.0000000
7	17893.9219	3683.700	225.44563	20.0	0.0	4340.0	1.0000000
7	17928.1523	3682.814	229.45256	20.0	0.0	4430.0	1.0000000
7	17859.3262	3716.751	206.46420	20.0	0.0	4220.0	1.0000000
7	18191.2227	4063.639	220.78107	20.0	0.0	4310.0	1.0000000
7	18196.3398	4080.817	222.72736	20.0	0.0	4400.0	1.0000000
7	18046.4648	3867.228	212.17386	20.0	0.0	4400.0	1.0000000
7	17760.4883	3519.354	235.46146	20.0	0.0	4310.0	1.0000000
7	17723.0742	3556.694	220.38075	20.0	0.0	4400.0	1.0000000
7	18294.3516	4666.055	207.01903	20.0	0.0	4400.0	1.0000000
7	18304.2305	4664.777	234.77350	20.0	0.0	4340.0	1.0000000
0	17925.5469	5962.422	169.49997	0.0	0.0	0.0	1.0000000
0	17764.7246	6096.251	169.49998	0.0	0.0	-30.0	1.3799996
36	18199.3574	6197.492	145.31573	-5.0	0.0	2160.0	1.3799996
36	17993.4121	6350.730	146.35124	-5.0	0.0	2160.0	1.3599997
36	18400.6738	6122.614	145.31570	-5.0	0.0	2160.0	1.3199997
36	17996.2773	6032.500	181.84157	-5.0	0.0	2220.0	1.3199997
11	17616.5820	4833.394	224.19212	-725.0	0.0	2280.0	1.0000000
5	18922.8184	5943.104	224.50000	0.0	0.0	30.0	1.0000000
5	18965.2129	5133.249	224.50002	0.0	0.0	-90.0	1.0000000
5	19162.4102	4808.309	224.50002	0.0	0.0	360.0	1.0000000
7	17675.4668	5000.720	185.47240	20.0	0.0	4430.0	1.0000000
7	17667.0703	4984.208	189.76427	20.0	0.0	4370.0	1.0000000
7	17659.2344	5055.878	188.15366	20.0	0.0	4460.0	1.0000000
7	18255.9258	5126.768	279.68707	20.0	0.0	4370.0	1.0000000
7	18298.7422	5128.815	259.04901	20.0	0.0	4430.0	1.0000000
7	18269.2383	5122.957	229.10603	20.0	0.0	4310.0	1.0000000
7	18194.8672	5456.661	269.34604	20.0	0.0	4400.0	1.0000000
7	18134.1738	5496.180	207.43028	20.0	0.0	4310.0	1.0000000
7	18163.4453	5466.030	265.67908	20.0	0.0	4310.0	1.0000000
7	17673.8281	6390.810	257.51874	20.0	0.0	4370.0	1.0000000
7	17658.7480	6399.201	267.42780	20.0	0.0	4280.0	1.0000000
7	17759.1484	6043.318	205.30688	20.0	0.0	4280.0	1.0000000
7	17799.5254	6025.270	209.67505	20.0	0.0	4340.0	1.0000000
7	17801.7344	6045.270	211.30327	20.0	0.0	4400.0	1.0000000
7	18012.7695	5750.538	263.98090	20.0	0.0	4310.0	1.0000000
7	18031.4668	5740.779	267.78442	20.0	0.0	4400.0	1.0000000
7	18026.9863	5739.588	230.81427	20.0	0.0	4340.0	1.0000000
7	18326.3516	4850.078	240.11012	20.0	0.0	4430.0	1.0000000
7	18319.1250	4839.419	223.86093	20.0	0.0	4340.0	1.0000000
1	18050.0000	6050.000	205.29068	0.0	0.0	3420.0	1.0000000
1	18150.0000	5850.000	231.05348	0.0	0.0	3420.0	1.0000000
1	18150.0000	5750.000	252.59561	0.0	0.0	3420.0	1.0000000
36	17950.0000	6350.000	171.14162	0.0	0.0	3000.0	1.0000000
36	18250.0000	6150.000	169.49997	0.0	0.0	3000.0	1.0000000
36	18350.0000	6150.000	169.50002	0.0	0.0	3000.0	1.0000000
36	18350.0000	6150.000	169.50003	0.0	0.0	3000.0	1.0000000
36	18550.0000	6250.000	169.50002	0.0	0.0	3000.0	1.0000000
36	18550.0000	6350.000	169.50002	0.0	0.0	3000.0	1.0000000
36	18349.2871	6293.779	149.55666	0.0	0.0	2910.0	1.7399993
36	17903.4824	6396.298	149.77875	0.0	0.0	2910.0	1.3799996
23	17650.0000	6450.000	169.49997	0.0	0.0	60.0	1.0000000
35	19150.0000	7450.000	169.49997	355.0	0.0	2190.0	1.0000000
35	19150.0000	7450.000	169.50003	360.0	0.0	2760.0	1.4199996
36	17750.0000	7400.000	179.37190	360.0	0.0	4020.0	1.0000000
36	17650.0000	7300.000	205.23027	360.0	0.0	4020.0	1.4399996
36	18400.0000	6550.000	169.49997	360.0	0.0	4020.0	1.0000000
36	19050.0000	7100.000	169.50000	360.0	0.0	4020.0	1.0000000
36	19050.0000	7150.000	169.50002	360.0	0.0	4020.0	1.2999997
36	17950.0000	7550.000	222.02939	360.0	0.0	4020.0	1.0000000
4	19050.0000	7250.000	169.50002	0.0	0.0	-180.0	1.0000000
1	19150.0000	7450.000	169.49998	0.0	0.0	3420.0	1.0000000
1	19050.0000	7450.000	169.49998	0.0	0.0	3420.0	1.0000000
1	19150.0000	7350.000	169.50002	0.0	0.0	3420.0	1.0000000
36	18550.0000	6650.000	169.50003	0.0	0.0	3000.0	1.0000000
36	18350.0000	6550.000	169.49997	0.0	0.0	3000.0	1.0000000
36	18250.0000	6450.000	178.29868	0.0	0.0	3000.0	1.0000000
36	18150.0000	6450.000	189.34204	0.0	0.0	3000.0	1.0000000
36	17950.0000	6450.000	172.13895	0.0	0.0	3000.0	1.0000000
36	18650.0000	6550.000	169.50002	0.0	0.0	3000.0	1.0000000
36	18501.9277	6603.360	149.55666	0.0	0.0	2910.0	1.5799994
36	18650.0469	6789.876	149.55667	0.0	0.0	2910.0	1.4799995
36	18100.0000	8000.000	197.07596	360.0	0.0	4020.0	1.0000000
19	17716.5684	8696.105	169.50002	0.0	0.0	1830.0	1.0000000
19	17886.9727	8797.481	169.50000	0.0	0.0	1830.0	1.0000000
19	17968.6230	8945.074	169.50003	0.0	0.0	1890.0	1.0000000
19	18055.0391	9094.868	169.49998	0.0	0.0	1830.0	1.0000000
19	18137.8848	9240.785	169.50002	0.0	0.0	1890.0	1.0000000
19	18188.9277	9422.685	169.49998	0.0	0.0	1860.0	1.0000000
19	18287.7969	9593.354	169.50000	0.0	0.0	1860.0	1.0000000
26	18450.0000	9000.000	169.50003	0.0	0.0	210.0	0.4600005
32	17933.8633	8603.040	132.29094	-60.0	0.0	-60.0	1.3399997
36	18950.0000	8700.000	177.65060	360.0	0.0	4020.0	1.0000000
36	18800.0000	8600.000	172.24782	360.0	0.0	4020.0	1.0000000
36	19050.0000	8700.000	173.55246	360.0	0.0	4020.0	1.0000000
36	18300.0000	8100.000	180.79742	360.0	0.0	4020.0	1.0000000
36	17900.0000	8850.000	193.95738	360.0	0.0	4020.0	1.0000000
36	17700.0000	8750.000	185.33011	360.0	0.0	4020.0	1.0000000
6	18106.0059	8811.041	257.58893	-20.0	0.0	660.0	1.3999996
6	17857.2168	8618.636	247.98901	-30.0	0.0	570.0	1.3599997
6	18035.2344	8930.815	269.21594	-45.0	0.0	570.0	1.0000000
7	18156.1660	9169.995	213.22365	20.0	0.0	4340.0	1.0000000
7	18168.2930	9279.648	183.77599	20.0	0.0	4400.0	1.0000000
7	18237.1426	9452.307	191.16887	20.0	0.0	4340.0	1.0000000
7	18256.7109	9527.527	186.93869	20.0	0.0	4400.0	1.0000000
7	18024.5879	8937.298	237.16370	20.0	0.0	4370.0	1.0000000
7	18030.3008	8958.165	237.93134	20.0	0.0	4430.0	1.0000000
7	18131.0527	9068.404	212.16911	20.0	0.0	4370.0	1.0000000
7	17978.1699	8862.175	188.23355	20.0	0.0	4370.0	1.0000000
7	17622.7617	8598.554	183.26112	20.0	0.0	4370.0	1.0000000
7	17641.5176	8628.218	183.60263	20.0	0.0	4430.0	1.0000000
7	18160.4434	9170.505	194.42747	20.0	0.0	4460.0	1.0000000
7	18173.8105	9312.271	182.54457	20.0	0.0	4460.0	1.0000000
7	18028.8945	8536.685	156.90114	-10.0	0.0	4310.0	1.0000000
7	18085.4590	8528.328	156.94366	-10.0	0.0	4370.0	1.0000000
7	18160.1777	8683.706	120.55423	-10.0	0.0	4430.0	1.0000000
7	18127.6738	8643.318	116.06247	-10.0	0.0	4340.0	1.0000000
7	18926.4316	9525.419	128.50450	-10.0	0.0	4340.0	1.0000000
7	18739.4766	9490.281	129.88393	-10.0	0.0	4340.0	1.0000000
7	18784.5762	9496.958	128.53099	-10.0	0.0	4370.0	1.0000000
7	18855.0371	9534.777	128.41768	-10.0	0.0	4280.0	1.0000000
7	19000.7988	9557.750	134.78554	-10.0	0.0	4370.0	1.0000000
26	17627.1582	8134.284	165.99988	0.0	0.0	2340.0	0.6400003
26	17844.4609	8339.208	162.60043	0.0	0.0	2340.0	0.5400004
26	18259.0039	8773.167	171.19519	0.0	0.0	2340.0	0.5600004
26	18836.8535	9365.870	170.14302	0.0	0.0	2370.0	0.5400004
26	19134.3652	9442.495	162.56482	0.0	0.0	2370.0	0.4600005
1	18450.0000	9550.000	192.79411	0.0	0.0	3420.0	1.0000000
19	18424.8750	9725.500	169.50002	0.0	0.0	1830.0	1.0000000
19	18594.2188	9827.976	169.49998	0.0	0.0	1830.0	1.0000000
19	18766.3594	9928.343	169.50000	0.0	0.0	1830.0	1.0000000
19	18950.8242	9982.388	169.49998	0.0	0.0	1800.0	1.0000000
19	19148.2715	9984.449	169.50000	0.0	0.0	1800.0	1.0000000
20	18422.0430	11177.030	79.50006	0.0	0.0	0.0	1.0000000
0	18696.7969	10612.866	64.49998	0.0	0.0	0.0	1.0000000
0	19108.5352	10611.434	64.49998	0.0	0.0	0.0	1.0000000
0	18034.8574	10763.939	64.49997	0.0	0.0	0.0	1.0000000
0	18842.3301	11166.596	64.49994	0.0	0.0	0.0	1.0000000
0	18065.1074	10479.929	64.49995	0.0	0.0	0.0	1.0000000
25	18200.0000	11150.000	173.50139	0.0	0.0	-1380.0	2.0999990
25	18250.0000	10850.000	193.52727	0.0	0.0	390.0	1.8399992
32	18768.6270	9602.985	134.43054	5.0	0.0	300.0	1.0000000
32	18927.6992	9618.303	-12.26555	5.0	0.0	540.0	1.0000000
36	18150.0000	10800.000	185.90799	360.0	0.0	4050.0	1.5599995
0	18079.3867	10802.469	195.58054	0.0	0.0	0.0	1.0000000
0	18333.0781	10973.258	194.59109	0.0	0.0	0.0	1.0000000
6	18736.2832	11024.834	180.63133	0.0	0.0	570.0	1.5599995
7	18539.6348	11026.297	224.24432	20.0	0.0	4370.0	1.0000000
7	18633.3184	11054.749	214.54500	20.0	0.0	4400.0	1.0000000
7	18397.0898	11015.551	211.60794	20.0	0.0	4310.0	1.0000000
7	18438.5039	10996.537	223.87402	20.0	0.0	4400.0	1.0000000
7	18844.2910	11148.919	209.98457	20.0	0.0	4370.0	1.0000000
7	18787.2305	11161.077	208.22588	20.0	0.0	4310.0	1.0000000
7	18102.8262	10568.373	252.09988	20.0	0.0	4340.0	1.0000000
7	18304.0215	10757.556	239.91518	20.0	0.0	4340.0	1.0000000
7	18327.5488	10756.035	242.18027	20.0	0.0	4430.0	1.0000000
7	18110.7598	10584.677	221.07175	20.0	0.0	4430.0	1.0000000
7	18332.5645	9631.726	179.76062	20.0	0.0	4340.0	1.0000000
7	18335.7793	9646.889	178.38979	20.0	0.0	4400.0	1.0000000
7	18499.2754	9718.479	191.25563	20.0	0.0	4400.0	1.0000000
7	18738.6152	9873.379	188.06473	20.0	0.0	4310.0	1.0000000
7	18874.5371	9950.583	234.14049	20.0	0.0	4370.0	1.0000000
7	19066.0625	9973.109	194.09789	-10.0	0.0	4400.0	1.0000000
7	18657.4492	9824.334	174.00269	-10.0	0.0	4340.0	1.0000000
7	18573.5410	9746.760	176.36423	-10.0	0.0	4340.0	1.0000000
7	19132.0195	9616.754	133.92867	-10.0	0.0	4280.0	1.0000000
7	19007.9668	9605.334	148.73325	-10.0	0.0	4430.0	1.0000000
9	18747.3418	10651.918	169.49994	0.0	0.0	0.0	1.0000000
9	19146.0898	10834.499	169.49998	0.0	0.0	0.0	1.0000000
7	18754.2480	10602.297	169.49995	0.0	0.0	0.0	1.0000000
7	18798.9629	10647.010	169.49995	0.0	0.0	120.0	1.0000000
7	18799.0840	10605.518	169.49995	0.0	0.0	60.0	1.0000000
7	19179.4004	10783.733	169.49995	0.0	0.0	60.0	1.0000000
7	19175.9004	10855.449	169.49995	0.0	0.0	150.0	1.0000000
7	19123.0176	10808.779	169.49997	0.0	0.0	0.0	1.0000000
7	19018.7695	11059.010	201.12828	20.0	0.0	4340.0	1.0000000
7	19017.1758	11069.122	206.54784	20.0	0.0	4460.0	1.0000000
32	18408.8711	10891.653	115.25606	20.0	0.0	4610.0	1.0000000
7	17874.0391	10300.543	169.64844	0.0	0.0	90.0	1.0000000
7	17860.8008	10253.611	169.07123	0.0	0.0	20.0	1.0000000
7	17805.3184	10276.632	169.91522	0.0	0.0	-30.0	1.0000000
1	18650.0000	11150.000	184.44711	0.0	0.0	420.0	1.0000000
1	18750.0000	11150.000	189.74405	0.0	0.0	420.0	1.0000000
1	18850.0000	11150.000	194.04759	0.0	0.0	420.0	1.0000000
1	18950.0000	11150.000	203.48622	0.0	0.0	420.0	1.0000000
1	18250.0000	11050.000	218.90610	0.0	0.0	420.0	1.0000000
1	18150.0000	11150.000	204.08400	0.0	0.0	420.0	1.0000000
1	18150.0000	10950.000	247.59001	0.0	0.0	420.0	1.0000000
9	18436.8887	10443.587	169.00871	0.0	0.0	0.0	1.0000000
9	17767.3418	10746.730	169.00870	0.0	0.0	0.0	1.0000000
7	17767.2461	10706.189	149.00874	0.0	0.0	-30.0	1.0000000
7	17797.0723	10714.071	149.00871	0.0	0.0	60.0	1.0000000
7	17790.1738	10757.120	149.00868	0.0	0.0	120.0	1.0000000
7	18468.1816	10461.025	149.00870	0.0	0.0	150.0	1.0000000
7	18465.7715	10405.603	164.00870	0.0	0.0	60.0	1.0000000
7	18417.9863	10410.829	164.00870	0.0	0.0	-30.0	1.0000000
1	18650.0000	9750.000	183.88484	0.0	0.0	3420.0	1.0000000
1	18550.0000	9650.000	187.72231	0.0	0.0	3420.0	1.0000000
1	18550.0000	9650.000	184.32167	0.0	0.0	3420.0	1.0000000
37	18985.3164	10599.430	584.05463	0.0	0.0	-360.0	1.0000000
37	18998.5117	10612.626	584.05463	0.0	0.0	-240.0	1.0000000
38	19050.0000	10850.000	169.50002	0.0	0.0	90.0	1.0000000
38	19150.0000	10650.000	169.49998	0.0	0.0	60.0	1.0000000
38	18750.0000	10750.000	169.50003	0.0	0.0	0.0	1.0000000
38	18650.0000	10650.000	169.49998	0.0	0.0	90.0	1.0000000
38	18850.0000	10650.000	169.49997	0.0	0.0	0.0	1.0000000
38	18750.0000	10550.000	169.50003	0.0	0.0	60.0	1.0000000
38	18450.0000	10550.000	169.50000	0.0	0.0	30.0	1.0000000
38	18350.0000	10450.000	169.50000	0.0	0.0	90.0	1.0000000
38	18429.4121	10337.092	169.50003	0.0	0.0	30.0	1.0000000
38	18550.0000	10450.000	169.50000	0.0	0.0	0.0	1.0000000
25	18050.0000	10700.000	183.77885	0.0	0.0	450.0	1.5599995
39	18121.4609	10429.726	210.10953	0.0	0.0	0.0	1.0000000
8	18050.0000	12350.000	169.50003	0.0	0.0	180.0	0.8400002
20	18776.9805	11362.839	53.34895	0.0	0.0	60.0	1.0000000
20	19139.6582	11845.800	54.50000	0.0	0.0	60.0	1.0000000
0	18577.7871	12013.886	64.49997	0.0	0.0	0.0	1.0000000
0	18609.8066	11949.682	64.49994	0.0	0.0	0.0	1.0000000
0	18600.0000	12000.000	169.50002	0.0	0.0	120.0	1.0000000
36	19150.0000	11500.000	198.78743	360.0	0.0	3990.0	1.3399997
36	18750.0000	11250.000	170.61615	360.0	0.0	4050.0	1.4999995
36	18050.0000	11250.000	197.35558	360.0	0.0	4050.0	1.4799995
0	18022.0020	11452.764	244.20445	0.0	0.0	0.0	1.0000000
0	18019.5781	11352.183	230.31750	0.0	0.0	0.0	1.0000000
0	19137.2793	11533.704	201.72995	0.0	0.0	0.0	1.0000000
6	19152.6504	11289.769	237.78925	0.0	0.0	660.0	1.0000000
7	18931.9258	11272.653	221.71329	20.0	0.0	4430.0	1.0000000
7	18922.5195	11251.229	217.15094	20.0	0.0	4310.0	1.0000000
7	19136.6621	11622.772	203.71515	20.0	0.0	4310.0	1.0000000
7	19165.6992	11636.489	203.62958	20.0	0.0	4400.0	1.0000000
7	18996.5078	11279.602	223.04144	20.0	0.0	4430.0	1.0000000
7	18925.9473	11451.438	165.01108	20.0	0.0	4400.0	1.0000000
7	19108.1621	11417.812	252.82852	20.0	0.0	4400.0	1.0000000
7	18605.1035	11934.659	171.60120	-10.0	0.0	4340.0	1.0000000
7	18676.4199	11975.572	170.21077	-10.0	0.0	4400.0	1.0000000
7	18625.4531	12051.513	179.01411	-10.0	0.0	4490.0	1.0000000
0	18686.9082	11244.567	175.60863	0.0	0.0	0.0	1.0000000
7	18319.1387	12793.657	186.32774	0.0	0.0	0.0	1.0000000
7	19055.6934	11425.495	189.04129	20.0	0.0	4340.0	1.0000000
1	19050.0000	11250.000	226.54729	0.0	0.0	420.0	1.0000000
1	19150.0000	11350.000	214.08810	0.0	0.0	420.0	1.0000000
1	18150.0000	11350.000	216.94073	0.0	0.0	420.0	1.0000000
1	18650.0000	11950.000	197.78169	0.0	0.0	450.0	1.0000000
9	18651.5723	12641.392	169.00868	0.0	0.0	0.0	1.0000000
9	18357.0000	11542.659	169.00873	0.0	0.0	0.0	1.0000000
7	18646.5293	12593.805	144.00868	0.0	0.0	-30.0	1.0000000
7	18682.7363	12618.914	129.00868	0.0	0.0	60.0	1.0000000
8	18050.0000	12650.000	169.50002	0.0	0.0	180.0	0.8600001
8	17950.0000	12550.000	169.49998	0.0	0.0	60.0	1.0000000
8	17650.0000	12550.000	169.50003	-20.0	0.0	120.0	1.0000000
8	17650.0000	11950.000	169.50000	0.0	0.0	330.0	0.7800002
8	17650.2227	12172.672	169.50008	20.0	0.0	360.0	1.0000000
21	17695.9199	12020.443	219.50000	0.0	0.0	1050.0	0.4200004
21	18060.5000	12441.612	189.49997	0.0	0.0	540.0	0.5200005
38	18250.0000	11450.000	176.38963	0.0	0.0	90.0	1.0000000
38	18450.0000	12550.000	169.50000	0.0	0.0	90.0	1.0000000
38	18750.0000	12550.000	169.49997	0.0	0.0	30.0	1.0000000
38	18650.0000	12750.000	172.55725	0.0	0.0	0.0	1.0000000
38	18850.0000	12750.000	178.33453	0.0	0.0	0.0	1.0000000
38	18455.6875	12740.899	179.18149	0.0	0.0	60.0	1.0000000
25	18808.8125	11486.771	169.39764	0.0	0.0	1470.0	1.7599993
38	18150.0000	11650.000	173.07233	0.0	0.0	60.0	1.0000000
15	17703.2793	12865.262	199.50003	0.0	0.0	330.0	1.0000000
12	17973.9023	12802.242	169.50000	0.0	0.0	3.0	0.9300000
19	17675.8496	13134.327	169.50002	0.0	0.0	2010.0	1.0000000
19	17858.6094	13179.089	169.49998	0.0	0.0	1980.0	1.0000000
19	18057.3965	13181.020	169.50000	0.0	0.0	1980.0	1.0000000
19	18240.9805	13133.690	169.49998	0.0	0.0	1950.0	1.0000000
19	18414.9297	13039.452	169.50003	0.0	0.0	1950.0	1.0000000
19	18591.7285	13034.797	169.50005	0.0	0.0	2010.0	1.0000000
19	18763.4180	13131.932	169.49998	0.0	0.0	2010.0	1.0000000
19	18935.3262	13228.168	169.50003	0.0	0.0	2010.0	1.0000000
19	19114.8984	13275.980	169.50000	0.0	0.0	1980.0	1.0000000
22	19100.0000	12850.000	169.50002	0.0	0.0	90.0	1.0000000
23	18258.0195	12913.542	175.55803	0.0	0.0	90.0	1.0000000
0	18450.0000	12850.000	169.49998	0.0	0.0	120.0	1.0000000
28	19130.5938	14025.967	217.11888	-720.0	0.0	390.0	1.0000000
36	17750.0000	12950.000	177.23102	360.0	0.0	4020.0	1.0000000
36	17700.0000	12950.000	186.67410	360.0	0.0	3960.0	1.4399996
14	17645.5332	14177.698	169.50000	-5.0	0.0	85.0	1.0000000
14	18162.6797	14172.388	169.50000	-5.0	0.0	196.0	1.0599999
14	17701.6992	14332.891	169.50000	-5.0	0.0	281.0	1.0200000
14	18328.5430	14368.305	169.50000	-5.0	0.0	58.0	0.9200000
14	18234.3711	14275.103	169.50005	-5.0	0.0	291.0	1.0599999
5	18631.7383	14240.546	221.70157	-10.0	0.0	7100.0	1.2799997
5	19000.0332	14122.179	198.84396	-10.0	0.0	7190.0	1.1999998
5	18718.6738	14195.108	231.04134	-10.0	0.0	7370.0	1.0000000
0	18794.5215	14085.724	198.90923	0.0	0.0	0.0	1.0000000
0	18638.0020	14300.560	222.95659	0.0	0.0	0.0	1.0000000
7	17794.6035	13167.489	182.06442	20.0	0.0	4310.0	1.0000000
7	17824.1582	13160.204	179.64528	20.0	0.0	4400.0	1.0000000
7	17958.4648	13153.157	175.34959	20.0	0.0	4340.0	1.0000000
7	17642.2051	13085.627	183.35677	20.0	0.0	4370.0	1.0000000
7	18007.6094	13153.797	180.46213	20.0	0.0	4370.0	1.0000000
7	18396.2266	13019.128	163.45146	20.0	0.0	4370.0	1.0000000
7	18292.4473	13088.073	174.86427	20.0	0.0	4340.0	1.0000000
7	18221.0215	13139.674	195.19202	20.0	0.0	4400.0	1.0000000
7	18538.9688	12991.459	182.24525	20.0	0.0	4340.0	1.0000000
7	18506.7676	12986.619	177.92328	20.0	0.0	4280.0	1.0000000
7	18721.1172	13084.570	165.55489	20.0	0.0	4340.0	1.0000000
7	18817.7480	13145.074	161.52248	20.0	0.0	4400.0	1.0000000
7	18797.7969	13163.567	158.44269	20.0	0.0	4280.0	1.0000000
7	18892.3535	13201.035	173.20393	20.0	0.0	4400.0	1.0000000
7	18650.4648	13055.314	174.73872	20.0	0.0	4340.0	1.0000000
7	19002.6738	13228.159	189.19444	20.0	0.0	4340.0	1.0000000
7	19169.9277	13283.766	185.70023	20.0	0.0	4340.0	1.0000000
7	19058.9004	13258.438	190.05023	20.0	0.0	4310.0	1.0000000
7	19074.5938	13259.691	191.75146	20.0	0.0	4430.0	1.0000000
7	18373.2266	12813.419	186.72859	0.0	0.0	90.0	1.0000000
1	19050.0000	13050.000	193.80695	0.0	0.0	450.0	1.0000000
1	19050.0000	12950.000	193.58533	0.0	0.0	450.0	1.0000000
1	18250.0000	12950.000	203.80537	0.0	0.0	450.0	1.0000000
1	18150.0000	13050.000	220.78084	0.0	0.0	450.0	1.0000000
1	17950.0000	12950.000	187.51134	0.0	0.0	450.0	1.0000000
1	17650.0000	12950.000	171.54095	0.0	0.0	450.0	1.0000000
1	17750.0000	12950.000	172.65065	0.0	0.0	450.0	1.0000000
5	17950.0000	14250.000	171.02519	0.0	0.0	810.0	1.0000000
5	18150.0000	14250.000	169.49998	0.0	0.0	810.0	1.0000000
5	18350.0000	14250.000	169.49997	0.0	0.0	810.0	1.0000000
5	18550.0000	14250.000	200.83319	0.0	0.0	810.0	1.0000000
5	18450.0000	14150.000	173.06664	0.0	0.0	810.0	1.0000000
5	18550.0000	14050.000	182.75169	0.0	0.0	810.0	1.0000000
26	18560.5469	13393.233	178.94286	0.0	0.0	2700.0	0.6400003
26	18482.7832	13343.571	178.94287	0.0	0.0	2700.0	0.6200004
26	18857.8027	13447.944	179.23863	0.0	0.0	2700.0	0.6200004
26	18072.2930	13484.176	178.94289	0.0	0.0	2700.0	0.7000003
26	17725.2324	13414.179	178.94290	0.0	0.0	2700.0	0.7000003
26	17643.3125	13376.666	178.94286	0.0	0.0	2700.0	0.8000002
29	18365.0723	14615.594	335.07196	-400.0	0.0	30.0	1.2799997
14	17640.5332	15384.698	169.50000	-5.0	0.0	317.0	0.9700000
14	17801.6797	14894.388	214.49998	-5.0	0.0	870.0	1.0000000
14	18399.6797	14945.388	172.62833	-5.0	0.0	193.0	1.0200000
14	17870.6797	15428.388	169.50000	-5.0	0.0	163.0	0.9800000
14	18008.6797	15428.388	169.50000	-5.0	0.0	160.0	1.0300000
14	17870.6797	14960.388	169.50000	-5.0	0.0	256.0	1.0100000
14	17894.6992	14975.891	214.49995	-5.0	0.0	870.0	1.0000000
14	18156.6992	15469.891	169.50000	-5.0	0.0	211.0	1.0599999
14	18019.5430	14764.305	214.49997	-5.0	0.0	870.0	1.0000000
14	18020.5430	15581.305	169.50000	-5.0	0.0	285.0	1.0000000
14	17833.5430	15230.305	169.50000	-5.0	0.0	75.0	1.0300000
14	18155.5430	15572.305	169.50000	-5.0	0.0	331.0	0.9800000
14	18152.5430	15538.305	169.50000	-5.0	0.0	302.0	0.9500000
16	17677.0879	15121.579	214.49997	-5.0	0.0	870.0	1.0000000
16	17642.3359	14983.019	214.49995	-5.0	0.0	870.0	1.0000000
14	18501.9199	15186.987	181.66080	-5.0	0.0	341.0	0.9800000
14	18627.9805	15387.528	180.84489	-5.0	0.0	88.0	1.0500000
14	18467.7969	15414.735	169.49998	-5.0	0.0	90.0	1.0500000
16	18003.3945	15569.165	169.50002	-5.0	0.0	291.0	1.0000000
13	17650.0000	15250.000	169.49997	0.0	0.0	450.0	1.0000000
13	17750.0000	15150.000	169.49997	0.0	0.0	450.0	1.0000000
13	17750.0000	15350.000	169.50003	0.0	0.0	450.0	1.0000000
13	17950.0000	15550.000	169.50000	0.0	0.0	450.0	1.0000000
13	18350.0000	15050.000	169.49998	0.0	0.0	450.0	1.0000000
13	18450.0000	15150.000	171.99443	0.0	0.0	450.0	1.0000000
13	18550.0000	15350.000	169.61830	0.0	0.0	450.0	1.0000000
13	18250.0000	15550.000	169.50000	0.0	0.0	450.0	1.0000000
13	18250.0000	15550.000	169.49997	0.0	0.0	450.0	1.0000000
13	18150.0000	15750.000	169.49995	0.0	0.0	450.0	1.0000000
5	18925.6875	15875.132	213.81000	-10.0	0.0	6950.0	1.3199997
5	18895.9590	15603.659	222.53783	-10.0	0.0	6980.0	1.0000000
5	18846.0195	15318.571	213.26178	-10.0	0.0	6980.0	1.0000000
5	18724.6641	15006.837	224.88432	-10.0	0.0	6920.0	1.0000000
5	18615.1387	14732.252	230.33853	-10.0	0.0	7100.0	1.0000000
5	18504.5918	14498.340	188.30040	-10.0	0.0	7100.0	1.2399998
5	18600.6367	14497.926	224.08488	-10.0	0.0	7370.0	1.0000000
0	18605.3828	15109.790	220.08131	0.0	0.0	0.0	1.0000000
0	18554.9062	15046.313	206.84274	0.0	0.0	0.0	1.0000000
7	19002.2754	15968.068	225.03073	10.0	0.0	1170.0	1.0000000
7	18975.6836	15932.140	222.23227	10.0	0.0	1110.0	1.0000000
7	18991.0078	15976.690	258.41260	10.0	0.0	1200.0	1.0000000
7	18937.2520	15693.436	238.38547	10.0	0.0	1200.0	1.0000000
7	18901.6309	15672.513	251.48907	10.0	0.0	1050.0	1.0000000
7	18943.4492	15658.262	239.59940	10.0	0.0	1110.0	1.0000000
7	18896.6328	15471.263	266.85663	10.0	0.0	1230.0	1.0000000
7	18858.8320	15448.839	271.76764	10.0	0.0	1080.0	1.0000000
7	18898.8223	15437.102	261.78506	10.0	0.0	1140.0	1.0000000
7	18811.4844	15180.516	255.55148	10.0	0.0	1140.0	1.0000000
7	18772.2793	15175.833	265.60641	10.0	0.0	1050.0	1.0000000
7	18783.9355	15229.661	265.53540	10.0	0.0	1200.0	1.0000000
7	18727.3672	14821.610	274.46405	10.0	0.0	1230.0	1.0000000
7	18697.0488	14769.671	283.34891	10.0	0.0	1050.0	1.0000000
7	18731.4766	14763.712	275.20792	10.0	0.0	1140.0	1.0000000
7	18634.5176	14580.986	282.27951	10.0	0.0	1050.0	1.0000000
7	18680.1328	14597.337	283.89322	10.0	0.0	1230.0	1.0000000
7	18697.0391	14554.553	283.75861	10.0	0.0	1110.0	1.0000000
1	17650.0000	15250.000	169.49998	0.0	0.0	0.0	1.0000000
5	18250.0000	14550.000	169.50000	0.0	0.0	810.0	1.0000000
5	18050.0000	14450.000	169.49997	0.0	0.0	810.0	1.0000000
5	18550.0000	14550.000	186.55153	0.0	0.0	810.0	1.0000000
5	18550.0000	14450.000	204.10492	0.0	0.0	810.0	1.0000000
5	18892.6992	17584.457	224.67186	-10.0	0.0	5870.0	1.0000000
5	18870.2637	16715.062	216.17963	-10.0	0.0	6590.0	1.3599997
5	18827.5625	16876.693	217.27505	-10.0	0.0	6680.0	1.0000000
5	18778.9336	17069.900	210.45422	-10.0	0.0	6740.0	1.1999998
5	18808.7520	17267.223	223.44492	-10.0	0.0	6740.0	1.0000000
5	18957.2266	16175.427	219.36166	-10.0	0.0	6740.0	1.2399998
5	18944.6523	16427.957	209.11017	-10.0	0.0	6740.0	1.1599998
5	18350.0000	17450.000	169.50000	0.0	0.0	9740.0	1.0000000
5	18450.0000	17250.000	169.49995	0.0	0.0	9740.0	1.0000000
5	18450.0000	17250.000	169.49998	0.0	0.0	9740.0	1.0000000
0	18868.5742	16026.084	219.52103	0.0	0.0	0.0	1.0000000
0	18927.4512	16124.480	224.49008	0.0	0.0	0.0	1.0000000
0	18916.7637	16262.645	205.72961	0.0	0.0	0.0	1.0000000
7	18924.5469	17544.021	227.56760	10.0	0.0	1170.0	1.0000000
7	18880.0566	17526.547	233.37408	10.0	0.0	1080.0	1.0000000
7	18872.5605	17581.545	243.54437	10.0	0.0	1200.0	1.0000000
7	18934.2812	16656.160	205.44247	10.0	0.0	1170.0	1.0000000
7	18856.4707	17059.072	212.68314	10.0	0.0	1080.0	1.0000000
7	18868.7051	17109.988	200.18359	10.0	0.0	1200.0	1.0000000
7	18887.9082	17060.238	193.58304	10.0	0.0	1170.0	1.0000000
7	18844.1074	17368.561	205.55069	10.0	0.0	1110.0	1.0000000
7	18866.4609	17406.930	201.35641	10.0	0.0	1170.0	1.0000000
7	18857.9492	17370.936	239.29883	10.0	0.0	1170.0	1.0000000
7	18924.8145	16633.709	226.74109	10.0	0.0	1080.0	1.0000000
7	18921.5898	16688.691	231.88046	10.0	0.0	1230.0	1.0000000
7	19020.2188	16180.069	246.46509	10.0	0.0	1170.0	1.0000000
7	18993.8125	16150.983	256.67377	10.0	0.0	1050.0	1.0000000
7	19020.0762	16136.221	253.73434	10.0	0.0	1110.0	1.0000000
29	18978.0020	19084.434	379.50000	-355.0	0.0	60.0	1.0000000
35	17649.4277	18837.922	189.68890	360.0	0.0	4530.0	1.0000000
35	17668.8223	18831.994	189.68884	360.0	0.0	4350.0	1.3999996
35	17649.6914	18841.857	129.68884	360.0	0.0	4350.0	1.0000000
36	17750.0000	18800.000	169.49997	360.0	0.0	4380.0	1.2399998
36	17750.0000	19050.000	169.50000	360.0	0.0	4380.0	1.1599998
13	17685.9473	18806.109	214.49994	-5.0	0.0	870.0	1.0000000
13	18628.9473	18425.109	176.01126	-5.0	0.0	63.0	1.0400000
13	18065.9473	18688.109	169.50000	-5.0	0.0	257.0	0.9300000
13	18638.9473	17878.109	173.46150	-5.0	0.0	161.0	0.9800000
13	18406.9473	19154.109	169.50000	-5.0	0.0	103.0	0.9800000
13	18001.3203	18914.445	214.49997	-5.0	0.0	870.0	1.0000000
13	18893.3203	18365.445	223.67943	-5.0	0.0	297.0	0.9400000
13	18038.3203	18417.445	169.50000	-5.0	0.0	5.0	1.0300000
13	18055.3203	18235.445	169.50000	-5.0	0.0	75.0	1.0599999
13	18435.3203	18369.445	169.50000	-5.0	0.0	277.0	1.0400000
13	17766.9570	18998.482	214.49997	-5.0	0.0	870.0	1.0000000
13	18030.9570	18829.482	169.50000	-5.0	0.0	156.0	0.9700000
13	18246.9570	18810.482	169.50000	-5.0	0.0	142.0	0.9800000
5	19159.8301	18993.582	219.97874	-10.0	0.0	5510.0	1.2399998
5	19196.3027	19196.266	201.34233	-10.0	0.0	5510.0	1.3199997
5	18953.8301	18869.131	211.32785	-10.0	0.0	5600.0	1.3399997
5	18836.1738	17821.842	214.55299	-10.0	0.0	5780.0	1.0000000
5	18882.7305	18130.154	215.94688	-10.0	0.0	5870.0	1.3199997
5	18852.6465	18389.439	235.05238	-10.0	0.0	5870.0	1.3399997
5	18882.6582	18620.002	220.74336	-10.0	0.0	5870.0	1.0000000
5	18908.5703	17771.143	220.69154	-10.0	0.0	7370.0	1.0000000
5	19013.7227	18814.447	223.91179	-10.0	0.0	7370.0	1.0000000
5	17650.0000	18150.000	169.49997	0.0	0.0	8990.0	1.0000000
5	17631.4473	18837.031	169.50000	0.0	0.0	9290.0	1.5399995
5	17801.0996	18949.148	169.50003	0.0	0.0	9410.0	1.3199997
5	18050.0000	17750.000	169.50002	0.0	0.0	9740.0	1.0000000
5	18250.0000	17650.000	169.50000	0.0	0.0	9740.0	1.0000000
0	18962.5020	18962.047	194.29831	0.0	0.0	0.0	1.0000000
0	18815.2676	18494.553	222.77960	0.0	0.0	0.0	1.0000000
7	19054.7969	18777.500	231.79926	10.0	0.0	1110.0	1.0000000
7	19081.9824	18794.697	232.33983	10.0	0.0	1170.0	1.0000000
7	18983.1367	18713.611	228.60237	10.0	0.0	1080.0	1.0000000
7	18881.4609	18206.588	240.51360	10.0	0.0	1170.0	1.0000000
7	18879.8184	18191.178	219.26585	10.0	0.0	1110.0	1.0000000
7	18881.6855	18481.635	221.63467	10.0	0.0	1140.0	1.0000000
7	18958.5996	17913.322	191.54298	10.0	0.0	1230.0	1.0000000
7	18966.8555	17879.338	193.56929	10.0	0.0	1140.0	1.0000000
7	18931.8066	17876.369	190.41029	10.0	0.0	1050.0	1.0000000
1	17750.0000	18150.000	191.54330	0.0	0.0	0.0	1.0000000
1	17650.0000	18850.000	169.50002	0.0	0.0	0.0	1.0000000
1	18874.7441	18213.730	220.43750	0.0	0.0	0.0	1.0000000
35	17656.8574	20252.305	189.68884	360.0	0.0	4050.0	1.0000000
35	17661.4824	20254.264	189.68887	360.0	0.0	3810.0	1.5399995
35	17681.5293	20247.971	189.68884	360.0	0.0	4200.0	1.0000000
35	18367.4316	20020.293	189.68887	360.0	0.0	3870.0	1.0000000
35	17963.5078	19543.045	189.68884	360.0	0.0	3870.0	1.0000000
35	18950.7910	20736.553	189.68890	360.0	0.0	3990.0	1.0000000
35	18965.8008	20717.752	189.68884	360.0	0.0	4140.0	0.8200002
35	18954.9238	20731.375	189.68887	360.0	0.0	4140.0	1.5599995
35	18353.6465	20037.707	189.68884	360.0	0.0	4350.0	1.0000000
35	18356.2461	20023.191	189.68884	360.0	0.0	4200.0	1.4999995
35	17940.1035	19548.975	189.68884	360.0	0.0	4350.0	1.0000000
35	17952.9199	19540.387	189.68881	360.0	0.0	4440.0	1.4199996
36	18349.8281	20181.355	129.68887	360.0	0.0	4380.0	1.0000000
36	17850.0000	20200.000	169.50000	360.0	0.0	4380.0	1.4999995
36	17650.0000	20000.000	169.50000	360.0	0.0	4380.0	1.3999996
36	17850.0000	19500.000	169.50002	360.0	0.0	4380.0	1.3599997
36	18000.0000	19500.000	169.50000	360.0	0.0	4380.0	1.3199997
36	17750.0000	20050.000	169.49997	360.0	0.0	4380.0	1.0000000
36	18300.0000	19950.000	169.50000	360.0	0.0	4380.0	1.0000000
36	19000.0000	20600.000	169.49997	360.0	0.0	4380.0	1.0000000
36	19050.0000	20750.000	169.50003	360.0	0.0	4380.0	1.0000000
36	18850.0000	20650.000	169.50002	360.0	0.0	4380.0	1.4199996
36	18700.0000	20600.000	169.50003	360.0	0.0	4380.0	1.4799995
36	18500.0000	20300.000	169.49998	360.0	0.0	4380.0	1.3799996
36	17950.0000	20250.000	169.50000	360.0	0.0	4380.0	1.4599996
36	18100.0000	19500.000	169.49997	360.0	0.0	4380.0	1.0000000
27	17852.3457	20750.961	176.08772	360.0	0.0	4410.0	1.0000000
1	17750.0000	20250.000	169.50003	0.0	0.0	60.0	1.0000000
1	17950.0000	19450.000	169.50000	0.0	0.0	60.0	1.0000000
1	17950.0000	19950.000	169.50000	0.0	0.0	60.0	1.0000000
1	17950.0000	20250.000	169.50003	0.0	0.0	60.0	1.0000000
1	18350.0000	20450.000	169.49997	0.0	0.0	60.0	1.0000000
1	18650.0000	20650.000	169.49997	0.0	0.0	60.0	1.0000000
1	18750.0000	20750.000	169.50000	0.0	0.0	60.0	1.0000000
1	18250.0000	19850.000	169.50003	0.0	0.0	60.0	1.0000000
1	18150.0000	19650.000	169.49998	0.0	0.0	60.0	1.0000000
1	18750.0000	19350.000	169.50002	0.0	0.0	60.0	1.0000000
1	19150.0000	20150.000	169.49998	0.0	0.0	60.0	1.0000000
1	18950.0000	20750.000	169.49998	0.0	0.0	60.0	1.0000000
13	18170.9277	19958.395	214.49998	-5.0	0.0	870.0	1.0000000
13	18087.9766	20073.738	214.49998	-5.0	0.0	870.0	1.0000000
13	19016.9766	19595.738	169.50000	-5.0	0.0	272.0	1.0300000
13	18035.9766	19669.738	169.50000	-5.0	0.0	332.0	1.0200000
13	18032.9766	19398.738	169.50000	-5.0	0.0	120.0	1.0400000
13	18901.9766	20669.738	169.50000	-5.0	0.0	81.0	0.9300000
13	18659.9766	19796.738	169.50000	-5.0	0.0	279.0	0.9600000
13	17693.9766	20483.738	169.50000	-5.0	0.0	269.0	1.0200000
13	17747.6875	20240.918	214.49997	-5.0	0.0	870.0	1.0000000
13	18188.6875	20043.918	169.50000	-5.0	0.0	276.0	0.9900000
13	18374.6875	20225.918	169.50000	-5.0	0.0	74.0	1.0300000
13	17792.9473	19379.109	169.50000	-5.0	0.0	144.0	1.0300000
13	18178.3203	19482.445	169.50000	-5.0	0.0	330.0	1.0000000
13	18079.3203	19894.445	169.50000	-5.0	0.0	234.0	0.9300000
13	18402.3203	19871.445	169.50000	-5.0	0.0	237.0	1.0000000
13	17726.3203	19891.445	169.50000	-5.0	0.0	79.0	0.9900000
13	18446.9570	19489.482	169.50000	-5.0	0.0	353.0	0.9600000
13	18205.9570	19782.482	169.50000	-5.0	0.0	37.0	1.0400000
13	18542.9570	19412.482	169.50000	-5.0	0.0	213.0	0.9300000
3	17844.3301	20757.750	198.23650	-5.0	0.0	410.0	1.0000000
5	17959.1738	19554.314	169.50005	0.0	0.0	9410.0	1.3999996
5	17610.8711	20376.643	169.50002	0.0	0.0	9500.0	1.5199995
5	17797.1426	20197.941	169.50005	0.0	0.0	9620.0	1.3999996
5	18304.2227	20052.271	169.50005	0.0	0.0	9620.0	1.5799994
5	18130.6895	19925.301	169.50000	0.0	0.0	9680.0	1.3399997
5	17996.0801	19597.510	169.50002	0.0	0.0	9740.0	1.0000000
1	18150.0000	19450.000	176.76846	0.0	0.0	0.0	1.0000000
1	18350.0000	19550.000	181.40845	0.0	0.0	0.0	1.0000000
1	18350.0000	19950.000	178.23627	0.0	0.0	0.0	1.0000000
1	19050.0000	19250.000	185.38182	0.0	0.0	0.0	1.0000000
1	19150.0000	19350.000	177.25594	0.0	0.0	0.0	1.0000000
1	18950.0000	19550.000	172.98734	0.0	0.0	0.0	1.0000000
1	19050.0000	19750.000	169.49997	0.0	0.0	0.0	1.0000000
1	18850.0000	19750.000	169.50002	0.0	0.0	0.0	1.0000000
1	18850.0000	19650.000	173.21223	0.0	0.0	0.0	1.0000000
1	19150.0000	19550.000	171.28838	0.0	0.0	0.0	1.0000000
36	19150.0000	20900.000	169.49998	360.0	0.0	4380.0	1.0000000
32	17750.0000	21400.000	208.52707	360.0	0.0	4290.0	1.0000000
27	18455.2129	21342.574	258.22455	360.0	0.0	4410.0	1.0000000
27	18457.1172	21221.018	254.90300	360.0	0.0	4260.0	1.0000000
27	17767.9395	20840.953	244.42984	360.0	0.0	4260.0	1.0000000
27	19159.6211	21852.303	205.52911	360.0	0.0	4290.0	1.0000000
1	19050.0000	20950.000	169.50000	0.0	0.0	60.0	1.0000000
1	18550.0000	21150.000	187.05525	0.0	0.0	60.0	1.0000000
1	18750.0000	21250.000	205.36234	0.0	0.0	60.0	1.0000000
1	18450.0000	21750.000	204.49771	0.0	0.0	60.0	1.0000000
1	18650.0000	21850.000	175.64020	0.0	0.0	60.0	1.0000000
13	18713.6875	20924.918	169.50000	-5.0	0.0	325.0	0.9900000
0	17667.4434	21944.871	215.85422	0.0	0.0	0.0	1.0000000
0	18132.4980	21941.146	204.88602	0.0	0.0	0.0	1.0000000
0	17847.8828	21435.334	197.62811	0.0	0.0	0.0	1.0000000
0	17640.4785	21361.227	193.22485	0.0	0.0	0.0	1.0000000
3	19181.6289	21850.479	222.95299	-5.0	0.0	350.0	1.0000000
3	18458.9316	21319.924	223.57030	-5.0	0.0	350.0	1.0000000
3	18449.8594	21200.938	218.68785	-5.0	0.0	350.0	1.0000000
3	17755.5273	20843.641	208.88254	-5.0	0.0	500.0	1.0000000
5	17751.9355	21340.453	226.34561	-5.0	0.0	1100.0	1.2599998
5	18216.5391	20964.338	234.30882	-5.0	0.0	1100.0	1.0000000
5	17695.6680	21862.670	250.82014	-5.0	0.0	1100.0	1.0000000
5	18515.2578	21974.396	219.84833	-5.0	0.0	1100.0	1.0000000
5	18450.3203	21953.268	223.07274	-5.0	0.0	1100.0	1.0000000
5	18649.7988	21952.562	223.03291	-5.0	0.0	1190.0	1.0000000
1	18150.0000	20850.000	184.33403	0.0	0.0	0.0	1.0000000
27	18460.6250	22739.461	193.15781	360.0	0.0	4410.0	1.0000000
27	18369.7520	22729.590	187.45267	360.0	0.0	4230.0	1.0000000
27	19152.7207	22520.078	183.58406	360.0	0.0	4230.0	1.2199998
36	18251.2461	22769.992	187.42712	360.0	0.0	4740.0	1.0000000
0	17614.2520	22848.971	178.99361	-5.0	0.0	50.0	1.0000000
0	18371.2441	22661.900	205.68329	-5.0	0.0	50.0	1.0000000
0	18598.1816	22715.736	198.94258	-5.0	0.0	50.0	1.0000000
0	19146.7109	22465.863	194.67841	-5.0	0.0	50.0	1.0000000
3	19174.9160	22504.756	201.70357	-5.0	0.0	320.0	1.0000000
3	18430.1250	22746.076	210.83249	-5.0	0.0	350.0	1.0000000
3	18270.8105	22800.518	188.82970	-5.0	0.0	350.0	1.0000000
5	17936.6211	22602.359	243.93973	-5.0	0.0	1100.0	1.0000000
5	18632.0918	22728.400	240.16933	-5.0	0.0	1250.0	1.0000000
3	18341.8809	23905.895	166.87526	-5.0	0.0	1400.0	1.0000000
3	18470.7207	23067.131	167.86792	-5.0	0.0	1400.0	1.0000000
1	17667.6426	23050.453	221.79663	-5.0	0.0	1400.0	1.0000000
4	17700.9043	23000.449	270.73892	-20.0	0.0	1550.0	1.0000000
5	17640.0508	23006.443	235.77783	-20.0	0.0	1550.0	1.0000000
5	17726.4316	22968.445	203.68465	-20.0	0.0	1730.0	1.0000000
5	18512.2129	23248.023	176.00351	-20.0	0.0	1730.0	1.0000000
5	18477.5371	23630.936	181.39452	-20.0	0.0	2390.0	1.3199997
5	19015.9570	22712.848	185.06113	-20.0	0.0	2390.0	1.0000000
1	18650.0000	22950.000	176.66507	0.0	0.0	0.0	1.0000000
1	18450.0000	22750.000	212.12715	0.0	0.0	0.0	1.0000000
1	18150.0000	22650.000	212.42189	0.0	0.0	0.0	1.0000000
1	17650.0000	22950.000	200.27409	0.0	0.0	0.0	1.0000000
22	18626.8320	24572.041	235.32588	0.0	0.0	30.0	1.0000000
22	18276.8184	24495.865	251.17166	0.0	0.0	100.0	1.0000000
26	17750.0000	24650.000	119.79956	0.0	0.0	120.0	1.0000000
1	17750.0000	24050.000	228.13052	0.0	0.0	3480.0	1.0000000
1	18050.0000	24050.000	244.20120	0.0	0.0	3480.0	1.0000000
1	18450.0000	24350.000	241.02422	0.0	0.0	3480.0	1.0000000
1	18450.0000	24750.000	255.05161	0.0	0.0	3480.0	1.0000000
1	18521.1680	24864.219	224.38332	0.0	0.0	3420.0	1.0000000
1	18750.0000	24950.000	180.37059	0.0	0.0	3420.0	1.0000000
1	18950.0000	24950.000	206.57382	0.0	0.0	3420.0	1.0000000
1	19150.0000	24950.000	227.13687	0.0	0.0	3420.0	1.0000000
22	19073.6465	24733.676	132.36948	0.0	0.0	30.0	1.0000000
32	17730.6758	25205.551	175.68425	20.0	100.0	-50.0	1.0000000
31	18048.2285	24961.604	116.38039	340.0	-20.0	-330.0	1.0000000
33	17901.0098	24974.098	122.51233	0.0	0.0	0.0	1.0000000
1	18150.0000	24750.000	197.75044	0.0	0.0	0.0	1.0000000
1	18180.4766	24622.154	208.52226	0.0	0.0	0.0	1.0000000
33	18073.3750	24755.516	161.14612	0.0	0.0	-30.0	0.8800001
1	17921.9297	25051.676	158.44260	0.0	0.0	0.0	1.0000000
13	18155.2695	24501.576	185.22176	0.0	0.0	-20.0	1.0000000
32	17640.2129	25203.684	106.33131	0.0	0.0	70.0	0.7200003
1	18050.0000	25150.000	188.83400	0.0	0.0	0.0	1.0000000
1	18150.0000	25050.000	202.12009	0.0	0.0	-40.0	1.0000000
1	18150.0000	24950.000	193.79160	0.0	0.0	30.0	1.0000000
1	18250.0000	25050.000	209.68910	0.0	0.0	-130.0	1.0000000
1	18550.0000	25150.000	205.09059	0.0	0.0	0.0	1.0000000
1	19150.0000	25150.000	241.01695	0.0	0.0	0.0	1.0000000
22	18600.8145	25071.535	121.07289	0.0	0.0	20.0	1.0799999
36	18250.0000	24850.000	231.27513	0.0	0.0	0.0	1.0000000
36	18350.0000	24650.000	276.60934	0.0	0.0	0.0	1.0000000
36	18450.0000	24650.000	292.37354	0.0	0.0	0.0	1.0000000
36	18150.0000	24550.000	207.73409	0.0	0.0	0.0	1.0000000
36	18750.0000	24950.000	183.80124	0.0	0.0	0.0	1.0000000
36	18750.0000	24850.000	182.10521	0.0	0.0	0.0	1.0000000
36	19050.0000	24950.000	214.59912	0.0	0.0	0.0	1.0000000
22	19394.4785	440.083	206.05312	0.0	0.0	90.0	1.0000000
22	19978.9512	441.625	151.99149	0.0	0.0	90.0	1.0000000
23	19766.6602	356.236	170.22516	0.0	0.0	0.0	1.0000000
22	20362.7617	530.371	166.42578	0.0	0.0	90.0	1.0000000
32	19517.1309	1413.989	160.32619	-5.0	0.0	1950.0	1.0000000
32	19996.2656	1482.532	141.17209	-5.0	0.0	1740.0	1.0000000
32	19404.6973	798.464	173.86615	-5.0	0.0	2010.0	1.0000000
32	19996.9844	672.081	141.17210	-5.0	0.0	1740.0	1.0000000
31	19420.1621	762.603	348.01459	-15.0	0.0	1410.0	1.2799997
31	20006.5117	699.748	336.43890	-15.0	0.0	1320.0	1.0000000
31	19511.9707	1406.480	436.09955	-210.0	0.0	1380.0	1.0000000
31	20032.6367	1513.434	331.43896	-350.0	0.0	1380.0	1.0000000
33	20050.0000	1400.000	169.50002	-350.0	0.0	1800.0	1.0000000
33	19550.0000	1500.000	181.27551	-350.0	0.0	1800.0	1.0000000
33	20150.0000	650.000	172.54497	-350.0	0.0	1800.0	1.0000000
5	20025.7500	1414.630	158.60220	-715.0	0.0	2160.0	1.5199995
5	19516.7734	1361.185	175.26062	-715.0	0.0	2100.0	1.4799995
5	19784.0430	1078.540	165.42139	-715.0	0.0	2190.0	1.0000000
5	19431.6211	800.990	191.14272	-715.0	0.0	2340.0	1.5199995
5	20010.4219	664.421	183.60222	-715.0	0.0	2370.0	1.4799995
5	20032.7266	1437.315	183.60219	-715.0	0.0	2310.0	1.3199997
5	19547.4395	1257.288	219.40355	-715.0	0.0	2280.0	1.0000000
0	20450.0000	1250.000	181.81438	360.0	0.0	90.0	1.0000000
0	20250.0000	950.000	175.43742	360.0	0.0	90.0	1.0000000
0	19950.0000	1450.000	169.49997	360.0	0.0	90.0	1.0000000
1	20549.3926	1148.531	201.03336	360.0	0.0	90.0	1.0000000
1	20650.0000	1550.000	171.96999	360.0	0.0	90.0	1.0000000
1	20050.0000	1350.000	169.50002	360.0	0.0	90.0	1.0000000
1	20050.0000	1350.000	169.49997	360.0	0.0	90.0	1.0000000
1	20250.0000	1550.000	169.50002	360.0	0.0	90.0	1.0000000
1	20150.0000	1350.000	169.50000	360.0	0.0	90.0	1.0000000
1	19305.9844	192.496	249.09605	360.0	0.0	90.0	1.0000000
1	19850.0000	1150.000	170.98997	360.0	0.0	90.0	1.0000000
1	19503.5391	291.370	216.95642	360.0	0.0	90.0	1.0000000
1	20050.0000	550.000	170.23936	0.0	0.0	3090.0	1.0000000
1	20150.0000	450.000	172.27464	0.0	0.0	3090.0	1.0000000
1	20250.0000	550.000	174.56752	0.0	0.0	3090.0	1.0000000
1	20350.0000	650.000	181.00906	0.0	0.0	3090.0	1.0000000
1	20250.0000	1150.000	173.73538	0.0	0.0	3090.0	1.0000000
1	20250.0000	1350.000	170.52762	0.0	0.0	3090.0	1.0000000
1	20150.0000	1450.000	169.49997	0.0	0.0	3090.0	1.0000000
1	19250.0000	1450.000	201.93468	0.0	0.0	3090.0	1.0000000
1	19250.0000	650.000	209.02065	0.0	0.0	3090.0	1.0000000
1	19450.0000	650.000	200.47745	0.0	0.0	3090.0	1.0000000
1	19550.0000	550.000	193.23694	0.0	0.0	3090.0	1.0000000
1	19750.0000	550.000	173.43063	0.0	0.0	3090.0	1.0000000
1	19850.0000	550.000	170.44743	0.0	0.0	3090.0	1.0000000
1	19850.0000	550.000	170.32100	0.0	0.0	3090.0	1.0000000
1	20150.0000	550.000	171.48575	0.0	0.0	3090.0	1.0000000
1	20350.0000	650.000	181.98276	0.0	0.0	3090.0	1.0000000
1	20350.0000	850.000	183.96919	0.0	0.0	3090.0	1.0000000
1	20350.0000	1050.000	184.70428	0.0	0.0	3090.0	1.0000000
1	19650.0000	1150.000	180.97740	0.0	0.0	3090.0	1.0000000
1	19650.0000	1050.000	187.13840	0.0	0.0	3090.0	1.0000000
1	19750.0000	950.000	187.06409	0.0	0.0	3090.0	1.0000000
1	19750.0000	950.000	180.51274	0.0	0.0	3090.0	1.0000000
1	19850.0000	950.000	176.13776	0.0	0.0	3090.0	1.0000000
1	19850.0000	950.000	173.46994	0.0	0.0	3090.0	1.0000000
1	19950.0000	1050.000	170.77438	0.0	0.0	3090.0	1.0000000
1	19850.0000	1150.000	170.43732	0.0	0.0	3090.0	1.0000000
1	19750.0000	1250.000	171.93140	0.0	0.0	3090.0	1.0000000
1	19900.0000	1000.000	171.85516	0.0	0.0	3090.0	1.0000000
32	19753.4629	1121.548	-51.77081	-350.0	0.0	1800.0	1.0000000
1	19718.6816	1079.243	179.31578	360.0	0.0	90.0	1.0000000
1	20262.7578	1239.482	168.86313	0.0	0.0	3090.0	1.0000000
1	20288.8652	1170.024	169.78247	0.0	0.0	3090.0	1.0000000
22	20602.3750	230.431	234.71584	0.0	0.0	50.0	1.0000000
1	20598.9902	271.062	227.17462	0.0	0.0	3090.0	1.0000000
1	20030.9844	196.387	214.04646	360.0	0.0	90.0	1.0000000
22	19526.3789	51.900	257.04343	0.0	0.0	50.0	1.0000000
1	19750.0000	50.000	219.40633	0.0	0.0	0.0	1.0000000
1	20350.0000	50.000	226.91515	0.0	0.0	0.0	1.0000000
1	20050.0000	50.000	236.14308	0.0	0.0	0.0	1.0000000
31	19466.1094	581.017	286.53323	-210.0	0.0	1360.0	1.0000000
1	19344.0605	262.799	243.35703	0.0	0.0	0.0	1.0000000
22	20094.4609	2609.019	183.02213	0.0	0.0	60.0	1.0000000
22	20650.0000	2250.000	198.70181	0.0	0.0	60.0	1.0000000
23	19550.0000	2950.000	169.50002	0.0	0.0	90.0	1.0000000
22	20471.7734	3109.106	176.02972	0.0	0.0	60.0	1.0000000
31	20204.8770	2502.914	190.54593	-5.0	0.0	2160.0	1.0000000
31	19968.2227	2073.030	141.76064	-5.0	0.0	2070.0	1.3599997
33	20750.0000	2200.000	207.67526	-350.0	0.0	1800.0	1.0000000
32	20635.4629	2164.537	48.02367	-350.0	0.0	1800.0	1.0000000
36	20012.2285	2815.753	246.53824	-725.0	0.0	1530.0	1.1999998
36	20562.6875	3182.549	197.33136	-725.0	0.0	1440.0	1.2199998
5	20016.7695	2005.832	155.97539	-715.0	0.0	2160.0	1.6599994
5	20237.0137	2416.646	191.64870	-715.0	0.0	2160.0	1.5999994
5	20670.0645	2114.678	189.10635	-715.0	0.0	2310.0	1.0000000
1	19350.0000	2350.000	169.49998	0.0	0.0	60.0	1.0000000
1	19350.0000	2750.000	169.49997	0.0	0.0	60.0	1.0000000
1	19550.0000	2950.000	177.85300	0.0	0.0	60.0	1.0000000
1	20350.0000	2050.000	174.31886	0.0	0.0	60.0	1.0000000
0	20450.0000	1850.000	169.50002	360.0	0.0	90.0	1.0000000
0	19650.0000	1650.000	175.85721	360.0	0.0	90.0	1.0000000
1	20550.0000	1850.000	169.49998	360.0	0.0	90.0	1.0000000
1	20250.0000	2150.000	193.90269	360.0	0.0	90.0	1.0000000
1	20150.0000	1950.000	172.32857	360.0	0.0	90.0	1.0000000
1	20050.0000	1850.000	169.68568	360.0	0.0	90.0	1.0000000
1	19950.0000	1850.000	169.50003	360.0	0.0	90.0	1.0000000
1	19950.0000	2650.000	214.39395	360.0	0.0	90.0	1.0000000
1	19950.0000	2550.000	207.24593	360.0	0.0	90.0	1.0000000
1	20050.0000	2450.000	200.98250	360.0	0.0	90.0	1.0000000
1	20150.0000	2350.000	196.68573	360.0	0.0	90.0	1.0000000
1	20750.0000	2150.000	180.66943	360.0	0.0	90.0	1.0000000
1	20650.0000	2050.000	169.49998	360.0	0.0	90.0	1.0000000
1	20450.0000	2250.000	186.25511	360.0	0.0	90.0	1.0000000
5	20515.6387	3157.422	250.30875	0.0	0.0	360.0	1.0000000
5	20524.4570	3125.815	242.00671	0.0	0.0	450.0	1.0000000
5	20186.8301	2685.565	295.03000	0.0	0.0	450.0	1.0000000
5	20447.4512	2522.700	292.05475	0.0	0.0	540.0	1.0000000
5	20250.0000	2150.000	193.99376	0.0	0.0	480.0	1.0000000
5	20063.2812	1939.824	174.08731	0.0	0.0	480.0	1.0000000
5	20471.6211	2174.451	174.34538	0.0	0.0	480.0	1.0000000
5	19336.3809	3056.546	182.31793	0.0	0.0	480.0	1.0000000
5	19242.9766	2833.802	170.73932	0.0	0.0	480.0	1.0000000
1	19850.0000	1650.000	169.50002	0.0	0.0	3090.0	1.0000000
1	19650.0000	1650.000	174.49187	0.0	0.0	3090.0	1.0000000
1	19550.0000	1650.000	181.99936	0.0	0.0	3090.0	1.0000000
1	19427.4336	1608.257	198.95375	0.0	0.0	3090.0	1.0000000
1	19725.8184	1710.168	169.90816	0.0	0.0	3090.0	1.0000000
1	19350.0000	1650.000	202.86935	0.0	0.0	3090.0	1.0000000
22	19400.0000	3200.000	169.50002	0.0	0.0	60.0	1.0000000
36	19703.0820	3638.850	256.90125	-725.0	0.0	1440.0	1.0000000
36	19465.4141	3735.835	221.46466	-725.0	0.0	1440.0	1.3599997
36	19270.3789	3774.673	216.02879	-725.0	0.0	1440.0	1.0000000
36	19291.8613	4584.540	197.22073	-725.0	0.0	1530.0	1.4599996
36	19779.9141	4716.789	237.22072	-725.0	0.0	1440.0	1.0000000
36	19308.4668	4401.310	242.22073	-725.0	0.0	1560.0	1.0000000
36	19316.6504	4617.450	179.46843	-730.0	0.0	2580.0	1.0000000
1	19750.0000	3850.000	222.34393	0.0	0.0	60.0	1.0000000
1	19650.0000	3650.000	203.83784	0.0	0.0	60.0	1.0000000
1	19450.0000	4050.000	170.78613	0.0	0.0	60.0	1.0000000
1	19350.0000	4250.000	169.49998	0.0	0.0	60.0	1.0000000
1	20150.0000	4650.000	169.49997	0.0	0.0	60.0	1.0000000
5	19212.6953	4211.918	224.50003	0.0	0.0	0.0	1.0000000
5	19843.4375	4656.563	224.49997	0.0	0.0	240.0	1.0000000
5	20123.0234	4615.826	224.50002	0.0	0.0	360.0	1.0000000
5	19788.6641	3975.819	255.67499	0.0	0.0	360.0	1.0000000
1	19250.0000	4850.000	169.50003	0.0	0.0	60.0	1.0000000
1	19750.0000	4950.000	169.50002	0.0	0.0	60.0	1.0000000
1	20350.0000	4950.000	169.50005	0.0	0.0	60.0	1.0000000
1	20450.0000	4950.000	170.14749	0.0	0.0	60.0	1.0000000
5	19340.8789	6072.405	224.50003	0.0	0.0	-180.0	1.0000000
5	19309.3301	5547.467	224.49997	0.0	0.0	-90.0	1.0000000
5	19839.5176	5858.963	224.49998	0.0	0.0	150.0	1.0000000
5	19567.5039	5708.234	224.50000	0.0	0.0	30.0	1.0000000
5	19754.6895	5153.196	224.50002	0.0	0.0	30.0	1.0000000
5	20547.0273	4948.156	225.27763	0.0	0.0	360.0	1.0000000
1	20350.0000	4950.000	169.50005	0.0	0.0	3420.0	1.0000000
1	20550.0000	4850.000	175.71240	0.0	0.0	3420.0	1.0000000
1	20550.0000	5050.000	169.50003	0.0	0.0	3420.0	1.0000000
35	19750.0000	7650.000	169.50002	355.0	0.0	2190.0	1.0000000
35	20650.0000	7350.000	169.50003	355.0	0.0	2190.0	1.0000000
35	20050.0000	6850.000	169.49998	355.0	0.0	2190.0	1.0000000
35	19450.0000	6850.000	169.49998	355.0	0.0	2190.0	1.0000000
35	20650.0000	7350.000	169.50000	355.0	0.0	2340.0	1.0000000
35	20700.0000	7300.000	169.49998	355.0	0.0	2190.0	1.7599993
35	20050.0000	6850.000	169.50002	355.0	0.0	2430.0	1.0000000
35	20050.0000	6850.000	169.50003	360.0	0.0	2760.0	1.4799995
35	19450.0000	6850.000	169.50002	360.0	0.0	2760.0	1.0000000
35	19450.0000	6850.000	169.49998	360.0	0.0	2760.0	1.5199995
35	19750.0000	7650.000	169.50000	360.0	0.0	2760.0	1.3799996
36	19500.0000	7300.000	169.50000	360.0	0.0	4020.0	1.4199996
36	19500.0000	7300.000	169.50003	360.0	0.0	3960.0	1.2799997
36	19900.0000	7600.000	169.49997	360.0	0.0	4020.0	1.0000000
36	19900.0000	7650.000	169.50000	360.0	0.0	4020.0	1.3599997
36	20650.0000	7250.000	169.50002	360.0	0.0	4020.0	1.0000000
4	19650.0000	7250.000	169.50000	0.0	0.0	-180.0	1.0000000
4	19250.0000	7250.000	169.50002	0.0	0.0	-180.0	1.0000000
4	19692.2441	7655.005	224.50002	0.0	0.0	-180.0	1.2599998
1	19750.0000	7750.000	188.11076	0.0	0.0	3420.0	1.0000000
1	19750.0000	7650.000	180.53281	0.0	0.0	3420.0	1.0000000
1	19750.0000	7650.000	180.21748	0.0	0.0	3420.0	1.0000000
1	19750.0000	7550.000	186.64485	0.0	0.0	3420.0	1.0000000
1	19250.0000	7450.000	169.50000	0.0	0.0	3420.0	1.0000000
1	19350.0000	6850.000	169.50002	0.0	0.0	3420.0	1.0000000
1	19350.0000	6850.000	169.49997	0.0	0.0	3420.0	1.0000000
1	19550.0000	6750.000	169.49997	0.0	0.0	3420.0	1.0000000
1	19550.0000	6850.000	169.50005	0.0	0.0	3420.0	1.0000000
1	19450.0000	6850.000	169.49998	0.0	0.0	3420.0	1.0000000
1	19450.0000	6850.000	169.50002	0.0	0.0	3420.0	1.0000000
1	20050.0000	6950.000	169.50000	0.0	0.0	3420.0	1.0000000
1	20150.0000	6850.000	170.39000	0.0	0.0	3420.0	1.0000000
1	20050.0000	6850.000	169.49997	0.0	0.0	3420.0	1.0000000
1	20050.0000	6850.000	169.49998	0.0	0.0	3420.0	1.0000000
1	19950.0000	6850.000	169.50000	0.0	0.0	3420.0	1.0000000
1	19950.0000	6750.000	169.49997	0.0	0.0	3420.0	1.0000000
35	19350.0000	8250.000	169.49998	355.0	0.0	2340.0	1.0000000
35	19450.0000	8450.000	169.50003	355.0	0.0	2190.0	1.0000000
35	20350.0000	8250.000	169.50002	355.0	0.0	2190.0	1.0000000
35	20350.0000	8250.000	169.50002	355.0	0.0	2400.0	1.4799995
35	20350.0000	8250.000	169.50002	355.0	0.0	2340.0	1.0000000
35	19350.0000	8250.000	169.50002	360.0	0.0	2940.0	1.3999996
35	19450.0000	8450.000	169.49998	360.0	0.0	2760.0	1.3999996
35	20150.0000	9050.000	169.49998	360.0	0.0	2760.0	1.0000000
35	20200.0000	9000.000	169.50000	360.0	0.0	2580.0	1.0000000
35	20150.0000	9050.000	169.50000	360.0	0.0	2850.0	1.3199997
36	20750.0000	9100.000	169.50003	360.0	0.0	4020.0	1.4199996
36	20250.0000	9400.000	170.26582	360.0	0.0	4020.0	1.0000000
36	19850.0000	9300.000	175.92593	360.0	0.0	4020.0	1.0000000
36	19950.0000	9300.000	170.08395	360.0	0.0	4020.0	1.0000000
36	19400.0000	8200.000	169.49998	360.0	0.0	3960.0	1.0000000
36	19350.0000	8100.000	169.49997	360.0	0.0	4020.0	1.4199996
36	19500.0000	8400.000	169.50000	360.0	0.0	3960.0	1.3399997
36	19300.0000	8350.000	169.50002	360.0	0.0	4020.0	1.4399996
36	20400.0000	8150.000	169.49997	360.0	0.0	4020.0	1.0000000
36	20400.0000	8150.000	169.49997	360.0	0.0	4020.0	1.3799996
4	20750.0000	9250.000	180.60516	0.0	0.0	-180.0	1.0000000
4	20450.0000	9350.000	192.72513	0.0	0.0	-180.0	1.0000000
4	20150.0000	9450.000	185.52286	0.0	0.0	-180.0	1.0000000
4	19650.0000	8850.000	178.69466	0.0	0.0	-180.0	1.0000000
4	19550.0000	8750.000	170.99998	0.0	0.0	-180.0	1.0000000
4	19650.0000	8350.000	178.80466	0.0	0.0	-180.0	1.0000000
4	19550.0000	8450.000	182.58406	0.0	0.0	-180.0	1.0000000
4	19950.0000	8250.000	169.50000	0.0	0.0	-180.0	1.0000000
4	20150.0000	8450.000	169.50000	0.0	0.0	-180.0	1.0000000
7	19210.9844	9589.675	124.34076	-10.0	0.0	4340.0	1.0000000
1	19850.0000	9350.000	197.57065	0.0	0.0	420.0	1.0000000
1	20150.0000	9350.000	192.74710	0.0	0.0	420.0	1.0000000
1	20250.0000	9450.000	186.73767	0.0	0.0	420.0	1.0000000
1	20550.0000	9550.000	197.97252	0.0	0.0	420.0	1.0000000
26	19418.7188	9597.057	164.17166	0.0	0.0	2370.0	0.4600005
1	20350.0000	8350.000	189.97412	0.0	0.0	3420.0	1.0000000
1	20350.0000	8250.000	194.99489	0.0	0.0	3420.0	1.0000000
1	20350.0000	8250.000	200.89992	0.0	0.0	3420.0	1.0000000
1	20350.0000	8250.000	201.14378	0.0	0.0	3420.0	1.0000000
19	19294.3711	10068.654	169.50000	0.0	0.0	1860.0	1.0000000
19	19443.7070	10156.700	169.50000	0.0	0.0	1800.0	1.0000000
19	19641.6777	10163.655	169.50000	0.0	0.0	1800.0	1.0000000
19	19825.4375	10212.904	169.49998	0.0	0.0	1830.0	1.0000000
19	19993.9961	10311.975	169.49998	0.0	0.0	1830.0	1.0000000
19	20336.7363	10511.820	169.50002	0.0	0.0	1830.0	1.0000000
19	20508.5352	10611.434	169.50000	0.0	0.0	1830.0	1.0000000
19	20640.9785	10746.535	169.49998	0.0	0.0	1860.0	1.0000000
19	20739.9258	10919.468	169.50000	0.0	0.0	1860.0	1.0000000
19	20789.9648	11106.036	169.50002	0.0	0.0	1890.0	1.0000000
23	20050.0000	10250.000	169.50002	0.0	0.0	90.0	1.0000000
20	20447.6309	11178.296	169.50002	0.0	0.0	60.0	1.0000000
32	19202.5234	9716.538	100.94456	5.0	0.0	690.0	1.0000000
32	19999.6523	10066.484	130.39272	5.0	0.0	630.0	1.0000000
32	20121.4941	10161.035	121.27026	-45.0	0.0	630.0	1.0000000
32	20569.1582	10440.901	111.25739	-15.0	0.0	690.0	1.1799998
33	20700.0000	10450.000	161.78735	365.0	0.0	1260.0	1.0000000
6	19373.2012	10087.512	239.15587	0.0	0.0	660.0	1.0000000
7	20565.1875	10339.320	153.27640	20.0	0.0	4310.0	1.0000000
7	20588.2480	10327.400	149.06682	20.0	0.0	4370.0	1.0000000
7	20697.4863	10465.575	158.27054	20.0	0.0	4430.0	1.0000000
7	20678.4609	10423.326	156.59167	20.0	0.0	4370.0	1.0000000
7	20026.2207	9985.851	171.00189	20.0	0.0	4340.0	1.0000000
7	20057.4609	9979.416	163.26903	20.0	0.0	4400.0	1.0000000
7	20197.7031	10094.121	165.87019	20.0	0.0	4310.0	1.0000000
7	20214.8047	10078.738	164.72513	20.0	0.0	4370.0	1.0000000
7	20364.9551	10143.946	196.14067	20.0	0.0	4370.0	1.0000000
7	20102.5801	10070.148	166.59421	20.0	0.0	4400.0	1.0000000
7	20351.6211	10179.183	186.62561	20.0	0.0	4430.0	1.0000000
7	20781.8398	10952.861	202.94734	20.0	0.0	4340.0	1.0000000
7	20732.4355	10861.337	191.25932	20.0	0.0	4430.0	1.0000000
7	20718.9355	10841.399	190.91063	20.0	0.0	4310.0	1.0000000
7	20618.9492	10680.780	154.29202	-10.0	0.0	4370.0	1.0000000
7	20661.8477	10779.353	157.74063	-10.0	0.0	4310.0	1.0000000
7	20607.7949	10621.242	152.22530	-10.0	0.0	4430.0	1.0000000
7	20124.8047	10342.527	174.68106	-10.0	0.0	4340.0	1.0000000
7	20374.5020	10491.903	157.59534	-10.0	0.0	4310.0	1.0000000
7	20455.4102	10538.811	156.08675	-10.0	0.0	4310.0	1.0000000
7	20413.8125	10501.840	139.21571	-10.0	0.0	4370.0	1.0000000
7	20071.7539	10311.509	181.62933	-10.0	0.0	4310.0	1.0000000
19	20169.9473	10407.939	170.09708	0.0	0.0	1830.0	1.0000000
7	20249.9141	10412.760	173.60246	-10.0	0.0	4340.0	1.0000000
7	20306.1621	10461.817	163.72714	-10.0	0.0	4430.0	1.0000000
7	19704.6016	10120.506	159.29170	-10.0	0.0	4340.0	1.0000000
7	19221.1816	9949.429	189.79710	-10.0	0.0	4340.0	1.0000000
7	19290.9297	9983.080	210.36186	-10.0	0.0	4400.0	1.0000000
7	19348.0430	10076.229	190.48627	-10.0	0.0	4310.0	1.0000000
7	19390.3652	10129.022	177.53819	-10.0	0.0	4370.0	1.0000000
7	19503.2773	10142.221	177.60007	-10.0	0.0	4310.0	1.0000000
7	19606.2930	10127.806	177.80560	-10.0	0.0	4370.0	1.0000000
7	19243.3633	9622.645	125.72260	-10.0	0.0	4400.0	1.0000000
7	19293.9727	9724.309	137.08003	-10.0	0.0	4400.0	1.0000000
9	19525.9355	11118.888	169.49995	0.0	0.0	0.0	1.0000000
7	19523.8594	11082.336	169.49995	0.0	0.0	0.0	1.0000000
7	19562.3906	11098.566	169.49998	0.0	0.0	60.0	1.0000000
7	19543.9219	11157.048	169.49995	0.0	0.0	150.0	1.0000000
7	19483.1934	11129.092	169.49998	0.0	0.0	-90.0	1.0000000
7	20372.7266	10966.590	171.81255	20.0	0.0	4280.0	1.0000000
7	20412.0723	10973.127	177.88507	20.0	0.0	4340.0	1.0000000
31	20508.8398	10896.778	144.90591	20.0	0.0	4640.0	1.0000000
31	20355.9473	10799.191	129.02756	20.0	0.0	4400.0	1.0000000
1	20650.0000	9650.000	200.76404	0.0	0.0	420.0	1.0000000
26	19847.1660	9736.893	161.96466	0.0	0.0	2310.0	0.5200005
26	20407.5527	10041.546	175.51677	0.0	0.0	2520.0	0.5400004
9	20063.6113	10742.197	170.29350	0.0	0.0	0.0	1.0000000
7	20094.9941	10716.585	148.71333	0.0	0.0	90.0	1.0000000
7	20046.6914	10723.938	145.37398	0.0	0.0	-90.0	1.0000000
1	20250.0000	10350.000	193.30090	0.0	0.0	3420.0	1.0000000
1	20350.0000	10350.000	180.02280	0.0	0.0	3420.0	1.0000000
1	20350.0000	10450.000	186.17120	0.0	0.0	3420.0	1.0000000
1	20450.0000	10450.000	191.59093	0.0	0.0	3420.0	1.0000000
1	20650.0000	10650.000	190.09085	0.0	0.0	3420.0	1.0000000
1	20750.0000	10750.000	187.57785	0.0	0.0	3420.0	1.0000000
1	19350.0000	9950.000	209.47722	0.0	0.0	3420.0	1.0000000
1	19450.0000	10050.000	201.40851	0.0	0.0	3420.0	1.0000000
1	19550.0000	10050.000	198.61627	0.0	0.0	3420.0	1.0000000
38	19250.0000	10750.000	169.49997	0.0	0.0	0.0	1.0000000
38	20150.0000	10850.000	169.49995	0.0	0.0	0.0	1.0000000
38	20050.0000	10650.000	175.13205	0.0	0.0	90.0	1.0000000
18	19453.7480	12798.240	169.49995	0.0	0.0	120.0	1.2399998
18	19337.1270	12557.607	169.50000	0.0	0.0	30.0	1.0000000
19	20787.1426	11304.505	169.50005	0.0	0.0	1890.0	1.0000000
19	20706.9082	11445.048	169.49998	0.0	0.0	1950.0	1.0000000
19	20532.5781	11543.504	169.50005	0.0	0.0	1950.0	1.0000000
19	20358.3633	11644.320	169.49998	0.0	0.0	1950.0	1.0000000
19	20274.3398	11793.786	169.50006	0.0	0.0	1890.0	1.0000000
19	20273.1758	11991.155	169.49998	0.0	0.0	1890.0	1.0000000
19	20272.6582	12190.490	169.50003	0.0	0.0	1890.0	1.0000000
19	20331.7578	12369.080	169.50008	0.0	0.0	2040.0	1.0000000
19	20462.5977	12499.920	169.50008	0.0	0.0	2010.0	1.0000000
22	20600.0000	11650.000	169.49998	0.0	0.0	90.0	1.0000000
0	19350.0000	11800.000	169.50000	0.0	0.0	120.0	1.0000000
25	20300.0000	12050.000	184.26509	0.0	0.0	1440.0	1.5199995
19	20634.2129	12499.771	180.93018	0.0	0.0	1950.0	1.0000000
24	20754.0156	12521.839	174.25444	0.0	0.0	0.0	0.6400003
32	20699.5215	11637.199	78.05315	5.0	0.0	690.0	1.0000000
36	19300.0000	11500.000	205.26962	360.0	0.0	4050.0	1.4199996
0	19401.6855	11898.315	185.28357	0.0	0.0	0.0	1.0000000
0	19678.8066	12691.194	186.00676	0.0	0.0	0.0	1.0000000
6	19303.4453	11407.868	181.34709	0.0	0.0	570.0	1.9199991
7	19284.4355	11699.230	204.71558	20.0	0.0	4430.0	1.0000000
7	19269.4863	11678.159	206.62265	20.0	0.0	4310.0	1.0000000
7	19372.1523	11763.027	230.01791	20.0	0.0	4310.0	1.0000000
7	19557.3535	12546.783	221.83641	20.0	0.0	4400.0	1.0000000
7	19792.7559	12709.430	228.96268	20.0	0.0	4340.0	1.0000000
7	19817.6191	12714.033	228.13583	20.0	0.0	4400.0	1.0000000
7	19646.4844	12645.812	216.17542	20.0	0.0	4340.0	1.0000000
7	19295.1035	12413.910	219.26495	20.0	0.0	4340.0	1.0000000
7	19305.9648	12427.043	223.34433	20.0	0.0	4430.0	1.0000000
7	19582.9629	12588.683	297.28235	20.0	0.0	4370.0	1.0000000
7	19573.4590	12573.860	300.52063	20.0	0.0	4280.0	1.0000000
7	19400.2344	12454.873	190.74162	20.0	0.0	4370.0	1.0000000
7	19382.3477	12459.057	188.81956	20.0	0.0	4280.0	1.0000000
7	19412.7070	12481.470	193.25931	20.0	0.0	4460.0	1.0000000
7	20701.4492	12283.197	171.26357	20.0	0.0	4310.0	1.0000000
7	20713.8750	12270.170	169.47774	20.0	0.0	4400.0	1.0000000
7	20718.8398	11525.080	162.87032	20.0	0.0	4310.0	1.0000000
7	20740.3262	11524.418	161.22729	20.0	0.0	4400.0	1.0000000
7	20783.3398	11645.980	155.47260	20.0	0.0	4460.0	1.0000000
7	20773.8086	11625.485	155.90147	20.0	0.0	4370.0	1.0000000
7	20567.4258	12525.132	180.93835	20.0	0.0	4340.0	1.0000000
7	20359.6875	12432.354	196.25389	20.0	0.0	4400.0	1.0000000
7	20365.4609	12389.809	199.24707	20.0	0.0	4310.0	1.0000000
7	20412.9355	12466.099	197.08417	20.0	0.0	4400.0	1.0000000
7	20517.1875	12536.012	186.03000	20.0	0.0	4310.0	1.0000000
7	20279.4316	12240.433	184.51251	20.0	0.0	4340.0	1.0000000
7	20301.6309	12318.053	187.28212	20.0	0.0	4400.0	1.0000000
7	20299.3027	12254.583	191.16008	20.0	0.0	4460.0	1.0000000
7	20235.7891	12149.952	171.03485	20.0	0.0	4400.0	1.0000000
7	20229.0879	11951.353	159.05748	20.0	0.0	4400.0	1.0000000
7	20495.9102	11557.339	179.95790	20.0	0.0	4340.0	1.0000000
7	20587.8613	11502.369	172.13019	20.0	0.0	4340.0	1.0000000
7	20668.4941	11455.479	191.17790	20.0	0.0	4340.0	1.0000000
7	20669.0078	11467.691	189.89558	20.0	0.0	4430.0	1.0000000
7	20474.7539	11549.417	196.46974	20.0	0.0	4280.0	1.0000000
7	19573.9297	12290.271	170.48045	0.0	0.0	60.0	1.0000000
7	19532.6484	12294.208	173.19360	0.0	0.0	-30.0	1.0000000
7	19564.1426	12261.420	149.49998	0.0	0.0	0.0	1.0000000
7	19541.3965	11790.771	178.66937	0.0	0.0	90.0	1.0000000
7	19513.4277	11750.935	175.08415	0.0	0.0	0.0	1.0000000
7	19548.7480	11578.470	158.60260	0.0	0.0	90.0	1.0000000
7	19506.6777	11544.982	166.54878	0.0	0.0	0.0	1.0000000
7	19522.6250	11615.433	166.66525	0.0	0.0	150.0	1.0000000
7	20321.6016	11635.556	157.94731	20.0	0.0	4280.0	1.0000000
7	20216.3242	11827.903	147.11478	20.0	0.0	4280.0	1.0000000
1	19250.0000	11450.000	204.63586	0.0	0.0	420.0	1.0000000
1	19250.0000	11650.000	192.79869	0.0	0.0	420.0	1.0000000
1	19350.0000	11850.000	179.58974	0.0	0.0	420.0	1.0000000
9	19747.8320	11540.511	169.00871	0.0	0.0	0.0	1.0000000
7	19737.3477	11512.820	144.00870	0.0	0.0	-30.0	1.0000000
7	19782.9180	11519.097	144.00871	0.0	0.0	90.0	1.0000000
7	19754.1855	11570.254	144.00874	0.0	0.0	150.0	1.0000000
6	19600.0000	12600.000	174.92332	-40.0	0.0	-180.0	1.4599996
6	19564.8145	11779.590	193.30130	0.0	0.0	660.0	1.6999993
36	19200.0000	12950.000	170.14850	360.0	0.0	3960.0	1.0000000
19	19295.6543	13226.190	169.50000	0.0	0.0	1950.0	1.0000000
19	19466.7031	13129.356	169.50005	0.0	0.0	1950.0	1.0000000
19	19657.2949	13079.520	169.50003	0.0	0.0	1980.0	1.0000000
19	19856.7559	13081.937	169.49997	0.0	0.0	1980.0	1.0000000
19	20054.0664	13083.194	169.50000	0.0	0.0	1980.0	1.0000000
19	20240.3223	13135.048	169.50002	0.0	0.0	2010.0	1.0000000
23	19450.0000	13050.000	169.50000	0.0	0.0	90.0	1.0000000
20	19677.2227	12897.388	169.50000	0.0	0.0	0.0	1.0000000
10	20450.0000	13550.000	169.50003	0.0	0.0	60.0	1.4399996
24	20300.0000	13250.000	169.50003	0.0	0.0	0.0	0.7000003
6	20438.2051	13106.286	529.50000	35.0	0.0	90.0	1.0000000
6	20461.8828	13041.282	359.50000	35.0	0.0	30.0	1.2999997
28	20227.9199	13680.806	209.50000	-720.0	0.0	690.0	1.0000000
29	19948.9668	13924.865	375.58984	-355.0	0.0	150.0	0.8600001
28	19572.5410	13968.350	224.22433	-355.0	0.0	270.0	1.0000000
5	19275.5723	14077.294	206.01567	-10.0	0.0	7190.0	1.2599998
5	19502.3379	14122.602	208.05649	-10.0	0.0	7370.0	1.2799997
5	19688.6426	13881.369	180.88560	-10.0	0.0	7370.0	1.0000000
5	19370.7832	14098.452	208.77168	-10.0	0.0	7370.0	1.0000000
0	20675.9746	14364.997	211.23271	0.0	0.0	0.0	1.0000000
0	19822.6348	13032.110	178.58830	0.0	0.0	0.0	1.0000000
0	20364.5039	13638.085	222.41176	0.0	0.0	0.0	1.0000000
7	19739.0684	14172.433	266.54227	10.0	0.0	1200.0	1.0000000
7	19728.2285	14139.609	276.21759	10.0	0.0	1050.0	1.0000000
7	19932.5039	14120.499	242.11011	10.0	0.0	1200.0	1.0000000
7	19926.6738	14081.059	250.35645	10.0	0.0	1110.0	1.0000000
7	19953.2559	14093.673	237.17194	10.0	0.0	1200.0	1.0000000
7	20325.6328	14385.141	275.10077	10.0	0.0	1050.0	1.0000000
7	20190.5430	13932.616	223.33524	10.0	0.0	1170.0	1.0000000
7	20465.1562	14299.558	258.86588	10.0	0.0	1080.0	1.0000000
7	20403.9277	13383.321	234.57385	10.0	0.0	1080.0	1.0000000
7	20378.5938	14381.957	278.25391	10.0	0.0	1170.0	1.0000000
7	19970.6172	12841.379	213.89120	20.0	0.0	4400.0	1.0000000
7	19973.5996	12813.618	213.77081	20.0	0.0	4310.0	1.0000000
7	20382.4277	13265.631	191.59827	20.0	0.0	4430.0	1.0000000
7	20462.5723	13511.178	195.85117	20.0	0.0	4310.0	1.0000000
7	20274.3535	13155.504	173.52962	20.0	0.0	4340.0	1.0000000
7	20290.8398	13150.506	168.60626	20.0	0.0	4430.0	1.0000000
7	20364.8086	13245.665	184.37511	20.0	0.0	4370.0	1.0000000
7	19233.0469	13244.011	179.91026	20.0	0.0	4400.0	1.0000000
7	19995.4844	13075.337	174.37700	20.0	0.0	4340.0	1.0000000
7	19953.1152	13069.687	173.78397	20.0	0.0	4310.0	1.0000000
7	20120.3398	13086.711	184.87416	20.0	0.0	4310.0	1.0000000
7	20124.7656	13077.589	183.04124	20.0	0.0	4400.0	1.0000000
7	20195.2383	13101.171	179.03839	20.0	0.0	4400.0	1.0000000
7	19806.4277	13082.612	168.50592	20.0	0.0	4340.0	1.0000000
1	20250.0000	13250.000	196.83620	0.0	0.0	450.0	1.0000000
1	20150.0000	13150.000	192.94958	0.0	0.0	450.0	1.0000000
1	20250.0000	13350.000	187.15080	0.0	0.0	450.0	1.0000000
1	20150.0000	13250.000	185.84431	0.0	0.0	450.0	1.0000000
1	19350.0000	13050.000	170.43378	0.0	0.0	450.0	1.0000000
26	19339.4785	13492.766	178.94286	0.0	0.0	2700.0	0.6800003
26	19733.2246	13300.566	178.94284	0.0	0.0	2700.0	0.5000005
29	20337.8438	14510.769	339.49997	-355.0	0.0	-60.0	1.0000000
29	19794.2422	14856.016	274.50000	-400.0	0.0	-300.0	1.0000000
29	19562.4551	14957.597	274.50003	-400.0	0.0	-360.0	1.0000000
28	19514.3242	15203.433	204.64958	-720.0	0.0	600.0	1.0000000
28	20596.8320	14433.418	224.50002	-355.0	0.0	270.0	1.0000000
5	19540.9121	15884.485	220.86659	-10.0	0.0	6860.0	1.0000000
5	19465.7461	14814.334	245.79134	-10.0	0.0	7370.0	1.0000000
5	19717.2480	14817.914	216.26038	-10.0	0.0	7310.0	1.0000000
5	20018.4688	14695.415	255.87459	-10.0	0.0	7310.0	1.0000000
5	20650.0000	14650.000	169.49998	0.0	0.0	8720.0	1.0000000
0	19486.9434	15849.693	216.77879	0.0	0.0	0.0	1.0000000
0	19433.7168	15246.703	210.16629	0.0	0.0	0.0	1.0000000
0	20726.6426	14536.404	198.94203	0.0	0.0	0.0	1.0000000
7	19434.4648	15749.383	244.35184	10.0	0.0	1140.0	1.0000000
7	19412.7480	15731.624	223.16214	10.0	0.0	1080.0	1.0000000
7	19402.6270	15026.272	299.49243	10.0	0.0	1200.0	1.0000000
7	19360.4707	15003.242	292.03793	10.0	0.0	1080.0	1.0000000
7	19403.7129	14986.651	300.20401	10.0	0.0	1140.0	1.0000000
7	19580.9844	14662.532	253.23526	10.0	0.0	1050.0	1.0000000
7	19632.5918	14647.490	244.76770	10.0	0.0	1170.0	1.0000000
7	19618.2051	14689.153	259.81128	10.0	0.0	1200.0	1.0000000
7	20124.7598	14568.455	268.14145	10.0	0.0	1110.0	1.0000000
7	20082.5488	14559.371	246.85156	10.0	0.0	1020.0	1.0000000
7	20786.7246	14523.014	241.66589	10.0	0.0	1050.0	1.0000000
5	20650.0000	15850.000	169.49997	0.0	0.0	810.0	1.0000000
5	19429.5586	17334.824	236.37379	-10.0	0.0	6170.0	1.0000000
5	19413.9141	17451.502	240.57098	-10.0	0.0	6320.0	1.0000000
5	19372.6719	17140.100	223.35707	-10.0	0.0	6320.0	1.2799997
5	19410.8770	16999.984	225.37209	-10.0	0.0	6440.0	1.0000000
5	19433.2383	16667.707	226.60857	-10.0	0.0	6440.0	1.1799998
5	19506.9727	16383.461	230.80623	-10.0	0.0	6890.0	1.0000000
5	19526.0879	16172.711	207.80035	-10.0	0.0	6890.0	1.0000000
5	19455.9551	16547.740	225.07399	-10.0	0.0	7370.0	1.0000000
5	20750.0000	16950.000	169.50002	0.0	0.0	8720.0	1.0000000
5	20750.0000	16850.000	169.50003	0.0	0.0	8720.0	1.0000000
5	20450.0000	16750.000	177.47693	0.0	0.0	8720.0	1.0000000
5	20250.0000	17350.000	192.30911	0.0	0.0	8720.0	1.0000000
5	19850.0000	17550.000	178.42981	0.0	0.0	8720.0	1.0000000
5	19475.3223	17426.459	226.41548	0.0	0.0	8720.0	1.0000000
0	19457.2305	16437.863	216.87297	0.0	0.0	0.0	1.0000000
0	19467.1309	16644.959	222.56735	0.0	0.0	0.0	1.0000000
0	20330.0605	16144.165	169.49997	0.0	0.0	0.0	1.0000000
0	20366.9688	16014.247	169.49998	0.0	0.0	0.0	1.0000000
0	20216.9180	16353.208	169.50003	0.0	0.0	0.0	1.0000000
0	20255.9785	17366.980	190.09839	0.0	0.0	0.0	1.0000000
7	19394.7227	17376.439	300.30429	10.0	0.0	1200.0	1.0000000
7	19365.4512	17350.488	272.97812	10.0	0.0	1110.0	1.0000000
7	19370.2969	17380.088	239.37961	10.0	0.0	1170.0	1.0000000
7	19339.2734	16607.936	224.82306	10.0	0.0	1140.0	1.0000000
7	19304.1074	16597.230	212.17694	10.0	0.0	1050.0	1.0000000
7	19322.1133	16653.826	223.02704	10.0	0.0	1200.0	1.0000000
7	19334.2559	17046.861	237.89526	10.0	0.0	1200.0	1.0000000
7	19305.6641	17023.193	224.74838	10.0	0.0	1080.0	1.0000000
7	19337.6875	17020.162	216.58319	10.0	0.0	1170.0	1.0000000
7	19468.3828	16217.325	252.18286	10.0	0.0	1140.0	1.0000000
7	19454.8516	16179.004	248.04025	10.0	0.0	1050.0	1.0000000
7	19493.9590	16142.144	256.99615	10.0	0.0	1140.0	1.0000000
5	20750.0000	16050.000	169.49998	0.0	0.0	810.0	1.0000000
5	20650.0000	16850.000	169.49997	0.0	0.0	810.0	1.0000000
29	19929.7441	18619.211	379.50000	-355.0	0.0	60.0	1.0000000
29	20444.0898	18184.771	379.50000	-355.0	0.0	-60.0	1.0000000
5	19980.8027	18674.930	234.02660	-10.0	0.0	5390.0	1.0000000
5	19779.7051	18586.559	202.22527	-10.0	0.0	5480.0	1.0000000
5	20410.9492	19192.789	228.68956	-10.0	0.0	5420.0	1.0000000
5	19517.9512	18304.672	234.76506	-10.0	0.0	5600.0	1.3599997
5	19506.0820	17956.141	232.60544	-10.0	0.0	5780.0	1.1999998
5	19721.9062	18490.400	182.14748	-10.0	0.0	5780.0	1.3399997
5	19469.5898	17699.691	219.50349	-10.0	0.0	6110.0	1.1599998
5	19815.2969	18680.580	225.44981	-10.0	0.0	7370.0	1.0000000
5	20250.0000	18450.000	202.38205	0.0	0.0	8720.0	1.0000000
5	20350.0000	18350.000	215.18834	0.0	0.0	8720.0	1.0000000
5	20550.0000	19150.000	232.54164	0.0	0.0	8720.0	1.0000000
5	20650.0000	19150.000	185.30772	0.0	0.0	8720.0	1.0000000
5	20750.0000	18850.000	206.27228	0.0	0.0	8720.0	1.0000000
5	20650.0000	18050.000	195.58908	0.0	0.0	8720.0	1.0000000
0	20701.0820	18019.992	207.43878	0.0	0.0	0.0	1.0000000
0	20490.6855	18315.428	210.45892	0.0	0.0	0.0	1.0000000
0	20004.9434	18651.186	221.06270	0.0	0.0	0.0	1.0000000
0	19531.3223	18218.525	213.79147	0.0	0.0	0.0	1.0000000
7	19336.8887	19082.217	244.71603	10.0	0.0	1140.0	1.0000000
7	19297.2500	19040.971	243.57077	10.0	0.0	1080.0	1.0000000
7	19327.9336	19051.346	224.32188	10.0	0.0	1110.0	1.0000000
7	19613.1875	18607.695	191.23471	10.0	0.0	1140.0	1.0000000
7	19625.7227	18638.176	192.47792	10.0	0.0	1200.0	1.0000000
7	19815.0176	18690.645	243.97913	10.0	0.0	1110.0	1.0000000
7	19405.8711	18054.525	258.49335	10.0	0.0	1110.0	1.0000000
7	19406.7969	18093.203	253.36172	10.0	0.0	1200.0	1.0000000
7	19396.8242	18092.648	211.49057	10.0	0.0	1140.0	1.0000000
7	19400.1113	18269.578	207.31560	10.0	0.0	1080.0	1.0000000
7	19275.7383	17833.721	200.76816	10.0	0.0	1140.0	1.0000000
7	19246.5996	17802.104	180.60388	10.0	0.0	1050.0	1.0000000
7	19316.3125	17842.771	206.03873	10.0	0.0	1170.0	1.0000000
7	20548.9434	18245.986	243.66266	10.0	0.0	1110.0	1.0000000
7	20389.5391	19163.666	290.44836	10.0	0.0	1110.0	1.0000000
7	20625.3672	18236.658	217.23808	20.0	0.0	4490.0	1.0000000
7	20636.2559	18199.402	218.75345	20.0	0.0	4400.0	1.0000000
3	20550.0000	18950.000	214.49629	0.0	0.0	570.0	1.0000000
3	20450.0000	19150.000	242.64861	0.0	0.0	570.0	1.0000000
3	19950.0000	18550.000	207.78117	0.0	0.0	570.0	1.0000000
3	20250.0000	18450.000	205.80106	0.0	0.0	570.0	1.0000000
3	20450.0000	18250.000	204.17740	0.0	0.0	570.0	1.0000000
3	20550.0000	17950.000	205.95068	0.0	0.0	570.0	1.0000000
5	19650.0000	17850.000	202.97121	0.0	0.0	810.0	1.0000000
5	19850.0000	18050.000	195.70824	0.0	0.0	810.0	1.0000000
5	20050.0000	18250.000	193.58023	0.0	0.0	810.0	1.0000000
5	20750.0000	18950.000	207.51653	0.0	0.0	810.0	1.0000000
5	20750.0000	19150.000	184.64003	0.0	0.0	810.0	1.0000000
24	19310.3750	19445.908	148.86876	-355.0	0.0	570.0	0.6800003
28	19337.0215	20029.863	164.50002	-355.0	0.0	570.0	1.0000000
29	20326.9043	19342.268	379.49997	-355.0	0.0	-330.0	1.0000000
1	19250.0000	19250.000	213.37000	0.0	0.0	60.0	1.0000000
1	19350.0000	19350.000	226.49251	0.0	0.0	60.0	1.0000000
1	19450.0000	19650.000	202.52705	0.0	0.0	60.0	1.0000000
1	19250.0000	20550.000	169.50002	0.0	0.0	60.0	1.0000000
5	19440.4922	20538.742	180.94121	-10.0	0.0	4760.0	1.2599998
5	19616.9238	20605.529	209.92592	-10.0	0.0	4820.0	1.4199996
5	19463.2598	20199.158	206.94087	-10.0	0.0	4910.0	1.5399995
5	20140.2383	20290.980	200.99791	-10.0	0.0	4910.0	1.3199997
5	20257.8613	20336.164	212.56485	-10.0	0.0	5060.0	1.0000000
5	19428.1797	19696.746	201.75523	-10.0	0.0	5060.0	1.4799995
5	19449.9648	19483.293	243.01418	-10.0	0.0	5150.0	1.3799996
5	20305.5332	19535.357	219.23616	-10.0	0.0	5390.0	1.2999997
5	19368.0938	19297.561	237.25426	-10.0	0.0	7370.0	1.0000000
5	20317.0879	19671.535	222.43794	-10.0	0.0	7370.0	1.0000000
5	20294.2031	19837.289	234.23529	-10.0	0.0	7520.0	1.0000000
5	20263.1035	20136.104	216.75542	-10.0	0.0	7520.0	1.0000000
5	20586.7695	20670.838	223.02856	-10.0	0.0	7400.0	1.0000000
5	20446.1992	20461.689	227.95848	-10.0	0.0	7460.0	1.0000000
5	20650.0000	19850.000	169.50002	0.0	0.0	8720.0	1.0000000
0	20318.1738	19273.844	241.13911	0.0	0.0	0.0	1.0000000
0	19459.5332	19674.619	200.53532	0.0	0.0	0.0	1.0000000
0	19518.6133	20153.838	212.38307	0.0	0.0	0.0	1.0000000
0	20262.7637	20326.086	204.85606	0.0	0.0	0.0	1.0000000
0	19460.8672	19992.121	208.99252	0.0	0.0	0.0	1.0000000
0	19418.4434	20077.344	199.57695	0.0	0.0	0.0	1.0000000
0	19359.4668	19806.305	184.42032	0.0	0.0	0.0	1.0000000
0	19344.8594	19328.189	233.14868	0.0	0.0	0.0	1.0000000
7	19643.4707	20384.957	161.86092	10.0	0.0	810.0	1.0000000
7	19643.0820	20352.520	189.97284	10.0	0.0	750.0	1.0000000
7	19644.2832	20414.855	193.97867	10.0	0.0	870.0	1.0000000
7	20078.0117	20267.494	180.71922	10.0	0.0	1140.0	1.0000000
7	20339.0059	20466.902	217.17078	10.0	0.0	1140.0	1.0000000
7	20308.0156	20491.219	185.49168	10.0	0.0	1080.0	1.0000000
7	20423.5938	20671.898	227.97206	10.0	0.0	1080.0	1.0000000
7	20457.2402	20672.953	219.91158	10.0	0.0	1170.0	1.0000000
7	20696.6172	20772.127	231.19675	10.0	0.0	1080.0	1.0000000
7	20720.6133	20773.750	202.28551	10.0	0.0	1170.0	1.0000000
7	19555.8242	19973.635	226.50192	10.0	0.0	1140.0	1.0000000
7	19600.2090	19992.127	203.80399	10.0	0.0	1200.0	1.0000000
7	19548.1660	19943.773	192.16071	10.0	0.0	1110.0	1.0000000
7	19546.6074	19561.613	196.90620	10.0	0.0	1110.0	1.0000000
7	19543.0078	19589.893	217.57175	10.0	0.0	1200.0	1.0000000
7	19553.6074	19593.545	184.68826	10.0	0.0	1170.0	1.0000000
7	20193.0195	19685.711	226.44757	10.0	0.0	1170.0	1.0000000
7	20213.9941	19631.227	226.93051	10.0	0.0	1110.0	1.0000000
7	20199.2520	20018.504	227.73698	10.0	0.0	1110.0	1.0000000
7	20175.4219	20088.926	218.29877	10.0	0.0	1200.0	1.0000000
7	20208.3223	19848.465	224.26793	10.0	0.0	1110.0	1.0000000
7	20208.1504	19878.453	201.92296	10.0	0.0	1170.0	1.0000000
7	20236.8574	19243.111	240.28897	10.0	0.0	1080.0	1.0000000
7	20239.4434	19267.682	261.14691	10.0	0.0	1140.0	1.0000000
7	19473.4824	19310.982	240.19850	10.0	0.0	1170.0	1.0000000
7	19394.8945	19202.553	260.17792	10.0	0.0	1140.0	1.0000000
7	19710.8613	20759.453	234.03795	20.0	0.0	4310.0	1.0000000
7	19743.9355	20748.270	228.60191	20.0	0.0	4400.0	1.0000000
27	20561.1113	22326.354	171.49297	360.0	0.0	4290.0	1.0000000
27	19864.2734	22151.004	162.68083	360.0	0.0	4410.0	1.0000000
1	19250.0000	21750.000	200.99997	0.0	0.0	60.0	1.0000000
1	19450.0000	21650.000	189.35478	0.0	0.0	60.0	1.0000000
0	19268.6914	21830.324	202.58194	-5.0	0.0	50.0	1.0000000
0	19845.1035	22090.781	195.86731	-5.0	0.0	50.0	1.0000000
0	19992.8730	22190.268	200.82751	-5.0	0.0	50.0	1.0000000
0	20728.7852	22248.273	210.10353	-5.0	0.0	50.0	1.0000000
0	20650.9668	22194.539	204.46617	-5.0	0.0	50.0	1.0000000
3	19865.0742	22168.521	196.30060	-5.0	0.0	320.0	1.0000000
3	19870.3086	22149.047	196.61276	-5.0	0.0	350.0	1.0000000
5	20028.6680	22169.961	208.82889	-20.0	0.0	2390.0	1.0000000
5	20241.1016	22208.455	211.63625	-20.0	0.0	2390.0	1.0000000
5	20386.8340	22209.887	205.85449	-20.0	0.0	2510.0	1.4599996
5	19801.8418	21991.045	210.79968	-20.0	0.0	2750.0	1.3199997
5	20598.8418	22195.158	210.36137	-20.0	0.0	2750.0	1.0000000
5	20610.8086	21474.857	219.65706	-10.0	0.0	4460.0	1.6199994
5	20424.0801	21459.480	209.61652	-10.0	0.0	4580.0	1.7399993
5	20097.5039	21361.246	230.84656	-10.0	0.0	4580.0	1.3399997
5	19837.2305	20934.730	205.59818	-10.0	0.0	4760.0	1.5199995
0	19790.0879	20931.107	206.26402	0.0	0.0	0.0	1.0000000
0	20433.1621	21466.857	203.45396	0.0	0.0	0.0	1.0000000
0	20710.9160	21579.545	206.24402	0.0	0.0	0.0	1.0000000
0	20573.5996	21511.764	210.62204	0.0	0.0	0.0	1.0000000
0	20118.1406	21403.098	229.40042	0.0	0.0	0.0	1.0000000
0	19982.1562	21349.301	219.55627	0.0	0.0	0.0	1.0000000
0	19706.7598	20842.357	210.02646	0.0	0.0	0.0	1.0000000
7	19846.6270	20855.270	182.74657	10.0	0.0	780.0	1.0000000
7	19826.4609	20825.139	188.96767	10.0	0.0	720.0	1.0000000
7	19855.5918	20895.816	179.48474	10.0	0.0	810.0	1.0000000
7	20436.1973	21348.033	189.89737	10.0	0.0	720.0	1.0000000
7	19987.0918	21204.924	192.37427	10.0	0.0	720.0	1.0000000
7	20019.5977	21222.553	192.79991	10.0	0.0	780.0	1.0000000
7	20233.6719	21303.234	193.63666	10.0	0.0	720.0	1.0000000
7	20265.1738	21317.625	192.05583	10.0	0.0	810.0	1.0000000
7	20467.5215	21335.559	166.26692	10.0	0.0	810.0	1.0000000
7	20671.1582	21365.328	165.28777	10.0	0.0	690.0	1.0000000
7	20770.3086	21305.705	275.60901	-10.0	0.0	4430.0	1.0000000
7	20703.9766	20840.934	199.16896	-20.0	0.0	4460.0	1.0000000
7	19851.1934	21141.473	239.46614	20.0	0.0	4310.0	1.0000000
7	19856.0273	21147.795	210.50931	20.0	0.0	4400.0	1.0000000
7	19863.4668	21174.309	243.74583	20.0	0.0	4460.0	1.0000000
1	19550.0000	20950.000	193.05234	0.0	0.0	0.0	1.0000000
1	19550.0000	21450.000	196.40121	0.0	0.0	0.0	1.0000000
1	20650.0000	22050.000	235.70132	0.0	0.0	0.0	1.0000000
27	19248.6113	22639.174	166.28761	360.0	0.0	4410.0	1.0000000
27	20340.6680	22965.082	223.32458	360.0	0.0	4290.0	1.0000000
27	20447.0527	22964.979	182.55811	360.0	0.0	4410.0	1.0000000
36	20686.5215	23041.068	183.47726	360.0	0.0	4740.0	1.0000000
36	20596.6289	23023.092	184.24695	360.0	0.0	4740.0	1.4399996
36	19337.8750	22772.773	160.01315	360.0	0.0	4740.0	1.0000000
1	19350.0000	22950.000	170.63762	0.0	0.0	60.0	1.0000000
1	19550.0000	22950.000	191.98479	0.0	0.0	60.0	1.0000000
1	19750.0000	22950.000	189.13533	0.0	0.0	60.0	1.0000000
1	19850.0000	23050.000	172.85428	0.0	0.0	60.0	1.0000000
1	20150.0000	23150.000	201.30547	0.0	0.0	60.0	1.0000000
1	20550.0000	22950.000	196.07413	0.0	0.0	60.0	1.0000000
1	20650.0000	22950.000	188.29395	0.0	0.0	60.0	1.0000000
0	19246.3672	22560.340	189.73795	-5.0	0.0	50.0	1.0000000
0	20429.2793	22885.688	199.98647	-5.0	0.0	50.0	1.0000000
0	20572.3398	22988.180	190.26292	-5.0	0.0	50.0	1.0000000
0	20789.4141	22984.367	184.57777	-5.0	0.0	50.0	1.0000000
3	20453.1660	22926.652	220.34299	-5.0	0.0	230.0	1.0000000
3	20391.9531	22914.301	217.90666	-5.0	0.0	320.0	1.0000000
3	19264.4980	22618.842	184.26266	-5.0	0.0	320.0	1.0000000
5	19800.2539	23293.096	176.00351	-20.0	0.0	2390.0	1.0000000
1	20750.0000	23150.000	193.02556	0.0	0.0	0.0	1.0000000
37	19772.9434	23526.840	500.75412	0.0	0.0	30.0	1.0000000
37	19782.1738	23512.205	437.99677	0.0	0.0	0.0	1.4199996
37	19390.7793	23606.504	368.48007	0.0	0.0	30.0	1.5199995
37	19384.2402	23640.158	366.75507	0.0	0.0	90.0	1.4799995
23	20230.6699	24634.373	175.33203	0.0	0.0	30.0	1.0000000
22	19946.8594	24551.828	148.86400	0.0	0.0	30.0	1.0000000
22	19555.0527	24736.443	171.66997	0.0	0.0	80.0	1.0000000
1	19450.0000	25050.000	224.65097	0.0	0.0	3420.0	1.0000000
1	19550.0000	24950.000	196.22340	0.0	0.0	3420.0	1.0000000
1	19550.0000	24850.000	183.64845	0.0	0.0	3420.0	1.0000000
1	19750.0000	24750.000	175.16295	0.0	0.0	3420.0	1.0000000
1	20050.0000	24750.000	169.50000	0.0	0.0	3420.0	1.0000000
1	19898.2852	24823.029	173.43745	0.0	0.0	3370.0	1.0000000
1	20550.0000	24850.000	221.94508	0.0	0.0	3420.0	1.0000000
1	20550.0000	24950.000	230.05795	0.0	0.0	3420.0	1.0000000
1	20750.0000	25050.000	238.42175	0.0	0.0	3420.0	1.0000000
1	20706.8438	24880.887	231.09488	0.0	0.0	3350.0	1.0000000
15	20393.3926	24870.941	188.95357	0.0	0.0	0.0	1.0000000
15	20250.0000	24850.000	174.57027	0.0	0.0	0.0	1.0000000
15	20315.8613	24953.471	181.58453	0.0	0.0	-110.0	1.0000000
15	20516.8828	24882.428	214.90903	0.0	0.0	0.0	1.0000000
3	20104.0273	24969.924	164.75256	0.0	0.0	-30.0	1.1599998
12	20550.0000	24650.000	183.43498	0.0	0.0	0.0	1.0000000
12	20550.0000	24750.000	211.11960	0.0	0.0	0.0	1.0000000
12	20650.0000	24750.000	201.92368	0.0	0.0	0.0	1.0000000
12	20650.0000	24550.000	177.46844	0.0	0.0	0.0	1.0000000
12	20750.0000	24650.000	181.21765	0.0	0.0	0.0	0.8000002
12	20750.0000	24850.000	223.19164	0.0	0.0	0.0	1.0000000
36	20250.0000	24850.000	178.66823	0.0	0.0	0.0	1.0000000
36	20250.0000	24950.000	181.68777	0.0	0.0	0.0	1.0000000
36	19950.0000	24750.000	169.50002	0.0	0.0	0.0	1.0000000
23	20735.5293	24426.836	178.96410	0.0	0.0	70.0	0.8000002
23	20394.0684	24413.820	111.92419	-20.0	0.0	30.0	0.8000002
22	21362.2773	436.535	178.96838	0.0	0.0	90.0	1.0000000
23	22090.0508	183.536	236.73689	0.0	0.0	60.0	1.0000000
23	21953.7812	418.181	160.93575	0.0	0.0	120.0	1.0000000
32	21420.8457	1210.121	42.37700	-350.0	0.0	2100.0	1.0000000
32	21842.0410	945.041	102.29016	-410.0	0.0	1800.0	1.0000000
5	21550.8164	1142.963	234.38683	-715.0	0.0	2220.0	1.0000000
5	21891.2422	939.521	219.11469	-715.0	0.0	2280.0	1.0000000
1	22150.0000	1550.000	170.46808	0.0	0.0	60.0	1.0000000
1	22250.0000	1550.000	179.32530	0.0	0.0	60.0	1.0000000
1	21750.0000	950.000	192.94569	0.0	0.0	3090.0	1.0000000
1	21700.0000	900.000	196.15854	0.0	0.0	3090.0	1.0000000
1	21250.0000	1150.000	181.65910	0.0	0.0	3090.0	1.0000000
22	20896.6641	494.140	132.58318	0.0	0.0	90.0	1.0000000
22	21068.5410	183.065	182.77811	0.0	0.0	90.0	1.0000000
1	22238.3711	189.378	285.36459	0.0	0.0	3090.0	1.0000000
1	22347.5996	151.697	287.38742	0.0	0.0	3090.0	1.0000000
1	21322.7266	128.211	261.49023	0.0	0.0	3090.0	1.0000000
1	21278.6211	160.645	260.23450	0.0	0.0	3090.0	1.0000000
1	21545.6484	34.771	252.72586	0.0	0.0	3090.0	1.0000000
1	22350.0000	50.000	283.92343	0.0	0.0	0.0	1.0000000
11	21450.0000	250.000	259.64325	0.0	0.0	0.0	1.0000000
11	21550.0000	150.000	260.51495	0.0	0.0	0.0	1.0000000
11	21750.0000	150.000	266.19681	0.0	0.0	0.0	1.0000000
11	21550.0000	550.000	197.94502	0.0	0.0	0.0	1.0000000
12	21550.0000	450.000	214.50130	0.0	0.0	0.0	1.0000000
12	21650.0000	250.000	244.95544	0.0	0.0	0.0	1.0000000
11	21750.0000	350.000	239.14690	0.0	0.0	0.0	1.0000000
13	21850.0000	250.000	266.22635	0.0	0.0	0.0	1.0000000
11	21750.0000	550.000	191.24602	0.0	0.0	0.0	1.0000000
12	21850.0000	450.000	214.16714	0.0	0.0	0.0	1.0000000
11	21643.8047	724.939	198.05710	0.0	0.0	0.0	1.0000000
33	21641.8984	460.991	209.05058	0.0	0.0	-30.0	1.1599998
33	21512.6016	333.362	225.44405	0.0	0.0	-130.0	1.3799996
11	21150.0000	350.000	227.72563	0.0	0.0	0.0	1.0000000
36	21250.0000	350.000	227.68553	0.0	0.0	0.0	1.0000000
36	21250.0000	150.000	262.49429	0.0	0.0	0.0	1.0000000
36	21050.0000	350.000	224.00734	0.0	0.0	0.0	1.0000000
36	20850.0000	350.000	183.18037	0.0	0.0	0.0	1.0000000
36	21250.0000	250.000	252.37085	0.0	0.0	0.0	1.0000000
22	20861.7910	3052.631	180.78091	0.0	0.0	120.0	1.0000000
22	21150.0000	3050.000	169.50000	0.0	0.0	60.0	0.7800002
22	21470.7520	3013.715	182.16969	0.0	0.0	60.0	0.9400001
22	21850.0000	3150.000	169.50005	0.0	0.0	60.0	1.0000000
22	21368.3633	2028.019	177.53429	0.0	0.0	60.0	1.0000000
22	21793.2188	2108.289	173.07858	0.0	0.0	60.0	1.1399999
22	22050.0000	1750.000	169.50005	0.0	0.0	90.0	1.0000000
31	21909.2188	2996.596	205.50848	-710.0	0.0	1470.0	1.2199998
33	21966.1660	2345.499	125.77321	-720.0	0.0	1500.0	1.0000000
34	22037.8477	3058.107	190.36510	-720.0	0.0	1470.0	1.0000000
34	21749.9688	2079.067	167.82471	-725.0	0.0	1530.0	1.0000000
34	21770.9551	2237.138	189.44984	-725.0	0.0	1560.0	0.9000001
34	21766.7793	2937.844	187.03995	-725.0	0.0	1560.0	1.0000000
36	22265.9102	3062.631	218.94241	-725.0	0.0	1500.0	1.0000000
36	21838.5195	2182.455	233.94028	-725.0	0.0	1500.0	1.0000000
36	21338.2969	2902.961	221.71893	-725.0	0.0	1500.0	1.0000000
5	21922.3652	2899.818	195.83371	-715.0	0.0	2160.0	1.5799994
5	21964.1543	2897.219	214.24173	-715.0	0.0	2310.0	1.0000000
5	21962.6406	2017.029	222.67854	-715.0	0.0	2220.0	1.0000000
36	21750.3242	3024.034	275.72269	-715.0	0.0	2670.0	1.0000000
36	21385.2695	2951.638	239.09607	-715.0	0.0	2670.0	1.0000000
34	21284.7090	2901.550	169.94333	-720.0	0.0	2250.0	1.0000000
5	22210.6113	3049.919	235.49812	-715.0	0.0	2220.0	1.0000000
1	21050.0000	1650.000	179.01521	0.0	0.0	60.0	1.0000000
1	20850.0000	1950.000	169.49998	0.0	0.0	60.0	1.0000000
1	21350.0000	1850.000	173.05742	0.0	0.0	60.0	1.0000000
1	21450.0000	1850.000	170.08801	0.0	0.0	60.0	1.0000000
1	21650.0000	2050.000	186.55402	0.0	0.0	60.0	1.0000000
1	21950.0000	1650.000	205.85283	0.0	0.0	60.0	1.0000000
1	22150.0000	3150.000	228.96593	0.0	0.0	60.0	1.0000000
5	20912.8750	2168.571	240.26924	0.0	0.0	690.0	1.0000000
5	21216.0645	2969.269	281.74841	0.0	0.0	480.0	1.0000000
5	21396.0645	2035.700	281.76169	0.0	0.0	480.0	1.0000000
23	21450.0000	4150.000	194.60562	0.0	0.0	90.0	1.0000000
23	21450.0000	3750.000	171.99712	0.0	0.0	90.0	1.0000000
22	21394.6855	3324.588	167.13461	0.0	0.0	120.0	1.0000000
31	22389.1484	3718.809	214.02756	-710.0	0.0	1560.0	1.0000000
1	22150.0000	3750.000	193.32993	0.0	0.0	60.0	1.0000000
1	22050.0000	4150.000	173.10851	0.0	0.0	60.0	1.0000000
1	22150.0000	4250.000	181.94229	0.0	0.0	60.0	1.0000000
1	21350.0000	4450.000	189.68073	0.0	0.0	60.0	1.0000000
1	21550.0000	4050.000	230.30463	0.0	0.0	60.0	1.0000000
1	21450.0000	3950.000	219.00064	0.0	0.0	60.0	1.0000000
1	21450.0000	3450.000	177.20535	0.0	0.0	60.0	1.0000000
1	20950.0000	5850.000	169.50002	0.0	0.0	3420.0	1.0000000
1	21150.0000	5950.000	169.50002	0.0	0.0	3420.0	1.0000000
1	21250.0000	5850.000	169.50003	0.0	0.0	3420.0	1.0000000
1	21350.0000	5850.000	169.50000	0.0	0.0	3420.0	1.0000000
1	21550.0000	5950.000	169.49998	0.0	0.0	3420.0	1.0000000
1	21550.0000	5950.000	169.50005	0.0	0.0	3420.0	1.0000000
1	21550.0000	6150.000	169.50003	0.0	0.0	3420.0	1.0000000
1	21550.0000	6150.000	169.50003	0.0	0.0	3420.0	1.0000000
1	21450.0000	6150.000	169.49998	0.0	0.0	3420.0	1.0000000
1	21250.0000	6150.000	169.50002	0.0	0.0	3420.0	1.0000000
1	21150.0000	6250.000	169.85022	0.0	0.0	3420.0	1.0000000
1	21750.0000	6350.000	169.49997	0.0	0.0	3420.0	1.0000000
1	22250.0000	5850.000	190.25015	0.0	0.0	3420.0	1.0000000
36	20800.0000	7200.000	169.50003	360.0	0.0	4020.0	1.0000000
36	20800.0000	7350.000	169.50003	360.0	0.0	4020.0	1.0000000
4	22231.4414	7032.066	224.50000	0.0	0.0	-180.0	1.0000000
4	21750.0000	7650.000	169.50003	0.0	0.0	-180.0	1.0000000
4	22150.0000	7350.000	169.50002	0.0	0.0	-180.0	1.0000000
1	20950.0000	6450.000	180.82101	0.0	0.0	3420.0	1.0000000
1	20950.0000	6550.000	194.10332	0.0	0.0	3420.0	1.0000000
1	20950.0000	6650.000	200.00578	0.0	0.0	3420.0	1.0000000
1	21650.0000	6850.000	169.49998	0.0	0.0	3420.0	1.0000000
1	21850.0000	6750.000	169.50000	0.0	0.0	3420.0	1.0000000
1	21850.0000	6650.000	169.50002	0.0	0.0	3420.0	1.0000000
1	21850.0000	6550.000	169.50002	0.0	0.0	3420.0	1.0000000
1	21750.0000	6450.000	169.49998	0.0	0.0	3420.0	1.0000000
1	22350.0000	7150.000	169.49998	0.0	0.0	3420.0	1.0000000
1	21950.0000	7450.000	169.49998	0.0	0.0	3420.0	1.0000000
1	21850.0000	7650.000	169.50003	0.0	0.0	3420.0	1.0000000
1	21950.0000	7850.000	169.49997	0.0	0.0	3420.0	1.0000000
1	22050.0000	7950.000	169.50000	0.0	0.0	3420.0	1.0000000
1	22050.0000	7250.000	169.50000	0.0	0.0	3420.0	1.0000000
35	21050.0000	9450.000	169.50003	355.0	0.0	2310.0	1.0000000
35	21650.0000	8950.000	169.50002	355.0	0.0	2310.0	1.0000000
35	22050.0000	8250.000	169.50003	355.0	0.0	2190.0	1.0000000
35	22250.0000	8950.000	169.50000	355.0	0.0	2340.0	1.0000000
35	21050.0000	9450.000	169.50003	360.0	0.0	3120.0	1.3199997
35	21050.0000	9450.000	169.50000	360.0	0.0	2940.0	1.3199997
35	21650.0000	8950.000	169.50002	360.0	0.0	3270.0	1.3399997
35	21650.0000	8950.000	169.50000	360.0	0.0	3510.0	1.0000000
35	22250.0000	8950.000	169.49997	360.0	0.0	4020.0	1.4599996
35	22250.0000	8950.000	169.50002	360.0	0.0	3660.0	1.0000000
35	22050.0000	8250.000	169.50003	360.0	0.0	3870.0	1.4199996
35	22050.0000	8250.000	169.50003	360.0	0.0	3780.0	1.0000000
36	21850.0000	9400.000	169.50000	360.0	0.0	4020.0	1.0000000
36	21650.0000	9300.000	169.49997	360.0	0.0	4020.0	1.0000000
36	21750.0000	9250.000	169.50002	360.0	0.0	4020.0	1.6399994
36	21050.0000	9300.000	169.50003	360.0	0.0	4020.0	1.4999995
36	21000.0000	9200.000	169.50003	360.0	0.0	4020.0	1.0000000
36	20950.0000	9250.000	169.50003	360.0	0.0	4020.0	1.5399995
36	21850.0000	8600.000	169.50003	360.0	0.0	4020.0	1.0000000
36	21750.0000	8450.000	169.49997	360.0	0.0	4020.0	1.0000000
36	22000.0000	8600.000	169.49997	360.0	0.0	4020.0	1.0000000
36	21950.0000	8600.000	169.50002	360.0	0.0	4020.0	1.2799997
4	21750.0000	8150.000	169.50002	0.0	0.0	-180.0	1.0000000
4	20950.0000	8750.000	169.49998	0.0	0.0	-180.0	1.0000000
4	20850.0000	9250.000	174.81763	0.0	0.0	-180.0	1.0000000
4	20850.0000	9250.000	174.13362	0.0	0.0	-180.0	1.0000000
4	20850.0000	9450.000	197.66966	0.0	0.0	-180.0	1.0000000
1	22050.0000	8250.000	176.56363	0.0	0.0	3420.0	1.0000000
1	21950.0000	8150.000	171.07457	0.0	0.0	3420.0	1.0000000
1	21950.0000	8250.000	175.60379	0.0	0.0	3420.0	1.0000000
1	22050.0000	8250.000	177.98506	0.0	0.0	3420.0	1.0000000
1	22050.0000	8250.000	181.72386	0.0	0.0	3420.0	1.0000000
1	22150.0000	8250.000	180.06628	0.0	0.0	3420.0	1.0000000
1	22250.0000	9050.000	169.49997	0.0	0.0	3420.0	1.0000000
1	22150.0000	8950.000	169.50000	0.0	0.0	3420.0	1.0000000
1	22250.0000	8950.000	169.50002	0.0	0.0	3420.0	1.0000000
1	22250.0000	8850.000	171.99274	0.0	0.0	3420.0	1.0000000
1	22250.0000	8850.000	170.73598	0.0	0.0	3420.0	1.0000000
1	21650.0000	8950.000	169.49997	0.0	0.0	3420.0	1.0000000
1	21650.0000	8950.000	169.50003	0.0	0.0	3420.0	1.0000000
1	21750.0000	8950.000	169.49998	0.0	0.0	3420.0	1.0000000
1	21650.0000	8850.000	169.50000	0.0	0.0	3420.0	1.0000000
1	21550.0000	8950.000	169.50002	0.0	0.0	3420.0	1.0000000
1	21750.0000	9550.000	170.08810	0.0	0.0	3420.0	1.0000000
1	21950.0000	9550.000	169.49998	0.0	0.0	3420.0	1.0000000
4	21050.0000	8650.000	169.50000	0.0	0.0	-180.0	1.0000000
4	21650.0000	8150.000	169.50002	0.0	0.0	-180.0	1.0000000
35	21800.0000	9600.000	169.49998	360.0	0.0	3840.0	1.4599996
32	20897.2188	11156.023	69.41899	5.0	0.0	840.0	1.0000000
32	21718.2812	11148.085	113.71815	50.0	0.0	1170.0	1.0000000
32	21461.6406	10238.092	113.74861	50.0	0.0	1260.0	1.0000000
31	22095.2188	10185.038	113.74861	50.0	0.0	1140.0	1.0000000
33	20950.0000	11100.000	164.27109	365.0	0.0	1260.0	1.0000000
35	22250.0000	10350.000	169.50000	350.0	0.0	2190.0	1.0000000
35	22250.0000	10350.000	169.49998	350.0	0.0	2400.0	1.0000000
35	22300.0000	10350.000	169.50002	350.0	0.0	2250.0	1.5999994
35	21750.0000	9650.000	169.49998	355.0	0.0	2310.0	1.0000000
35	21750.0000	9650.000	169.49998	360.0	0.0	3630.0	1.0000000
36	22350.0000	9850.000	169.49997	360.0	0.0	4050.0	1.0000000
36	22250.0000	9950.000	172.85648	360.0	0.0	3990.0	1.4199996
7	20974.6211	11057.626	148.00700	20.0	0.0	4370.0	1.0000000
7	20980.8984	11082.520	147.44205	20.0	0.0	4430.0	1.0000000
7	20983.1855	11194.603	133.48392	20.0	0.0	4430.0	1.0000000
7	20920.4824	11067.556	132.87950	20.0	0.0	4310.0	1.0000000
7	20816.7598	11019.652	195.76399	20.0	0.0	4370.0	1.0000000
7	20873.0762	11055.340	167.46469	20.0	0.0	4280.0	1.0000000
1	20850.0000	9750.000	191.12479	0.0	0.0	420.0	1.0000000
1	21050.0000	9950.000	193.64516	0.0	0.0	420.0	1.0000000
1	21050.0000	9950.000	203.07478	0.0	0.0	420.0	1.0000000
1	21350.0000	10250.000	198.22270	0.0	0.0	420.0	1.0000000
1	21350.0000	10250.000	197.06435	0.0	0.0	420.0	1.0000000
1	21350.0000	10150.000	205.29466	0.0	0.0	420.0	1.0000000
1	21550.0000	10550.000	180.27679	0.0	0.0	420.0	1.0000000
1	21650.0000	10650.000	180.83949	0.0	0.0	420.0	1.0000000
1	21650.0000	10850.000	184.77118	0.0	0.0	420.0	1.0000000
1	21750.0000	11050.000	182.63141	0.0	0.0	420.0	1.0000000
26	20857.2402	10442.221	163.13498	0.0	0.0	2520.0	0.5200005
26	21077.3398	10978.549	160.34033	0.0	0.0	2520.0	0.6400003
26	21049.0234	10731.409	162.05829	0.0	0.0	2700.0	0.5800004
1	22350.0000	10850.000	169.50002	0.0	0.0	3420.0	1.0000000
1	22250.0000	10750.000	171.50630	0.0	0.0	3420.0	1.0000000
1	22150.0000	10350.000	169.91057	0.0	0.0	3420.0	1.0000000
1	22250.0000	10350.000	169.50003	0.0	0.0	3420.0	1.0000000
1	22350.0000	10250.000	169.50003	0.0	0.0	3420.0	1.0000000
1	22350.0000	10450.000	169.49998	0.0	0.0	3420.0	1.0000000
1	21750.0000	9650.000	169.76556	0.0	0.0	3420.0	1.0000000
1	21650.0000	9650.000	171.75829	0.0	0.0	3420.0	1.0000000
1	21750.0000	9750.000	169.50002	0.0	0.0	3420.0	1.0000000
1	20850.0000	10950.000	190.08287	0.0	0.0	3420.0	1.0000000
23	20850.0000	11250.000	169.49995	0.0	0.0	90.0	1.0000000
26	20950.0000	11900.000	169.50002	0.0	0.0	480.0	0.7000003
26	21009.6602	11706.251	169.50000	0.0	0.0	1290.0	0.5600004
6	20856.4629	12386.578	362.21039	35.0	0.0	0.0	1.0000000
28	20975.6348	12610.907	209.50000	-720.0	0.0	450.0	1.0000000
32	20941.3945	11406.906	107.74580	50.0	0.0	1020.0	1.0000000
32	20849.9453	12417.121	154.19130	50.0	0.0	1020.0	1.0000000
2	22130.9766	12224.726	104.49997	0.0	0.0	-120.0	1.0000000
3	22348.1660	11296.347	129.50000	0.0	0.0	-150.0	1.0000000
7	20915.2168	12403.827	197.10236	20.0	0.0	4460.0	1.0000000
7	20907.5137	12381.838	192.64853	20.0	0.0	4400.0	1.0000000
7	20901.4590	12356.641	186.35823	20.0	0.0	4310.0	1.0000000
7	20965.5742	11327.917	163.69464	20.0	0.0	4340.0	1.0000000
7	20976.4863	11338.378	162.25537	20.0	0.0	4430.0	1.0000000
7	21060.7031	12493.828	230.33061	20.0	0.0	4430.0	1.0000000
1	21786.9941	11406.759	193.42453	0.0	0.0	480.0	1.0000000
1	21621.2852	11748.636	171.76299	0.0	0.0	330.0	1.0000000
1	21409.6660	12183.442	170.73428	0.0	0.0	450.0	1.0000000
1	20850.0000	12650.000	185.04730	0.0	0.0	450.0	1.0000000
1	20850.0000	12550.000	195.27911	0.0	0.0	450.0	1.0000000
1	21750.0000	12350.000	169.49998	0.0	0.0	2700.0	1.0000000
1	21850.0000	12250.000	169.50003	0.0	0.0	2700.0	1.0000000
1	21950.0000	12150.000	170.75003	0.0	0.0	2700.0	1.0000000
1	22050.0000	12150.000	171.74986	0.0	0.0	2700.0	1.0000000
1	22150.0000	12150.000	171.51485	0.0	0.0	2700.0	1.0000000
1	21850.0000	12650.000	169.49998	0.0	0.0	3420.0	1.0000000
1	21950.0000	12650.000	169.50000	0.0	0.0	3420.0	1.0000000
1	22050.0000	12650.000	169.50002	0.0	0.0	3420.0	1.0000000
1	22250.0000	12650.000	169.49998	0.0	0.0	3420.0	1.0000000
1	22150.0000	12550.000	169.50002	0.0	0.0	3420.0	1.0000000
1	21850.0000	11550.000	199.51123	0.0	0.0	3420.0	1.0000000
29	21042.3145	12943.164	339.49997	-355.0	0.0	-270.0	1.0000000
29	21141.2207	13697.602	459.80182	-355.0	0.0	-510.0	1.0000000
28	21264.4023	14064.675	225.49156	-355.0	0.0	330.0	1.0000000
5	21350.0000	14350.000	224.08884	0.0	0.0	8720.0	1.0000000
0	21122.4336	13660.038	219.56221	0.0	0.0	0.0	1.0000000
2	22216.8887	12974.919	156.42551	0.0	0.0	-60.0	1.0000000
7	20996.7441	13477.624	264.49625	10.0	0.0	1110.0	1.0000000
7	21028.6309	13496.781	252.49814	10.0	0.0	1170.0	1.0000000
7	21046.1816	13109.856	243.05783	10.0	0.0	1110.0	1.0000000
7	21058.9160	13148.232	250.91306	10.0	0.0	1230.0	1.0000000
7	21081.6426	13121.607	252.09103	10.0	0.0	1140.0	1.0000000
1	22150.0000	13350.000	194.69522	0.0	0.0	2700.0	1.0000000
1	22250.0000	13350.000	201.14876	0.0	0.0	2700.0	1.0000000
1	22350.0000	13450.000	174.28206	0.0	0.0	2700.0	1.0000000
1	21850.0000	13800.000	169.49997	0.0	0.0	2790.0	1.0000000
1	21850.0000	14000.000	169.49998	0.0	0.0	2910.0	1.0000000
1	21950.0000	14150.000	169.49997	0.0	0.0	3090.0	1.0000000
1	21950.0000	12850.000	171.35669	0.0	0.0	3420.0	1.0000000
1	22250.0000	12850.000	175.66513	0.0	0.0	3420.0	1.0000000
1	22050.0000	12850.000	174.55687	0.0	0.0	3420.0	1.0000000
37	20920.8086	14250.452	494.45538	0.0	0.0	30.0	1.0000000
37	20969.6562	14239.378	544.45532	0.0	0.0	60.0	1.1999998
29	21625.0957	14270.038	375.93002	-395.0	0.0	610.0	1.0000000
28	20985.7832	14878.626	224.49998	-355.0	0.0	390.0	1.0000000
28	21331.7656	15511.305	164.50002	-355.0	0.0	540.0	1.0000000
5	20850.0000	14750.000	185.50978	0.0	0.0	8720.0	1.0000000
5	21150.0000	15150.000	191.71239	0.0	0.0	8720.0	1.0000000
5	21150.0000	15550.000	173.56244	0.0	0.0	8720.0	1.0000000
5	21350.0000	15650.000	202.09639	0.0	0.0	8720.0	1.0000000
5	21350.0000	15650.000	200.02036	0.0	0.0	8720.0	1.0000000
5	21750.0000	14850.000	207.22252	0.0	0.0	8720.0	1.0000000
5	21650.0000	14650.000	201.07675	0.0	0.0	8720.0	1.0000000
5	21550.0000	14450.000	196.31409	0.0	0.0	8720.0	1.0000000
5	21850.0000	14950.000	207.65279	0.0	0.0	8720.0	1.0000000
5	21950.0000	15150.000	199.38809	0.0	0.0	8720.0	1.0000000
5	21950.0000	15250.000	200.18741	0.0	0.0	8720.0	1.0000000
5	22150.0000	15350.000	175.34178	0.0	0.0	8720.0	1.0000000
5	22250.0000	15450.000	173.90627	0.0	0.0	8720.0	1.0000000
5	22350.0000	15550.000	198.37738	0.0	0.0	8720.0	1.0000000
0	21271.3594	15411.350	206.99358	0.0	0.0	0.0	1.0000000
0	21373.0781	15577.136	209.70213	0.0	0.0	0.0	1.0000000
0	21162.5879	15054.003	187.17030	0.0	0.0	0.0	1.0000000
0	21556.8457	14459.586	199.28445	0.0	0.0	0.0	1.0000000
0	21605.1504	14699.904	192.99994	0.0	0.0	0.0	1.0000000
0	22377.0469	15645.035	211.05910	0.0	0.0	0.0	1.0000000
0	20934.7402	14654.391	217.52617	0.0	0.0	0.0	1.0000000
0	21232.1602	15367.611	206.13280	0.0	0.0	0.0	1.0000000
0	21406.3145	15671.029	210.90807	0.0	0.0	0.0	1.0000000
0	22006.3789	15152.656	227.58653	0.0	0.0	0.0	1.0000000
0	21942.7227	15116.775	242.38754	0.0	0.0	0.0	1.0000000
7	20835.4648	14499.348	243.30331	10.0	0.0	1110.0	1.0000000
7	20819.4434	14551.821	243.78165	10.0	0.0	1200.0	1.0000000
7	21001.0469	14672.718	247.59467	10.0	0.0	1050.0	1.0000000
7	21029.9004	14673.785	240.81400	10.0	0.0	1110.0	1.0000000
7	21307.9043	15311.938	246.86697	10.0	0.0	1110.0	1.0000000
7	21349.8242	15328.604	237.22211	10.0	0.0	1170.0	1.0000000
7	21504.3438	15558.009	229.18939	10.0	0.0	1080.0	1.0000000
7	21520.0410	15593.215	233.69989	10.0	0.0	1200.0	1.0000000
7	21538.1523	15541.808	220.95877	10.0	0.0	1140.0	1.0000000
7	21781.6055	15038.374	264.38812	10.0	0.0	1080.0	1.0000000
7	21817.5352	15053.845	278.23080	10.0	0.0	1200.0	1.0000000
7	21802.2734	15047.537	228.23331	10.0	0.0	1110.0	1.0000000
7	21690.2070	15910.931	219.06860	20.0	0.0	4460.0	1.0000000
7	21667.5039	15893.187	224.82755	20.0	0.0	4340.0	1.0000000
7	21704.6250	15888.351	213.29996	20.0	0.0	4400.0	1.0000000
7	21585.2852	15698.161	236.10989	20.0	0.0	4340.0	1.0000000
7	21590.3730	15719.605	236.15567	20.0	0.0	4430.0	1.0000000
7	22125.3281	15341.669	218.33858	20.0	0.0	4340.0	1.0000000
7	22276.4902	15549.614	253.37935	20.0	0.0	4430.0	1.0000000
7	22113.0215	15373.911	215.27789	20.0	0.0	4460.0	1.0000000
7	22264.1191	15533.241	244.85495	20.0	0.0	4340.0	1.0000000
3	22350.0000	15550.000	222.53784	0.0	0.0	570.0	1.0000000
3	22050.0000	15150.000	239.63948	0.0	0.0	570.0	1.0000000
3	21550.0000	15950.000	233.06013	0.0	0.0	570.0	1.0000000
3	21450.0000	15750.000	220.12033	0.0	0.0	570.0	1.0000000
3	21223.3887	15370.855	215.00482	0.0	0.0	690.0	1.0000000
1	21850.0000	14750.000	222.70520	0.0	0.0	0.0	1.0000000
1	21950.0000	14950.000	245.94112	0.0	0.0	0.0	1.0000000
1	21950.0000	15050.000	253.03766	0.0	0.0	0.0	1.0000000
1	22250.0000	15250.000	178.56728	0.0	0.0	0.0	1.0000000
5	22256.5996	17278.186	222.09032	0.0	0.0	8720.0	1.0000000
5	21450.0000	17150.000	186.52504	0.0	0.0	8720.0	1.0000000
5	21650.0000	16850.000	200.16277	0.0	0.0	8720.0	1.0000000
5	20850.0000	17050.000	169.49998	0.0	0.0	8720.0	1.0000000
5	22350.0000	17050.000	211.77797	0.0	0.0	8720.0	1.0000000
5	22250.0000	17350.000	220.31660	0.0	0.0	8720.0	1.0000000
5	21350.0000	17250.000	194.27492	0.0	0.0	8720.0	1.0000000
5	21550.0000	17050.000	194.86908	0.0	0.0	8720.0	1.0000000
5	21650.0000	17050.000	214.83731	0.0	0.0	8720.0	1.0000000
5	21350.0000	17550.000	191.70128	0.0	0.0	8720.0	1.0000000
0	22390.1328	16700.906	199.68945	0.0	0.0	0.0	1.0000000
0	22179.0059	17437.912	238.75789	0.0	0.0	0.0	1.0000000
7	21700.2051	16170.927	222.63858	10.0	0.0	1110.0	1.0000000
7	21718.5469	16203.358	222.86282	10.0	0.0	1200.0	1.0000000
7	21700.0703	16179.667	273.60944	10.0	0.0	1050.0	1.0000000
7	21778.0410	16392.246	262.54739	10.0	0.0	1170.0	1.0000000
7	21783.9102	16346.742	264.46533	10.0	0.0	1080.0	1.0000000
7	21772.8613	16440.709	258.62195	10.0	0.0	1230.0	1.0000000
7	22375.9375	16840.412	292.78085	10.0	0.0	1080.0	1.0000000
7	22375.6270	16979.965	315.78607	10.0	0.0	1170.0	1.0000000
7	22118.1406	17330.535	288.02844	10.0	0.0	1080.0	1.0000000
7	21548.8320	17195.332	222.96091	20.0	0.0	4430.0	1.0000000
7	21560.7598	17163.914	222.06621	20.0	0.0	4340.0	1.0000000
7	22012.6973	17450.330	265.90369	20.0	0.0	4250.0	1.0000000
7	22052.7402	17407.418	271.39023	20.0	0.0	4310.0	1.0000000
7	21757.4258	16975.730	243.61317	20.0	0.0	4490.0	1.0000000
7	21765.2656	16964.494	241.40594	20.0	0.0	4400.0	1.0000000
7	21806.5527	16751.113	217.14552	20.0	0.0	4400.0	1.0000000
7	21793.2969	16777.889	220.13092	20.0	0.0	4490.0	1.0000000
7	21781.2754	16754.043	219.95958	20.0	0.0	4340.0	1.0000000
7	21687.5098	16068.944	234.99905	20.0	0.0	4340.0	1.0000000
3	22350.0000	16850.000	247.23547	0.0	0.0	570.0	1.0000000
3	21450.0000	17150.000	193.36121	0.0	0.0	570.0	1.0000000
3	21450.0000	17050.000	188.36188	0.0	0.0	570.0	1.0000000
3	21750.0000	16450.000	203.52991	0.0	0.0	570.0	1.0000000
5	20950.0000	16150.000	171.61337	0.0	0.0	810.0	1.0000000
5	21150.0000	16050.000	194.00165	0.0	0.0	810.0	1.0000000
5	21150.0000	16050.000	196.94414	0.0	0.0	810.0	1.0000000
5	21250.0000	16350.000	191.91519	0.0	0.0	810.0	1.0000000
5	21350.0000	16550.000	174.35922	0.0	0.0	810.0	1.0000000
5	21450.0000	16650.000	169.50003	0.0	0.0	810.0	1.0000000
5	20850.0000	16850.000	169.50003	0.0	0.0	810.0	1.0000000
5	20850.0000	17150.000	169.49997	0.0	0.0	810.0	1.0000000
5	22350.0000	17250.000	210.76759	0.0	0.0	810.0	1.0000000
5	22350.0000	17450.000	185.52565	0.0	0.0	810.0	1.0000000
1	21550.0000	16550.000	178.75575	0.0	0.0	0.0	1.0000000
1	21650.0000	16250.000	208.49516	0.0	0.0	0.0	1.0000000
1	21550.0000	16150.000	211.21165	0.0	0.0	0.0	1.0000000
1	22250.0000	17350.000	231.76062	0.0	0.0	3420.0	1.0000000
1	21550.0000	16750.000	179.04016	0.0	0.0	3420.0	1.0000000
1	21650.0000	16750.000	193.34276	0.0	0.0	3420.0	1.0000000
5	21650.0000	18050.000	214.37013	0.0	0.0	8720.0	1.0000000
5	21750.0000	17850.000	210.57222	0.0	0.0	8720.0	1.0000000
5	21850.0000	17750.000	222.64348	0.0	0.0	8720.0	1.0000000
5	20950.0000	18750.000	210.52444	0.0	0.0	8720.0	1.0000000
5	21150.0000	18550.000	234.40343	0.0	0.0	8720.0	1.0000000
5	21250.0000	18350.000	206.82626	0.0	0.0	8720.0	1.0000000
5	21550.0000	18250.000	208.49550	0.0	0.0	8720.0	1.0000000
5	20850.0000	18950.000	196.47220	0.0	0.0	8720.0	1.0000000
5	20850.0000	17850.000	206.40732	0.0	0.0	8720.0	1.0000000
5	20950.0000	17850.000	194.79620	0.0	0.0	8720.0	1.0000000
5	22050.0000	17650.000	207.41882	0.0	0.0	8720.0	1.0000000
5	21950.0000	17650.000	213.77220	0.0	0.0	8720.0	1.0000000
5	20950.0000	17850.000	190.77879	0.0	0.0	8720.0	1.0000000
5	21250.0000	17650.000	187.64070	0.0	0.0	8720.0	1.0000000
5	21450.0000	18650.000	170.99089	0.0	0.0	8720.0	1.0000000
5	22050.0000	18650.000	169.50003	0.0	0.0	8720.0	1.0000000
5	22050.0000	18550.000	169.50005	0.0	0.0	8720.0	1.0000000
5	21750.0000	18550.000	169.49997	0.0	0.0	8720.0	1.0000000
0	21462.2988	18231.252	211.28180	0.0	0.0	0.0	1.0000000
0	20943.0840	17849.816	191.74498	0.0	0.0	0.0	1.0000000
7	21058.0703	18503.654	276.40906	10.0	0.0	1020.0	1.0000000
7	21116.5293	18459.166	281.64349	10.0	0.0	1110.0	1.0000000
7	21032.6133	17848.605	218.46069	20.0	0.0	4460.0	1.0000000
7	21038.7969	17804.803	226.11333	20.0	0.0	4400.0	1.0000000
7	21295.2539	18241.014	219.78914	20.0	0.0	4310.0	1.0000000
7	21277.5566	18275.389	221.00919	20.0	0.0	4250.0	1.0000000
7	21306.7754	18253.633	222.56775	20.0	0.0	4400.0	1.0000000
1	20950.0000	18850.000	229.30144	0.0	0.0	450.0	1.0000000
1	21250.0000	18550.000	210.14542	0.0	0.0	450.0	1.0000000
1	21450.0000	18650.000	171.30182	0.0	0.0	450.0	1.0000000
1	21550.0000	18950.000	169.50003	0.0	0.0	450.0	1.0000000
1	22350.0000	19050.000	169.50000	0.0	0.0	450.0	1.0000000
3	21950.0000	17650.000	229.27524	0.0	0.0	570.0	1.0000000
3	21650.0000	17950.000	212.62283	0.0	0.0	570.0	1.0000000
3	21150.0000	18450.000	229.82353	0.0	0.0	570.0	1.0000000
5	20950.0000	18750.000	222.27119	0.0	0.0	810.0	1.0000000
5	21050.0000	18850.000	189.94209	0.0	0.0	810.0	1.0000000
5	20950.0000	19050.000	183.81862	0.0	0.0	810.0	1.0000000
5	21950.0000	18550.000	169.50000	0.0	0.0	810.0	1.0000000
5	21750.0000	18750.000	169.49997	0.0	0.0	810.0	1.0000000
5	21750.0000	18650.000	169.49997	0.0	0.0	810.0	1.0000000
5	21950.0000	18350.000	169.49997	0.0	0.0	810.0	1.0000000
5	22350.0000	18450.000	169.50000	0.0	0.0	810.0	1.0000000
5	22050.0000	18150.000	171.66943	0.0	0.0	810.0	1.0000000
1	22250.0000	18850.000	169.50003	0.0	0.0	3420.0	1.0000000
1	22250.0000	18850.000	169.49998	0.0	0.0	3420.0	1.0000000
1	22350.0000	18950.000	169.49998	0.0	0.0	3420.0	1.0000000
1	22350.0000	18750.000	169.49997	0.0	0.0	3420.0	1.0000000
5	22169.1074	18793.371	169.50002	0.0	0.0	8720.0	1.0000000
1	22367.5254	18851.250	169.49997	0.0	0.0	3420.0	1.0000000
1	20850.0000	19850.000	169.49998	0.0	0.0	60.0	1.0000000
5	20918.3594	20679.059	218.23282	-10.0	0.0	7550.0	1.0000000
5	21087.5781	20741.486	223.45671	-10.0	0.0	7550.0	1.3199997
5	21150.0000	19250.000	169.49997	0.0	0.0	8720.0	1.0000000
0	20865.5625	20739.713	211.58044	0.0	0.0	0.0	1.0000000
1	21950.0000	19750.000	169.49998	0.0	0.0	450.0	1.0000000
1	21750.0000	19650.000	169.50002	0.0	0.0	450.0	1.0000000
1	21550.0000	19950.000	197.76624	0.0	0.0	450.0	1.0000000
1	21350.0000	20650.000	169.57941	0.0	0.0	450.0	1.0000000
1	21250.0000	20750.000	189.91605	0.0	0.0	450.0	1.0000000
1	21250.0000	20450.000	169.50003	0.0	0.0	450.0	1.0000000
1	21950.0000	20050.000	189.54660	0.0	0.0	450.0	1.0000000
1	22350.0000	19650.000	170.22136	0.0	0.0	450.0	1.0000000
1	22150.0000	20650.000	173.01396	0.0	0.0	450.0	1.0000000
1	22050.0000	20650.000	174.70642	0.0	0.0	3090.0	1.0000000
1	22150.0000	20450.000	188.65535	0.0	0.0	3090.0	1.0000000
1	22250.0000	20350.000	210.96777	0.0	0.0	3090.0	1.0000000
1	22150.0000	20250.000	214.21490	0.0	0.0	3090.0	1.0000000
1	22150.0000	20150.000	217.95018	0.0	0.0	3090.0	1.0000000
1	22250.0000	19950.000	197.69582	0.0	0.0	3090.0	1.0000000
27	22342.8477	22253.908	176.25873	360.0	0.0	4890.0	1.0000000
36	21135.3867	21948.900	219.44745	360.0	0.0	4740.0	1.2799997
36	21180.0527	22097.256	193.62653	360.0	0.0	4740.0	1.3399997
36	20977.4609	21895.021	221.58264	360.0	0.0	4740.0	1.3199997
36	21665.2422	21579.662	192.64337	360.0	0.0	4740.0	1.0000000
36	21676.0391	21643.771	200.24982	360.0	0.0	4740.0	1.4799995
36	21593.2852	21419.744	184.32254	360.0	0.0	4740.0	1.3199997
36	21846.2734	21656.125	208.09378	360.0	0.0	4680.0	1.2399998
36	22337.1230	21118.234	160.01318	360.0	0.0	4740.0	1.0000000
36	22335.9883	21297.281	160.01318	360.0	0.0	4740.0	1.2999997
1	21550.0000	22350.000	226.67368	0.0	0.0	60.0	1.0000000
2	22362.2227	22235.387	120.26761	-5.0	0.0	140.0	1.0000000
3	22358.0312	22211.404	195.59949	-5.0	0.0	200.0	1.0000000
5	22236.5430	21638.438	205.94441	-10.0	0.0	3470.0	1.4999995
5	21805.2617	21644.861	226.14638	-10.0	0.0	3590.0	1.3799996
5	21690.9863	21514.553	199.40474	-10.0	0.0	3680.0	1.5199995
5	22010.9824	21639.801	216.15051	-10.0	0.0	3890.0	1.2599998
5	22039.0391	22266.928	221.94147	-10.0	0.0	3890.0	1.5199995
5	21366.3164	22249.865	191.72722	-10.0	0.0	3950.0	1.4199996
5	21216.1230	21934.273	214.12219	-10.0	0.0	4040.0	1.4399996
5	20890.8574	21641.488	216.87712	-10.0	0.0	4370.0	1.9799991
5	21342.5215	20955.916	214.23503	-10.0	0.0	7580.0	1.3199997
5	21464.6914	21147.982	219.35014	-10.0	0.0	7460.0	1.2999997
5	20804.7500	21562.045	221.49063	-10.0	0.0	7460.0	1.0000000
5	21021.0137	21793.758	230.50781	-10.0	0.0	7460.0	1.0000000
5	21137.4844	22133.588	206.14647	-10.0	0.0	7460.0	1.0000000
5	21394.7402	22341.809	205.10458	-10.0	0.0	7460.0	1.0000000
5	20854.6504	22275.408	229.60217	-10.0	0.0	7460.0	1.0000000
0	21249.7539	20929.139	212.75908	0.0	0.0	0.0	1.0000000
0	21694.8145	21572.936	202.53430	0.0	0.0	0.0	1.0000000
0	21725.8242	21677.951	217.90349	0.0	0.0	0.0	1.0000000
0	21297.3828	22258.379	194.02258	0.0	0.0	0.0	1.0000000
0	21862.0000	22366.037	204.54170	0.0	0.0	0.0	1.0000000
0	22262.1133	22203.736	199.30313	0.0	0.0	0.0	1.0000000
0	22336.5469	21637.803	190.99785	0.0	0.0	0.0	1.0000000
0	21823.1270	21706.100	221.71031	0.0	0.0	0.0	1.0000000
0	22122.0137	22238.385	214.79213	0.0	0.0	0.0	1.0000000
0	21453.1914	22335.438	226.38768	0.0	0.0	0.0	1.0000000
0	21358.3438	22263.807	202.07603	0.0	0.0	0.0	1.0000000
0	20851.9941	21573.734	214.64380	0.0	0.0	0.0	1.0000000
7	21189.3672	21745.057	241.73431	10.0	0.0	1140.0	1.0000000
7	21272.7754	21870.988	234.74619	10.0	0.0	1110.0	1.0000000
7	21350.5293	22105.842	228.09503	10.0	0.0	1170.0	1.0000000
7	21522.0859	21351.416	248.01422	10.0	0.0	1080.0	1.0000000
7	21526.2344	21373.234	244.31989	10.0	0.0	1200.0	1.0000000
7	21501.8203	21364.518	244.51831	10.0	0.0	1020.0	1.0000000
7	21918.8887	22210.893	248.93948	10.0	0.0	1080.0	1.0000000
7	21947.1367	22243.551	255.75824	10.0	0.0	1170.0	1.0000000
7	21977.7520	22192.525	253.96252	10.0	0.0	1110.0	1.0000000
7	22237.8613	22132.137	239.58194	10.0	0.0	1080.0	1.0000000
7	22277.4082	22145.379	237.80759	10.0	0.0	1170.0	1.0000000
7	21657.4277	22237.203	228.32919	-10.0	0.0	4340.0	1.0000000
7	21683.3926	22288.076	240.39249	-10.0	0.0	4430.0	1.0000000
7	21618.9199	22250.889	237.08441	-10.0	0.0	4310.0	1.0000000
7	21712.6270	21740.928	262.37189	-10.0	0.0	4340.0	1.0000000
7	21756.8887	21782.139	251.11786	-10.0	0.0	4430.0	1.0000000
7	21346.9219	22079.035	276.58594	-10.0	0.0	4340.0	1.0000000
7	20894.3203	21377.400	281.64215	20.0	0.0	4310.0	1.0000000
7	20891.8457	21400.096	231.87054	20.0	0.0	4400.0	1.0000000
7	21034.0645	20847.193	231.23306	-20.0	0.0	4310.0	1.0000000
7	21091.8965	20888.135	216.61584	-20.0	0.0	4430.0	1.0000000
7	21157.0664	21055.873	183.53577	-20.0	0.0	4280.0	1.0000000
7	22282.8223	22223.801	410.10159	20.0	0.0	4340.0	1.0000000
7	22293.9258	22234.260	427.01428	20.0	0.0	4400.0	1.0000000
5	22350.0000	21550.000	189.92039	0.0	0.0	810.0	1.0000000
5	22250.0000	21550.000	182.45537	0.0	0.0	810.0	1.0000000
5	22150.0000	21250.000	200.48146	0.0	0.0	810.0	1.0000000
5	22150.0000	21250.000	196.69556	0.0	0.0	810.0	1.0000000
5	22250.0000	21250.000	189.33464	0.0	0.0	810.0	1.0000000
1	21950.0000	20850.000	188.21828	0.0	0.0	3090.0	1.0000000
1	21950.0000	20950.000	219.86194	0.0	0.0	3090.0	1.0000000
1	21850.0000	21050.000	222.53186	0.0	0.0	3090.0	1.0000000
1	21750.0000	21050.000	209.73572	0.0	0.0	3090.0	1.0000000
1	21550.0000	20950.000	183.51457	0.0	0.0	3090.0	1.0000000
27	20855.0957	23037.156	157.09485	360.0	0.0	4410.0	1.0000000
27	21261.1582	23150.680	150.21219	360.0	0.0	4410.0	1.0000000
27	21342.4023	23248.213	148.69830	360.0	0.0	4710.0	1.2799997
27	22278.6211	22996.570	177.27548	360.0	0.0	4590.0	1.1999998
27	22354.2285	22952.021	166.25378	360.0	0.0	4770.0	1.0000000
36	22243.3457	22466.777	185.37622	360.0	0.0	4710.0	1.3399997
36	21871.5156	22550.371	177.62137	360.0	0.0	4710.0	1.2599998
36	21986.8691	22480.723	165.75824	360.0	0.0	4710.0	1.3599997
1	21750.0000	22450.000	197.29883	0.0	0.0	60.0	1.0000000
1	21850.0000	22450.000	184.37521	0.0	0.0	60.0	1.0000000
0	20963.6172	23016.979	191.94351	-5.0	0.0	50.0	1.0000000
0	21437.0410	23258.346	176.46185	-5.0	0.0	50.0	1.0000000
0	21342.3184	23171.682	177.33409	-5.0	0.0	50.0	1.0000000
0	22274.4531	22943.703	189.80457	-5.0	0.0	50.0	1.0000000
3	22387.7051	22974.289	194.96980	-5.0	0.0	140.0	1.0000000
3	22351.9414	22934.018	196.36987	-5.0	0.0	200.0	1.0000000
3	21367.8613	23205.430	192.68591	-5.0	0.0	200.0	1.0000000
3	21282.5703	23125.023	195.32434	-5.0	0.0	200.0	1.0000000
3	20853.8730	23008.258	204.23900	-5.0	0.0	140.0	1.0000000
3	20891.9492	23018.906	206.17998	-5.0	0.0	230.0	1.0000000
5	21466.6855	23344.045	192.80679	-20.0	0.0	2750.0	1.0000000
5	22227.4824	22822.414	187.88063	-20.0	0.0	2750.0	1.0000000
5	22019.8750	23644.957	206.68625	-20.0	0.0	2750.0	1.0000000
5	22398.2637	23702.920	196.43639	-10.0	0.0	2900.0	1.3599997
5	21838.8789	23594.396	212.42880	-10.0	0.0	2960.0	1.6199994
5	21640.4590	23474.377	210.17990	-10.0	0.0	2960.0	1.4599996
5	21177.5840	22406.904	198.14143	-10.0	0.0	7460.0	1.0000000
5	20976.0410	23258.957	198.63177	-10.0	0.0	7460.0	1.0000000
7	22246.9531	23528.316	195.91364	20.0	0.0	4340.0	1.0000000
7	22212.4258	23556.697	201.30861	20.0	0.0	4250.0	1.0000000
7	22271.3516	23544.973	196.18103	20.0	0.0	4370.0	1.0000000
7	21813.9238	23429.400	235.98677	20.0	0.0	4310.0	1.0000000
7	21857.2793	23433.184	237.23502	20.0	0.0	4400.0	1.0000000
7	21554.0254	23303.764	205.94179	20.0	0.0	4370.0	1.0000000
1	21150.0000	22450.000	210.89586	0.0	0.0	0.0	1.0000000
1	21350.0000	22450.000	219.33087	0.0	0.0	0.0	1.0000000
1	21550.0000	23650.000	176.30460	0.0	0.0	0.0	1.0000000
1	21950.0000	23750.000	177.27023	0.0	0.0	0.0	1.0000000
1	22050.0000	23750.000	183.58267	0.0	0.0	0.0	1.0000000
1	22350.0000	23750.000	170.35352	0.0	0.0	0.0	1.0000000
1	21050.0000	23250.000	200.96397	0.0	0.0	0.0	1.0000000
5	22250.0000	22450.000	216.10526	0.0	0.0	810.0	1.0000000
5	22250.0000	22450.000	208.25038	0.0	0.0	810.0	1.0000000
1	22050.0000	23950.000	169.50000	0.0	0.0	3420.0	1.0000000
37	21787.4824	22894.680	510.21832	0.0	0.0	30.0	1.2999997
37	21733.7578	22961.057	456.55579	0.0	0.0	30.0	1.2599998
23	20814.7207	24634.592	188.64745	0.0	0.0	30.0	1.0000000
1	20814.7031	24817.742	198.63078	0.0	0.0	3420.0	1.0000000
23	21243.8652	24711.191	177.76654	0.0	0.0	30.0	1.0000000
23	21719.6562	24523.145	236.93840	0.0	0.0	10.0	0.8200002
23	21871.9316	24668.646	190.39819	0.0	370.0	50.0	0.8200002
23	22385.6289	25004.594	261.61316	0.0	0.0	30.0	1.0000000
1	21350.0000	24950.000	159.00529	0.0	0.0	-30.0	1.0000000
1	21472.3848	24888.990	169.49998	0.0	0.0	110.0	1.0000000
1	21450.0000	25050.000	173.14816	0.0	0.0	0.0	1.0000000
1	21567.7598	24949.385	169.84305	0.0	0.0	70.0	1.0000000
1	21750.0000	25050.000	171.62939	0.0	0.0	0.0	1.0000000
1	21698.3301	24960.445	155.89587	0.0	0.0	-60.0	1.0000000
12	20850.0000	24750.000	197.11447	0.0	0.0	0.0	0.8400002
12	20850.0000	24850.000	204.38985	0.0	0.0	0.0	1.0000000
12	21072.9297	24667.223	164.29921	0.0	0.0	0.0	1.0000000
15	21143.0859	24760.809	184.29758	0.0	0.0	0.0	1.0000000
31	21803.4375	25070.666	173.89156	0.0	0.0	0.0	1.0000000
32	21969.4297	25123.125	189.80316	0.0	0.0	0.0	1.0000000
31	22134.0996	25115.400	194.53810	0.0	0.0	-260.0	1.0000000
33	22070.1328	24992.078	188.34213	0.0	0.0	140.0	1.0999999
33	21855.1602	24992.059	174.49097	0.0	0.0	0.0	1.0000000
5	22233.3496	24837.375	202.20544	0.0	0.0	-60.0	1.0799999
4	21903.5918	24785.693	220.28069	0.0	0.0	60.0	1.0000000
36	20950.0000	24850.000	185.94910	0.0	0.0	0.0	1.0000000
36	22250.0000	24950.000	218.35841	0.0	0.0	0.0	1.0000000
36	21950.0000	24950.000	190.49242	0.0	0.0	0.0	1.0000000
22	22424.6191	382.748	197.21112	0.0	0.0	30.0	1.0000000
22	23633.7539	237.244	183.20631	0.0	0.0	30.0	1.0000000
23	23357.7109	593.988	219.88092	0.0	0.0	90.0	1.0000000
23	22742.0762	61.482	209.66258	0.0	0.0	60.0	1.0000000
22	22979.3496	234.441	193.19939	0.0	0.0	120.0	1.0000000
23	22450.0000	1150.000	203.29752	0.0	0.0	30.0	1.0000000
22	22450.0000	950.000	196.87761	0.0	0.0	120.0	1.0000000
22	22700.8477	1342.364	200.68567	0.0	0.0	0.0	1.0000000
32	22708.3672	1147.917	158.76770	-710.0	0.0	1740.0	1.0000000
33	22770.4805	1078.631	150.71703	-710.0	0.0	1740.0	1.0000000
32	22971.6582	1387.511	154.05467	-710.0	0.0	1590.0	1.0000000
33	23159.3359	1352.218	145.15013	-720.0	0.0	1530.0	1.0000000
33	23748.0977	966.688	170.32771	-720.0	0.0	1470.0	1.0000000
34	23562.3281	1048.638	107.08812	-725.0	0.0	1560.0	1.0000000
34	23535.1191	1160.509	38.88316	-725.0	0.0	1500.0	1.0000000
34	23479.4336	1044.132	110.23865	-725.0	0.0	1560.0	1.0000000
36	23575.8457	1074.112	228.95157	-725.0	0.0	1500.0	1.0000000
36	22875.6484	1544.966	225.79362	-725.0	0.0	1500.0	1.0000000
36	22743.4355	1456.132	219.34460	-725.0	0.0	1500.0	1.0000000
36	22438.0039	611.198	186.77460	-725.0	0.0	1500.0	1.0000000
5	23048.1602	1279.443	237.43336	-715.0	0.0	2280.0	1.0000000
5	22767.5254	1116.345	229.63837	-715.0	0.0	2220.0	1.0000000
5	22611.0098	758.781	245.17413	-715.0	0.0	2220.0	1.0000000
36	23072.1777	1273.520	203.11037	-715.0	0.0	2670.0	1.0000000
36	23214.5137	513.116	220.76927	-715.0	0.0	2670.0	1.0000000
1	22450.0000	1350.000	170.05898	0.0	0.0	60.0	1.0000000
1	22784.0703	135.565	236.80798	0.0	0.0	3090.0	1.0000000
1	23150.0000	250.000	260.31424	0.0	0.0	3090.0	1.0000000
1	23050.0000	250.000	268.22415	0.0	0.0	3090.0	1.0000000
1	23250.0000	250.000	240.32289	0.0	0.0	3090.0	1.0000000
1	23450.0000	350.000	192.67297	0.0	0.0	3090.0	1.0000000
1	23450.0000	350.000	192.53873	0.0	0.0	3090.0	1.0000000
1	23550.0000	350.000	212.50876	0.0	0.0	3090.0	1.0000000
1	23946.7012	100.941	229.38895	0.0	0.0	3090.0	1.0000000
1	23561.4805	156.876	274.99127	0.0	0.0	3050.0	1.0000000
1	23750.0000	250.000	224.05432	0.0	0.0	3090.0	1.0000000
1	23850.0000	250.000	217.32605	0.0	0.0	3090.0	1.0000000
1	22450.0000	950.000	199.33575	0.0	0.0	3090.0	1.0000000
1	22550.0000	1050.000	202.80394	0.0	0.0	3090.0	1.0000000
1	22550.0000	1050.000	202.78644	0.0	0.0	3090.0	1.0000000
1	22550.0000	1250.000	205.40193	0.0	0.0	3090.0	1.0000000
1	22450.0000	1150.000	203.58411	0.0	0.0	3090.0	1.0000000
1	22750.0000	1350.000	215.37793	0.0	0.0	3090.0	1.0000000
1	22850.0000	1250.000	230.37991	0.0	0.0	3090.0	1.0000000
1	22850.0000	1250.000	213.27650	0.0	0.0	3090.0	1.0000000
1	22850.0000	1450.000	224.62787	0.0	0.0	3090.0	1.0000000
1	22850.0000	1450.000	222.93903	0.0	0.0	3090.0	1.0000000
1	22650.0000	1450.000	188.77811	0.0	0.0	3090.0	1.0000000
1	22750.0000	1550.000	211.59908	0.0	0.0	3090.0	1.0000000
1	22750.0000	450.000	173.61174	0.0	0.0	3090.0	1.0000000
1	22750.0000	550.000	180.00612	0.0	0.0	3090.0	1.0000000
1	22650.0000	650.000	194.52222	0.0	0.0	3090.0	1.0000000
1	22550.0000	750.000	204.26953	0.0	0.0	3090.0	1.0000000
1	23450.0000	50.000	252.64465	0.0	0.0	0.0	1.0000000
1	23050.0000	50.000	296.81287	0.0	0.0	0.0	1.0000000
1	22550.0000	50.000	244.16798	0.0	0.0	0.0	1.0000000
1	23837.6445	29.794	212.17285	10.0	0.0	0.0	1.0000000
32	22751.6172	396.180	92.09544	-410.0	0.0	1750.0	1.0000000
32	22422.8164	508.668	83.83720	-410.0	0.0	1730.0	0.9200001
32	22663.8164	455.061	4.33638	-350.0	0.0	2100.0	1.0000000
36	22950.0000	350.000	200.58829	0.0	0.0	0.0	1.0000000
36	23050.0000	250.000	241.07196	0.0	0.0	0.0	1.0000000
36	22550.0000	250.000	225.82408	0.0	0.0	0.0	1.0000000
36	22650.0000	250.000	221.07620	0.0	0.0	0.0	1.0000000
36	22750.0000	150.000	240.57600	0.0	0.0	0.0	1.0000000
31	23464.3242	641.275	135.61098	0.0	0.0	60.0	0.7800002
33	23579.9316	616.279	139.07298	-720.0	0.0	1420.0	1.0000000
33	23374.4355	733.900	158.75931	-720.0	0.0	1380.0	1.0000000
22	22550.0000	1650.000	169.50002	0.0	0.0	90.0	1.0000000
23	22850.0000	1650.000	169.49997	0.0	0.0	90.0	1.0000000
31	22602.2246	3139.186	149.48978	-710.0	0.0	1560.0	1.2199998
33	23546.0625	2365.795	175.03574	-720.0	0.0	1560.0	1.0000000
33	23557.5234	2439.136	189.48611	-720.0	0.0	1530.0	1.0000000
33	23168.0469	2745.385	174.93542	-720.0	0.0	1530.0	1.0000000
33	22758.4844	3049.969	157.15268	-720.0	0.0	1530.0	1.0000000
33	22674.8379	3024.734	161.52516	-720.0	0.0	1500.0	1.0000000
33	22441.1348	2737.347	141.10027	-720.0	0.0	1440.0	1.0000000
33	22490.7402	2761.359	120.37991	-720.0	0.0	1470.0	1.0000000
34	22710.7305	3148.662	174.15672	-725.0	0.0	1530.0	1.0000000
34	22718.8750	3102.209	175.90765	-725.0	0.0	1590.0	0.7800002
34	22852.2539	1744.814	179.38402	-725.0	0.0	1560.0	1.0000000
34	23518.1660	2427.804	181.51462	-725.0	0.0	1560.0	1.0000000
36	22845.6348	1908.324	240.84027	-725.0	0.0	1500.0	1.0000000
5	22943.3203	3143.437	228.20641	-715.0	0.0	2250.0	1.2599998
5	22676.0215	3002.897	240.57619	-715.0	0.0	2280.0	1.0000000
5	23579.4551	2359.118	236.64569	-715.0	0.0	2280.0	1.0000000
5	23628.0664	2430.580	241.03949	-715.0	0.0	2220.0	1.0000000
5	23171.2227	2719.942	247.70064	-715.0	0.0	2220.0	1.0000000
5	22908.8164	1951.652	246.73627	-715.0	0.0	2220.0	1.0000000
5	22857.6094	2571.318	242.25449	-715.0	0.0	2220.0	1.0000000
36	23626.9199	1651.749	211.16754	-715.0	0.0	2670.0	1.0000000
1	22850.0000	1650.000	241.07637	0.0	0.0	60.0	1.0000000
1	22850.0000	1850.000	230.42892	0.0	0.0	60.0	1.0000000
1	22750.0000	2550.000	225.85806	0.0	0.0	60.0	1.0000000
1	22850.0000	1950.000	218.47574	0.0	0.0	3090.0	1.0000000
1	22450.0000	1650.000	218.32571	0.0	0.0	3090.0	1.0000000
31	22878.0156	3202.983	141.62184	-710.0	0.0	1650.0	1.1999998
5	23113.9922	3235.155	239.46211	-715.0	0.0	2220.0	1.0000000
36	22847.6855	3333.635	207.03687	-715.0	0.0	2670.0	1.0000000
36	22702.1855	3224.448	216.16315	-715.0	0.0	2670.0	1.0000000
36	22496.5176	3608.701	284.66898	-715.0	0.0	2220.0	1.0000000
34	22433.0215	3652.614	174.79855	-715.0	0.0	2220.0	1.0000000
1	22450.0000	3350.000	192.16553	0.0	0.0	60.0	1.0000000
1	22650.0000	3450.000	174.82022	0.0	0.0	60.0	1.0000000
1	22850.0000	3450.000	183.91266	0.0	0.0	60.0	1.0000000
1	23850.0000	3750.000	220.48233	0.0	0.0	60.0	1.0000000
1	23150.0000	4150.000	186.76056	0.0	0.0	60.0	1.0000000
1	22950.0000	4050.000	173.69583	0.0	0.0	60.0	1.0000000
1	22650.0000	3650.000	203.50917	0.0	0.0	60.0	1.0000000
31	22625.4453	4494.359	246.14618	360.0	0.0	0.0	1.0000000
32	22717.2812	4435.149	192.97021	370.0	0.0	510.0	1.0000000
4	23520.4199	6355.338	261.54413	0.0	0.0	-180.0	1.0000000
4	23137.5449	5595.699	242.08331	0.0	0.0	-180.0	1.0000000
1	23950.0000	6050.000	169.76578	0.0	0.0	3090.0	1.0000000
1	22450.0000	5750.000	183.72675	0.0	0.0	3420.0	1.0000000
1	22550.0000	5550.000	201.03482	0.0	0.0	3420.0	1.0000000
1	22650.0000	5450.000	257.54272	0.0	0.0	3420.0	1.0000000
1	22650.0000	5350.000	264.08997	0.0	0.0	3420.0	1.0000000
1	22550.0000	5250.000	235.16125	0.0	0.0	3420.0	1.0000000
1	22550.0000	5250.000	221.32120	0.0	0.0	3420.0	1.0000000
1	23350.0000	5550.000	178.74550	0.0	0.0	3420.0	1.0000000
1	23350.0000	5450.000	171.80066	0.0	0.0	3420.0	1.0000000
1	23450.0000	5350.000	169.50002	0.0	0.0	3420.0	1.0000000
1	23550.0000	5350.000	169.49998	0.0	0.0	3420.0	1.0000000
1	23550.0000	5250.000	169.50003	0.0	0.0	3420.0	1.0000000
1	23550.0000	5650.000	206.48750	0.0	0.0	3420.0	1.0000000
1	23450.0000	5650.000	191.31697	0.0	0.0	3420.0	1.0000000
36	23450.0000	5650.000	182.99406	0.0	0.0	3000.0	1.0000000
36	23550.0000	5450.000	169.50002	0.0	0.0	3000.0	1.0000000
14	23996.5273	5539.521	205.69374	0.0	0.0	-80.0	1.0000000
14	23819.1758	5269.829	178.72058	0.0	0.0	0.0	1.0000000
14	23902.0605	5020.927	190.52762	0.0	0.0	0.0	1.0000000
14	23750.0000	5150.000	177.49722	0.0	0.0	-80.0	1.0000000
4	23974.5098	7052.520	224.50002	0.0	0.0	-180.0	1.0000000
4	22734.5527	6435.351	224.50003	0.0	0.0	-180.0	1.0000000
4	22850.0000	7250.000	176.66835	0.0	0.0	-180.0	1.0000000
4	22950.0000	7250.000	179.61220	0.0	0.0	-180.0	1.0000000
1	23950.0000	7050.000	169.50000	0.0	0.0	3090.0	1.0000000
1	23750.0000	7150.000	169.50003	0.0	0.0	3090.0	1.0000000
1	22950.0000	6850.000	213.50470	0.0	0.0	3420.0	1.0000000
1	22750.0000	6950.000	177.82973	0.0	0.0	3420.0	1.0000000
1	22850.0000	7250.000	169.49997	0.0	0.0	3420.0	1.0000000
1	22850.0000	7350.000	169.50000	0.0	0.0	3420.0	1.0000000
1	22850.0000	7750.000	174.86569	0.0	0.0	3420.0	1.0000000
1	22550.0000	7250.000	169.49997	0.0	0.0	3420.0	1.0000000
33	22637.4160	7310.032	169.49997	0.0	0.0	-100.0	1.0000000
33	22950.0000	9100.000	169.49997	365.0	0.0	1260.0	1.0000000
33	23150.0000	8850.000	169.50003	365.0	0.0	1350.0	1.0000000
31	23050.0000	8950.000	169.50002	365.0	0.0	1350.0	1.0000000
31	23350.0000	8700.000	169.49995	365.0	0.0	1410.0	1.0000000
35	22650.0000	9450.000	169.50003	350.0	0.0	2250.0	1.0000000
35	22650.0000	9450.000	169.50003	350.0	0.0	2190.0	1.4199996
35	22650.0000	9450.000	169.50003	355.0	0.0	2370.0	1.3399997
35	23250.0000	9550.000	169.50005	355.0	0.0	2220.0	1.0000000
35	23250.0000	9550.000	169.49997	355.0	0.0	2400.0	1.5199995
35	23250.0000	9550.000	169.50002	355.0	0.0	2280.0	1.0000000
4	22937.2910	9008.370	204.05913	0.0	0.0	-180.0	1.0000000
4	23223.2168	8727.729	199.50002	0.0	0.0	-180.0	1.0000000
4	23318.6406	8815.850	199.50000	0.0	0.0	-270.0	1.0000000
4	23032.8066	9077.046	214.27562	0.0	0.0	-270.0	1.0000000
1	23250.0000	9550.000	182.46651	0.0	0.0	3420.0	1.0000000
1	23350.0000	9550.000	191.54468	0.0	0.0	3420.0	1.0000000
1	23250.0000	9550.000	177.71690	0.0	0.0	3420.0	1.0000000
1	23250.0000	9450.000	178.72203	0.0	0.0	3420.0	1.0000000
1	22650.0000	9450.000	179.54831	0.0	0.0	3420.0	1.0000000
1	22650.0000	9450.000	181.25291	0.0	0.0	3420.0	1.0000000
1	22750.0000	9450.000	180.19693	0.0	0.0	3420.0	1.0000000
1	22650.0000	9350.000	177.00792	0.0	0.0	3420.0	1.0000000
1	22950.0000	9050.000	175.65074	0.0	0.0	3420.0	1.0000000
1	22950.0000	8950.000	169.53860	0.0	0.0	3420.0	1.0000000
1	23050.0000	8850.000	169.49998	0.0	0.0	3420.0	1.0000000
1	23150.0000	8850.000	169.49998	0.0	0.0	3420.0	1.0000000
1	23150.0000	8750.000	169.49998	0.0	0.0	3420.0	1.0000000
1	23150.0000	8650.000	170.36142	0.0	0.0	3420.0	1.0000000
1	23250.0000	8550.000	179.79111	0.0	0.0	3420.0	1.0000000
1	23250.0000	8550.000	193.43347	0.0	0.0	3420.0	1.0000000
1	23350.0000	8550.000	204.37822	0.0	0.0	3420.0	1.0000000
1	23350.0000	8950.000	169.50002	0.0	0.0	3420.0	1.0000000
1	23450.0000	8850.000	169.52696	0.0	0.0	3420.0	1.0000000
1	23450.0000	8750.000	189.23248	0.0	0.0	3420.0	1.0000000
1	23550.0000	8550.000	244.83073	0.0	0.0	3420.0	1.0000000
31	22985.2969	9828.364	133.74863	365.0	0.0	1140.0	1.3199997
31	23050.5352	9931.645	133.74864	365.0	0.0	1260.0	1.0000000
33	23059.0723	9647.954	133.74860	365.0	0.0	1260.0	1.0000000
33	22935.9277	9848.269	258.74866	365.0	0.0	1260.0	1.0000000
35	22450.0000	10850.000	169.49997	350.0	0.0	1980.0	1.0000000
35	22850.0000	10550.000	169.49998	350.0	0.0	1890.0	1.0000000
35	22850.0000	10550.000	169.50002	350.0	0.0	2040.0	1.0000000
35	22850.0000	10550.000	169.50003	350.0	0.0	2190.0	1.3599997
35	22450.0000	10850.000	169.50003	350.0	0.0	2190.0	1.5399995
35	22450.0000	10850.000	169.49998	350.0	0.0	2190.0	1.0000000
36	22600.0000	10000.000	169.50002	360.0	0.0	3780.0	1.0000000
36	23150.0000	9700.000	170.05482	360.0	0.0	3990.0	1.4199996
36	23200.0000	9750.000	169.49995	360.0	0.0	4020.0	1.0000000
4	22967.8867	9873.589	203.06552	0.0	0.0	-180.0	1.0000000
4	23040.1367	9945.721	199.50000	0.0	0.0	-180.0	1.0000000
1	22650.0000	10650.000	169.50003	0.0	0.0	3420.0	1.0000000
1	22750.0000	10550.000	169.49998	0.0	0.0	3420.0	1.0000000
1	22850.0000	10450.000	169.50003	0.0	0.0	3420.0	1.0000000
1	22950.0000	10550.000	169.50000	0.0	0.0	3420.0	1.0000000
1	22850.0000	9850.000	184.74736	0.0	0.0	3420.0	1.0000000
1	22850.0000	9750.000	202.18333	0.0	0.0	3420.0	1.0000000
1	22950.0000	9650.000	194.93520	0.0	0.0	3420.0	1.0000000
35	23250.0000	11250.000	169.50000	355.0	0.0	2280.0	1.0000000
35	23250.0000	11250.000	169.50003	355.0	0.0	2040.0	1.0000000
35	23250.0000	11250.000	169.49995	355.0	0.0	2160.0	1.5199995
35	23650.0000	11450.000	169.50000	355.0	0.0	1980.0	1.2999997
35	23650.0000	11450.000	169.50002	355.0	0.0	2220.0	1.0000000
35	23650.0000	11450.000	169.49997	355.0	0.0	2310.0	1.0000000
2	22682.0156	12560.688	104.50003	0.0	0.0	-120.0	1.0000000
3	22420.2266	11899.759	124.50365	0.0	0.0	-180.0	1.0000000
3	22414.7031	12471.257	124.49998	0.0	0.0	-180.0	1.0000000
3	23036.2910	12422.247	124.49995	0.0	0.0	-240.0	1.0000000
3	23523.4688	11610.935	124.50002	0.0	0.0	-240.0	1.0000000
3	22889.5508	11229.379	149.49998	0.0	0.0	-210.0	1.0000000
3	23325.6113	11662.198	129.50003	0.0	0.0	-240.0	1.0000000
4	23253.1133	11273.591	199.49998	0.0	0.0	-240.0	1.0000000
4	23173.2402	11287.522	199.50000	0.0	0.0	-150.0	1.0000000
4	23606.8770	11451.640	199.49997	0.0	0.0	-210.0	1.0000000
4	23498.5312	11557.186	199.50002	0.0	0.0	-210.0	1.0000000
32	22793.2129	11940.489	168.95781	0.0	0.0	2970.0	1.0000000
32	22775.6758	12138.438	413.95782	-80.0	0.0	2700.0	1.0000000
32	22899.3516	12278.742	168.95786	0.0	0.0	3000.0	1.0000000
37	23092.8691	11796.214	444.45554	0.0	0.0	30.0	1.0000000
37	23294.7500	11845.236	494.45541	0.0	0.0	60.0	1.0000000
32	22774.2246	12085.150	423.95782	-90.0	0.0	2850.0	1.0000000
33	22789.3184	11860.708	136.85831	0.0	0.0	100.0	1.3599997
33	22727.2227	11786.927	145.31090	-10.0	0.0	330.0	1.1599998
33	22997.6348	12310.098	136.07077	0.0	0.0	100.0	1.3599997
33	22543.6309	11455.835	136.11417	0.0	0.0	150.0	1.3599997
33	22463.2734	12626.003	145.87628	0.0	0.0	150.0	1.3599997
33	22959.1074	12397.010	136.23042	0.0	0.0	100.0	1.3599997
33	23235.4922	11915.589	133.45802	0.0	0.0	260.0	1.3599997
1	22400.0000	13550.000	170.59401	0.0	0.0	2700.0	1.0000000
2	22591.7812	13052.697	139.12169	0.0	0.0	-60.0	1.0000000
2	22744.3594	13635.350	138.21571	0.0	0.0	-150.0	1.0000000
2	23067.9043	13069.562	125.06325	0.0	0.0	-180.0	1.0000000
1	22550.0000	13650.000	169.50002	0.0	0.0	2700.0	1.0000000
1	22650.0000	13750.000	169.50000	0.0	0.0	2700.0	1.0000000
5	22450.0000	15650.000	207.46173	0.0	0.0	8720.0	1.0000000
5	22550.0000	15850.000	188.32051	0.0	0.0	8720.0	1.0000000
5	22650.0000	15950.000	199.62872	0.0	0.0	8720.0	1.0000000
0	22433.5801	15709.026	200.25677	0.0	0.0	0.0	1.0000000
0	22581.3789	15843.452	200.26636	0.0	0.0	0.0	1.0000000
0	22521.7793	15827.023	198.45485	0.0	0.0	0.0	1.0000000
3	22550.0000	15850.000	250.02324	0.0	0.0	570.0	1.0000000
1	23950.0000	14950.000	198.20787	0.0	0.0	3420.0	1.0000000
1	23850.0000	14650.000	211.13654	0.0	0.0	3420.0	1.0000000
1	22850.0000	14750.000	176.11555	0.0	0.0	3420.0	1.0000000
1	23050.0000	14850.000	186.57629	0.0	0.0	3420.0	1.0000000
1	23250.0000	14850.000	190.10754	0.0	0.0	3420.0	1.0000000
1	23450.0000	14850.000	188.95457	0.0	0.0	3420.0	1.0000000
1	23550.0000	14450.000	215.93307	0.0	0.0	3420.0	1.0000000
1	23150.0000	14750.000	208.63040	0.0	0.0	3420.0	1.0000000
31	23292.3594	14494.993	194.21584	365.0	0.0	1820.0	1.2599998
5	22643.3555	16193.651	207.73848	0.0	0.0	8720.0	1.0000000
5	22585.7520	16616.016	230.88835	0.0	0.0	8720.0	1.0000000
5	22650.0000	16350.000	215.09558	0.0	0.0	8720.0	1.0000000
5	22550.0000	16550.000	233.02795	0.0	0.0	8720.0	1.0000000
5	22450.0000	16750.000	210.13593	0.0	0.0	8720.0	1.0000000
5	22450.0000	16950.000	230.00131	0.0	0.0	8720.0	1.0000000
5	22550.0000	17350.000	169.49997	0.0	0.0	8720.0	1.0000000
5	22550.0000	17250.000	169.85361	0.0	0.0	8720.0	1.0000000
5	22850.0000	17350.000	169.49997	0.0	0.0	8720.0	1.0000000
5	23050.0000	17250.000	169.50002	0.0	0.0	8720.0	1.0000000
5	23124.1504	17290.607	169.50003	0.0	0.0	8720.0	1.7199993
5	23032.2031	17103.242	169.50005	0.0	0.0	8810.0	1.5999994
5	22966.7051	17127.951	169.50005	0.0	0.0	8990.0	1.4199996
0	22512.4941	16587.506	251.62646	0.0	0.0	0.0	1.0000000
7	22412.2891	16863.955	311.69794	10.0	0.0	1170.0	1.0000000
7	22408.3809	16830.232	299.21890	10.0	0.0	1170.0	1.0000000
1	23850.0000	17450.000	182.18369	0.0	0.0	450.0	1.0000000
1	23550.0000	17350.000	183.92534	0.0	0.0	450.0	1.0000000
1	23750.0000	16850.000	212.35194	0.0	0.0	450.0	1.0000000
1	23750.0000	16850.000	214.75006	0.0	0.0	450.0	1.0000000
1	23350.0000	16550.000	195.47354	0.0	0.0	450.0	1.0000000
1	23250.0000	16750.000	169.50000	0.0	0.0	450.0	1.0000000
1	22850.0000	17150.000	189.90558	0.0	0.0	450.0	1.0000000
1	22550.0000	16950.000	224.32278	0.0	0.0	450.0	1.0000000
1	22650.0000	16950.000	220.86765	0.0	0.0	450.0	1.0000000
3	22950.0000	17350.000	179.45012	0.0	0.0	570.0	1.0000000
3	23150.0000	17050.000	180.21899	0.0	0.0	570.0	1.0000000
3	23450.0000	17150.000	202.25983	0.0	0.0	570.0	1.0000000
3	23550.0000	17250.000	198.98169	0.0	0.0	570.0	1.0000000
3	23650.0000	17050.000	200.18517	0.0	0.0	570.0	1.0000000
3	23650.0000	16750.000	212.11960	0.0	0.0	570.0	1.0000000
3	22650.0000	16250.000	243.04707	0.0	0.0	570.0	1.0000000
3	22650.0000	16050.000	238.11526	0.0	0.0	570.0	1.0000000
3	22550.0000	16550.000	264.31146	0.0	0.0	570.0	1.0000000
1	23450.0000	17150.000	201.36415	0.0	0.0	3420.0	1.0000000
1	22450.0000	17050.000	249.01321	0.0	0.0	3420.0	1.0000000
1	22550.0000	16850.000	257.82761	0.0	0.0	3420.0	1.0000000
1	22550.0000	16650.000	247.57784	0.0	0.0	3420.0	1.0000000
5	23966.8242	19164.100	176.00352	0.0	0.0	8270.0	1.2999997
5	23817.9258	19053.998	176.00348	0.0	0.0	8360.0	1.2999997
5	23942.2031	18691.400	178.53569	0.0	0.0	8450.0	1.3999996
5	23968.0938	18331.502	176.00348	0.0	0.0	8510.0	1.3999996
5	22750.0000	17650.000	169.50000	0.0	0.0	8720.0	1.0000000
1	22850.0000	18450.000	169.49998	0.0	0.0	450.0	1.0000000
1	23550.0000	18250.000	196.65500	0.0	0.0	450.0	1.0000000
1	23750.0000	18150.000	180.00960	0.0	0.0	450.0	1.0000000
1	23050.0000	17950.000	169.50002	0.0	0.0	450.0	1.0000000
1	22950.0000	18450.000	169.50002	0.0	0.0	450.0	1.0000000
1	23150.0000	18950.000	169.49998	0.0	0.0	450.0	1.0000000
1	23550.0000	19150.000	169.49997	0.0	0.0	450.0	1.0000000
1	23350.0000	18750.000	178.43703	0.0	0.0	450.0	1.0000000
1	23250.0000	18250.000	176.08881	0.0	0.0	450.0	1.0000000
1	23650.0000	17850.000	183.32642	0.0	0.0	450.0	1.0000000
2	23665.4824	18040.252	161.59254	0.0	0.0	450.0	1.0000000
2	23607.6348	18480.793	154.41328	0.0	0.0	570.0	1.0000000
2	23472.3965	17852.041	154.03609	0.0	0.0	540.0	1.0000000
2	22895.8359	18763.830	120.48596	0.0	0.0	540.0	1.0000000
3	23250.0000	18450.000	179.21921	0.0	0.0	570.0	1.0000000
3	23550.0000	18350.000	190.43250	0.0	0.0	570.0	1.0000000
3	23950.0000	18250.000	169.80496	0.0	0.0	570.0	1.0000000
3	23950.0000	18650.000	173.67548	0.0	0.0	570.0	1.0000000
5	22650.0000	18550.000	169.50002	0.0	0.0	810.0	1.0000000
5	22950.0000	18050.000	169.49997	0.0	0.0	810.0	1.0000000
5	22550.0000	18150.000	172.40656	0.0	0.0	810.0	1.0000000
5	22550.0000	18150.000	171.37169	0.0	0.0	810.0	1.0000000
5	22450.0000	17850.000	200.36290	0.0	0.0	810.0	1.0000000
1	23724.2559	19074.387	169.49995	0.0	0.0	3090.0	1.0000000
1	23950.0000	18850.000	170.42781	0.0	0.0	3090.0	1.0000000
1	23950.0000	18650.000	175.31110	0.0	0.0	3090.0	1.0000000
1	23950.0000	18350.000	169.50005	0.0	0.0	3090.0	1.0000000
1	23950.0000	18350.000	169.57242	0.0	0.0	3090.0	1.0000000
1	22550.0000	18750.000	169.50002	0.0	0.0	3420.0	1.0000000
1	22450.0000	19050.000	169.50000	0.0	0.0	3420.0	1.0000000
1	22450.0000	18950.000	169.49998	0.0	0.0	3420.0	1.0000000
37	22510.5742	18916.242	514.05469	0.0	0.0	0.0	1.3199997
37	22513.8340	18903.074	514.05469	0.0	0.0	-60.0	1.2799997
37	22473.1582	18969.104	514.05469	0.0	0.0	60.0	1.0000000
5	23821.5020	20591.236	176.00346	0.0	0.0	7880.0	1.2999997
1	23650.0000	19450.000	169.50002	0.0	0.0	450.0	1.0000000
1	23950.0000	19750.000	173.32043	0.0	0.0	450.0	1.0000000
1	23350.0000	20250.000	169.49998	0.0	0.0	450.0	1.0000000
1	23050.0000	20350.000	169.49998	0.0	0.0	450.0	1.0000000
1	23350.0000	20650.000	169.49998	0.0	0.0	450.0	1.0000000
1	22450.0000	20250.000	206.56386	0.0	0.0	450.0	1.0000000
1	23050.0000	20050.000	169.81479	0.0	0.0	450.0	1.0000000
2	23236.2598	20150.365	120.48590	0.0	0.0	540.0	1.0000000
2	23203.6348	20007.969	120.48596	0.0	0.0	540.0	1.0000000
2	22724.3691	19744.824	131.16217	0.0	0.0	600.0	1.0000000
2	22509.4980	20163.123	145.90163	0.0	0.0	510.0	1.0000000
3	22568.9453	20547.262	201.11649	0.0	0.0	510.0	1.0000000
3	22884.9844	20711.094	151.56268	0.0	0.0	570.0	1.0000000
5	23250.0000	20150.000	169.50002	0.0	0.0	810.0	1.0000000
5	23350.0000	20150.000	169.49997	0.0	0.0	810.0	1.0000000
5	23450.0000	19650.000	169.49997	0.0	0.0	810.0	1.0000000
5	23950.0000	19350.000	172.55591	0.0	0.0	810.0	1.0000000
5	23950.0000	19950.000	210.73952	0.0	0.0	810.0	1.0000000
5	23650.0000	20750.000	171.14023	0.0	0.0	810.0	1.0000000
1	23850.0000	20550.000	187.34468	0.0	0.0	3090.0	1.0000000
1	23950.0000	20350.000	190.84396	0.0	0.0	3090.0	1.0000000
1	23950.0000	19250.000	174.47380	0.0	0.0	3090.0	1.0000000
27	22461.8750	22309.180	163.85701	360.0	0.0	4680.0	1.1999998
36	22564.8613	21405.543	160.01318	360.0	0.0	4740.0	1.1799998
36	22476.6270	21236.178	160.01312	360.0	0.0	4740.0	1.2399998
36	22565.9434	21251.705	160.01315	360.0	0.0	4740.0	1.0000000
36	23133.4062	21451.053	160.01318	360.0	0.0	4740.0	1.2599998
36	23305.0996	21539.240	160.01312	360.0	0.0	4740.0	1.3599997
36	23582.9570	21720.277	160.01318	360.0	0.0	4740.0	1.2799997
36	23760.1465	22007.047	160.01318	360.0	0.0	4740.0	1.2399998
36	23601.1543	21972.631	160.01315	360.0	0.0	4740.0	1.3399997
36	23588.3711	22119.035	160.01315	360.0	0.0	4740.0	1.3199997
36	23617.1094	21787.688	160.01318	360.0	0.0	4740.0	1.0000000
36	23842.0332	22104.016	160.01315	360.0	0.0	4740.0	1.0000000
0	22609.6738	22385.701	164.45174	-5.0	0.0	50.0	1.0000000
0	22441.1758	22259.018	171.99347	-5.0	0.0	50.0	1.0000000
0	23715.2422	22378.205	118.90721	-5.0	0.0	140.0	1.0000000
0	22412.1113	22324.746	113.14758	-5.0	0.0	140.0	1.0000000
3	22548.7598	22328.289	182.69521	-5.0	0.0	140.0	1.0000000
5	23679.5742	22198.652	176.00349	-10.0	0.0	2960.0	1.4999995
5	23591.4805	22318.020	176.81441	-10.0	0.0	3110.0	1.0000000
5	22710.8965	21714.951	176.00354	-10.0	0.0	3050.0	1.1799998
5	22867.1738	21813.518	176.00349	-10.0	0.0	3140.0	1.0000000
5	23060.2402	21987.523	176.00351	-10.0	0.0	3020.0	1.0000000
5	23176.4375	22112.338	176.00349	-10.0	0.0	3140.0	1.0000000
5	23342.2734	22237.768	176.00348	-10.0	0.0	3200.0	1.2999997
5	23579.2617	22304.529	176.20732	-10.0	0.0	3500.0	1.0000000
5	23809.3457	21173.426	176.00348	-10.0	0.0	7460.0	1.0000000
5	23838.5273	21580.865	176.00348	-10.0	0.0	7460.0	1.0000000
5	23836.4277	21311.107	176.00346	0.0	0.0	7700.0	1.2799997
5	23870.6465	20980.328	178.12291	0.0	0.0	7790.0	1.2999997
5	23951.1895	21862.029	176.00351	0.0	0.0	7790.0	1.0000000
5	23795.4023	20874.561	176.00351	0.0	0.0	7970.0	1.2599998
0	22532.8496	22282.842	169.47720	0.0	0.0	0.0	1.0000000
0	23311.0371	22182.561	194.10927	0.0	0.0	0.0	1.0000000
0	23467.9160	22178.078	211.29189	0.0	0.0	0.0	1.0000000
0	23489.1816	22292.039	216.52638	0.0	0.0	0.0	1.0000000
0	23059.9434	21991.924	183.24706	0.0	0.0	0.0	1.0000000
0	23021.9727	21922.492	189.96782	0.0	0.0	0.0	1.0000000
7	22490.6445	22184.979	183.70021	20.0	0.0	4400.0	1.0000000
7	22651.7676	22278.855	212.18651	20.0	0.0	4400.0	1.0000000
7	22447.8027	22143.072	222.68268	20.0	0.0	4370.0	1.0000000
1	23650.0000	21150.000	169.50000	0.0	0.0	450.0	1.0000000
1	23150.0000	21550.000	196.66660	0.0	0.0	450.0	1.0000000
1	23050.0000	21450.000	192.67352	0.0	0.0	450.0	1.0000000
1	22650.0000	21150.000	173.10045	0.0	0.0	450.0	1.0000000
3	23450.0000	21850.000	171.30794	0.0	0.0	570.0	1.0000000
3	23650.0000	21950.000	181.34811	0.0	0.0	570.0	1.0000000
3	23750.0000	22050.000	198.30846	0.0	0.0	570.0	1.0000000
5	23450.0000	21050.000	169.49998	0.0	0.0	810.0	1.0000000
5	23050.0000	21650.000	230.00421	0.0	0.0	810.0	1.0000000
5	23050.0000	21750.000	242.95424	0.0	0.0	810.0	1.0000000
5	23250.0000	21750.000	204.58292	0.0	0.0	810.0	1.0000000
5	23250.0000	21750.000	184.42976	0.0	0.0	810.0	1.0000000
5	22950.0000	21550.000	239.29919	0.0	0.0	810.0	1.0000000
5	22550.0000	21450.000	201.05693	0.0	0.0	810.0	1.0000000
5	22450.0000	21250.000	178.27939	0.0	0.0	810.0	1.0000000
5	22450.0000	21250.000	176.30527	0.0	0.0	810.0	1.0000000
1	23850.0000	21750.000	169.50003	0.0	0.0	3090.0	1.0000000
1	23850.0000	21550.000	169.49997	0.0	0.0	3090.0	1.0000000
1	23850.0000	21450.000	169.49998	0.0	0.0	3090.0	1.0000000
1	23850.0000	21250.000	169.50002	0.0	0.0	3090.0	1.0000000
1	23850.0000	21050.000	169.49997	0.0	0.0	3090.0	1.0000000
1	23950.0000	21950.000	184.79007	0.0	0.0	3420.0	1.0000000
27	22575.2012	23919.080	163.10464	360.0	0.0	4770.0	1.0000000
27	23148.5078	23432.646	182.20357	360.0	0.0	4770.0	1.0000000
27	23344.1875	23045.074	176.07962	360.0	0.0	4620.0	1.0000000
27	23348.5801	23135.537	162.53488	360.0	0.0	4740.0	1.0000000
27	23848.1035	23634.000	173.74863	360.0	0.0	4890.0	1.0000000
27	23859.0215	23753.432	161.80850	360.0	0.0	4710.0	1.0000000
36	22733.8145	22810.742	166.96271	360.0	0.0	4710.0	1.0000000
36	22651.9434	22612.348	164.72864	360.0	0.0	4710.0	1.4599996
36	22458.0605	22730.061	185.22217	360.0	0.0	4710.0	1.4399996
36	22400.7930	22535.893	171.11914	360.0	0.0	4710.0	1.3799996
1	22950.0000	23350.000	176.81316	0.0	0.0	60.0	1.0000000
1	23950.0000	23950.000	144.29858	0.0	0.0	60.0	1.0000000
1	23920.0371	23925.988	160.50403	0.0	0.0	60.0	1.0000000
0	22447.7266	22958.260	174.37723	-5.0	0.0	50.0	1.0000000
0	22575.5312	22737.146	196.94260	-5.0	0.0	50.0	1.0000000
0	22779.4121	22851.590	167.62279	-5.0	0.0	50.0	1.0000000
0	23357.9355	22960.115	187.38690	-5.0	0.0	50.0	1.0000000
0	23203.7480	23423.797	213.48434	-5.0	0.0	50.0	1.0000000
0	23055.8301	23493.068	198.99664	-5.0	0.0	50.0	1.0000000
0	22534.0371	23925.662	182.33795	-5.0	0.0	50.0	1.0000000
0	22633.6504	23896.244	187.02644	-5.0	0.0	50.0	1.0000000
0	23872.9492	23510.789	195.05803	-5.0	0.0	50.0	1.0000000
0	23919.9805	23629.182	175.18617	-5.0	0.0	50.0	1.0000000
0	23808.1836	23717.941	175.84164	-5.0	0.0	50.0	1.0000000
0	23857.6191	22594.951	198.97112	-5.0	0.0	50.0	1.0000000
0	23273.9902	22666.359	141.18402	-5.0	0.0	140.0	1.0000000
0	23928.7754	23259.631	122.97354	-5.0	0.0	140.0	1.0000000
0	23893.4043	22696.459	134.56168	-5.0	0.0	140.0	1.0000000
0	23241.6836	22797.959	130.94171	-5.0	0.0	140.0	1.0000000
1	22644.3652	22422.766	104.70753	-5.0	0.0	140.0	1.0000000
3	22551.5840	23933.971	198.29614	-5.0	0.0	140.0	1.0000000
3	23099.5918	23466.791	214.99576	-5.0	0.0	140.0	1.0000000
3	23885.0234	23661.055	189.01923	-5.0	0.0	200.0	1.0000000
3	23365.0957	23060.055	201.92789	-5.0	0.0	200.0	1.0000000
3	23378.8164	23010.219	200.97453	-5.0	0.0	200.0	1.0000000
5	23161.3652	23378.004	208.35410	-20.0	0.0	2750.0	1.0000000
5	22612.4883	23889.961	195.57829	-20.0	0.0	2750.0	1.0000000
5	22448.6348	23751.361	197.44659	-10.0	0.0	2960.0	1.0000000
5	22970.8066	23463.969	195.60481	-10.0	0.0	2960.0	1.6599994
5	23410.0938	22956.406	197.41034	-10.0	0.0	2960.0	1.0000000
5	23854.4648	22561.859	209.39558	-10.0	0.0	2960.0	1.0000000
5	23874.9707	23440.309	210.24591	-10.0	0.0	2960.0	1.7399993
5	22984.1172	22688.697	176.00352	-10.0	0.0	3110.0	1.0000000
5	22900.5059	22653.967	176.00348	-10.0	0.0	3050.0	1.5199995
0	22723.1094	22556.355	179.64940	0.0	0.0	0.0	1.0000000
0	22996.2832	22657.955	178.01031	0.0	0.0	0.0	1.0000000
0	22818.1875	23283.947	208.94081	0.0	0.0	0.0	1.0000000
0	23944.2383	23523.449	189.65274	0.0	0.0	0.0	1.0000000
0	23624.4922	22404.756	217.64233	0.0	0.0	0.0	1.0000000
7	22737.0234	22426.111	214.28644	10.0	0.0	1110.0	1.0000000
7	23002.6230	22484.426	207.70200	10.0	0.0	1170.0	1.0000000
7	22966.5156	22464.889	203.78467	10.0	0.0	1080.0	1.0000000
7	22631.8320	22469.564	170.90810	-10.0	0.0	4280.0	1.0000000
7	23469.7539	23052.006	170.09996	-10.0	0.0	4430.0	1.0000000
7	23475.2969	22982.453	171.88158	-10.0	0.0	4340.0	1.0000000
7	23906.6484	23079.057	165.54924	-10.0	0.0	4280.0	1.0000000
7	23955.2148	23070.164	171.64427	-10.0	0.0	4340.0	1.0000000
7	23976.7852	23089.023	218.66685	-10.0	0.0	4400.0	1.0000000
7	22752.0723	23936.215	217.78265	-10.0	0.0	4340.0	1.0000000
7	23456.5156	22891.516	222.86620	-10.0	0.0	4340.0	1.0000000
7	22580.0820	23851.494	211.56436	20.0	0.0	4340.0	1.0000000
7	22491.5781	23657.752	219.20206	20.0	0.0	4430.0	1.0000000
7	22621.9980	23886.342	209.73366	20.0	0.0	4370.0	1.0000000
7	22521.7461	23161.141	215.65002	20.0	0.0	4490.0	1.0000000
7	22506.4473	23129.785	213.34378	20.0	0.0	4310.0	1.0000000
7	22528.6836	23132.084	216.04666	20.0	0.0	4400.0	1.0000000
7	22707.9844	23228.109	228.12994	20.0	0.0	4400.0	1.0000000
7	22678.6562	23241.217	224.83499	20.0	0.0	4340.0	1.0000000
7	22721.7227	23233.037	264.26089	20.0	0.0	4430.0	1.0000000
1	23975.4473	23090.398	182.10411	0.0	0.0	3420.0	1.0000000
0	23943.2891	23766.064	100.45397	-5.0	0.0	140.0	1.0000000
31	23947.0430	23861.773	126.46843	0.0	0.0	480.0	1.0000000
1	23950.0000	24550.000	167.60838	0.0	0.0	60.0	1.0000000
1	23950.0000	24450.000	166.95337	0.0	0.0	60.0	1.0000000
1	23850.0000	24450.000	163.84737	0.0	0.0	60.0	1.0000000
1	23750.0000	24550.000	169.50002	0.0	0.0	-20.0	1.0000000
1	23750.0000	24750.000	179.58592	0.0	0.0	60.0	1.0000000
1	23786.0547	24421.250	131.47710	0.0	0.0	-90.0	1.0000000
1	23950.0000	24450.000	160.49615	0.0	0.0	60.0	1.0000000
0	22638.4199	24016.480	182.78458	-5.0	0.0	50.0	1.0000000
0	23593.4102	24474.521	105.46113	-5.0	0.0	140.0	1.0000000
0	23577.1934	24580.678	105.46114	-5.0	0.0	140.0	1.0000000
0	23595.4004	24329.541	105.46111	-5.0	0.0	140.0	1.0000000
0	23062.7715	24220.041	140.77432	-5.0	0.0	140.0	1.0000000
0	22919.8164	24086.355	127.00495	-5.0	0.0	140.0	1.0000000
0	23806.2285	24541.992	105.91008	-5.0	0.0	140.0	1.0000000
0	23676.7363	24646.246	110.16562	-5.0	0.0	140.0	1.0000000
0	23119.8438	24259.088	134.00674	-5.0	0.0	140.0	1.0000000
5	23017.1621	24242.629	212.17993	-20.0	0.0	2750.0	1.0000000
5	23695.3086	24479.748	176.00348	-10.0	0.0	2960.0	1.7999992
5	23723.9551	24412.535	176.00351	-10.0	0.0	3110.0	1.5999994
5	23010.9512	24163.848	209.25209	-10.0	0.0	3110.0	1.0000000
0	23022.1953	24154.994	216.05908	0.0	0.0	0.0	1.0000000
7	23200.2305	24168.523	232.29420	-10.0	0.0	4400.0	1.0000000
7	23165.4473	24121.195	231.33128	-10.0	0.0	4340.0	1.0000000
7	23128.3027	24151.213	241.32266	-10.0	0.0	4250.0	1.0000000
7	23670.4648	24206.318	213.27498	-10.0	0.0	4340.0	1.0000000
23	22969.7598	24601.977	203.64726	0.0	0.0	30.0	1.0000000
23	22615.7188	24729.301	242.89417	0.0	0.0	30.0	1.0000000
23	23514.5762	24637.066	230.16783	0.0	0.0	30.0	1.0000000
23	23750.0000	24950.000	302.24020	0.0	0.0	30.0	1.0000000
1	22450.0000	24950.000	274.69162	0.0	0.0	3420.0	1.0000000
1	22550.0000	24750.000	231.27588	0.0	0.0	3420.0	1.0000000
1	22750.0000	24750.000	228.72662	0.0	0.0	3420.0	1.0000000
1	22850.0000	24850.000	243.18120	0.0	0.0	3420.0	1.0000000
1	22850.0000	24950.000	271.20728	0.0	0.0	3420.0	1.0000000
1	23050.0000	25050.000	280.88879	0.0	0.0	3420.0	1.0000000
1	23050.0000	24950.000	275.44714	0.0	0.0	3420.0	1.0000000
1	23650.0000	24950.000	322.57889	0.0	0.0	3420.0	1.0000000
1	23650.0000	24850.000	284.15024	0.0	0.0	3420.0	1.0000000
1	23750.0000	24850.000	259.56839	0.0	0.0	3420.0	1.0000000
1	23850.0000	24950.000	264.74692	0.0	0.0	3420.0	1.0000000
1	23750.0000	24850.000	237.79715	0.0	0.0	3420.0	1.0000000
10	23934.2402	24366.092	166.15309	0.0	0.0	70.0	1.2199998
32	23906.4883	24504.586	111.36351	0.0	0.0	70.0	1.1199999
1	23962.8359	24603.447	167.83076	0.0	0.0	60.0	1.0000000
1	23750.0000	25150.000	315.74988	0.0	0.0	0.0	1.0000000
1	23350.0000	25150.000	266.62497	0.0	0.0	0.0	1.0000000
2	23219.7832	24991.105	278.43494	0.0	0.0	-100.0	1.1999998
36	23050.0000	24950.000	267.43396	0.0	0.0	0.0	1.0000000
36	23650.0000	24950.000	314.32056	0.0	0.0	0.0	1.0000000
36	23550.0000	24850.000	276.99844	0.0	0.0	0.0	1.0000000
36	23650.0000	24750.000	221.04144	0.0	0.0	0.0	1.0000000
22	25167.8867	862.668	263.90845	0.0	0.0	350.0	1.0000000
22	24775.8047	1210.189	203.78804	0.0	0.0	90.0	1.0000000
23	24618.9297	356.792	137.70895	0.0	0.0	60.0	1.0000000
22	24373.7422	264.588	192.87645	0.0	0.0	90.0	1.0000000
23	24230.1680	58.691	227.84776	0.0	0.0	90.0	1.0000000
31	24275.3535	1577.444	226.35034	-710.0	0.0	1530.0	1.0000000
33	24256.5059	1444.296	181.88461	-720.0	0.0	1470.0	1.0000000
33	24306.3027	711.990	216.36656	-720.0	0.0	1470.0	1.0000000
34	24356.8496	1443.151	194.10779	-725.0	0.0	1560.0	1.0000000
5	24551.0645	687.365	250.74301	-715.0	0.0	2220.0	1.0000000
5	24433.7793	1477.861	299.38571	-715.0	0.0	2220.0	1.0000000
5	24275.4707	1490.201	287.87726	-715.0	0.0	2220.0	1.0000000
36	24472.3359	660.859	213.25826	-715.0	0.0	2670.0	1.0000000
36	24476.6602	1483.668	263.42926	-715.0	0.0	2670.0	1.0000000
1	24650.0000	1550.000	240.43193	0.0	0.0	3090.0	1.0000000
1	24650.0000	1550.000	236.01437	0.0	0.0	3090.0	1.0000000
1	24750.0000	1450.000	231.39703	0.0	0.0	3090.0	1.0000000
1	24850.0000	1350.000	249.62817	0.0	0.0	3090.0	1.0000000
1	24750.0000	1250.000	205.13419	0.0	0.0	3090.0	1.0000000
1	24750.0000	1150.000	189.21657	0.0	0.0	3090.0	1.0000000
1	24550.0000	750.000	226.87372	0.0	0.0	3090.0	1.0000000
1	24550.0000	650.000	200.15771	0.0	0.0	3090.0	1.0000000
1	24450.0000	650.000	188.10757	0.0	0.0	3090.0	1.0000000
1	24241.5391	97.988	273.59204	0.0	0.0	3090.0	1.0000000
1	24450.0000	1550.000	291.54849	0.0	0.0	3090.0	1.0000000
1	24450.0000	1450.000	261.57376	0.0	0.0	3090.0	1.0000000
1	24450.0000	1450.000	253.45181	0.0	0.0	3090.0	1.0000000
1	24350.0000	1450.000	220.72333	0.0	0.0	3090.0	1.0000000
1	24950.0000	1050.000	260.77661	0.0	0.0	3090.0	1.0000000
1	24950.0000	950.000	268.44193	0.0	0.0	3090.0	1.0000000
1	24950.0000	850.000	264.71698	0.0	0.0	3090.0	1.0000000
1	24950.0000	650.000	251.09621	0.0	0.0	3090.0	1.0000000
1	24950.0000	550.000	259.18124	0.0	0.0	3090.0	1.0000000
1	24850.0000	450.000	240.83693	0.0	0.0	3090.0	1.0000000
1	24750.0000	350.000	216.00259	0.0	0.0	3090.0	1.0000000
1	24650.0000	350.000	221.91551	0.0	0.0	3090.0	1.0000000
1	24650.0000	250.000	238.36043	0.0	0.0	3090.0	1.0000000
1	24850.0000	150.000	263.03268	0.0	0.0	3090.0	1.0000000
1	24750.0000	650.000	214.52095	0.0	0.0	3090.0	1.0000000
1	24850.0000	650.000	231.58473	0.0	0.0	3090.0	1.0000000
22	24981.1758	430.905	228.01534	0.0	0.0	300.0	1.0000000
23	25194.1719	1337.320	307.87308	0.0	0.0	68.0	1.0000000
31	24303.6680	598.238	133.08795	-730.0	0.0	1590.0	1.4399996
22	24675.3691	678.953	241.94528	0.0	0.0	400.0	0.7000003
22	25076.5586	676.899	252.46924	0.0	0.0	410.0	0.7600002
22	24003.6934	333.449	179.35336	0.0	0.0	90.0	1.0000000
1	24550.0000	50.000	287.75821	0.0	0.0	0.0	1.0000000
1	24950.0000	50.000	286.19177	0.0	0.0	0.0	1.0000000
1	25150.0000	150.000	280.23016	0.0	0.0	0.0	1.0000000
1	25150.0000	350.000	280.82349	0.0	0.0	0.0	1.0000000
1	25150.0000	650.000	270.20197	0.0	0.0	0.0	1.0000000
1	25150.0000	1150.000	278.42133	0.0	0.0	0.0	1.0000000
1	25150.0000	1350.000	280.05133	0.0	0.0	0.0	1.0000000
2	24927.3555	1546.790	273.90454	0.0	0.0	-80.0	1.0000000
2	24916.1562	1401.439	274.17606	0.0	0.0	-100.0	1.0000000
22	25032.4492	1936.401	250.33534	0.0	0.0	60.0	1.0000000
23	24715.0000	1872.495	171.89687	0.0	0.0	60.0	1.0000000
24	24520.4336	3073.255	3.70877	-420.0	0.0	-570.0	1.0000000
33	24441.8340	2566.422	188.84531	-720.0	0.0	1470.0	1.0000000
34	24445.0664	2633.821	193.73788	-725.0	0.0	1560.0	1.0000000
5	24590.5547	2510.066	277.86343	-715.0	0.0	2220.0	1.0000000
36	24491.2129	2690.720	254.50107	-715.0	0.0	2670.0	1.0000000
1	24750.0000	2450.000	251.90186	0.0	0.0	3090.0	1.0000000
1	24650.0000	2250.000	249.92867	0.0	0.0	3090.0	1.0000000
1	24750.0000	2250.000	252.43912	0.0	0.0	3090.0	1.0000000
1	24850.0000	2150.000	259.36874	0.0	0.0	3090.0	1.0000000
1	24950.0000	2150.000	264.92218	0.0	0.0	3090.0	1.0000000
1	24750.0000	2050.000	212.73772	0.0	0.0	3090.0	1.0000000
1	24750.0000	1950.000	205.59903	0.0	0.0	3090.0	1.0000000
1	24650.0000	1650.000	251.77542	0.0	0.0	3090.0	1.0000000
22	24924.1914	2292.983	228.24039	0.0	0.0	350.0	1.0000000
1	25150.0000	1650.000	287.49088	0.0	0.0	0.0	1.0000000
1	25150.0000	2150.000	284.47012	0.0	0.0	0.0	1.0000000
1	25170.9766	2254.173	247.42720	0.0	0.0	0.0	1.0000000
1	25150.0000	2950.000	248.26814	0.0	0.0	0.0	1.0000000
1	25170.0488	2887.210	260.37802	0.0	0.0	-70.0	1.0000000
4	24650.0000	3050.000	169.21948	0.0	0.0	0.0	1.0000000
4	24944.6914	2772.836	215.75621	0.0	0.0	-20.0	1.0000000
24	24950.4531	2390.946	128.57570	-310.0	0.0	-570.0	0.7600002
24	24663.9277	2889.599	94.42387	-310.0	0.0	-720.0	0.5800004
22	24519.3438	3715.901	203.64166	0.0	0.0	120.0	1.0000000
22	24442.8203	4187.488	127.56575	0.0	0.0	60.0	1.0000000
22	24952.9668	4502.084	211.18834	0.0	0.0	60.0	1.0000000
24	24984.1250	3290.122	146.63774	-410.0	0.0	-570.0	0.8200002
24	24845.2090	3689.862	246.33138	-365.0	0.0	-540.0	0.7000003
24	24843.2969	3908.200	103.81198	-310.0	0.0	-540.0	0.7600002
1	24050.0000	3850.000	169.57547	0.0	0.0	60.0	1.0000000
1	24350.0000	3750.000	253.41750	0.0	0.0	60.0	1.0000000
1	24550.0000	4050.000	179.18182	0.0	0.0	60.0	1.0000000
1	24250.0000	4750.000	209.95949	0.0	0.0	3090.0	1.0000000
1	24450.0000	4550.000	169.50002	0.0	0.0	3090.0	1.0000000
1	24250.0000	4650.000	170.83736	0.0	0.0	3090.0	1.0000000
1	24550.0000	4450.000	169.50000	0.0	0.0	3090.0	1.0000000
1	24650.0000	4450.000	171.66287	0.0	0.0	3090.0	1.0000000
1	24750.0000	4250.000	180.01262	0.0	0.0	3090.0	1.0000000
1	24350.0000	4250.000	182.54904	0.0	0.0	3090.0	1.0000000
1	24250.0000	4150.000	188.06505	0.0	0.0	3090.0	1.0000000
1	24550.0000	4250.000	169.50002	0.0	0.0	3090.0	1.0000000
1	24450.0000	3850.000	228.73184	0.0	0.0	3090.0	1.0000000
1	24750.0000	3850.000	221.17445	0.0	0.0	3090.0	1.0000000
1	24750.0000	3950.000	233.85214	0.0	0.0	3090.0	1.0000000
1	24750.0000	3750.000	230.68784	0.0	0.0	3090.0	1.0000000
1	24750.0000	3650.000	220.57999	0.0	0.0	3090.0	1.0000000
1	24850.0000	3550.000	245.55531	0.0	0.0	3090.0	1.0000000
1	24850.0000	3450.000	223.85182	0.0	0.0	3090.0	1.0000000
1	24850.0000	3450.000	229.68152	0.0	0.0	3090.0	1.0000000
36	24250.0000	4650.000	195.56187	0.0	0.0	3000.0	1.0000000
36	24750.0000	3850.000	221.09149	0.0	0.0	3000.0	1.0000000
22	24518.0625	4674.857	163.59628	0.0	0.0	60.0	1.0000000
1	25156.1152	3337.439	236.72430	0.0	0.0	0.0	1.0000000
1	25128.0957	3645.824	263.36194	0.0	0.0	0.0	1.0000000
1	25150.0000	4450.000	237.31403	0.0	0.0	0.0	1.0000000
1	25150.0000	4250.000	244.83521	0.0	0.0	0.0	1.0000000
1	25150.0000	3550.000	265.86890	0.0	0.0	0.0	1.0000000
4	24450.0000	3350.000	170.59637	0.0	0.0	0.0	1.0000000
24	24764.2012	4975.983	212.06299	-360.0	0.0	210.0	0.7400002
24	24983.7852	5413.214	245.98375	-360.0	0.0	360.0	0.6800003
24	24920.9375	5930.111	236.59755	-360.0	0.0	670.0	0.7400002
4	24172.7305	6303.397	224.50002	0.0	0.0	-180.0	1.0000000
1	24450.0000	6350.000	169.50003	0.0	0.0	3090.0	1.0000000
1	24150.0000	6350.000	169.50000	0.0	0.0	3090.0	1.0000000
1	24050.0000	6250.000	169.49997	0.0	0.0	3090.0	1.0000000
1	24050.0000	5950.000	169.50000	0.0	0.0	3090.0	1.0000000
1	24450.0000	6050.000	170.21338	0.0	0.0	3090.0	1.0000000
1	24650.0000	6150.000	177.32129	0.0	0.0	3090.0	1.0000000
1	24650.0000	6050.000	181.26961	0.0	0.0	3090.0	1.0000000
1	24450.0000	5250.000	172.88713	0.0	0.0	3090.0	1.0000000
1	24350.0000	5150.000	178.04625	0.0	0.0	3090.0	1.0000000
1	24350.0000	5050.000	178.67873	0.0	0.0	3090.0	1.0000000
1	24350.0000	5050.000	172.82736	0.0	0.0	3090.0	1.0000000
1	24650.0000	4850.000	232.39497	0.0	0.0	3090.0	1.0000000
1	24850.0000	4850.000	247.19083	0.0	0.0	3090.0	1.0000000
1	24750.0000	5050.000	221.46721	0.0	0.0	3090.0	1.0000000
36	24036.4004	6003.514	149.55667	0.0	0.0	3000.0	1.0000000
36	24450.0000	5050.000	169.67163	0.0	0.0	3000.0	1.0000000
3	24622.7988	5385.262	188.29240	0.0	0.0	0.0	1.0000000
3	24665.9883	5785.837	166.51900	0.0	0.0	0.0	1.0000000
24	24760.4180	6397.538	209.54555	-360.0	0.0	870.0	0.6800003
23	24646.7305	5892.735	218.31993	0.0	0.0	50.0	1.0000000
22	24590.4570	5322.007	267.95685	0.0	0.0	80.0	1.0000000
1	25150.0000	4950.000	230.51772	0.0	0.0	0.0	1.0000000
1	25150.0000	5150.000	236.10178	0.0	0.0	0.0	1.0000000
1	25150.0000	5050.000	228.77948	0.0	0.0	0.0	1.0000000
1	25150.0000	6050.000	264.13666	0.0	0.0	0.0	1.0000000
1	25150.0000	5750.000	298.62259	0.0	0.0	0.0	1.0000000
14	24150.0000	5450.000	230.93347	0.0	0.0	0.0	1.0000000
14	24150.0000	5550.000	250.11681	0.0	0.0	0.0	1.0000000
14	24103.6523	5761.030	191.78055	0.0	0.0	70.0	1.0000000
14	24287.5488	5672.866	225.75368	0.0	0.0	0.0	1.0000000
14	24276.8633	5578.109	231.59634	0.0	0.0	-30.0	1.0000000
14	24350.0000	5850.000	175.79405	0.0	0.0	0.0	1.0000000
14	24548.1074	5622.654	176.20218	0.0	0.0	-80.0	1.0000000
14	24550.0000	5750.000	173.06731	0.0	0.0	-50.0	1.0000000
14	24350.0000	5550.000	208.32570	0.0	0.0	0.0	1.0000000
14	24350.0000	5550.000	207.66187	0.0	0.0	0.0	1.0000000
14	24450.0000	5750.000	183.46693	0.0	0.0	0.0	1.0000000
14	24450.0000	5650.000	193.34430	0.0	0.0	0.0	1.0000000
14	24250.0000	5350.000	189.53645	0.0	0.0	0.0	1.0000000
14	24050.0000	5350.000	212.08260	0.0	0.0	0.0	1.0000000
14	24150.0000	5350.000	188.24300	0.0	0.0	80.0	1.0000000
14	24450.0000	5450.000	186.86909	0.0	0.0	0.0	1.0000000
14	24350.0000	5450.000	217.07114	0.0	0.0	0.0	1.0000000
13	24436.3867	5323.920	170.69275	0.0	0.0	0.0	1.0000000
13	24450.0000	5150.000	169.50003	0.0	0.0	0.0	1.0000000
13	24550.0000	5250.000	177.28336	0.0	0.0	0.0	1.0000000
24	25033.4648	6940.789	223.64807	-360.0	0.0	1080.0	0.8200002
24	24997.5859	7615.717	240.87619	-360.0	0.0	1050.0	0.7000003
30	24550.0000	7200.000	201.44580	-720.0	0.0	960.0	1.0000000
29	24100.0000	7050.000	172.90257	-720.0	0.0	960.0	2.2399988
29	24359.8047	6799.783	344.67755	-675.0	0.0	1770.0	1.0000000
29	24584.3359	7676.509	342.92743	-675.0	0.0	1590.0	1.0000000
29	24878.5195	7477.455	384.30023	-675.0	0.0	1530.0	1.0000000
4	24523.4297	7766.742	230.25835	0.0	0.0	-180.0	1.0000000
4	24366.4355	6737.842	231.39882	0.0	0.0	-180.0	1.0000000
1	24850.0000	7950.000	202.06142	0.0	0.0	3090.0	1.0000000
1	24850.0000	7950.000	202.70490	0.0	0.0	3090.0	1.0000000
1	24950.0000	7850.000	217.65593	0.0	0.0	3090.0	1.0000000
1	24850.0000	7650.000	217.10149	0.0	0.0	3090.0	1.0000000
1	24950.0000	7550.000	227.77954	0.0	0.0	3090.0	1.0000000
1	24850.0000	7450.000	221.25612	0.0	0.0	3090.0	1.0000000
1	24850.0000	7450.000	216.28362	0.0	0.0	3090.0	1.0000000
1	24050.0000	6750.000	170.63017	0.0	0.0	3090.0	1.0000000
1	24150.0000	6750.000	169.91803	0.0	0.0	3090.0	1.0000000
1	24350.0000	6550.000	169.41475	0.0	0.0	3090.0	1.0000000
1	24450.0000	6650.000	177.48688	0.0	0.0	3090.0	1.0000000
1	24650.0000	6750.000	194.05479	0.0	0.0	3090.0	1.0000000
1	24650.0000	6650.000	179.13486	0.0	0.0	3090.0	1.0000000
1	24550.0000	6450.000	170.07356	0.0	0.0	3090.0	1.0000000
1	24150.0000	6450.000	169.50000	0.0	0.0	3090.0	1.0000000
1	24150.0000	6450.000	169.50002	0.0	0.0	3090.0	1.0000000
1	24150.0000	6450.000	169.50003	0.0	0.0	3090.0	1.0000000
1	24250.0000	6450.000	169.50002	0.0	0.0	3090.0	1.0000000
1	24350.0000	6750.000	176.77051	0.0	0.0	3090.0	1.0000000
1	24650.0000	6550.000	173.49797	0.0	0.0	3090.0	1.0000000
1	24650.0000	6550.000	174.77385	0.0	0.0	3090.0	1.0000000
1	24250.0000	7850.000	169.49998	0.0	0.0	3090.0	1.0000000
1	24450.0000	7850.000	172.68045	0.0	0.0	3090.0	1.0000000
1	24450.0000	7850.000	173.89912	0.0	0.0	3090.0	1.0000000
1	24650.0000	7850.000	187.04872	0.0	0.0	3090.0	1.0000000
1	24650.0000	7750.000	190.06027	0.0	0.0	3090.0	1.0000000
1	24650.0000	7650.000	183.23592	0.0	0.0	3090.0	1.0000000
1	24450.0000	7750.000	171.53773	0.0	0.0	3090.0	1.0000000
1	24050.0000	7150.000	169.49998	0.0	0.0	3090.0	1.0000000
1	24150.0000	7150.000	171.20320	0.0	0.0	3090.0	1.0000000
36	24072.0684	7155.636	149.80315	0.0	0.0	3000.0	1.0000000
36	24413.8516	7813.791	151.67905	0.0	0.0	3000.0	1.0000000
36	24324.3418	6608.909	149.05415	0.0	0.0	3000.0	1.0000000
36	24255.8184	6429.467	149.55661	0.0	0.0	3000.0	1.0000000
1	25150.0000	6850.000	238.08606	0.0	0.0	0.0	1.0000000
1	25150.0000	7250.000	231.76169	0.0	0.0	0.0	1.0000000
1	25150.0000	6650.000	216.06302	0.0	0.0	0.0	1.0000000
1	25150.0000	7950.000	272.35007	0.0	0.0	0.0	1.0000000
24	24783.0586	8126.306	234.54065	-360.0	0.0	690.0	0.6400003
24	24996.7656	8656.493	264.65735	-360.0	0.0	540.0	0.6200004
24	24917.1875	9204.373	258.60547	-360.0	0.0	1260.0	0.6200004
31	24660.4844	8782.688	183.19513	365.0	0.0	1770.0	1.3399997
31	24745.8047	8715.123	171.15727	420.0	0.0	1830.0	1.0000000
4	24872.3184	8859.592	251.64865	0.0	0.0	-300.0	1.0000000
4	24893.8535	8282.017	280.63513	0.0	0.0	-330.0	0.7800002
4	24799.7793	9105.024	256.78116	0.0	0.0	-240.0	1.0000000
4	24798.7656	8700.036	258.84912	0.0	0.0	-180.0	1.0000000
1	24950.0000	9550.000	249.92731	0.0	0.0	3090.0	1.0000000
1	25050.0000	9450.000	278.03677	0.0	0.0	3090.0	1.0000000
1	25050.0000	9350.000	275.52426	0.0	0.0	3090.0	1.0000000
1	24950.0000	9250.000	257.51562	0.0	0.0	3090.0	1.0000000
1	24850.0000	9150.000	238.95406	0.0	0.0	3090.0	1.0000000
1	24750.0000	9150.000	205.97606	0.0	0.0	3090.0	1.0000000
1	24950.0000	9050.000	236.75911	0.0	0.0	3090.0	1.0000000
1	24950.0000	8950.000	237.36618	0.0	0.0	3090.0	1.0000000
1	24950.0000	8950.000	225.52290	0.0	0.0	3090.0	1.0000000
1	24745.1211	8985.002	196.44974	0.0	0.0	3090.0	1.0000000
1	24998.1484	8546.534	278.00012	0.0	0.0	3090.0	1.0000000
1	24750.0000	8550.000	208.62283	0.0	0.0	3090.0	1.0000000
1	24750.0000	8550.000	201.93085	0.0	0.0	3090.0	1.0000000
1	24850.0000	8450.000	213.66658	0.0	0.0	3090.0	1.0000000
1	24850.0000	8350.000	211.32489	0.0	0.0	3090.0	1.0000000
1	24850.0000	8550.000	223.46649	0.0	0.0	3090.0	1.0000000
1	24850.0000	8050.000	223.70982	0.0	0.0	3090.0	1.0000000
1	24850.0000	8050.000	214.59615	0.0	0.0	3090.0	1.0000000
1	25150.0000	8450.000	279.42319	0.0	0.0	0.0	1.0000000
1	25150.0000	8750.000	263.81592	0.0	0.0	0.0	1.0000000
1	25150.0000	9450.000	300.96906	0.0	0.0	0.0	1.0000000
1	25150.0000	9050.000	261.68860	0.0	0.0	0.0	1.0000000
1	25145.8750	9115.152	269.75119	0.0	0.0	50.0	1.0000000
36	24650.0000	8550.000	194.85025	0.0	0.0	0.0	1.0000000
36	24750.0000	8550.000	202.69415	0.0	0.0	0.0	1.0000000
36	24950.0000	8550.000	244.87225	0.0	0.0	0.0	1.0000000
36	24950.0000	8450.000	248.41986	0.0	0.0	0.0	1.0000000
36	24950.0000	8350.000	210.07822	0.0	0.0	0.0	1.0000000
36	24950.0000	8950.000	225.94633	0.0	0.0	0.0	1.0000000
36	24650.0000	9050.000	190.69685	0.0	0.0	0.0	1.0000000
36	24850.0000	9150.000	225.76164	0.0	0.0	0.0	1.0000000
24	24986.5156	10230.322	272.75055	-360.0	0.0	540.0	0.7000003
24	24915.7090	9802.109	253.92867	-360.0	0.0	1080.0	0.6400003
24	24676.3242	10771.273	254.54079	-360.0	0.0	720.0	0.6800003
4	24390.4727	10650.955	200.68556	0.0	0.0	-120.0	1.0000000
1	24850.0000	10550.000	263.59616	0.0	0.0	3090.0	1.0000000
1	24750.0000	10550.000	245.52872	0.0	0.0	3090.0	1.0000000
1	24850.0000	10350.000	239.77901	0.0	0.0	3090.0	1.0000000
1	24850.0000	10250.000	236.17181	0.0	0.0	3090.0	1.0000000
1	24950.0000	10250.000	258.90054	0.0	0.0	3090.0	1.0000000
1	24950.0000	10150.000	250.01566	0.0	0.0	3090.0	1.0000000
1	24850.0000	10050.000	240.21808	0.0	0.0	3090.0	1.0000000
1	24850.0000	9950.000	233.93877	0.0	0.0	3090.0	1.0000000
1	24750.0000	9750.000	203.16316	0.0	0.0	3090.0	1.0000000
1	24850.0000	9750.000	201.63036	0.0	0.0	3090.0	1.0000000
1	24950.0000	9650.000	233.74236	0.0	0.0	3090.0	1.0000000
1	25167.8379	10938.303	296.15536	0.0	0.0	0.0	1.0000000
1	25150.0000	10350.000	292.80951	0.0	0.0	0.0	1.0000000
1	25150.0000	10250.000	295.96686	0.0	0.0	0.0	1.0000000
1	25050.0000	9950.000	287.51376	0.0	0.0	0.0	1.0000000
1	25150.0000	9850.000	290.80383	0.0	0.0	0.0	1.0000000
1	25150.0000	10850.000	308.22931	0.0	0.0	0.0	1.0000000
25	24981.0469	11026.062	269.72937	0.0	0.0	-30.0	1.2599998
25	24894.2676	11025.732	237.59439	0.0	0.0	10.0	1.0000000
25	24855.9883	10910.888	193.85484	0.0	0.0	-60.0	1.0000000
25	24955.4727	10743.974	263.80878	0.0	0.0	90.0	1.0000000
25	24920.1582	10597.544	242.25887	0.0	0.0	0.0	1.0000000
25	25089.7598	10966.591	297.76483	0.0	0.0	0.0	1.3999996
25	24859.9453	10162.729	239.84442	0.0	0.0	210.0	1.0000000
3	24647.2344	10084.374	200.76096	0.0	0.0	0.0	1.0000000
3	24711.8223	11043.258	174.88574	0.0	0.0	0.0	1.0000000
19	25162.3750	10689.997	354.32574	0.0	0.0	-100.0	0.8000002
19	24784.7734	10851.544	191.99847	0.0	0.0	-90.0	0.8400002
19	24778.2598	11194.988	182.01157	0.0	0.0	40.0	0.5200005
19	24683.0469	10976.951	173.39664	0.0	0.0	60.0	0.5000005
19	24776.2969	10551.185	199.55820	0.0	0.0	110.0	0.6600003
24	24708.5566	11930.874	187.32799	-360.0	0.0	510.0	0.6600003
24	24998.0312	11288.288	205.56386	-355.0	0.0	360.0	0.7000003
4	24005.6816	11698.464	199.49997	0.0	0.0	-210.0	1.0000000
4	24367.3379	11228.582	199.49998	0.0	0.0	-210.0	1.0000000
4	24333.1172	11325.796	199.50000	0.0	0.0	-180.0	1.0000000
1	24750.0000	12750.000	221.53946	0.0	0.0	3090.0	1.0000000
1	24850.0000	12650.000	243.66226	0.0	0.0	3090.0	1.0000000
1	24950.0000	12550.000	287.56644	0.0	0.0	3090.0	1.0000000
1	24950.0000	12550.000	292.57098	0.0	0.0	3090.0	1.0000000
1	24950.0000	12350.000	265.96188	0.0	0.0	3090.0	1.0000000
1	25050.0000	12350.000	265.40881	0.0	0.0	3090.0	1.0000000
1	25050.0000	12250.000	250.14584	0.0	0.0	3090.0	1.0000000
1	24850.0000	12050.000	221.90187	0.0	0.0	3090.0	1.0000000
1	24850.0000	11750.000	260.56372	0.0	0.0	3090.0	1.0000000
1	24850.0000	11650.000	248.44040	0.0	0.0	3090.0	1.0000000
1	24850.0000	11550.000	258.95975	0.0	0.0	3090.0	1.0000000
1	24850.0000	11350.000	209.11893	0.0	0.0	3090.0	1.0000000
1	24750.0000	11250.000	187.64653	0.0	0.0	3090.0	1.0000000
37	24666.9688	11989.398	403.31424	0.0	0.0	30.0	1.4799995
37	24633.1641	12075.531	398.70868	0.0	0.0	90.0	1.2999997
24	24874.5371	12678.576	226.43871	-390.0	0.0	180.0	0.7800002
1	25150.0000	11750.000	289.45477	0.0	0.0	0.0	1.0000000
1	25188.7305	11397.461	225.53778	0.0	0.0	0.0	1.0000000
1	25150.0000	11350.000	217.87968	0.0	0.0	-50.0	1.0999999
1	25166.6289	11280.811	200.93462	0.0	0.0	0.0	1.0000000
1	25150.0000	12550.000	291.32272	0.0	0.0	0.0	1.0000000
1	25114.4180	12452.287	304.52225	0.0	0.0	0.0	1.0000000
19	24883.1387	11231.511	218.68513	0.0	0.0	0.0	0.5400004
24	25000.3477	13265.405	283.50659	-350.0	0.0	210.0	0.6800003
24	25032.1680	14122.184	222.49414	-420.0	0.0	160.0	0.7200003
1	24950.0000	14350.000	214.65894	0.0	0.0	3090.0	1.0000000
1	24750.0000	14250.000	191.96239	0.0	0.0	3090.0	1.0000000
1	24850.0000	14050.000	205.63663	0.0	0.0	3090.0	1.0000000
1	24950.0000	13950.000	218.67030	0.0	0.0	3090.0	1.0000000
1	24850.0000	13850.000	215.65990	0.0	0.0	3090.0	1.0000000
1	24750.0000	13750.000	206.43159	0.0	0.0	3090.0	1.0000000
1	24950.0000	13550.000	235.18593	0.0	0.0	3090.0	1.0000000
1	24950.0000	13150.000	272.74057	0.0	0.0	3090.0	1.0000000
1	24950.0000	13150.000	260.55972	0.0	0.0	3090.0	1.0000000
1	24850.0000	13050.000	241.24820	0.0	0.0	3090.0	1.0000000
1	24750.0000	12950.000	225.89531	0.0	0.0	3090.0	1.0000000
24	25059.6289	12927.255	213.85428	-360.0	0.0	300.0	0.6400003
1	25150.0000	13250.000	290.17664	0.0	0.0	0.0	1.0000000
1	25150.0000	13950.000	214.80464	0.0	0.0	0.0	1.0000000
1	25150.0000	13550.000	299.17627	0.0	0.0	0.0	1.0000000
5	24750.0000	14250.000	190.84792	0.0	0.0	0.0	1.4399996
36	24850.0000	14350.000	209.09918	0.0	0.0	0.0	1.0000000
32	24366.1289	14064.104	170.00735	0.0	0.0	3000.0	1.0000000
32	24163.6719	13541.072	205.90979	0.0	0.0	2970.0	1.0000000
31	24151.4629	14050.716	144.80235	365.0	0.0	1720.0	1.2599998
33	24447.0723	13959.041	156.06264	0.0	0.0	-20.0	1.2999997
33	24287.5215	13543.550	195.70406	0.0	0.0	0.0	1.0000000
24	24735.6504	13529.342	82.40427	-420.0	0.0	90.0	0.7200003
5	24435.9297	13286.310	198.04152	0.0	0.0	80.0	1.6799994
5	24250.0000	13850.000	174.61156	0.0	0.0	0.0	1.3199997
5	24286.2949	14379.360	162.54066	0.0	0.0	50.0	1.8199992
24	24677.3574	14551.437	146.77339	-360.0	0.0	0.0	0.7000003
24	25063.9238	15112.556	258.45996	-360.0	0.0	-330.0	0.7600002
1	25050.0000	15550.000	271.02979	0.0	0.0	3090.0	1.0000000
1	24850.0000	15650.000	195.36684	0.0	0.0	3090.0	1.0000000
1	24950.0000	15950.000	230.04308	0.0	0.0	3090.0	1.0000000
1	24850.0000	15350.000	217.33875	0.0	0.0	3090.0	1.0000000
1	24950.0000	15150.000	236.67706	0.0	0.0	3090.0	1.0000000
1	24850.0000	15050.000	201.71150	0.0	0.0	3090.0	1.0000000
1	24850.0000	14950.000	191.34996	0.0	0.0	3090.0	1.0000000
1	24950.0000	14750.000	192.52379	0.0	0.0	3090.0	1.0000000
1	24950.0000	14650.000	202.80249	0.0	0.0	3090.0	1.0000000
1	24850.0000	14550.000	199.34418	0.0	0.0	3090.0	1.0000000
1	24850.0000	14450.000	207.50490	0.0	0.0	3090.0	1.0000000
1	24150.0000	15050.000	198.06148	0.0	0.0	3420.0	1.0000000
1	24250.0000	15050.000	199.78847	0.0	0.0	3420.0	1.0000000
1	24250.0000	14650.000	200.46205	0.0	0.0	3420.0	1.0000000
1	24250.0000	14550.000	186.13023	0.0	0.0	3420.0	1.0000000
1	24150.0000	14850.000	212.03494	0.0	0.0	3420.0	1.0000000
1	24350.0000	14750.000	206.97778	0.0	0.0	3420.0	1.0000000
24	24812.9492	15985.428	162.45578	-360.0	0.0	-150.0	0.6400003
31	24564.6406	15919.796	153.23416	365.0	0.0	1770.0	1.3399997
3	24570.8594	15672.509	206.90126	0.0	0.0	570.0	1.0000000
1	25150.0000	15350.000	288.82584	0.0	0.0	0.0	1.0000000
1	25150.0000	14950.000	245.53758	0.0	0.0	0.0	1.0000000
1	25150.0000	15950.000	249.70442	0.0	0.0	0.0	1.0000000
1	25150.0000	14850.000	228.38663	0.0	0.0	-110.0	1.0000000
12	24183.8516	15712.231	226.40320	0.0	0.0	0.0	1.0000000
12	24350.0000	15850.000	201.06229	0.0	0.0	0.0	1.0000000
15	24297.4727	15972.280	211.66600	0.0	0.0	-240.0	1.0000000
15	24150.0000	15850.000	233.32430	0.0	0.0	0.0	1.0000000
15	24316.3066	15770.070	210.95229	0.0	0.0	30.0	1.0000000
12	24210.5371	15912.822	233.27838	0.0	0.0	-20.0	1.0000000
15	24680.0293	15779.437	170.03267	0.0	0.0	110.0	1.0000000
15	24531.7461	15568.509	170.91084	0.0	0.0	0.0	1.0000000
15	24349.6797	15694.520	194.58916	0.0	0.0	60.0	1.0000000
31	24842.9023	14765.602	186.33212	0.0	0.0	0.0	1.0000000
32	25017.8359	14757.345	215.83182	0.0	0.0	-50.0	1.0000000
31	25074.0078	14561.749	233.17128	0.0	0.0	-10.0	1.0000000
33	24848.4395	14576.365	190.51201	0.0	0.0	-50.0	1.2399998
34	24927.6777	14633.129	184.72818	0.0	0.0	10.0	1.0000000
34	24814.2773	14628.695	177.12373	0.0	0.0	50.0	0.8800001
34	24833.5566	14935.849	183.56857	0.0	0.0	40.0	1.0000000
34	24727.7988	14841.312	182.29695	0.0	0.0	-10.0	0.8600001
5	24526.3379	14583.663	189.66609	0.0	0.0	0.0	1.3999996
36	24750.0000	15850.000	172.33069	0.0	0.0	0.0	1.0000000
36	24650.0000	15750.000	170.27335	0.0	0.0	0.0	1.0000000
36	24850.0000	15750.000	196.27583	0.0	0.0	0.0	1.0000000
36	24950.0000	14950.000	216.65196	0.0	0.0	0.0	1.0000000
36	25050.0000	14950.000	233.39679	0.0	0.0	0.0	1.0000000
36	24850.0000	14550.000	192.67088	0.0	0.0	0.0	1.0000000
36	25050.0000	14450.000	238.23579	0.0	0.0	0.0	1.0000000
5	24107.0898	17401.332	197.25609	0.0	0.0	8720.0	1.0000000
1	24050.0000	17450.000	200.45828	0.0	0.0	450.0	1.0000000
1	24150.0000	17550.000	192.63681	0.0	0.0	3090.0	1.0000000
1	24150.0000	17450.000	202.74004	0.0	0.0	3090.0	1.0000000
1	24150.0000	17250.000	189.85306	0.0	0.0	3090.0	1.0000000
1	24250.0000	17150.000	187.85350	0.0	0.0	3090.0	1.0000000
1	24091.0703	17092.146	192.09862	0.0	0.0	3090.0	1.0000000
1	24250.0000	16950.000	186.26996	0.0	0.0	3090.0	1.0000000
1	24075.0508	16893.516	213.96585	0.0	0.0	3090.0	1.0000000
1	24350.0000	16750.000	197.34604	0.0	0.0	3090.0	1.0000000
1	24350.0000	16650.000	200.48648	0.0	0.0	3090.0	1.0000000
1	24350.0000	16550.000	216.40010	0.0	0.0	3090.0	1.0000000
1	24350.0000	16550.000	222.81584	0.0	0.0	3090.0	1.0000000
1	24450.0000	16350.000	215.19360	0.0	0.0	3090.0	1.0000000
1	24650.0000	16350.000	178.65247	0.0	0.0	3090.0	1.0000000
1	24750.0000	16150.000	186.80688	0.0	0.0	3090.0	1.0000000
1	24850.0000	16050.000	207.28088	0.0	0.0	3090.0	1.0000000
1	25050.0000	16250.000	264.16104	0.0	0.0	3090.0	1.0000000
1	25050.0000	17450.000	227.45566	0.0	0.0	3420.0	1.0000000
1	25050.0000	17050.000	265.98895	0.0	0.0	3420.0	1.0000000
1	25050.0000	16950.000	249.18979	0.0	0.0	3420.0	1.0000000
1	25150.0000	16550.000	233.53545	0.0	0.0	3420.0	1.0000000
1	25050.0000	16350.000	255.85901	0.0	0.0	3420.0	1.0000000
1	25150.0000	16350.000	251.84343	0.0	0.0	3420.0	1.0000000
1	25150.0000	16150.000	291.65253	0.0	0.0	3420.0	1.0000000
1	24050.0000	16650.000	197.49168	0.0	0.0	3420.0	1.0000000
22	24950.5410	16376.598	221.76572	0.0	0.0	70.0	1.0000000
22	24938.0410	16858.592	240.94313	-10.0	0.0	60.0	0.8600001
24	24752.3613	16998.447	103.22697	-430.0	0.0	-350.0	0.9600000
1	25150.0000	17050.000	257.25620	0.0	0.0	0.0	1.0000000
15	24250.0000	16150.000	225.88568	0.0	0.0	0.0	1.0000000
12	24050.0000	16150.000	222.14415	0.0	0.0	0.0	1.0000000
12	24450.0000	16050.000	193.91122	0.0	0.0	0.0	1.0000000
15	24450.0000	16250.000	199.11226	0.0	0.0	-110.0	1.0000000
12	24270.2344	16022.148	220.09529	0.0	0.0	-20.0	1.0000000
15	24650.0000	16150.000	176.36037	0.0	0.0	0.0	1.0000000
4	24622.0488	16942.867	212.10384	0.0	0.0	0.0	1.0000000
36	24650.0000	16150.000	173.82423	0.0	0.0	0.0	1.0000000
36	24650.0000	16050.000	174.07840	0.0	0.0	0.0	1.0000000
5	24154.1992	17971.846	176.00349	0.0	0.0	8510.0	1.3999996
5	24296.2188	17710.990	203.85025	0.0	0.0	8630.0	1.0000000
1	24150.0000	18150.000	182.01558	0.0	0.0	3090.0	1.0000000
1	24150.0000	17950.000	169.50000	0.0	0.0	3090.0	1.0000000
1	24250.0000	17850.000	175.46860	0.0	0.0	3090.0	1.0000000
1	24350.0000	17850.000	181.14413	0.0	0.0	3090.0	1.0000000
1	24250.0000	17850.000	176.22495	0.0	0.0	3090.0	1.0000000
1	25050.0000	18950.000	237.33090	0.0	0.0	3420.0	1.0000000
1	25050.0000	18850.000	240.98117	0.0	0.0	3420.0	1.0000000
1	24950.0000	18650.000	201.58722	0.0	0.0	3420.0	1.0000000
1	24950.0000	18550.000	199.58589	0.0	0.0	3420.0	1.0000000
1	25050.0000	18450.000	201.82851	0.0	0.0	3420.0	1.0000000
1	25050.0000	18350.000	193.51035	0.0	0.0	3420.0	1.0000000
1	25150.0000	17750.000	195.04962	0.0	0.0	3420.0	1.0000000
1	25150.0000	17650.000	197.54578	0.0	0.0	3420.0	1.0000000
24	24516.4531	18764.098	127.65433	-430.0	0.0	-190.0	0.9600000
22	25007.3145	18823.334	226.54430	-10.0	0.0	50.0	0.8200002
24	24726.4082	18422.824	155.23741	-430.0	0.0	190.0	0.8400002
1	25150.0000	18150.000	200.74687	0.0	0.0	0.0	1.0000000
1	25150.0000	18750.000	256.65759	0.0	0.0	0.0	1.0000000
5	24774.2441	18717.375	178.19473	0.0	0.0	0.0	1.0000000
4	24313.7363	18753.316	194.96159	0.0	0.0	0.0	1.0000000
0	24542.4277	18348.436	170.62798	0.0	0.0	40.0	1.0000000
0	24444.7793	18241.021	199.32768	0.0	0.0	-30.0	0.8200002
0	24636.4824	18095.047	177.08307	0.0	0.0	10.0	0.8200002
24	24802.6680	20725.516	188.92787	-440.0	0.0	-170.0	0.6000004
5	24062.3203	20459.660	176.00349	0.0	0.0	8090.0	1.3199997
5	24966.6309	20402.623	199.49455	0.0	0.0	8090.0	1.4999995
5	24159.0449	20013.195	176.00348	0.0	0.0	8090.0	1.3799996
5	24104.6309	19811.064	176.00349	0.0	0.0	8180.0	1.3599997
5	24021.8301	19520.336	176.00346	0.0	0.0	8180.0	1.5399995
3	24050.0000	19550.000	180.56601	0.0	0.0	570.0	1.0000000
3	25035.5605	20046.311	211.63770	0.0	0.0	570.0	1.0000000
3	24250.0000	20250.000	180.58044	0.0	0.0	570.0	1.0000000
5	24150.0000	19550.000	191.75365	0.0	0.0	810.0	1.0000000
5	24050.0000	20150.000	204.65323	0.0	0.0	810.0	1.0000000
1	24150.0000	20250.000	193.66841	0.0	0.0	3090.0	1.0000000
1	24250.0000	20250.000	173.31268	0.0	0.0	3090.0	1.0000000
1	24350.0000	20150.000	170.47855	0.0	0.0	3090.0	1.0000000
1	24250.0000	19950.000	170.57892	0.0	0.0	3090.0	1.0000000
1	24983.7715	19720.346	144.95090	0.0	0.0	3090.0	1.0000000
1	24350.0000	20350.000	178.26544	0.0	0.0	3420.0	1.0000000
1	25024.8770	20089.021	247.02135	0.0	0.0	3420.0	1.0000000
37	24639.4297	20765.061	467.74933	0.0	0.0	30.0	1.4199996
3	24929.4883	19480.512	206.52951	0.0	0.0	570.0	1.0000000
23	24977.4863	19225.891	203.09348	0.0	0.0	70.0	1.0000000
22	25085.5684	19512.195	280.52515	0.0	0.0	70.0	1.0000000
1	25150.0000	19450.000	241.58662	0.0	0.0	0.0	1.0000000
1	25150.0000	19550.000	244.11513	0.0	0.0	0.0	1.0000000
1	25150.0000	19950.000	253.69188	0.0	0.0	0.0	1.0000000
1	25150.0000	19850.000	229.38934	-20.0	30.0	-10.0	1.0000000
1	25182.8008	20234.949	242.34802	-20.0	-10.0	-100.0	1.0000000
15	24650.0000	20150.000	170.53813	0.0	0.0	0.0	1.0000000
15	24709.8906	20232.885	174.85568	0.0	0.0	80.0	1.0000000
15	24883.0625	20303.480	197.67311	0.0	0.0	180.0	1.0000000
15	24700.9883	20347.975	165.45367	0.0	0.0	-50.0	1.0000000
15	24833.1953	20749.836	234.89839	0.0	0.0	-110.0	1.0000000
12	24705.7227	20631.570	167.52525	0.0	0.0	0.0	1.0000000
12	25013.3730	20669.707	254.51315	0.0	0.0	0.0	1.0000000
12	25026.3574	20546.564	241.64253	0.0	0.0	0.0	1.0000000
12	24848.0859	20230.090	184.82216	0.0	0.0	20.0	1.0000000
31	25095.3613	20739.770	244.35223	0.0	0.0	-50.0	0.8600001
5	24783.9219	19439.713	201.58063	0.0	0.0	0.0	1.0000000
5	24359.7559	19294.752	176.11040	0.0	0.0	0.0	1.0000000
4	24850.0000	19250.000	185.52177	0.0	0.0	30.0	1.0000000
36	25150.0000	20650.000	262.27045	0.0	0.0	0.0	1.0000000
36	25050.0000	20650.000	260.20926	0.0	0.0	0.0	1.0000000
36	25150.0000	20550.000	253.24049	0.0	0.0	0.0	1.0000000
36	25050.0000	20450.000	245.05292	0.0	0.0	0.0	1.0000000
24	24993.5527	21944.094	112.90350	-405.0	0.0	-330.0	0.6600003
5	24049.7734	22054.361	176.00349	0.0	0.0	7790.0	1.4999995
5	24135.0293	22295.162	177.05435	0.0	0.0	7880.0	1.3199997
1	24150.0000	22350.000	190.01999	0.0	0.0	3420.0	1.0000000
1	24050.0000	22050.000	191.99562	0.0	0.0	3420.0	1.0000000
1	24850.0000	21550.000	224.78107	0.0	0.0	3420.0	1.0000000
1	24650.0000	21350.000	207.67145	0.0	0.0	3420.0	1.0000000
1	24550.0000	21350.000	201.13385	0.0	0.0	3420.0	1.0000000
37	24596.6289	20807.123	545.11359	0.0	0.0	60.0	1.0000000
24	25036.8242	20827.205	142.19850	-405.0	0.0	-330.0	0.8400002
1	25127.5664	21617.537	220.13908	0.0	0.0	-40.0	1.0000000
1	25050.0000	21650.000	221.99998	0.0	0.0	0.0	1.0000000
1	25150.0000	22250.000	210.25191	0.0	0.0	0.0	1.0000000
1	25192.1719	21430.760	253.07867	-20.0	0.0	-80.0	1.0000000
32	25127.7090	21011.209	217.20227	0.0	0.0	120.0	0.7800002
4	24913.8340	21736.184	233.88446	0.0	0.0	20.0	1.0000000
36	25050.0000	20950.000	225.57858	0.0	0.0	0.0	1.0000000
36	25150.0000	21150.000	240.57068	0.0	0.0	0.0	1.0000000
24	24985.7910	23183.441	29.85236	-405.0	0.0	-210.0	0.7400002
24	24874.1074	23180.258	56.10005	-405.0	0.0	-360.0	0.6800003
1	24050.0000	23950.000	136.69121	0.0	0.0	60.0	1.0000000
1	24065.1797	23713.414	131.58745	0.0	0.0	60.0	1.0000000
1	24150.0000	23650.000	186.25122	0.0	0.0	60.0	1.0000000
1	24350.0000	23550.000	166.04453	0.0	0.0	60.0	1.0000000
1	24550.0000	23450.000	155.47437	0.0	0.0	60.0	1.0000000
1	24750.0000	23550.000	160.64043	0.0	0.0	60.0	1.0000000
1	24950.0000	23750.000	214.68376	0.0	0.0	60.0	1.0000000
1	24550.0000	23550.000	162.56482	0.0	0.0	10.0	1.0000000
1	24450.0000	23550.000	164.75728	0.0	0.0	60.0	1.0000000
1	24043.5508	23831.842	158.45955	0.0	0.0	60.0	1.0000000
1	24008.6328	23957.607	142.60783	0.0	0.0	60.0	1.0000000
0	24016.1465	23090.217	181.04808	-5.0	0.0	50.0	1.0000000
0	24167.5918	23709.711	108.51542	-5.0	0.0	140.0	1.0000000
0	24178.0566	23610.320	118.41744	-5.0	0.0	140.0	1.0000000
0	24457.4863	23404.820	101.02032	-5.0	0.0	140.0	1.0000000
0	24572.4609	23490.109	98.84347	-5.0	0.0	140.0	1.0000000
0	24815.6172	23964.867	68.47088	-5.0	0.0	140.0	1.0000000
5	24015.5840	22791.682	199.85133	-10.0	0.0	3110.0	1.0000000
5	24095.7598	22623.994	187.35388	0.0	0.0	7880.0	1.4199996
5	24011.2539	23276.754	191.72310	0.0	0.0	7880.0	1.0000000
1	24650.0000	23250.000	169.50002	0.0	0.0	3420.0	1.0000000
1	24750.0000	23150.000	169.94331	0.0	0.0	3420.0	1.0000000
1	24250.0000	22450.000	199.99118	0.0	0.0	3420.0	1.0000000
1	24350.0000	22450.000	196.22018	0.0	0.0	3420.0	1.0000000
1	24150.0000	22750.000	227.93346	0.0	0.0	3420.0	1.0000000
1	24950.0000	22650.000	207.83664	0.0	0.0	3420.0	1.0000000
1	24223.2637	22554.035	212.64595	0.0	0.0	3420.0	1.0000000
32	24386.6191	23655.770	62.32373	-10.0	0.0	340.0	0.9600000
33	24040.7168	23796.850	150.36740	0.0	0.0	40.0	1.0000000
33	24403.3848	23577.670	130.19536	0.0	0.0	130.0	1.0000000
31	24133.6602	23825.373	209.74426	150.0	0.0	200.0	0.9200001
1	24294.7773	23754.873	111.02378	0.0	0.0	60.0	1.0000000
31	24212.1582	23626.896	204.61093	-110.0	0.0	300.0	1.0000000
33	24327.0547	23595.424	129.02477	0.0	0.0	130.0	1.0000000
32	24758.2754	23653.902	21.07883	-30.0	0.0	110.0	1.0000000
32	24601.8809	23696.592	-2.73950	-40.0	0.0	140.0	1.1599998
1	24493.0059	23729.113	106.50601	0.0	0.0	60.0	1.0000000
1	24650.4336	23706.158	102.20194	0.0	0.0	-10.0	1.0000000
1	24292.9004	23846.354	85.63181	0.0	0.0	20.0	1.0000000
1	25150.0000	22450.000	212.37163	0.0	0.0	0.0	1.0000000
1	25150.0000	22850.000	246.90804	0.0	0.0	0.0	1.0000000
1	25179.6895	22659.068	230.06549	10.0	20.0	0.0	1.0000000
1	25149.0762	23277.021	217.64952	0.0	0.0	-60.0	1.0000000
1	25150.0000	23350.000	218.76419	0.0	0.0	0.0	1.0000000
1	25150.0000	23650.000	263.92126	0.0	0.0	0.0	1.0000000
2	25050.0000	22450.000	198.14957	0.0	0.0	-110.0	1.0000000
36	24250.0000	23550.000	181.94273	0.0	0.0	0.0	1.0000000
36	24450.0000	23450.000	159.54842	0.0	0.0	0.0	1.0000000
36	24750.0000	23350.000	168.00397	0.0	0.0	0.0	1.0000000
36	25050.0000	22550.000	206.34314	0.0	0.0	0.0	1.0000000
36	25050.0000	22450.000	198.57304	0.0	0.0	0.0	1.0000000
24	24337.9902	25020.941	75.50931	-430.0	0.0	-600.0	1.0000000
1	24201.1484	24558.266	128.33102	0.0	0.0	-40.0	1.0000000
1	24113.1387	24404.805	158.66397	0.0	0.0	60.0	1.0000000
1	24150.0000	24650.000	175.87688	0.0	0.0	60.0	1.0000000
1	24450.0000	24850.000	181.79730	0.0	0.0	60.0	1.0000000
1	24035.3984	24285.457	143.72952	0.0	0.0	60.0	1.0000000
1	24003.0020	24400.812	153.61624	0.0	0.0	60.0	1.0000000
0	24118.4277	24709.600	100.17237	-5.0	0.0	140.0	1.0000000
37	24752.4668	24009.344	525.10480	0.0	0.0	30.0	1.0000000
37	24634.0586	24124.527	448.63348	0.0	0.0	-30.0	1.1399999
32	24124.2383	24494.928	187.83018	-120.0	0.0	80.0	1.1999998
0	24175.0117	24435.555	71.28207	-5.0	0.0	140.0	1.0000000
1	24156.7051	24335.070	99.50801	0.0	0.0	0.0	1.0000000
1	24084.0371	24305.275	75.64854	0.0	0.0	60.0	1.0000000
1	24050.0000	25050.000	324.83960	0.0	0.0	0.0	1.0000000
1	24350.0000	25050.000	288.32819	0.0	0.0	0.0	1.0000000
1	24250.0000	24950.000	269.79962	0.0	0.0	0.0	1.0000000
31	24338.9199	24906.287	155.90184	-20.0	-30.0	480.0	1.0999999
32	24526.8672	24923.432	110.28632	0.0	0.0	290.0	1.1199999
33	24494.3809	24784.293	164.47601	0.0	0.0	130.0	1.0000000
