//--------------------------------------------------------------------------------------------------------------------------------------------------------------------------------------------------------------------------------------//
//EffectIndex 0 = StaticEffect | EffectIndex 1 = DynamicEffect											     									                //
//--------------------------------------------------------------------------------------------------------------------------------------------------------------------------------------------------------------------------------------//
//      Type            Index           EffectIndex     EffectCode      EffectValue	X		Y		Z		ColorR		ColorG		ColorB		EffectSize      EffectType	EffectSide	//
//--------------------------------------------------------------------------------------------------------------------------------------------------------------------------------------------------------------------------------------//
//Helm
7	110	1				32151			20				0.51	27.0	10.0	0.47		0.65		0.76		0.13			1			0.0	
7	110	0				32528			20				0.51	27.0	10.0	0.47		0.65		0.76		0.25			-			0.0	
7	110	0				32304			20				0.51	27.0	10.0	0.47		0.65		0.76		0.31    		-			0.0		
7	110	1				32049			20				0.51	27.0	10.0	0.40		0.92		1.00		0.00    		25			0.0	

//Armor


//Armor

//Armor
8	113	1				32151			02				0.0		-4.5	20.0	0.40		0.92		1.00		0.13			1			0.0	 		 //Circle
8	113	0				32528			02				0.0		-4.5	20.0	0.40		0.92		1.00		0.25			-			0.0	 		 //Flare
8	113	0				32304			02				0.0		-4.5	20.0	0.40		0.92		1.00		0.31    		-			0.0	 		 //Flare 2 [Inside]	
8	113	1				32049			02				0.0		-4.5	20.0	0.40		0.92		1.00		0.00    		25			0.0	

//Helm
7	114	1				32151			20				0.51	27.0	10.0	0.47		0.65		0.76		0.13			1			0.0	
7	114	0				32528			20				0.51	27.0	10.0	0.47		0.65		0.76		0.25			-			0.0	
7	114	0				32304			20				0.51	27.0	10.0	0.47		0.65		0.76		0.31    		-			0.0		
7	114	1				32049			20				0.51	27.0	10.0	0.40		0.92		1.00		0.00    		25			0.0	

//Helm
7	115	1				32151			20				0.51	27.0	10.0	0.47		0.65		0.76		0.13			1			0.0	
7	115	0				32528			20				0.51	27.0	10.0	0.47		0.65		0.76		0.25			-			0.0	
7	115	0				32304			20				0.51	27.0	10.0	0.47		0.65		0.76		0.31    		-			0.0		
7	115	1				32049			20				0.51	27.0	10.0	0.40		0.92		1.00		0.00    		25			0.0	

//Armor
8	116	1				32151			26				-12.0	0.0		0.0		0.47		0.65		0.76		0.13			1			0.0
8	116	0				32528			26				-12.0	0.0		0.0		0.47		0.65		0.76		0.25			-			0.0
8	116	0				32304			26				-12.0	0.0		0.0		0.47		0.65		0.76		0.31    		-			0.0
8	116	1				32049			26				-12.0	0.0		0.0		0.40		0.92		1.00		0.00    		25			0.0	

//Armor
8	117	1				32151			26				-12.0	0.0		0.0		0.47		0.65		0.76		0.13			1			0.0
8	117	0				32528			26				-12.0	0.0		0.0		0.47		0.65		0.76		0.25			-			0.0
8	117	0				32304			26				-12.0	0.0		0.0		0.47		0.65		0.76		0.31    		-			0.0
8	117	1				32049			26				-12.0	0.0		0.0		0.40		0.92		1.00		0.00    		25			0.0	

//Armor
8	118	1				32151			02				0.0		-4.5	20.0	0.40		0.92		1.00		0.13			1			0.0	 		 //Circle
8	118	0				32528			02				0.0		-4.5	20.0	0.40		0.92		1.00		0.25			-			0.0	 		 //Flare
8	118	0				32304			02				0.0		-4.5	20.0	0.40		0.92		1.00		0.31    		-			0.0	 		 //Flare 2 [Inside]	
8	118	1				32049			02				0.0		-4.5	20.0	0.40		0.92		1.00		0.00    		25			0.0	

//Helm
7	120	0				32242			20				0.10	20.0	12.5	0.3			0.3			0.3			0.7				-			0.0
7	120	0				32373			20				0.10	20.0	12.5	1.0			0.7			0.5			0.06			-			0.0	
7	120	0				32528			20				0.10	20.0	12.5	1.0			0.1			1.0			0.3				-			0.0		
7	120	1				32049			20				0.10	20.0	12.5	0.5			0.0			0.0			0.2				25			0.0	
7	120	1				32049			20				0.10	20.0	12.5	1.0			0.5			0.0			0.2				25			0.0	

//Gloves
10	121	0				32242			37				0.0		-13.0	-13.0	0.3			0.3			0.3			0.7				-			0.0
10	121	0				32373			37				0.0		-13.0	-13.0	1.0			0.7			0.5			0.06			-			0.0	
10	121	0				32528			37				0.0		-13.0	-13.0	1.0			0.1			1.0			0.3				-			0.0		
10	121	1				32049			37				0.0		-13.0	-13.0	0.5			0.0			0.0			0.2				25			0.0	
10	121	1				32049			37				0.0		-13.0	-13.0	1.0			0.5			0.0			0.2				25			0.0	

//Gloves
10	122	0				32242			37				0.0		-13.0	-13.0	0.3			0.3			0.3			0.7				-			0.0
10	122	0				32373			37				0.0		-13.0	-13.0	1.0			0.7			0.5			0.06			-			0.0	
10	122	0				32528			37				0.0		-13.0	-13.0	1.0			0.1			1.0			0.3				-			0.0		
10	122	1				32049			37				0.0		-13.0	-13.0	0.5			0.0			0.0			0.2				25			0.0	
10	122	1				32049			37				0.0		-13.0	-13.0	1.0			0.5			0.0			0.2				25			0.0	

//Gloves
10	123	0				32242			37				0.0		-13.0	-13.0	0.3			0.3			0.3			0.7				-			0.0
10	123	0				32373			37				0.0		-13.0	-13.0	1.0			0.7			0.5			0.06			-			0.0	
10	123	0				32528			37				0.0		-13.0	-13.0	1.0			0.1			1.0			0.3				-			0.0		
10	123	1				32049			37				0.0		-13.0	-13.0	0.5			0.0			0.0			0.2				25			0.0	
10	123	1				32049			37				0.0		-13.0	-13.0	1.0			0.5			0.0			0.2				25			0.0	

//Helm
7	124	0				32242			20				0.10	20.0	12.5	0.3			0.3			0.3			0.7				-			0.0
7	124	0				32373			20				0.10	20.0	12.5	1.0			0.7			0.5			0.06			-			0.0	
7	124	0				32528			20				0.10	20.0	12.5	1.0			0.1			1.0			0.3				-			0.0		
7	124	1				32049			20				0.10	20.0	12.5	0.5			0.0			0.0			0.2				25			0.0	
7	124	1				32049			20				0.10	20.0	12.5	1.0			0.5			0.0			0.2				25			0.0	

//Helm
7	125	0				32242			20				0.10	20.0	12.5	0.3			0.3			0.3			0.7				-			0.0
7	125	0				32373			20				0.10	20.0	12.5	1.0			0.7			0.5			0.06			-			0.0	
7	125	0				32528			20				0.10	20.0	12.5	1.0			0.1			1.0			0.3				-			0.0		
7	125	1				32049			20				0.10	20.0	12.5	0.5			0.0			0.0			0.2				25			0.0	
7	125	1				32049			20				0.10	20.0	12.5	1.0			0.5			0.0			0.2				25			0.0	

//Gloves
10	126	0				32242			37				0.0		-9.0	-15.0	0.3			0.3			0.3			0.7				-			0.0
10	126	0				32373			37				0.0		-9.0	-15.0	1.0			0.7			0.5			0.06			-			0.0	
10	126	0				32528			37				0.0		-9.0	-15.0	1.0			0.1			1.0			0.3				-			0.0		
10	126	1				32049			37				0.0		-9.0	-15.0	0.5			0.0			0.0			0.2				25			0.0	
10	126	1				32049			37				0.0		-9.0	-15.0	1.0			0.5			0.0			0.2				25			0.0	

//Gloves
10	127	0				32242			37				0.0		-9.0	-15.0	0.3			0.3			0.3			0.7				-			0.0
10	127	0				32373			37				0.0		-9.0	-15.0	1.0			0.7			0.5			0.06			-			0.0	
10	127	0				32528			37				0.0		-9.0	-15.0	1.0			0.1			1.0			0.3				-			0.0		
10	127	1				32049			37				0.0		-9.0	-15.0	0.5			0.0			0.0			0.2				25			0.0	
10	127	1				32049			37				0.0		-9.0	-15.0	1.0			0.5			0.0			0.2				25			0.0	

//Pants
9	130	0				32380			2				0.0		-20.0	22.0	0.4			0.4			1.0			0.4				-			0.0		
9	130	0				32528			2				-4.5	-8.5	22.0	0.06		0.3			1.0			0.125			-			0.0		
9	130	1				32002			2				-4.5	-8.5	22.0	0.0			0.17		0.6			0.4				20			0.0	
9	130	0				32528			2				-4.5	-8.5	22.0	0.06		0.3			1.0			0.125			-			0.0		
9	130	1				32002			2				-4.5	-8.5	22.0	0.0			0.17		0.6			0.4				20			0.0			
9	130	0				32376			2				-4.5	-8.5	22.0	0.5			0.5			0.5			0.15			-			115.0		
9	130	0				32376			2				-4.5	-8.5	22.0	0.5			0.5			0.5			0.15			-			-115.0			
9	130	0				32528			2				4.5		-8.5	22.0	0.06		0.3			1.0			0.125			-			0.0		
9	130	1				32002			2				4.5		-8.5	22.0	0.0			0.17		0.6			0.4				20			0.0	
9	130	0				32528			2				4.5		-8.5	22.0	0.06		0.3			1.0			0.125			-			0.0		
9	130	1				32002			2				4.5		-8.5	22.0	0.0			0.17		0.6			0.4				20			0.0			
9	130	0				32376			2				4.5		-8.5	22.0	0.5			0.5			0.5			0.15			-			115.0		
9	130	0				32376			2				4.5		-8.5	22.0	0.5			0.5			0.5			0.15			-			-115.0		

//Pants
9	131	0				32380			2				0.0		-20.0	22.0	0.4			0.4			1.0			0.4				-			0.0		
9	131	0				32528			2				-4.5	-8.5	22.0	0.06		0.3			1.0			0.125			-			0.0		
9	131	1				32002			2				-4.5	-8.5	22.0	0.0			0.17		0.6			0.4				20			0.0	
9	131	0				32528			2				-4.5	-8.5	22.0	0.06		0.3			1.0			0.125			-			0.0		
9	131	1				32002			2				-4.5	-8.5	22.0	0.0			0.17		0.6			0.4				20			0.0			
9	131	0				32376			2				-4.5	-8.5	22.0	0.5			0.5			0.5			0.15			-			115.0		
9	131	0				32376			2				-4.5	-8.5	22.0	0.5			0.5			0.5			0.15			-			-115.0			
9	131	0				32528			2				4.5		-8.5	22.0	0.06		0.3			1.0			0.125			-			0.0		
9	131	1				32002			2				4.5		-8.5	22.0	0.0			0.17		0.6			0.4				20			0.0	
9	131	0				32528			2				4.5		-8.5	22.0	0.06		0.3			1.0			0.125			-			0.0		
9	131	1				32002			2				4.5		-8.5	22.0	0.0			0.17		0.6			0.4				20			0.0			
9	131	0				32376			2				4.5		-8.5	22.0	0.5			0.5			0.5			0.15			-			115.0		
9	131	0				32376			2				4.5		-8.5	22.0	0.5			0.5			0.5			0.15			-			-115.0		


//Pants
9	132	0				32380			2				0.0		-20.0	22.0	0.4			0.4			1.0			0.4				-			0.0		
9	132	0				32528			2				-4.5	-8.5	22.0	0.06		0.3			1.0			0.125			-			0.0		
9	132	1				32002			2				-4.5	-8.5	22.0	0.0			0.17		0.6			0.4				20			0.0	
9	132	0				32528			2				-4.5	-8.5	22.0	0.06		0.3			1.0			0.125			-			0.0		
9	132	1				32002			2				-4.5	-8.5	22.0	0.0			0.17		0.6			0.4				20			0.0			
9	132	0				32376			2				-4.5	-8.5	22.0	0.5			0.5			0.5			0.15			-			115.0		
9	132	0				32376			2				-4.5	-8.5	22.0	0.5			0.5			0.5			0.15			-			-115.0			
9	132	0				32528			2				4.5		-8.5	22.0	0.06		0.3			1.0			0.125			-			0.0		
9	132	1				32002			2				4.5		-8.5	22.0	0.0			0.17		0.6			0.4				20			0.0	
9	132	0				32528			2				4.5		-8.5	22.0	0.06		0.3			1.0			0.125			-			0.0		
9	132	1				32002			2				4.5		-8.5	22.0	0.0			0.17		0.6			0.4				20			0.0			
9	132	0				32376			2				4.5		-8.5	22.0	0.5			0.5			0.5			0.15			-			115.0		
9	132	0				32376			2				4.5		-8.5	22.0	0.5			0.5			0.5			0.15			-			-115.0		

//Pants
9	133	0				32380			2				0.0		-20.0	22.0	0.4			0.4			1.0			0.4				-			0.0		
9	133	0				32528			2				-4.5	-8.5	22.0	0.06		0.3			1.0			0.125			-			0.0		
9	133	1				32002			2				-4.5	-8.5	22.0	0.0			0.17		0.6			0.4				20			0.0	
9	133	0				32528			2				-4.5	-8.5	22.0	0.06		0.3			1.0			0.125			-			0.0		
9	133	1				32002			2				-4.5	-8.5	22.0	0.0			0.17		0.6			0.4				20			0.0			
9	133	0				32376			2				-4.5	-8.5	22.0	0.5			0.5			0.5			0.15			-			115.0		
9	133	0				32376			2				-4.5	-8.5	22.0	0.5			0.5			0.5			0.15			-			-115.0			
9	133	0				32528			2				4.5		-8.5	22.0	0.06		0.3			1.0			0.125			-			0.0		
9	133	1				32002			2				4.5		-8.5	22.0	0.0			0.17		0.6			0.4				20			0.0	
9	133	0				32528			2				4.5		-8.5	22.0	0.06		0.3			1.0			0.125			-			0.0		
9	133	1				32002			2				4.5		-8.5	22.0	0.0			0.17		0.6			0.4				20			0.0			
9	133	0				32376			2				4.5		-8.5	22.0	0.5			0.5			0.5			0.15			-			115.0		
9	133	0				32376			2				4.5		-8.5	22.0	0.5			0.5			0.5			0.15			-			-115.0		

//Pants
9	134	0				32380			2				0.0		-20.0	22.0	0.4			0.4			1.0			0.4				-			0.0		
9	134	0				32528			2				-4.5	-8.5	22.0	0.06		0.3			1.0			0.125			-			0.0		
9	134	1				32002			2				-4.5	-8.5	22.0	0.0			0.17		0.6			0.4				20			0.0	
9	134	0				32528			2				-4.5	-8.5	22.0	0.06		0.3			1.0			0.125			-			0.0		
9	134	1				32002			2				-4.5	-8.5	22.0	0.0			0.17		0.6			0.4				20			0.0			
9	134	0				32376			2				-4.5	-8.5	22.0	0.5			0.5			0.5			0.15			-			115.0		
9	134	0				32376			2				-4.5	-8.5	22.0	0.5			0.5			0.5			0.15			-			-115.0			
9	134	0				32528			2				4.5		-8.5	22.0	0.06		0.3			1.0			0.125			-			0.0		
9	134	1				32002			2				4.5		-8.5	22.0	0.0			0.17		0.6			0.4				20			0.0	
9	134	0				32528			2				4.5		-8.5	22.0	0.06		0.3			1.0			0.125			-			0.0		
9	134	1				32002			2				4.5		-8.5	22.0	0.0			0.17		0.6			0.4				20			0.0			
9	134	0				32376			2				4.5		-8.5	22.0	0.5			0.5			0.5			0.15			-			115.0		
9	134	0				32376			2				4.5		-8.5	22.0	0.5			0.5			0.5			0.15			-			-115.0		

//Pants
9	135	0				32380			2				0.0		-20.0	22.0	0.4			0.4			1.0			0.4				-			0.0		
9	135	0				32528			2				-4.5	-8.5	22.0	0.06		0.3			1.0			0.125			-			0.0		
9	135	1				32002			2				-4.5	-8.5	22.0	0.0			0.17		0.6			0.4				20			0.0	
9	135	0				32528			2				-4.5	-8.5	22.0	0.06		0.3			1.0			0.125			-			0.0		
9	135	1				32002			2				-4.5	-8.5	22.0	0.0			0.17		0.6			0.4				20			0.0			
9	135	0				32376			2				-4.5	-8.5	22.0	0.5			0.5			0.5			0.15			-			115.0		
9	135	0				32376			2				-4.5	-8.5	22.0	0.5			0.5			0.5			0.15			-			-115.0			
9	135	0				32528			2				4.5		-8.5	22.0	0.06		0.3			1.0			0.125			-			0.0		
9	135	1				32002			2				4.5		-8.5	22.0	0.0			0.17		0.6			0.4				20			0.0	
9	135	0				32528			2				4.5		-8.5	22.0	0.06		0.3			1.0			0.125			-			0.0		
9	135	1				32002			2				4.5		-8.5	22.0	0.0			0.17		0.6			0.4				20			0.0			
9	135	0				32376			2				4.5		-8.5	22.0	0.5			0.5			0.5			0.15			-			115.0		
9	135	0				32376			2				4.5		-8.5	22.0	0.5			0.5			0.5			0.15			-			-115.0		

//Pants
9	136	0				32380			2				0.0		-10.0	20.0	0.4			0.4			1.0			0.4				-			0.0		
9	136	0				32528			2				-4.5	-0.5	20.0	0.06		0.3			1.0			0.125			-			0.0		
9	136	1				32002			2				-4.5	-0.5	20.0	0.0			0.17		0.6			0.4				20			0.0	
9	136	0				32528			2				-4.5	-0.5	20.0	0.06		0.3			1.0			0.125			-			0.0		
9	136	1				32002			2				-4.5	-0.5	20.0	0.0			0.17		0.6			0.4				20			0.0			
9	136	0				32376			2				-4.5	-0.5	20.0	0.5			0.5			0.5			0.15			-			115.0		
9	136	0				32376			2				-4.5	-0.5	20.0	0.5			0.5			0.5			0.15			-			-115.0			
9	136	0				32528			2				4.5		-0.5	20.0	0.06		0.3			1.0			0.125			-			0.0		
9	136	1				32002			2				4.5		-0.5	20.0	0.0			0.17		0.6			0.4				20			0.0	
9	136	0				32528			2				4.5		-0.5	20.0	0.06		0.3			1.0			0.125			-			0.0		
9	136	1				32002			2				4.5		-0.5	20.0	0.0			0.17		0.6			0.4				20			0.0			
9	136	0				32376			2				4.5		-0.5	20.0	0.5			0.5			0.5			0.15			-			115.0		
9	136	0				32376			2				4.5		-0.5	20.0	0.5			0.5			0.5			0.15			-			-115.0				

//Pants
9	137	0				32380			2				0.0		-10.0	20.0	0.4			0.4			1.0			0.4				-			0.0		
9	137	0				32528			2				-4.5	-0.5	20.0	0.06		0.3			1.0			0.125			-			0.0		
9	137	1				32002			2				-4.5	-0.5	20.0	0.0			0.17		0.6			0.4				20			0.0	
9	137	0				32528			2				-4.5	-0.5	20.0	0.06		0.3			1.0			0.125			-			0.0		
9	137	1				32002			2				-4.5	-0.5	20.0	0.0			0.17		0.6			0.4				20			0.0			
9	137	0				32376			2				-4.5	-0.5	20.0	0.5			0.5			0.5			0.15			-			115.0		
9	137	0				32376			2				-4.5	-0.5	20.0	0.5			0.5			0.5			0.15			-			-115.0			
9	137	0				32528			2				4.5		-0.5	20.0	0.06		0.3			1.0			0.125			-			0.0		
9	137	1				32002			2				4.5		-0.5	20.0	0.0			0.17		0.6			0.4				20			0.0	
9	137	0				32528			2				4.5		-0.5	20.0	0.06		0.3			1.0			0.125			-			0.0		
9	137	1				32002			2				4.5		-0.5	20.0	0.0			0.17		0.6			0.4				20			0.0			
9	137	0				32376			2				4.5		-0.5	20.0	0.5			0.5			0.5			0.15			-			115.0		
9	137	0				32376			2				4.5		-0.5	20.0	0.5			0.5			0.5			0.15			-			-115.0				

//Armor
//8	140	1				32071			35			10.0	0.0		-03.0	0.16		0.00		1.0			-1.60			11			0.0		
//8	140	1				32071			35			-10.0	3.0		03.0	0.16		0.00		1.0			-1.60			11			0.0	

//Armor
//8	141	1				32071			35			10.0	0.0		-10.0	0.16		0.00		1.0			-1.60			11			0.0		
//8	141	1				32071			35			-10.0	3.0		10.0	0.16		0.00		1.0			-1.60			11			0.0	

//Armor
//8	142	1				32071			35			10.0	0.0		-10.0	0.16		0.00		1.0			-1.60			11			0.0		
//8	142	1				32071			35			-10.0	3.0		10.0	0.16		0.00		1.0			-1.60			11			0.0	

//Armor
//8	143	1				32071			35			10.0	0.0		-10.0	0.16		0.00		1.0			-1.60			11			0.0		
//8	143	1				32071			35			-10.0	3.0		10.0	0.16		0.00		1.0			-1.60			11			0.0	

//Armor
//8	144	1				32071			35			10.0	0.0		-03.0	0.16		0.00		1.0			-1.60			11			0.0		
//8	144	1				32071			35			-10.0	3.0		03.0	0.16		0.00		1.0			-1.60			11			0.0	

//Armor
8	145	0				32380			35			10.0	0.0		-08.0	0.78		0.33		1.0			0.4				-			0.0		
8	145	0				32380			35			-10.0	3.0		08.0	0.78		0.33		1.0			0.4				-			0.0	
//8	145	1				32071			35			10.0	0.0		-03.0	0.16		0.00		1.0			-1.60			11			0.0		
//8	145	1				32071			35			-10.0	3.0		03.0	0.16		0.00		1.0			-1.60			11			0.0	

//Armor
8	146	0				32380			35			10.0	0.0		-10.0	0.78		0.33		1.0			0.4				-			0.0		
8	146	0				32380			35			-10.0	3.0		10.0	0.78		0.33		1.0			0.4				-			0.0	
//8	146	1				32071			35			10.0	0.0		-10.0	0.16		0.00		1.0			-1.60			11			0.0		
//8	146	1				32071			35			-10.0	3.0		10.0	0.16		0.00		1.0			-1.60			11			0.0	

//Armor
8	147	0				32380			35			10.0	0.0		-10.0	0.78		0.33		1.0			0.4				-			0.0		
8	147	0				32380			35			-10.0	3.0		10.0	0.78		0.33		1.0			0.4				-			0.0	
//8	147	1				32071			35			10.0	0.0		-10.0	0.16		0.00		1.0			-1.60			11			0.0		
//8	147	1				32071			35			-10.0	3.0		10.0	0.16		0.00		1.0			-1.60			11			0.0	

//Armor
8	148	0				32380			35			10.0	0.0		-10.0	0.78		0.33		1.0			0.4				-			0.0		
8	148	0				32380			35			-10.0	3.0		10.0	0.78		0.33		1.0			0.4				-			0.0	
//8	148	1				32071			35			10.0	0.0		-10.0	0.16		0.00		1.0			-1.60			11			0.0		
//8	148	1				32071			35			-10.0	3.0		10.0	0.16		0.00		1.0			-1.60			11			0.0	

//Armor

//Armor

//Armor

//Armor

//Armor

//Armor

//Armor

//Armor
8	157	0				32380			26			-10.0	12.0	0.0		1.0			0.6			0.3			0.6				-			0.0		
8	157	0				32380			26			-10.0	12.0	0.0		0.5			0.5			0.5			0.5				-			0.0		
8	157	0				32380			35			15.0	10.0	9.0		0.0			0.6			1.0			0.4				-			0.0	
8	157	0				32528			35			15.0	10.0	9.0		0.0			0.6			1.0			0.4				-			0.0		
8	157	1				32049			35			15.0	10.0	9.0		0.0			0.9 		1.0			1.0				25			0.0		

//Armor
8	157	0				32380			26			0.0		0.0		0.0		1.0			0.6			0.3			0.6				-			0.0		
8	157	0				32380			26			0.0		0.0		0.0		0.5			0.5			0.5			0.5				-			0.0		
8	157	0				32380			34			3.0		15.0	0.0		1.0			0.6			0.3			0.7				-			0.0		
8	157	0				32380			34			3.0		15.0	0.0		0.5			0.5			0.5			0.7				-			0.0		
8	157	0				32380			35			15.0	5.0		12.0	0.0			0.6			1.0			0.4				-			0.0	
8	157	0				32528			35			15.0	5.0		12.0	0.0			0.6			1.0			0.4				-			0.0		
8	157	1				32049			35			15.0	5.0		09.0	0.0			0.9 		1.0			1.0				25			0.0		

//Armor
8	160	0				32380			25			0.0		0.0		0.0		0.0			0.7			0.7			0.5				-			0.0		
8	160	0				32380			26			0.0		0.0		0.0		0.0			0.7			0.7			0.5				-			0.0		
8	160	0				32380			34			0.0		0.0		0.0		0.0			0.7			0.7			0.5				-			0.0		
8	160	0				32380			35			0.0		0.0		0.0		0.0			0.7			0.7			0.5				-			0.0		
8	160	1				32049			26			0.0		0.0		0.0		0.0			0.7			0.7			1.0				25			0.0		
8	160	1				32049			35			0.0		0.0		0.0		0.0			0.7			0.7			1.0				25			0.0		
8	160	0				32528			25			0.0		0.0		0.0		0.0			0.7			0.7			0.5				-			0.0		
8	160	0				32528			26			0.0		0.0		0.0		0.0			0.7			0.7			0.4				-			0.0		
8	160	0				32528			34			0.0		0.0		0.0		0.0			0.7			0.7			0.5				-			0.0		
8	160	0				32528			35			0.0		0.0		0.0		0.0			0.7			0.7			0.4				-			0.0		

//Armor
8	161	0				32380			25			0.0		0.0		0.0		0.0			0.7			0.7			0.8				-			0.0		
8	161	0				32380			26			0.0		0.0		0.0		0.0			0.7			0.7			0.8				-			0.0		
8	161	0				32380			34			0.0		0.0		0.0		0.0			0.7			0.7			0.8				-			0.0		
8	161	0				32380			35			0.0		0.0		0.0		0.0			0.7			0.7			0.8				-			0.0		
8	161	1				32049			26			0.0		0.0		0.0		0.0			0.7			0.7			1.0				25			0.0		
8	161	1				32049			35			0.0		0.0		0.0		0.0			0.7			0.7			1.0				25			0.0		
8	161	0				32528			25			0.0		0.0		0.0		0.0			0.7			0.7			0.5				-			0.0		
8	161	0				32528			26			0.0		0.0		0.0		0.0			0.7			0.7			0.4				-			0.0		
8	161	0				32528			34			0.0		0.0		0.0		0.0			0.7			0.7			0.5				-			0.0		
8	161	0				32528			35			0.0		0.0		0.0		0.0			0.7			0.7			0.4				-			0.0		

//Armor
8	162	0				32380			25			0.0		0.0		0.0		0.0			0.7			0.7			0.8				-			0.0		
8	162	0				32380			26			0.0		0.0		0.0		0.0			0.7			0.7			0.8				-			0.0		
8	162	0				32380			34			0.0		0.0		0.0		0.0			0.7			0.7			0.8				-			0.0		
8	162	0				32380			35			0.0		0.0		0.0		0.0			0.7			0.7			0.8				-			0.0		
8	162	1				32049			26			0.0		0.0		0.0		0.0			0.7			0.7			1.0				25			0.0		
8	162	1				32049			35			0.0		0.0		0.0		0.0			0.7			0.7			1.0				25			0.0		
8	162	0				32528			25			0.0		0.0		0.0		0.0			0.7			0.7			0.5				-			0.0		
8	162	0				32528			26			0.0		0.0		0.0		0.0			0.7			0.7			0.4				-			0.0		
8	162	0				32528			34			0.0		0.0		0.0		0.0			0.7			0.7			0.5				-			0.0		
8	162	0				32528			35			0.0		0.0		0.0		0.0			0.7			0.7			0.4				-			0.0		

//Armor
8	163	0				32380			25			0.0		0.0		0.0		0.0			0.7			0.7			0.8				-			0.0		
8	163	0				32380			26			0.0		0.0		0.0		0.0			0.7			0.7			0.8				-			0.0		
8	163	0				32380			34			0.0		0.0		0.0		0.0			0.7			0.7			0.8				-			0.0		
8	163	0				32380			35			0.0		0.0		0.0		0.0			0.7			0.7			0.8				-			0.0		
8	163	1				32049			26			0.0		0.0		0.0		0.0			0.7			0.7			1.0				25			0.0		
8	163	1				32049			35			0.0		0.0		0.0		0.0			0.7			0.7			1.0				25			0.0		
8	163	0				32528			25			0.0		0.0		0.0		0.0			0.7			0.7			0.5				-			0.0		
8	163	0				32528			26			0.0		0.0		0.0		0.0			0.7			0.7			0.4				-			0.0		
8	163	0				32528			34			0.0		0.0		0.0		0.0			0.7			0.7			0.5				-			0.0		
8	163	0				32528			35			0.0		0.0		0.0		0.0			0.7			0.7			0.4				-			0.0		

//Armor

//Armor

//Armor

//Armor

//Armor

//Gloves
10	170	1		        32393		    37		    0.0		-13.0	-13.0	1.0		    0.5	        0.5  		0.50		    0.1			0.8
10	170	1		        32393		    28		    0.0		-13.0	-13.0	1.0		    0.5	        0.5  		0.50		    0.1			0.8
10	170	1		        32393		    37		    0.0		-13.0	-13.0	1.0		    0.5	        0.5  		0.50		    0.1			0.8
10	170	1		        32393		    28		    0.0		-13.0	-13.0	1.0		    0.5	        0.5  		0.50		    0.1			0.8
10	171	1		        32393		    37		    0.0		-13.0	-13.0	1.0		    0.5	        0.5  		0.50		    0.1			0.8
10	171	1		        32393		    28		    0.0		-13.0	-13.0	1.0		    0.5	        0.5  		0.50		    0.1			0.8
10	171	1		        32393		    37		    0.0		-13.0	-13.0	1.0		    0.5	        0.5  		0.50		    0.1			0.8
10	171	1		        32393		    28		    0.0		-13.0	-13.0	1.0		    0.5	        0.5  		0.50		    0.1			0.8
10	172	1		        32393		    37		    0.0		-13.0	-13.0	1.0		    0.5	        0.5  		0.50		    0.1			0.8
10	172	1		        32393		    28		    0.0		-13.0	-13.0	1.0		    0.5	        0.5  		0.50		    0.1			0.8
10	172	1		        32393		    37		    0.0		-13.0	-13.0	1.0		    0.5	        0.5  		0.50		    0.1			0.8
10	172	1		        32393		    28		    0.0		-13.0	-13.0	1.0		    0.5	        0.5  		0.50		    0.1			0.8
10	173	1		        32393		    37		    0.0		-13.0	-13.0	1.0		    0.5	        0.5  		0.50		    0.1			0.8
10	173	1		        32393		    28		    0.0		-13.0	-13.0	1.0		    0.5	        0.5  		0.50		    0.1			0.8
10	173	1		        32393		    37		    0.0		-13.0	-13.0	1.0		    0.5	        0.5  		0.50		    0.1			0.8
10	173	1		        32393		    28		    0.0		-13.0	-13.0	1.0		    0.5	        0.5  		0.50		    0.1			0.8
10	174	1		        32393		    37		    0.0		-13.0	-13.0	1.0		    0.5	        0.5  		0.50		    0.1			0.8
10	174	1		        32393		    28		    0.0		-13.0	-13.0	1.0		    0.5	        0.5  		0.50		    0.1			0.8
10	174	1		        32393		    37		    0.0		-13.0	-13.0	1.0		    0.5	        0.5  		0.50		    0.1			0.8
10	174	1		        32393		    28		    0.0		-13.0	-13.0	1.0		    0.5	        0.5  		0.50		    0.1			0.8
10	175	1		        32393		    37		    0.0		-13.0	-13.0	1.0		    0.5	        0.5  		0.50		    0.1			0.8
10	175	1		        32393		    28		    0.0		-13.0	-13.0	1.0		    0.5	        0.5  		0.50		    0.1			0.8
10	175	1		        32393		    37		    0.0		-13.0	-13.0	1.0		    0.5	        0.5  		0.50		    0.1			0.8
10	175	1		        32393		    28		    0.0		-13.0	-13.0	1.0		    0.5	        0.5  		0.50		    0.1			0.8
10	176	1		        32393		    37		    0.0		-13.0	-13.0	1.0		    0.5	        0.5  		0.50		    0.1			0.8
10	176	1		        32393		    28		    0.0		-13.0	-13.0	1.0		    0.5	        0.5  		0.50		    0.1			0.8
10	176	1		        32393		    37		    0.0		-13.0	-13.0	1.0		    0.5	        0.5  		0.50		    0.1			0.8
10	176	1		        32393		    28		    0.0		-13.0	-13.0	1.0		    0.5	        0.5  		0.50		    0.1			0.8
10	177	1		        32393		    37		    0.0		-13.0	-13.0	1.0		    0.5	        0.5  		0.50		    0.1			0.8
10	177	1		        32393		    28		    0.0		-13.0	-13.0	1.0		    0.5	        0.5  		0.50		    0.1			0.8
10	177	1		        32393		    37		    0.0		-13.0	-13.0	1.0		    0.5	        0.5  		0.50		    0.1			0.8
10	177	1		        32393		    28		    0.0		-13.0	-13.0	1.0		    0.5	        0.5  		0.50		    0.1			0.8


//Grand Master 
//Armor
8					197				0				32380			35			15.0		10.0		13.0		1.0			0.2			0.3			0.4				-					0.0	
8					197				0				32528			35			15.0		10.0		13.0		1.0			0.2			0.3			0.4				-					0.0		
8					197				1				32049			35			15.0		10.0		9.0		1.0			0.2			0.3			1.0				25				0.0		

//Blade Master
//Armor

//High Elf - B
//Armor

//Duel Master
//Armor

//Lord Emperor
//Armor
8					196				0				32380			35			18.0		5.0		16.0		1.0			0.2			0.3			0.4				-					0.0	
8					196				0				32528			35			18.0		5.0		16.0		1.0			0.2			0.3			0.4				-					0.0		
8					196				1				32049			35			18.0		5.0		12.0		1.0			0.2			0.3			1.0				25				0.0		

//Dimension Master
//Armor

//Fist Master
//Armor
8					198				0				32380			35			18.0		8.0		8.0		1.0			0.2			0.3			0.4				-					0.0	
8					198				0				32528			35			18.0		8.0		8.0		1.0			0.2			0.3			0.4				-					0.0		
8					198				1				32049			35			18.0		8.0		5.0		1.0			0.2			0.3			1.0				25				0.0		

//==============================================================================================================================================================================================================================================
// SET-M
//==============================================================================================================================================================================================================================================

	8						300			0				32380			36		0.0		0.0		0.0		0.4    0.4    0.4			1.0 	0			0.0		
	10						300			0				32380			27		0.0		0.0		0.0		0.4    0.0    0.0			1.0 	0			0.0		
	8						300			0				32380			35		0.0		0.0		0.0		0.4    0.4    0.4			1.0 	0			0.0		
	10						300			0				32380			26		0.0		0.0		0.0		0.4    0.0    0.0			1.0 	0			0.0		
	8						300			0				32380			37		0.0		0.0		0.0		0.4    0.4    0.4			0.6 	0			0.0		
	10						300			0				32380			28		0.0		0.0		0.0		0.4    0.0    0.0			0.6 	0			0.0		
	9						300			0				32380			4 		0.0		0.0		0.0		0.4     0.4    0.4			1.0 	0			0.0		
	9						300			0				32380			11		0.0		0.0		0.0		0.4     0.0    0.0			1.0 	0			0.0		
	9						300			0				32380			5 		0.0		0.0		0.0		0.4     0.4    0.4			0.6 	0			0.0		
	9						300			0				32380			12		0.0		0.0		0.0		0.4     0.0    0.0			0.6 	0			0.0		
	8						300			1				32386			35		0.0		0.0		0.0		0.4    0.4    0.4			0.6 	6			0.0		
	10						300			1				32386			26		0.0		0.0		0.0		0.4    0.0    0.0			0.6 	6			0.0		


//==============================================================================================================================================================================================================================================
// SET-f
//==============================================================================================================================================================================================================================================

	8						301			0				32380			36		0.0		0.0		0.0		0.4    0.4    0.4			1.0 	0			0.0		
	10						301			0				32380			27		0.0		0.0		0.0		0.4    0.0    0.0			1.0 	0			0.0		
	8						301			0				32380			35		0.0		0.0		0.0		0.4    0.4    0.4			1.0 	0			0.0		
	10						301			0				32380			26		0.0		0.0		0.0		0.4    0.0    0.0			1.0 	0			0.0		
	8						301			0				32380			37		0.0		0.0		0.0		0.4    0.4    0.4			0.6 	0			0.0		
	10						301			0				32380			28		0.0		0.0		0.0		0.4    0.0    0.0			0.6 	0			0.0		
	9						301			0				32380			4 		0.0		0.0		0.0		0.4     0.4    0.4			1.0 	0			0.0		
	9						301			0				32380			11		0.0		0.0		0.0		0.4     0.0    0.0			1.0 	0			0.0		
	9						301			0				32380			5 		0.0		0.0		0.0		0.4     0.4    0.4			0.6 	0			0.0		
	9						301			0				32380			12		0.0		0.0		0.0		0.4     0.0    0.0			0.6 	0			0.0		
	8						301			1				32386			35		0.0		0.0		0.0		0.4    0.4    0.4			0.6 	6			0.0		
	10						301			1				32386			26		0.0		0.0		0.0		0.4    0.0    0.0			0.6 	6			0.0		


//=================================================================================================================================================================================================================================================
// set-M
//=================================================================================================================================================================================================================================================

	7			302				0				32003			20				 4.0	12.0 		12.0		 		1.0     1.0      0.5			0.3 			0			0.3 		
	7			302				1				32054			20				 4.0	12.0 		12.0		 		1.0     0.0      0.0			0.16			0			0.16		
	7			302				0				32003			20				-4.0	12.0 		12.0				1.0     1.0      0.5			0.3 			0			0.3 		
	7			302				1				32054			20				-4.0	12.0 		12.0				1.0     0.0      0.0			0.16			0			0.16		
	7			302				1				32004			19				 0.0	0.0	 		0.0					0.8     0.1      0.0			1.8 			2			1.8 		
//	7			302				1				32395			19				 0.0	0.0	 		0.0					0.8     0.1      0.0			2.0 			1			2.0 		
	7			302				0				32002			20				 0.0	0.0	 		0.0					1.0     0.1      0.0			1.8 			0			1.8 		
	7			302				0				32002			27				 0.0	0.0	 		0.0					1.0     0.1      0.0			1.0 			0			1.0 		
	7			302				0				32002			36				 0.0	0.0	 		0.0					1.0     0.1      0.0			1.0 			0			1.0 		
	8			302				0				32002			18				 0.0	0.0	 		0.0					1.0     0.1      0.0			1.0 			0			1.0 		
	8			302				0				32002			20				 0.0	0.0	 		0.0					1.0     0.1      0.0			1.0 			0			1.0 		
	8			302				0				32002			27				 0.0	0.0	 		0.0					1.0     0.1      0.0			1.0 			0			1.0 		
	9			302				0				32002			36				 0.0	0.0	 		0.0					1.0     0.1      0.0			1.0 			0			1.0 		
	9			302				0				32002			18				 0.0	0.0	 		0.0					1.0     0.1      0.0			1.0 			0			1.0 		
	9			302				0				32002			20				 0.0	0.0	 		0.0					1.0     0.1      0.0			1.0 			0			1.0 		
	9			302				0				32002			27				 0.0	0.0	 		0.0					1.0     0.1      0.0			1.0 			0			1.0 		
	9			302				0				32380			36				 0.0	0.0	 		0.0					0.2     0.1      0.0			0.6 			0			0.6 		
	9			302				0				32380			18				 0.0	0.0	 		0.0					0.2     0.1      0.0			0.6 			0			0.6 		
	10			302				0				32380			4 				 0.0	0.0	 		0.0					0.2     0.1      0.0			0.6 			0			0.6 		
	10			302				0				32380			11				 0.0	0.0	 		0.0					0.2     0.1      0.0			0.6 			0			0.6 		
	10			302				0				32380			4 				 0.0	0.0	 		0.0					0.2     0.1      0.0			0.6 			0			0.6 		
	10			302				0				32380			11				 0.0	0.0	 		0.0					0.2     0.1      0.0			0.6 			0			0.6 		
	10			302				0				32380			4 				 0.0	0.0	 		0.0					0.2     0.1      0.0			0.6 			0			0.6 		
	10			302				0				32380			11				 0.0	0.0	 		0.0					0.2     0.1      0.0			0.6 			0			0.6 		
	10			302				0				32380			37				 0.0	0.0	 		0.0					0.2     0.1      0.0			0.6 			0			0.6 		
	10			302				0				32380			37				 0.0	0.0	 		0.0					0.2     0.1      0.0			0.6 			0			0.6 		
	10			302				1				32386			37				 0.0	0.0	 		0.0					0.3     0.1      0.0			0.4 			4			0.4 		
	10			302				1				32386			5 				 0.0	0.0	 		0.0					0.3     0.1      0.0			0.4 			4			0.4 		
	10			302				1				32386			12				 0.0	0.0	 		0.0					0.3     0.1      0.0			0.4 			4			0.4 		
	10			302				1				32386			5 				 0.0	0.0	 		0.0					0.3     0.1      0.0			0.4 			4			0.4 		
	11			302				1				32386			12				 0.0	0.0	 		0.0					0.3     0.1      0.0			0.4 			4			0.4 		
	11			302				1				32386			5 				 0.0	0.0	 		0.0					0.3     0.1      0.0			0.4 			4			0.4 		
	11			302				1				32386			12				 0.0	0.0	 		0.0					0.3     0.1      0.0			0.4 			4			0.4 		
	11			302				1				32386			12				 0.0	0.0	 		0.0					0.3     0.1      0.0			0.4 			4			0.4 		
	11			302				1				32386			12				 0.0	0.0	 		0.0					0.3     0.1      0.0			0.4 			4			0.4 		
	11			302				1				32386			12				 0.0	0.0	 		0.0					0.3     0.1      0.0			0.4 			4			0.4 		


//=================================================================================================================================================================================================================================================
// set-F
//=================================================================================================================================================================================================================================================

	7			303				0				32003			20				 4.0	12.0 		12.0		 		1.0     1.0      0.5			0.3 			0			0.3 		
	7			303				1				32054			20				 4.0	12.0 		12.0		 		1.0     0.0      0.0			0.16			0			0.16		
	7			303				0				32003			20				-4.0	12.0 		12.0				1.0     1.0      0.5			0.3 			0			0.3 		
	7			303				1				32054			20				-4.0	12.0 		12.0				1.0     0.0      0.0			0.16			0			0.16		
	7			303				1				32004			19				 0.0	0.0	 		0.0					0.8     0.1      0.0			1.8 			2			1.8 		
//	7			303				1				32395			19				 0.0	0.0	 		0.0					0.8     0.1      0.0			2.0 			1			2.0 		
	7			303				0				32002			20				 0.0	0.0	 		0.0					1.0     0.1      0.0			1.8 			0			1.8 		
	7			303				0				32002			27				 0.0	0.0	 		0.0					1.0     0.1      0.0			1.0 			0			1.0 		
	7			303				0				32002			36				 0.0	0.0	 		0.0					1.0     0.1      0.0			1.0 			0			1.0 		
	8			303				0				32002			18				 0.0	0.0	 		0.0					1.0     0.1      0.0			1.0 			0			1.0 		
	8			303				0				32002			20				 0.0	0.0	 		0.0					1.0     0.1      0.0			1.0 			0			1.0 		
	8			303				0				32002			27				 0.0	0.0	 		0.0					1.0     0.1      0.0			1.0 			0			1.0 		
	9			303				0				32002			36				 0.0	0.0	 		0.0					1.0     0.1      0.0			1.0 			0			1.0 		
	9			303				0				32002			18				 0.0	0.0	 		0.0					1.0     0.1      0.0			1.0 			0			1.0 		
	9			303				0				32002			20				 0.0	0.0	 		0.0					1.0     0.1      0.0			1.0 			0			1.0 		
	9			303				0				32002			27				 0.0	0.0	 		0.0					1.0     0.1      0.0			1.0 			0			1.0 		
	9			303				0				32380			36				 0.0	0.0	 		0.0					0.2     0.1      0.0			0.6 			0			0.6 		
	9			303				0				32380			18				 0.0	0.0	 		0.0					0.2     0.1      0.0			0.6 			0			0.6 		
	10			303				0				32380			4 				 0.0	0.0	 		0.0					0.2     0.1      0.0			0.6 			0			0.6 		
	10			303				0				32380			11				 0.0	0.0	 		0.0					0.2     0.1      0.0			0.6 			0			0.6 		
	10			303				0				32380			4 				 0.0	0.0	 		0.0					0.2     0.1      0.0			0.6 			0			0.6 		
	10			303				0				32380			11				 0.0	0.0	 		0.0					0.2     0.1      0.0			0.6 			0			0.6 		
	10			303				0				32380			4 				 0.0	0.0	 		0.0					0.2     0.1      0.0			0.6 			0			0.6 		
	10			303				0				32380			11				 0.0	0.0	 		0.0					0.2     0.1      0.0			0.6 			0			0.6 		
	10			303				0				32380			37				 0.0	0.0	 		0.0					0.2     0.1      0.0			0.6 			0			0.6 		
	10			303				0				32380			37				 0.0	0.0	 		0.0					0.2     0.1      0.0			0.6 			0			0.6 		
	10			303				1				32386			37				 0.0	0.0	 		0.0					0.3     0.1      0.0			0.4 			4			0.4 		
	10			303				1				32386			5 				 0.0	0.0	 		0.0					0.3     0.1      0.0			0.4 			4			0.4 		
	10			303				1				32386			12				 0.0	0.0	 		0.0					0.3     0.1      0.0			0.4 			4			0.4 		
	10			303				1				32386			5 				 0.0	0.0	 		0.0					0.3     0.1      0.0			0.4 			4			0.4 		
	11			303				1				32386			12				 0.0	0.0	 		0.0					0.3     0.1      0.0			0.4 			4			0.4 		
	11			303				1				32386			5 				 0.0	0.0	 		0.0					0.3     0.1      0.0			0.4 			4			0.4 		
	11			303				1				32386			12				 0.0	0.0	 		0.0					0.3     0.1      0.0			0.4 			4			0.4 		
	11			303				1				32386			12				 0.0	0.0	 		0.0					0.3     0.1      0.0			0.4 			4			0.4 		
	11			303				1				32386			12				 0.0	0.0	 		0.0					0.3     0.1      0.0			0.4 			4			0.4 		
	11			303				1				32386			12				 0.0	0.0	 		0.0					0.3     0.1      0.0			0.4 			4			0.4 		


//==============================================================================================================================================================================================================================================
// SET-M
//==============================================================================================================================================================================================================================================

	7						304			1				32054			20		0.0		0.0		0.0		0.8     0.6    0.0			0.16	0			0.0		
	7						304			1				32054			20		0.0		0.0		0.0		0.8     0.6    0.0			0.16	0			0.0		
	8						304			0				32380			19		0.0		0.0		0.0		0.3     0.0    0.3			1.0 	0			0.0		
	8						304			0				32380			36		0.0		0.0		0.0		0.3     0.0    0.3			1.0 	0			0.0		
	8						304			0				32380			18		0.0		0.0		0.0		0.3     0.0    0.3			1.0 	0			0.0		
	9						304			0				32380			4 		0.0		0.0		0.0		0.3     0.0    0.3			1.0 	0			0.0		
	9						304			0				32380			11		0.0		0.0		0.0		0.3     0.0    0.3			0.5 	0			0.0		
	10						304			0				32380			27		0.0		0.0		0.0		0.3     0.0    0.3			0.5 	0			0.0		
	11						304			0				32380			5 		0.0		0.0		0.0		0.3     0.0    0.3 		  	0.5 	0			0.0		
	11						304			0				32380			12		0.0		0.0		0.0		0.3     0.0    0.3 		  	0.5 	0			0.0		

//==============================================================================================================================================================================================================================================
// SET-f
//==============================================================================================================================================================================================================================================

	7						305			1				32054			20		0.0		0.0		0.0		0.8     0.6    0.0			0.16	0			0.0		
	7						305			1				32054			20		0.0		0.0		0.0		0.8     0.6    0.0			0.16	0			0.0		
	8						305			0				32380			19		0.0		0.0		0.0		0.3     0.0    0.3			1.0 	0			0.0		
	8						305			0				32380			36		0.0		0.0		0.0		0.3     0.0    0.3			1.0 	0			0.0		
	8						305			0				32380			18		0.0		0.0		0.0		0.3     0.0    0.3			1.0 	0			0.0		
	9						305			0				32380			4 		0.0		0.0		0.0		0.3     0.0    0.3			1.0 	0			0.0		
	9						305			0				32380			11		0.0		0.0		0.0		0.3     0.0    0.3			0.5 	0			0.0		
	10						305			0				32380			27		0.0		0.0		0.0		0.3     0.0    0.3			0.5 	0			0.0		
	11						305			0				32380			5 		0.0		0.0		0.0		0.3     0.0    0.3 		  	0.5 	0			0.0		
	11						305			0				32380			12		0.0		0.0		0.0		0.3     0.0    0.3 		  	0.5 	0			0.0		

//==============================================================================================================================================================================================================================================
// SET-M
//==============================================================================================================================================================================================================================================

	7						308			1				32054			20		0.0		0.0		0.0		0.8     0.6    0.0			0.16	0			0.0		
	7						308			1				32054			20		0.0		0.0		0.0		0.8     0.6    0.0			0.16	0			0.0		
	8						308			0				32380			19		0.0		0.0		0.0		0.3     0.0    0.3			1.0 	0			0.0		
	8						308			0				32380			36		0.0		0.0		0.0		0.3     0.0    0.3			1.0 	0			0.0		
	8						308			0				32380			18		0.0		0.0		0.0		0.3     0.0    0.3			1.0 	0			0.0		
	9						308			0				32380			4 		0.0		0.0		0.0		0.3     0.0    0.3			1.0 	0			0.0		
	9						308			0				32380			11		0.0		0.0		0.0		0.3     0.0    0.3			0.5 	0			0.0		
	10						308			0				32380			27		0.0		0.0		0.0		0.3     0.0    0.3			0.5 	0			0.0		
	11						308			0				32380			5 		0.0		0.0		0.0		0.3     0.0    0.3 		  	0.5 	0			0.0		
	11						308			0				32380			12		0.0		0.0		0.0		0.3     0.0    0.3 		  	0.5 	0			0.0		

//==============================================================================================================================================================================================================================================
// SET-f
//==============================================================================================================================================================================================================================================

	7						309			1				32054			20		0.0		0.0		0.0		0.8     0.6    0.0			0.16	0			0.0		
	7						309			1				32054			20		0.0		0.0		0.0		0.8     0.6    0.0			0.16	0			0.0		
	8						309			0				32380			19		0.0		0.0		0.0		0.3     0.0    0.3			1.0 	0			0.0		
	8						309			0				32380			36		0.0		0.0		0.0		0.3     0.0    0.3			1.0 	0			0.0		
	8						309			0				32380			18		0.0		0.0		0.0		0.3     0.0    0.3			1.0 	0			0.0		
	9						309			0				32380			4 		0.0		0.0		0.0		0.3     0.0    0.3			1.0 	0			0.0		
	9						309			0				32380			11		0.0		0.0		0.0		0.3     0.0    0.3			0.5 	0			0.0		
	10						309			0				32380			27		0.0		0.0		0.0		0.3     0.0    0.3			0.5 	0			0.0		
	11						309			0				32380			5 		0.0		0.0		0.0		0.3     0.0    0.3 		  	0.5 	0			0.0		
	11						309			0				32380			12		0.0		0.0		0.0		0.3     0.0    0.3 		  	0.5 	0			0.0		

//==============================================================================================================================================================================================================================================
// SET-M
//==============================================================================================================================================================================================================================================

	7						310			1				32054			20		0.0		0.0		0.0		0.8     0.6    0.0			0.16	0			0.0		
	7						310			1				32054			20		0.0		0.0		0.0		0.8     0.6    0.0			0.16	0			0.0		
	8						310			0				32380			19		0.0		0.0		0.0		0.3     0.0    0.3			1.0 	0			0.0		
	8						310			0				32380			36		0.0		0.0		0.0		0.3     0.0    0.3			1.0 	0			0.0		
	8						310			0				32380			18		0.0		0.0		0.0		0.3     0.0    0.3			1.0 	0			0.0		
	9						310			0				32380			4 		0.0		0.0		0.0		0.3     0.0    0.3			1.0 	0			0.0		
	9						310			0				32380			11		0.0		0.0		0.0		0.3     0.0    0.3			0.5 	0			0.0		
	10						310			0				32380			27		0.0		0.0		0.0		0.3     0.0    0.3			0.5 	0			0.0		
	11						310			0				32380			5 		0.0		0.0		0.0		0.3     0.0    0.3 		  	0.5 	0			0.0		
	11						310			0				32380			12		0.0		0.0		0.0		0.3     0.0    0.3 		  	0.5 	0			0.0		

//==============================================================================================================================================================================================================================================
// SET-f
//==============================================================================================================================================================================================================================================

	7						311			1				32054			20		0.0		0.0		0.0		0.8     0.6    0.0			0.16	0			0.0		
	7						311			1				32054			20		0.0		0.0		0.0		0.8     0.6    0.0			0.16	0			0.0		
	8						311			0				32380			19		0.0		0.0		0.0		0.3     0.0    0.3			1.0 	0			0.0		
	8						311			0				32380			36		0.0		0.0		0.0		0.3     0.0    0.3			1.0 	0			0.0		
	8						311			0				32380			18		0.0		0.0		0.0		0.3     0.0    0.3			1.0 	0			0.0		
	9						311			0				32380			4 		0.0		0.0		0.0		0.3     0.0    0.3			1.0 	0			0.0		
	9						311			0				32380			11		0.0		0.0		0.0		0.3     0.0    0.3			0.5 	0			0.0		
	10						311			0				32380			27		0.0		0.0		0.0		0.3     0.0    0.3			0.5 	0			0.0		
	11						311			0				32380			5 		0.0		0.0		0.0		0.3     0.0    0.3 		  	0.5 	0			0.0		
	11						311			0				32380			12		0.0		0.0		0.0		0.3     0.0    0.3 		  	0.5 	0			0.0		



//==============================================================================================================================================================================================================================================
// SET-M
//==============================================================================================================================================================================================================================================

	8						312			0				32380			19		0.0		0.0		0.0		0.3     0.15    0.0			1.0 	0			0.0		
	8						312			0				32380			36		0.0		0.0		0.0		0.3     0.15    0.0			1.0 	0			0.0		
	8						312			0				32380			18		0.0		0.0		0.0		0.3     0.15    0.0			1.0 	0			0.0		
	9						312			0				32380			4 		0.0		0.0		0.0		0.3     0.15    0.0			1.0 	0			0.0		
	9						312			0				32380			11		0.0		0.0		0.0		0.3     0.15    0.0			0.5 	0			0.0		
	10						312			0				32380			27		0.0		0.0		0.0		0.3     0.15    0.0			0.5 	0			0.0		
	11						312			0				32380			5 		0.0		0.0		0.0		0.3     0.15    0.0 		  	0.5 	0			0.0		
	11						312			0				32380			12		0.0		0.0		0.0		0.3     0.15    0.0 		  	0.5 	0			0.0		

//==============================================================================================================================================================================================================================================
// SET-f
//==============================================================================================================================================================================================================================================

	8						313			0				32380			19		0.0		0.0		0.0		0.3     0.15    0.0		1.0 	0			0.0		
	8						313			0				32380			36		0.0		0.0		0.0		0.3     0.15    0.0		1.0 	0			0.0		
	8						313			0				32380			18		0.0		0.0		0.0		0.3     0.15    0.0		1.0 	0			0.0		
	9						313			0				32380			4 		0.0		0.0		0.0		0.3     0.15    0.0		1.0 	0			0.0		
	9						313			0				32380			11		0.0		0.0		0.0		0.3     0.15    0.0		0.5 	0			0.0		
	10						313			0				32380			27		0.0		0.0		0.0		0.3     0.15    0.0		0.5 	0			0.0		
	11						313			0				32380			5 		0.0		0.0		0.0		0.3     0.15    0.0		  	0.5 	0			0.0		
	11						313			0				32380			12		0.0		0.0		0.0		0.3     0.15    0.0		  	0.5 	0			0.0		


//==============================================================================================================================================================================================================================================
// SET-M
//==============================================================================================================================================================================================================================================

	7						314			0				32380			20		0.0		0.0		0.0		 0.0      0.3        0.6 		1.0		0			0.0		
	7						314			1				32073			20		0.0		0.0		0.0		 0.02     0.05       0.05		1.0		2			0.0		
	8						314			1				32272			17		0.0		0.0		0.0		 0.15       0.15       0.15		0.6			4			0.0		
	8						314			1				32272			19		0.0		0.0		0.0		 0.15       0.15       0.15		0.6			4			0.0		
	8						314			1				32272			26		0.0		0.0		0.0		 0.15       0.15       0.15		0.5			4			0.0		
	8						314			1				32272			34		0.0		0.0		0.0		 0.15       0.15       0.15		0.5			4			0.0		
	8						314			1				32272			35		0.0		0.0		0.0		 0.15       0.15       0.15		0.3			4			0.0		
	8						314			0				32380			19		0.0		0.0		0.0		 0.0        0.3        0.6 		1.0			0			0.0		
	8						314			0				32380			18		0.0		0.0		0.0		 0.0        0.3        0.6 		1.0			0			0.0		
	8						314			1				32073			19		0.0		0.0		0.0		 0.02       0.05       0.05		1.0			2			0.0		
	8						314			1				32073			18		0.0		0.0		0.0		 0.02       0.05       0.05		1.0			2			0.0		
	9						314			1				32272			3 		0.0		0.0		0.0		 0.15      0.15       0.15		0.5			4			0.0		
	9						314			1				32272			4 		0.0		0.0		0.0		 0.15      0.15       0.15		0.3			4			0.0		
	9						314			1				32272			10		0.0		0.0		0.0		 0.15      0.15       0.15		0.5			4			0.0		
	9						314			1				32272			11		0.0		0.0		0.0		 0.15      0.15       0.15		0.3			4			0.0		
	9						314			0				32380			4 		0.0		0.0		0.0		 0.0       0.3        0.6 		1.0			0			0.0		
	9						314			0				32380			11		0.0		0.0		0.0		 0.0       0.3        0.6 		0.5			0			0.0		
	9						314			1				32073			4 		0.0		0.0		0.0		 0.02      0.05       0.05		1.0			2			0.0		
	9						314			1				32073			11		0.0		0.0		0.0		 0.02      0.05       0.05		0.5			2			0.0		
	10						314			1				32272			27		0.0		0.0		0.0		 0.15      0.15       0.15		1.2			 4			0.0		
	10						314			0				32380			36		0.0		0.0		0.0		 0.0       0.3        0.6 		1.2			 0			0.0		
	10						314			1				32073			36		0.0		0.0		0.0		 0.02      0.05       0.05		1.2			 2			0.0		
	10						314			1				32073			27		0.0		0.0		0.0		 0.02      0.05       0.05		1.2			 2			0.0		
	10						314			0				32380			27		0.0		0.0		0.0		 0.0       0.3        0.6 		1.2			 0			0.0		
	11						314			0				32380			5 		0.0		0.0		0.0		0.0       0.3        0.0		0.6 			0			0.0		
	11						314			0				32380			12		0.0		0.0		0.0		0.0       0.3        0.0		0.6 			0			0.0		
	11						314			1				32073			5 		0.0		0.0		0.0		0.02      0.05       0.0		0.05			2			0.0		
	11						314			1				32073			12		0.0		0.0		0.0		0.02      0.05       0.0		0.05			2			0.0		
//==============================================================================================================================================================================================================================================
// SET-F
//==============================================================================================================================================================================================================================================

	7						315			0				32380			20		0.0		0.0		0.0		 0.0      0.3        0.6 		1.0		0			0.0		
	7						315			1				32073			20		0.0		0.0		0.0		 0.02     0.05       0.05		1.0		2			0.0		
	8						315			1				32272			17		0.0		0.0		0.0		 0.15       0.15       0.15		0.6			4			0.0		
	8						315			1				32272			19		0.0		0.0		0.0		 0.15       0.15       0.15		0.6			4			0.0		
	8						315			1				32272			26		0.0		0.0		0.0		 0.15       0.15       0.15		0.5			4			0.0		
	8						315			1				32272			34		0.0		0.0		0.0		 0.15       0.15       0.15		0.5			4			0.0		
	8						315			1				32272			35		0.0		0.0		0.0		 0.15       0.15       0.15		0.3			4			0.0		
	8						315			0				32380			19		0.0		0.0		0.0		 0.0        0.3        0.6 		1.0			0			0.0		
	8						315			0				32380			18		0.0		0.0		0.0		 0.0        0.3        0.6 		1.0			0			0.0		
	8						315			1				32073			19		0.0		0.0		0.0		 0.02       0.05       0.05		1.0			2			0.0		
	8						315			1				32073			18		0.0		0.0		0.0		 0.02       0.05       0.05		1.0			2			0.0		
	9						315			1				32272			3 		0.0		0.0		0.0		 0.15      0.15       0.15		0.5			4			0.0		
	9						315			1				32272			4 		0.0		0.0		0.0		 0.15      0.15       0.15		0.3			4			0.0		
	9						315			1				32272			10		0.0		0.0		0.0		 0.15      0.15       0.15		0.5			4			0.0		
	9						315			1				32272			11		0.0		0.0		0.0		 0.15      0.15       0.15		0.3			4			0.0		
	9						315			0				32380			4 		0.0		0.0		0.0		 0.0       0.3        0.6 		1.0			0			0.0		
	9						315			0				32380			11		0.0		0.0		0.0		 0.0       0.3        0.6 		0.5			0			0.0		
	9						315			1				32073			4 		0.0		0.0		0.0		 0.02      0.05       0.05		1.0			2			0.0		
	9						315			1				32073			11		0.0		0.0		0.0		 0.02      0.05       0.05		0.5			2			0.0		
	10						315			1				32272			27		0.0		0.0		0.0		 0.15      0.15       0.15		1.2			 4			0.0		
	10						315			0				32380			36		0.0		0.0		0.0		 0.0       0.3        0.6 		1.2			 0			0.0		
	10						315			1				32073			36		0.0		0.0		0.0		 0.02      0.05       0.05		1.2			 2			0.0		
	10						315			1				32073			27		0.0		0.0		0.0		 0.02      0.05       0.05		1.2			 2			0.0		
	10						315			0				32380			27		0.0		0.0		0.0		 0.0       0.3        0.6 		1.2			 0			0.0		
	11						315			0				32380			5 		0.0		0.0		0.0		0.0       0.3        0.0		0.6 			0			0.0		
	11						315			0				32380			12		0.0		0.0		0.0		0.0       0.3        0.0		0.6 			0			0.0		
	11						315			1				32073			5 		0.0		0.0		0.0		0.02      0.05       0.0		0.05			2			0.0		
	11						315			1				32073			12		0.0		0.0		0.0		0.02      0.05       0.0		0.05			2			0.0		


//=================================================================================================================================================================================================================================================
// set-M
//=================================================================================================================================================================================================================================================
	8						318				0				32002			26		0.0		0.0		0.0		 0.7     0.3   0.0			1.2			-			0.0		
	8						318				0				32002			27		0.0		0.0		0.0		 0.7     0.3   0.0			1.2			-			0.0		
	8						318				0				32002			35		0.0		0.0		0.0		 0.7     0.3   0.0			1.2			-			0.0		
	8						318				0				32002			36		0.0		0.0		0.0		 0.7     0.3   0.0			1.2			-			0.0		
	8						318				0				32002			17		0.0		0.0		0.0		 0.7     0.3   0.0			1.2			-			0.0		
	8						318				0				32002			18		0.0		0.0		0.0		 0.7     0.3   0.0			1.2			-			0.0		
	9						318				0				32002			3		0.0		0.0		0.0		 0.7     0.3   0.0			1.2			-			0.0		
	9						318				0				32002			4		0.0		0.0		0.0		 0.7     0.3   0.0			1.2			-			0.0		
	9						318				0				32002			10		0.0		0.0		0.0		 0.7     0.3   0.0			1.2			-			0.0		
	9						318				0				32002			11		0.0		0.0		0.0		 0.7     0.3   0.0			1.2			-			0.0		
	10						318				0				32002			28		0.0		0.0		0.0		 0.7     0.3   0.0			1.2			-			0.0		
	10						318				0				32002			37		0.0		0.0		0.0		 0.7     0.3   0.0			1.2			-			0.0		
	11						318				0				32002			5		0.0		0.0		0.0		 0.7     0.3   0.0			1.2			-			0.0		
	11						318				0				32002			12		0.0		0.0		0.0		 0.7     0.3   0.0			1.2			-			0.0		
//=================================================================================================================================================================================================================================================
// set-f
//=================================================================================================================================================================================================================================================
	8						319				0				32002			26		0.0		0.0		0.0		 0.7     0.3   0.0			1.2			-			0.0		
	8						319				0				32002			27		0.0		0.0		0.0		 0.7     0.3   0.0			1.2			-			0.0		
	8						319				0				32002			35		0.0		0.0		0.0		 0.7     0.3   0.0			1.2			-			0.0		
	8						319				0				32002			36		0.0		0.0		0.0		 0.7     0.3   0.0			1.2			-			0.0		
	8						319				0				32002			17		0.0		0.0		0.0		 0.7     0.3   0.0			1.2			-			0.0		
	8						319				0				32002			18		0.0		0.0		0.0		 0.7     0.3   0.0			1.2			-			0.0		
	9						319				0				32002			3		0.0		0.0		0.0		 0.7     0.3   0.0			1.2			-			0.0		
	9						319				0				32002			4		0.0		0.0		0.0		 0.7     0.3   0.0			1.2			-			0.0		
	9						319				0				32002			10		0.0		0.0		0.0		 0.7     0.3   0.0			1.2			-			0.0		
	9						319				0				32002			11		0.0		0.0		0.0		 0.7     0.3   0.0			1.2			-			0.0		
	10						319				0				32002			28		0.0		0.0		0.0		 0.7     0.3   0.0			1.2			-			0.0		
	10						319				0				32002			37		0.0		0.0		0.0		 0.7     0.3   0.0			1.2			-			0.0		
	11						319				0				32002			5		0.0		0.0		0.0		 0.7     0.3   0.0			1.2			-			0.0		
	11						319				0				32002			12		0.0		0.0		0.0		 0.7     0.3   0.0			1.2			-			0.0		


//=================================================================================================================================================================================================================================================
// KIT 
//=================================================================================================================================================================================================================================================
//=================================================================================================================================================================================================================================================
// helmo-M
//=================================================================================================================================================================================================================================================
	7						320				0				32002			19		0.0		0.0		0.0		 0.8      0.4       0.0		1.2			-			0.0		
	7						320				0				32002			20		0.0		0.0		0.0		 0.8      0.4       0.0		1.2			-			0.0		
	7						320				1				32386			19		0.0		0.0		0.0		 0.8      0.4       0.0		0.5			4			1.0		

//=================================================================================================================================================================================================================================================
// ARMOR-M
//=================================================================================================================================================================================================================================================
	8						320				0				32002			26		0.0		0.0		0.0		 0.8      0.4       0.0			1.2			-			0.0		
	8						320				0				32002			27		0.0		0.0		0.0		 0.8      0.4       0.0			1.2			-			0.0		
	8						320				0				32002			35		0.0		0.0		0.0		 0.8      0.4       0.0			1.2			-			0.0		
	8						320				0				32002			36		0.0		0.0		0.0		 0.8      0.4       0.0			1.2			-			0.0		
	8						320				0				32002			17		0.0		0.0		0.0		 0.8      0.4       0.0			1.2			-			0.0		
	8						320				0				32002			18		0.0		0.0		0.0		 0.8      0.4       0.0			1.2			-			0.0		
//=================================================================================================================================================================================================================================================
// PANTS-M
//=================================================================================================================================================================================================================================================
	9						320				0				32002			3		0.0		0.0		0.0		 0.8      0.4       0.0			1.2			-			0.0		
	9						320				0				32002			4		0.0		0.0		0.0		 0.8      0.4       0.0			1.2			-			0.0		
	9						320				0				32002			10		0.0		0.0		0.0		 0.8      0.4       0.0			1.2			-			0.0		
	9						320				0				32002			11		0.0		0.0		0.0		 0.8      0.4       0.0			1.2			-			0.0		
//=================================================================================================================================================================================================================================================
// luva-M
//=================================================================================================================================================================================================================================================
	10						320				1				32386			28		0.0		0.0		0.0		 0.8      0.4       0.0		0.3			4			1.0		
	10						320				1				32386			37		0.0		0.0		0.0		 0.8      0.4       0.0		0.3			4			1.0		
	10						320				0				32002			28		0.0		0.0		0.0		 0.8      0.4       0.0		1.2			-			0.0		
	10						320				0				32002			37		0.0		0.0		0.0		 0.8      0.4       0.0		1.2			-			0.0		
// bota-M
//=================================================================================================================================================================================================================================================
	11						320				1				32386			5		0.0		0.0		0.0		 0.8      0.4      0.0			0.3			4			1.0		
	11						320				1				32386			12		0.0		0.0		0.0		 0.8      0.4      0.0			0.3			4			1.0		
	11						320				0				32002			5		0.0		0.0		0.0		 0.8      0.4      0.0			1.2			-			0.0		
	11						320				0				32002			12		0.0		0.0		0.0		 0.8      0.4      0.0			1.2			-			0.0		
//=================================================================================================================================================================================================================================================
// KIT 
//=================================================================================================================================================================================================================================================
//=================================================================================================================================================================================================================================================
// helmo-F
//=================================================================================================================================================================================================================================================
	7						321				0				32002			19		0.0		0.0		0.0		 0.8      0.4       0.0		1.2			-			0.0		
	7						321				0				32002			20		0.0		0.0		0.0		 0.8      0.4       0.0		1.2			-			0.0		
	7						321				1				32386			19		0.0		0.0		0.0		 0.8      0.4       0.0		0.5			4			1.0		

//=================================================================================================================================================================================================================================================
// ARMOR-F
//=================================================================================================================================================================================================================================================
	8						321				0				32002			26		0.0		0.0		0.0		 0.8      0.4       0.0			1.2			-			0.0		
	8						321				0				32002			27		0.0		0.0		0.0		 0.8      0.4       0.0			1.2			-			0.0		
	8						321				0				32002			35		0.0		0.0		0.0		 0.8      0.4       0.0			1.2			-			0.0		
	8						321				0				32002			36		0.0		0.0		0.0		 0.8      0.4       0.0			1.2			-			0.0		
	8						321				0				32002			17		0.0		0.0		0.0		 0.8      0.4       0.0			1.2			-			0.0		
	8						321				0				32002			18		0.0		0.0		0.0		 0.8      0.4       0.0			1.2			-			0.0		
//=================================================================================================================================================================================================================================================
// PANTS-F
//=================================================================================================================================================================================================================================================
	9						321				0				32002			3		0.0		0.0		0.0		 0.8      0.4       0.0			1.2			-			0.0		
	9						321				0				32002			4		0.0		0.0		0.0		 0.8      0.4       0.0			1.2			-			0.0		
	9						321				0				32002			10		0.0		0.0		0.0		 0.8      0.4       0.0			1.2			-			0.0		
	9						321				0				32002			11		0.0		0.0		0.0		 0.8      0.4       0.0			1.2			-			0.0		
//=================================================================================================================================================================================================================================================
// luva-F
//=================================================================================================================================================================================================================================================
	10						321				1				32386			28		0.0		0.0		0.0		 0.8      0.4       0.0		0.3			4			1.0		
	10						321				1				32386			37		0.0		0.0		0.0		 0.8      0.4       0.0		0.3			4			1.0		
	10						321				0				32002			28		0.0		0.0		0.0		 0.8      0.4       0.0		1.2			-			0.0		
	10						321				0				32002			37		0.0		0.0		0.0		 0.8      0.4       0.0		1.2			-			0.0		
// bota-F
//=================================================================================================================================================================================================================================================
	11						321				1				32386			5		0.0		0.0		0.0		 0.8      0.4      0.0			0.3			4			1.0		
	11						321				1				32386			12		0.0		0.0		0.0		 0.8      0.4      0.0			0.3			4			1.0		
	11						321				0				32002			5		0.0		0.0		0.0		 0.8      0.4      0.0			1.2			-			0.0		
	11						321				0				32002			12		0.0		0.0		0.0		 0.8      0.4      0.0			1.2			-			0.0		

//=================================================================================================================================================================================================================================================
// ARMOR-M
//=================================================================================================================================================================================================================================================
	8						322				0				32002			26		0.0		0.0		0.0		 0.2      0.07       0.0			1.4			-			0.0		
	8						322				0				32002			27		0.0		0.0		0.0		 0.2      0.07       0.0			1.4			-			0.0		
	8						322				0				32002			35		0.0		0.0		0.0		 0.2      0.07       0.0			1.4			-			0.0		
	8						322				0				32002			36		0.0		0.0		0.0		 0.2      0.07       0.0			1.4			-			0.0		
	8						322				0				32002			17		0.0		0.0		0.0		 0.2      0.07       0.0			1.4			-			0.0		
	8						322				0				32002			18		0.0		0.0		0.0		 0.2      0.07       0.0			1.4			-			0.0		
//=================================================================================================================================================================================================================================================
// PANTS-M
//=================================================================================================================================================================================================================================================

	9						322				0				32002			3		0.0		0.0		0.0		0.2      0.07       0.0			1.4			-			0.0		
	9						322				0				32002			4		0.0		0.0		0.0		0.2      0.07       0.0			1.4			-			0.0		
	9						322				0				32002			10		0.0		0.0		0.0		0.2      0.07       0.0			1.4			-			0.0		
	9						322				0				32002			11		0.0		0.0		0.0		0.2      0.07       0.0			1.4			-			0.0		
//=================================================================================================================================================================================================================================================
// luva-M
//=================================================================================================================================================================================================================================================
	10						322				0				32002			28		0.0		0.0		0.0		 0.2      0.07       0.0			1.4			-			0.0		
	10						322				0				32002			37		0.0		0.0		0.0		 0.2      0.07       0.0			1.4			-			0.0		
// bota-M
//=================================================================================================================================================================================================================================================
	11						322				0				32002			5		0.0		0.0		0.0		 0.2      0.07       0.0			1.4			-			0.0		
	11						322				0				32002			12		0.0		0.0		0.0		 0.2      0.07       0.0			1.4			-			0.0		
//=================================================================================================================================================================================================================================================
// ARMOR-F
//=================================================================================================================================================================================================================================================
	8						323				0				32002			26		0.0		0.0		0.0		 0.2      0.07       0.0			1.4			-			0.0		
	8						323				0				32002			27		0.0		0.0		0.0		 0.2      0.07       0.0			1.4			-			0.0		
	8						323				0				32002			35		0.0		0.0		0.0		 0.2      0.07       0.0			1.4			-			0.0		
	8						323				0				32002			36		0.0		0.0		0.0		 0.2      0.07       0.0			1.4			-			0.0		
	8						323				0				32002			17		0.0		0.0		0.0		 0.2      0.07       0.0			1.4			-			0.0		
	8						323				0				32002			18		0.0		0.0		0.0		 0.2      0.07       0.0			1.4			-			0.0		
//=================================================================================================================================================================================================================================================
// PANTS-F
//=================================================================================================================================================================================================================================================
	9						323				0				32002			3		0.0		0.0		0.0		0.2      0.07       0.0			1.4				-			0.0		
	9						323				0				32002			4		0.0		0.0		0.0		0.2      0.07       0.0			1.4				-			0.0		
	9						323				0				32002			10		0.0		0.0		0.0		0.2      0.07       0.0			1.4				-			0.0		
	9						323				0				32002			11		0.0		0.0		0.0		0.2      0.07       0.0			1.4				-			0.0		
//=================================================================================================================================================================================================================================================
// luva-F
//=================================================================================================================================================================================================================================================
	10						323				0				32002			28		0.0		0.0		0.0		 0.2      0.07       0.0			1.4				-			0.0		
	10						323				0				32002			37		0.0		0.0		0.0		0.2      0.07       0.0			1.4			-			0.0		
// bota-F
//=================================================================================================================================================================================================================================================
	11						323				0				32002			5		0.0		0.0		0.0		 0.2      0.07       0.0			1.4				-			0.0		
	11						323				0				32002			12		0.0		0.0		0.0		 0.2      0.07       0.0			1.4				-			0.0		



//=================================================================================================================================================================================================================================================
//-KIT ABBADON
//=================================================================================================================================================================================================================================================
//=================================================================================================================================================================================================================================================
// ARMOR-M
//=================================================================================================================================================================================================================================================


	8						324				0				32002			25		0.0		0.0		0.0		 0.4     	 0.15       0.0		1.2			-			0.0		
	8						324				0				32002			34		0.0		0.0		0.0		 0.4     	 0.15       0.0		1.2			-			0.0		
//=================================================================================================================================================================================================================================================
// PANTS-M
//=================================================================================================================================================================================================================================================
	9						324				0				32002			3		0.0		0.0		0.0		 0.4     	 0.15         0.0		1.2		-			0.0		
	9						324				0				32002			10		0.0		0.0		0.0		 0.4     	 0.15         0.0		1.2		-			0.0		
//=================================================================================================================================================================================================================================================
// luva-M
//=================================================================================================================================================================================================================================================
	10						324				0				32002			27		-12.0		5.0		0.0		 0.6     	 0.4          0.0		0.7			-			0.0		
	10						324				0				32002			36		 12.0		5.0		0.0		 0.6     	 0.4          0.0		0.7			-			0.0		
// bota-M
//=================================================================================================================================================================================================================================================
	11						324				0				32002			4		-8.5			20.0		0.0		 	 0.6     	 0.4         0.0		0.8			-			0.0		
	11						324				0				32002			11		 8.5			20.0		0.0		     0.6     	 0.4         0.0		0.8			-			0.0		
//=================================================================================================================================================================================================================================================
// ARMOR-F
//=================================================================================================================================================================================================================================================


	8						325				0				32002			25		0.0		0.0		0.0		 0.4     	 0.15       0.0		1.2			-			0.0		
	8						325				0				32002			34		0.0		0.0		0.0		 0.4     	 0.15       0.0		1.2			-			0.0		
//=================================================================================================================================================================================================================================================
// PANTS-F
//=================================================================================================================================================================================================================================================
	9						325				0				32002			3		0.0		0.0		0.0		 0.4     	 0.15         0.0		1.2		-			0.0		
	9						325				0				32002			10		0.0		0.0		0.0		 0.4     	 0.15         0.0		1.2		-			0.0		
//=================================================================================================================================================================================================================================================
// luva-F
//=================================================================================================================================================================================================================================================
	10						325				0				32002			27		-12.0		5.0		0.0		 0.6     	 0.4          0.0		0.7			-			0.0		
	10						325				0				32002			36		 12.0		5.0		0.0		 0.6     	 0.4          0.0		0.7			-			0.0		
// bota-F
//=================================================================================================================================================================================================================================================
	11						325				0				32002			4		-8.5			20.0		0.0		 	 0.6     	 0.4         0.0		0.8			-			0.0		
	11						325				0				32002			11		 8.5			20.0		0.0		     0.6     	 0.4         0.0		0.8			-			0.0		


//=================================================================================================================================================================================================================================================
// helmo-M
//=================================================================================================================================================================================================================================================
	7						326				0				32002			19		0.0		0.0		0.0		 0.3      0.1       0.0		1.2			-			0.0		
	7						326				0				32002			20		0.0		0.0		0.0		 0.3      0.1       0.0		1.2			-			0.0		

//=================================================================================================================================================================================================================================================
// ARMOR-M
//=================================================================================================================================================================================================================================================
	8						326				0				32002			26		0.0		0.0		0.0		 0.3      0.1       0.0		1.2			-			0.0		
	8						326				0				32002			27		0.0		0.0		0.0		 0.3      0.1       0.0		1.2			-			0.0		
	8						326				0				32002			35		0.0		0.0		0.0		 0.3      0.1       0.0		1.2			-			0.0		
	8						326				0				32002			36		0.0		0.0		0.0		 0.3      0.1       0.0		1.2			-			0.0		
	8						326				0				32002			17		0.0		0.0		0.0		 0.3      0.1       0.0		1.2			-			0.0		
	8						326				0				32002			18		0.0		0.0		0.0		 0.3      0.1       0.0		1.2			-			0.0		
//=================================================================================================================================================================================================================================================
// PANTS-M
//=================================================================================================================================================================================================================================================
	9						326				0				32002			3		0.0		0.0		0.0		 0.3      0.1       0.0		1.2			-			0.0		
	9						326				0				32002			4		0.0		0.0		0.0		 0.3      0.1       0.0		1.2			-			0.0		
	9						326				0				32002			10		0.0		0.0		0.0		 0.3      0.1       0.0		1.2			-			0.0		
	9						326				0				32002			11		0.0		0.0		0.0		 0.3      0.1       0.0		1.2			-			0.0		
//=================================================================================================================================================================================================================================================
// luva-M
//=================================================================================================================================================================================================================================================
	10						326				0				32002			28		0.0		0.0		0.0		 0.3      0.1       0.0		1.2			-			0.0		
	10						326				0				32002			37		0.0		0.0		0.0		 0.3      0.1       0.0		1.2			-			0.0		


// bota-M
//=================================================================================================================================================================================================================================================
	11						326				0				32002			5		0.0		0.0		0.0		 0.3      0.1       0.0		1.2			-			0.0		
	11						326				0				32002			12		0.0		0.0		0.0		 0.3      0.1       0.0		1.2			-			0.0		

//=================================================================================================================================================================================================================================================
// helmo-F
//=================================================================================================================================================================================================================================================
	7						327				0				32002			19		0.0		0.0		0.0		 0.3      0.1       0.0		1.2			-			0.0		
	7						327				0				32002			20		0.0		0.0		0.0		 0.3      0.1       0.0		1.2			-			0.0		

//=================================================================================================================================================================================================================================================
// ARMOR-F
//=================================================================================================================================================================================================================================================
	8						327				0				32002			26		0.0		0.0		0.0		 0.3      0.1       0.0		1.2			-			0.0		
	8						327				0				32002			27		0.0		0.0		0.0		 0.3      0.1       0.0		1.2			-			0.0		
	8						327				0				32002			35		0.0		0.0		0.0		 0.3      0.1       0.0		1.2			-			0.0		
	8						327				0				32002			36		0.0		0.0		0.0		 0.3      0.1       0.0		1.2			-			0.0		
	8						327				0				32002			17		0.0		0.0		0.0		 0.3      0.1       0.0		1.2			-			0.0		
	8						327				0				32002			18		0.0		0.0		0.0		 0.3      0.1       0.0		1.2			-			0.0		
//=================================================================================================================================================================================================================================================
// PANTS-F
//=================================================================================================================================================================================================================================================
	9						327				0				32002			3		0.0		0.0		0.0		 0.3      0.1       0.0		1.2			-			0.0		
	9						327				0				32002			4		0.0		0.0		0.0		 0.3      0.1       0.0		1.2			-			0.0		
	9						327				0				32002			10		0.0		0.0		0.0		 0.3      0.1       0.0		1.2			-			0.0		
	9						327				0				32002			11		0.0		0.0		0.0		 0.3      0.1       0.0		1.2			-			0.0		
//=================================================================================================================================================================================================================================================
// luva-F
//=================================================================================================================================================================================================================================================
	10						327				0				32002			28		0.0		0.0		0.0		 0.3      0.1       0.0		1.2			-			0.0		
	10						327				0				32002			37		0.0		0.0		0.0		 0.3      0.1       0.0		1.2			-			0.0		


// bota-F
//=================================================================================================================================================================================================================================================
	11						327				0				32002			5		0.0		0.0		0.0		 0.3      0.1       0.0		1.2			-			0.0		
	11						327				0				32002			12		0.0		0.0		0.0		 0.3      0.1       0.0		1.2			-			0.0		




//armor
	8						328				0				32002			26		0.0		0.0		0.0		 0.0    0.0     0.3		0.6			-			0.0		
	8						328				0				32002			27		0.0		0.0		0.0		 0.0    0.0     0.3		0.6			-			0.0		
	8						328				0				32002			35		0.0		0.0		0.0		 0.0    0.0     0.3		0.6			-			0.0		
	8						328				0				32002			36		0.0		0.0		0.0		 0.0    0.0     0.3		0.6			-			0.0		
//pants     				        		    		            	                            		                         
	9						328				0				32002			3		0.0		0.0		0.0		 0.0    0.0     0.3		0.6			-			0.0		
	9						328				0				32002			4		0.0		0.0		0.0		 0.0    0.0     0.3		0.6			-			0.0		
	9						328				0				32002			10		0.0		0.0		0.0		 0.0    0.0     0.3		0.6			-			0.0		
	9						328				0				32002			11		0.0		0.0		0.0		 0.0    0.0     0.3		0.6			-			0.0		

//armor
	8						329				0				32002			26		0.0		0.0		0.0		 0.0    0.0     0.3		0.6			-			0.0		
	8						329				0				32002			27		0.0		0.0		0.0		 0.0    0.0     0.3		0.6			-			0.0		
	8						329				0				32002			35		0.0		0.0		0.0		 0.0    0.0     0.3		0.6			-			0.0		
	8						329				0				32002			36		0.0		0.0		0.0		 0.0    0.0     0.3		0.6			-			0.0		
//pants     				     		    		            	                            		                         
	9						329				0				32002			3		0.0		0.0		0.0		 0.0    0.0     0.3		0.6			-			0.0		
	9						329				0				32002			4		0.0		0.0		0.0		 0.0    0.0     0.3		0.6			-			0.0		
	9						329				0				32002			10		0.0		0.0		0.0		 0.0    0.0     0.3		0.6			-			0.0		
	9						329				0				32002			11		0.0		0.0		0.0		 0.0    0.0     0.3		0.6			-			0.0		






//=================================================================================================================================================================================================================================================
// SET-M
//=================================================================================================================================================================================================================================================
	8						330				0				32002			26		0.0		0.0		0.0		 1.0     0.0   0.0			1.2			-			0.0		
	8						330				0				32002			27		0.0		0.0		0.0		 1.0     0.0   0.0			1.2			-			0.0		
	8						330				0				32002			35		0.0		0.0		0.0		 1.0     0.0   0.0			1.2			-			0.0		
	8						330				0				32002			36		0.0		0.0		0.0		 1.0     0.0   0.0			1.2			-			0.0		
	8						330				0				32002			17		0.0		0.0		0.0		 1.0     0.0   0.0			1.2			-			0.0		
	8						330				0				32002			18		0.0		0.0		0.0		 1.0     0.0   0.0			1.2			-			0.0		
	9						330				0				32002			3		0.0		0.0		0.0		1.0     0.0   0.0			1.2			-			0.0		
	9						330				0				32002			4		0.0		0.0		0.0		1.0     0.0   0.0			1.2			-			0.0		
	9						330				0				32002			10		0.0		0.0		0.0		1.0     0.0   0.0			1.2			-			0.0		
	9						330				0				32002			11		0.0		0.0		0.0		1.0     0.0   0.0			1.2			-			0.0		
	10						330				0				32002			28		0.0		0.0		0.0		 1.0     0.0   0.0		1.2			-			0.0		
	10						330				0				32002			37		0.0		0.0		0.0		 1.0     0.0   0.0		1.2			-			0.0		
	11						330				0				32002			5		0.0		0.0		0.0		1.0     0.0   0.0		1.2			-			0.0		
	11						330				0				32002			12		0.0		0.0		0.0		1.0     0.0   0.0		1.2			-			0.0		
	10						330				1				32386			28		0.0		0.0		0.0		1.0     0.0   0.0		0.3			4			0.0		
	10						330				1				32386			37		0.0		0.0		0.0		1.0     0.0   0.0		0.3			4			0.0		
	11						330				1				32386			5 		0.0		0.0		0.0		1.0     0.0   0.0		0.3			4			0.0		
	11						330				1				32386			12		0.0		0.0		0.0		1.0     0.0   0.0		0.3			4			0.0		
	8						330				1				32386			19		0.0		0.0		0.0		1.0     0.0   0.0		1.3			4			0.0		

//=================================================================================================================================================================================================================================================
// SET-F
//=================================================================================================================================================================================================================================================
	8						331				0				32002			26		0.0		0.0		0.0		 1.0     0.0   0.0			1.2			-			0.0		
	8						331				0				32002			27		0.0		0.0		0.0		 1.0     0.0   0.0			1.2			-			0.0		
	8						331				0				32002			35		0.0		0.0		0.0		 1.0     0.0   0.0			1.2			-			0.0		
	8						331				0				32002			36		0.0		0.0		0.0		 1.0     0.0   0.0			1.2			-			0.0		
	8						331				0				32002			17		0.0		0.0		0.0		 1.0     0.0   0.0			1.2			-			0.0		
	8						331				0				32002			18		0.0		0.0		0.0		 1.0     0.0   0.0			1.2			-			0.0		
	9						331				0				32002			3		0.0		0.0		0.0		1.0     0.0   0.0			1.2			-			0.0		
	9						331				0				32002			4		0.0		0.0		0.0		1.0     0.0   0.0			1.2			-			0.0		
	9						331				0				32002			10		0.0		0.0		0.0		1.0     0.0   0.0			1.2			-			0.0		
	9						331				0				32002			11		0.0		0.0		0.0		1.0     0.0   0.0			1.2			-			0.0		
	10						331				0				32002			28		0.0		0.0		0.0		 1.0     0.0   0.0		1.2			-			0.0		
	10						331				0				32002			37		0.0		0.0		0.0		 1.0     0.0   0.0		1.2			-			0.0		
	11						331				0				32002			5		0.0		0.0		0.0		1.0     0.0   0.0		1.2			-			0.0		
	11						331				0				32002			12		0.0		0.0		0.0		1.0     0.0   0.0		1.2			-			0.0		
	10						331				1				32386			28		0.0		0.0		0.0		1.0     0.0   0.0		0.3			4			0.0		
	10						331				1				32386			37		0.0		0.0		0.0		1.0     0.0   0.0		0.3			4			0.0		
	11						331				1				32386			5 		0.0		0.0		0.0		1.0     0.0   0.0		0.3			4			0.0		
	11						331				1				32386			12		0.0		0.0		0.0		1.0     0.0   0.0		0.3			4			0.0		
	8						331				1				32386			19		0.0		0.0		0.0		1.0     0.0   0.0		1.3			4			0.0		




//armor
	8						332				0				32002			26		0.0		0.0		0.0		 0.7    0.7     0.0		1.2			-			0.0		
	8						332				0				32002			27		0.0		0.0		0.0		 0.7    0.7     0.0		1.2			-			0.0		
	8						332				0				32002			35		0.0		0.0		0.0		 0.7    0.7     0.0		1.2			-			0.0		
	8						332				0				32002			36		0.0		0.0		0.0		 0.7    0.7     0.0		1.2			-			0.0		
//pants     				        		    		            	                            		                      
	9						332				0				32002			3		0.0		0.0		0.0		 0.7    0.7     0.0		1.2			-			0.0		
	9						332				0				32002			4		0.0		0.0		0.0		 0.7    0.7     0.0		1.2			-			0.0		
	9						332				0				32002			10		0.0		0.0		0.0		 0.7    0.7     0.0		1.2			-			0.0		
	9						332				0				32002			11		0.0		0.0		0.0		 0.7    0.7     0.0		1.2			-			0.0		
//set f	                                                                                                                           
//armor                                                                                                                        
	8						333				0				32002			26		0.0		0.0		0.0		 0.7    0.7     0.0		1.2			-			0.0		
	8						333				0				32002			27		0.0		0.0		0.0		 0.7    0.7     0.0		1.2			-			0.0		
	8						333				0				32002			35		0.0		0.0		0.0		 0.7    0.7     0.0		1.2			-			0.0		
	8						333				0				32002			36		0.0		0.0		0.0		 0.7    0.7     0.0		1.2			-			0.0		
//pants     				 																		                               
	9						333				0				32002			3		0.0		0.0		0.0		 0.7    0.7     0.0		1.2			-			0.0		
	9						333				0				32002			4		0.0		0.0		0.0		 0.7    0.7     0.0		1.2			-			0.0		
	9						333				0				32002			10		0.0		0.0		0.0		 0.7    0.7     0.0		1.2			-			0.0		
	9						333				0				32002			11		0.0		0.0		0.0		 0.7    0.7     0.0		1.2			-			0.0		


//==============================================================================================================================================================================================================================================
// SET-M
//==============================================================================================================================================================================================================================================

	7						334			1				32054			20		0.0		0.0		0.0		0.8     0.6    0.0			0.16	0			0.0		
	7						334			1				32054			20		0.0		0.0		0.0		0.8     0.6    0.0			0.16	0			0.0		
	7						334			0				32380			20		0.0		0.0		0.0		0.3     0.3    0.3			1.0 	0			0.0		
	8						334			0				32380			19		0.0		0.0		0.0		0.3     0.3    0.3			1.0 	0			0.0		
	8						334			0				32380			36		0.0		0.0		0.0		0.3     0.3    0.3			1.0 	0			0.0		
	8						334			0				32380			18		0.0		0.0		0.0		0.3     0.3    0.3			1.0 	0			0.0		
	9						334			0				32380			4 		0.0		0.0		0.0		0.3     0.3    0.3			1.0 	0			0.0		
	9						334			0				32380			11		0.0		0.0		0.0		0.3     0.3    0.3			0.5 	0			0.0		
	10						334			0				32380			27		0.0		0.0		0.0		0.3     0.3    0.3			0.5 	0			0.0		
	11						334			0				32380			5 		0.0		0.0		0.0		0.3     0.3    0.3 		  	0.5 	0			0.0		
	11						334			0				32380			12		0.0		0.0		0.0		0.3     0.3    0.3 		  	0.5 	0			0.0		

//==============================================================================================================================================================================================================================================
// SET-f
//==============================================================================================================================================================================================================================================

	7						335			1				32054			20		0.0		0.0		0.0		0.8     0.6    0.0			0.16	0			0.0		
	7						335			1				32054			20		0.0		0.0		0.0		0.8     0.6    0.0			0.16	0			0.0		
	7						335			0				32380			20		0.0		0.0		0.0		0.3     0.3    0.3			1.0 	0			0.0		
	8						335			0				32380			19		0.0		0.0		0.0		0.3     0.3    0.3			1.0 	0			0.0		
	8						335			0				32380			36		0.0		0.0		0.0		0.3     0.3    0.3			1.0 	0			0.0		
	8						335			0				32380			18		0.0		0.0		0.0		0.3     0.3    0.3			1.0 	0			0.0		
	9						335			0				32380			4 		0.0		0.0		0.0		0.3     0.3    0.3			1.0 	0			0.0		
	9						335			0				32380			11		0.0		0.0		0.0		0.3     0.3    0.3			0.5 	0			0.0		
	10						335			0				32380			27		0.0		0.0		0.0		0.3     0.3    0.3			0.5 	0			0.0		
	11						335			0				32380			5 		0.0		0.0		0.0		0.3     0.3    0.3 		  	0.5 	0			0.0		
	11						335			0				32380			12		0.0		0.0		0.0		0.3     0.3    0.3 		  	0.5 	0			0.0		




//==============================================================================================================================================================================================================================================
// SET-M
//==============================================================================================================================================================================================================================================
	8						336			1				32301			26		0.0		0.0		0.0		0.3     0.3    0.3			0.8 	3			0.0		
	8						336			1				32301			35		0.0		0.0		0.0		0.3     0.3    0.3			0.8 	3			0.0		
	8						336			0				32380			20		0.0		0.0		0.0		0.0     0.4    0.4			1.0 	-			0.0		
	8						336			0				32380			19		0.0		0.0		0.0		0.0     0.4    0.4			0.6 	-			0.0		
	8						336			0				32380			36		0.0		0.0		0.0		0.0     0.4    0.4			0.6 	-			0.0		
	8						336			0				32380			18		0.0		0.0		0.0		0.0     0.4    0.4			0.6 	-			0.0		
	9						336			0				32380			4 		0.0		0.0		0.0		0.0     0.4    0.4			0.6 	-			0.0		
	9						336			0				32380			11		0.0		0.0		0.0		0.0     0.4    0.4			0.6 	-			0.0		
	10						336			0				32380			27		0.0		0.0		0.0		0.0     0.4    0.4			0.6 	-			0.0		
	11						336			0				32380			5 		0.0		0.0		0.0		0.0     0.4    0.4		  	0.6 	-			0.0		
	11						336			0				32380			12		0.0		0.0		0.0		0.0     0.4    0.4		  	0.6 	-			0.0		
//==============================================================================================================================================================================================================================================
// SET-f
//==============================================================================================================================================================================================================================================
	8						337			1				32301			26		0.0		0.0		0.0		0.3     0.3    0.3			0.8 	3			0.0		
	8						337			1				32301			35		0.0		0.0		0.0		0.3     0.3    0.3			0.8 	3			0.0		
	8						337			0				32380			20		0.0		0.0		0.0		0.0     0.4    0.4			1.0 	-			0.0		
	8						337			0				32380			19		0.0		0.0		0.0		0.0     0.4    0.4			0.6 	-			0.0		
	8						337			0				32380			36		0.0		0.0		0.0		0.0     0.4    0.4			0.6 	-			0.0		
	8						337			0				32380			18		0.0		0.0		0.0		0.0     0.4    0.4			0.6 	-			0.0		
	9						337			0				32380			4 		0.0		0.0		0.0		0.0     0.4    0.4			0.6 	-			0.0		
	9						337			0				32380			11		0.0		0.0		0.0		0.0     0.4    0.4			0.6 	-			0.0		
	10						337			0				32380			27		0.0		0.0		0.0		0.0     0.4    0.4			0.6 	-			0.0		
	11						337			0				32380			5 		0.0		0.0		0.0		0.0     0.4    0.4		  	0.6 	-			0.0		
	11						337			0				32380			12		0.0		0.0		0.0		0.0     0.4    0.4		  	0.6 	-			0.0		


//==============================================================================================================================================================================================================================================
// SET-M
//==============================================================================================================================================================================================================================================

	8						338				0				32054			26		 4.0		12.0		10.0		 0.9     0.8   0.8			0.16			0			0.0		
	8						338				0				32054			26		-4.0		12.0		10.0		 0.9     0.8   0.8			0.16			0			0.0		
	8						338				0				32130			26		-4.0		12.0		10.0		 0.0     0.3   0.3			0.16			1			0.0		
	8						338				0				32002			26		0.0		0.0		0.0		 0.0     0.5   0.0			1.2			-			0.0		
	8						338				0				32002			27		0.0		0.0		0.0		 0.0     0.5   0.0			1.2			-			0.0		
	8						338				0				32002			35		0.0		0.0		0.0		 0.0     0.5   0.0			1.2			-			0.0		
	8						338				0				32002			36		0.0		0.0		0.0		 0.0     0.5   0.0			1.2			-			0.0		
	8						338				0				32002			17		0.0		0.0		0.0		 0.0     0.5   0.0			1.2			-			0.0		
	8						338				0				32002			18		0.0		0.0		0.0		 0.0     0.5   0.0			1.2			-			0.0		
	9						338				0				32002			3		0.0		0.0		0.0		 0.0     0.5   0.0			1.2			-			0.0		
	9						338				0				32002			4		0.0		0.0		0.0		 0.0     0.5   0.0			1.2			-			0.0		
	9						338				0				32002			10		0.0		0.0		0.0		 0.0     0.5   0.0			1.2			-			0.0		
	9						338				0				32002			11		0.0		0.0		0.0		 0.0     0.5   0.0			1.2			-			0.0		
	10						338				0				32002			28		0.0		0.0		0.0		 0.0     0.5   0.0		    1.2			-			0.0		
	10						338				0				32002			37		0.0		0.0		0.0		 0.0     0.5   0.0		    1.2			-			0.0		
	11						338				0				32002			5		0.0		0.0		0.0		 0.0     0.5   0.0		    1.2			-			0.0		
	11						338				0				32002			12		0.0		0.0		0.0		 0.0     0.5   0.0		    1.2			-			0.0		


//==============================================================================================================================================================================================================================================
// SET-F
//==============================================================================================================================================================================================================================================

	8						339				0				32054			26		 4.0		12.0		10.0		 0.9     0.8   0.8			0.16			0			0.0		
	8						339				0				32054			26		-4.0		12.0		10.0		 0.9     0.8   0.8			0.16			0			0.0		
	8						339				0				32130			26		-4.0		12.0		10.0		 0.0     0.3   0.3			0.16			1			0.0		
	8						339				0				32002			26		0.0		0.0		0.0		 0.0     0.5   0.0			1.2			-			0.0		
	8						339				0				32002			27		0.0		0.0		0.0		 0.0     0.5   0.0			1.2			-			0.0		
	8						339				0				32002			35		0.0		0.0		0.0		 0.0     0.5   0.0			1.2			-			0.0		
	8						339				0				32002			36		0.0		0.0		0.0		 0.0     0.5   0.0			1.2			-			0.0		
	8						339				0				32002			17		0.0		0.0		0.0		 0.0     0.5   0.0			1.2			-			0.0		
	8						339				0				32002			18		0.0		0.0		0.0		 0.0     0.5   0.0			1.2			-			0.0		
	9						339				0				32002			3		0.0		0.0		0.0		 0.0     0.5   0.0			1.2			-			0.0		
	9						339				0				32002			4		0.0		0.0		0.0		 0.0     0.5   0.0			1.2			-			0.0		
	9						339				0				32002			10		0.0		0.0		0.0		 0.0     0.5   0.0			1.2			-			0.0		
	9						339				0				32002			11		0.0		0.0		0.0		 0.0     0.5   0.0			1.2			-			0.0		
	10						339				0				32002			28		0.0		0.0		0.0		 0.0     0.5   0.0		    1.2			-			0.0		
	10						339				0				32002			37		0.0		0.0		0.0		 0.0     0.5   0.0		    1.2			-			0.0		
	11						339				0				32002			5		0.0		0.0		0.0		 0.0     0.5   0.0		    1.2			-			0.0		
	11						339				0				32002			12		0.0		0.0		0.0		 0.0     0.5   0.0		    1.2			-			0.0		





//==============================================================================================================================================================================================================================================
// SET-M
//==============================================================================================================================================================================================================================================

	8						340			0				32380			19		0.0		0.0		0.0		0.4     0.1    0.3			1.0 	0			0.0		
	8						340			0				32380			36		0.0		0.0		0.0		0.4     0.1    0.3			1.0 	0			0.0		
	8						340			0				32380			18		0.0		0.0		0.0		0.4     0.1    0.3			1.0 	0			0.0		
	9						340			0				32380			4 		0.0		0.0		0.0		0.4     0.1    0.3			1.0 	0			0.0		
	9						340			0				32380			11		0.0		0.0		0.0		0.4     0.1    0.3			0.7 	0			0.0		
	10						340			0				32380			27		0.0		0.0		0.0		0.4     0.1    0.3			0.7 	0			0.0		
	11						340			0				32380			5 		0.0		0.0		0.0		0.4     0.1    0.3 		  	0.7 	0			0.0		
	11						340			0				32380			12		0.0		0.0		0.0		0.4     0.1    0.3 		  	0.7 	0			0.0		

	8						340			1				32272			19		0.0		0.0		0.0		0.3     0.0    0.4			0.5 	11			0.5		
	8						340			1				32272			36		0.0		0.0		0.0		0.3     0.0    0.4			0.5 	11			0.5		
	8						340			1				32272			18		0.0		0.0		0.0		0.3     0.0    0.4			0.5 	11			0.5		
	9						340			1				32272			4 		0.0		0.0		0.0		0.3     0.0    0.4			0.5 	11			0.5		
	9						340			1				32272			11		0.0		0.0		0.0		0.3     0.0    0.4			0.5 	11			0.5		
	10						340			1				32272			27		0.0		0.0		0.0		0.3     0.0    0.4			0.5 	11			0.5		
	11						340			1				32272			5 		0.0		0.0		0.0		0.3     0.0    0.4 		  	0.5 	11			0.5		
	11						340			1				32272			12		0.0		0.0		0.0		0.3     0.0    0.4 		  	0.5 	11			0.5		

//==============================================================================================================================================================================================================================================
// SET-f
//==============================================================================================================================================================================================================================================

	8						341			0				32380			19		0.0		0.0		0.0		0.4     0.1    0.3			1.0 	0			0.0		
	8						341			0				32380			36		0.0		0.0		0.0		0.4     0.1    0.3			1.0 	0			0.0		
	8						341			0				32380			18		0.0		0.0		0.0		0.4     0.1    0.3			1.0 	0			0.0		
	9						341			0				32380			4 		0.0		0.0		0.0		0.4     0.1    0.3			1.0 	0			0.0		
	9						341			0				32380			11		0.0		0.0		0.0		0.4     0.1    0.3			0.7 	0			0.0		
	10						341			0				32380			27		0.0		0.0		0.0		0.4     0.1    0.3			0.7 	0			0.0		
	11						341			0				32380			5 		0.0		0.0		0.0		0.4     0.1    0.3 		  	0.7 	0			0.0		
	11						341			0				32380			12		0.0		0.0		0.0		0.4     0.1    0.3 		  	0.7 	0			0.0		

	8						341			1				32272			19		0.0		0.0		0.0		0.3     0.0    0.4			0.5 	11			0.5		
	8						341			1				32272			36		0.0		0.0		0.0		0.3     0.0    0.4			0.5 	11			0.5		
	8						341			1				32272			18		0.0		0.0		0.0		0.3     0.0    0.4			0.5 	11			0.5		
	9						341			1				32272			4 		0.0		0.0		0.0		0.3     0.0    0.4			0.5 	11			0.5		
	9						341			1				32272			11		0.0		0.0		0.0		0.3     0.0    0.4			0.5 	11			0.5		
	10						341			1				32272			27		0.0		0.0		0.0		0.3     0.0    0.4			0.5 	11			0.5		
	11						341			1				32272			5 		0.0		0.0		0.0		0.3     0.0    0.4 		  	0.5 	11			0.5		
	11						341			1				32272			12		0.0		0.0		0.0		0.3     0.0    0.4 		  	0.5 	11			0.5		

//==============================================================================================================================================================================================================================================
// SET-M
//==============================================================================================================================================================================================================================================

	7						344			0				32003			20		  4		 8		 14		1.0    0.0    0.0			0.23 	0			0.0		
	7						344			0				32003			20		 -4		 8		 14		1.0    0.0    0.0			0.23 	0			0.0		
	8						344			0				32003			26		-11		 8		-16		1.0    0.0    0.0			0.13 	0			0.0		
	8						344			0				32003			26		 -5		 8		-18		1.0    0.0    0.0			0.13 	0			0.0		
	8						344			0				32003			35		 11		 8		-16		1.0    0.0    0.0			0.13 	0			0.0		
	8						344			0				32003			35		  5		 8		-18		1.0    0.0    0.0			0.13 	0			0.0		
	8						344			0				32380			28		 -1		-1		 -1		0.6    0.0    0.0			0.5  	0			0.0		
	8						344			0				32380			37		 -1		-1		 -1		0.6    0.0    0.0			0.5  	0			0.0		
	8						344			0				32380			4		 -1		 6		 10		0.8    0.0    0.0			0.4  	0			0.0		
	10						344			0				32380			11		 -1		 6		 10		0.8    0.0    0.0			0.4  	0			0.0		
	10						344			0				32380			17		 -1		-1		 13		0.8    0.0    0.0			0.5  	0			0.0		
	11						344			0				32380			18		 -1		-1		 13		0.8    0.0    0.0			0.5  	0			0.0		
	11						344			0				32380			19		 -1		-1		 -1		0.3    0.0    0.0			1.2  	0			0.0		
	8						344			1				32272			20		0.0		0.0		0.0		0.1     0.1    0.1			0.3 	5			0.0		
	8						344			1				32272			19		0.0		0.0		0.0		0.1     0.1    0.1			0.3 	5			0.0		
	8						344			1				32272			36		0.0		0.0		0.0		0.1     0.1    0.1			0.3 	5			0.0		
	8						344			1				32272			18		0.0		0.0		0.0		0.1     0.1    0.1			0.3 	5			0.0		
	9						344			1				32272			4 		0.0		0.0		0.0		0.1     0.1    0.1			0.3 	5			0.0		
	9						344			1				32272			11		0.0		0.0		0.0		0.1     0.1    0.1			0.3 	5			0.0		
	10						344			1				32272			27		0.0		0.0		0.0		0.1     0.1    0.1			0.3 	5			0.0		
	11						344			1				32272			5 		0.0		0.0		0.0		0.1     0.1    0.1		  	0.3 	5			0.0		
	11						344			1				32272			12		0.0		0.0		0.0		0.1     0.1    0.1		  	0.3 	5			0.0		
//==============================================================================================================================================================================================================================================
// SET-f
//==============================================================================================================================================================================================================================================
	7						345			0				32003			20		 4		10		 10		1.0    0.0    0.0			0.23 	0			0.0		
	7						345			0				32003			20		-4		10		 10		1.0    0.0    0.0			0.23 	0			0.0		
	8						345			0				32003			26		-3		 2		-14		1.0    0.0    0.0			0.13 	0			0.0		
	8						345			0				32003			26		 2		 3		-16		1.0    0.0    0.0			0.13 	0			0.0		
	8						345			0				32003			35		-2		 3		-16		1.0    0.0    0.0			0.13 	0			0.0		
	8						345			0				32003			35		 2		 3		-14		1.0    0.0    0.0			0.13 	0			0.0		
	8						345			0				32380			28		-1		-1		 -1		0.6    0.0    0.0			0.5  	0			0.0		
	8						345			0				32380			37		-1		-1		 -1		0.6    0.0    0.0			0.5  	0			0.0		
	8						345			0				32380			4		-5		 5		  3		0.8    0.0    0.0			0.4  	0			0.0		
	10						345			0				32380			11		 5		 5		  3		0.8    0.0    0.0			0.4  	0			0.0		
	10						345			0				32380			17		-1		-1		  8		0.8    0.0    0.0			0.5  	0			0.0		
	11						345			0				32380			18		-1		-1		  8		0.8    0.0    0.0			0.5  	0			0.0		
	11						345			0				32380			19		-1		-1		 -1		0.3    0.0    0.0			1.2  	0			0.0		
	8						345			1				32272			20		0.0		0.0		0.0		0.1     0.1    0.1			0.3 	5			0.0		
	8						345			1				32272			19		0.0		0.0		0.0		0.1     0.1    0.1			0.3 	5			0.0		
	8						345			1				32272			36		0.0		0.0		0.0		0.1     0.1    0.1			0.3 	5			0.0		
	8						345			1				32272			18		0.0		0.0		0.0		0.1     0.1    0.1			0.3 	5			0.0		
	9						345			1				32272			4 		0.0		0.0		0.0		0.1     0.1    0.1			0.3 	5			0.0		
	9						345			1				32272			11		0.0		0.0		0.0		0.1     0.1    0.1			0.3 	5			0.0		
	10						345			1				32272			27		0.0		0.0		0.0		0.1     0.1    0.1			0.3 	5			0.0		
	11						345			1				32272			5 		0.0		0.0		0.0		0.1     0.1    0.1		  	0.3 	5			0.0		
	11						345			1				32272			12		0.0		0.0		0.0		0.1     0.1    0.1		  	0.3 	5			0.0		


//==============================================================================================================================================================================================================================================
// SET-M
//==============================================================================================================================================================================================================================================


	8						346			1				32240			20		0.0		0.0		0.0		0.3     0.0    0.0			1.0 	1			0.2		

	8						346			0				32380			19		0.0		0.0		0.0		0.3     0.0    0.0			1.0 	0			1.0		
	8						346			0				32380			36		0.0		0.0		0.0		0.3     0.0    0.0			1.0 	0			1.0		
	8						346			0				32380			18		0.0		0.0		0.0		0.3     0.0    0.0			1.0 	0			1.0		
	9						346			0				32380			4 		0.0		0.0		0.0		0.3     0.0    0.0			1.0 	0			1.0		
	9						346			0				32380			11		0.0		0.0		0.0		0.3     0.0    0.0			1.0 	0			1.0		
	10						346			0				32380			27		0.0		0.0		0.0		0.3     0.0    0.0			0.5 	0			0.5		
	11						346			0				32380			5 		0.0		0.0		0.0		0.3     0.0    0.0 		  	0.5 	0			0.5		
	11						346			0				32380			12		0.0		0.0		0.0		0.3     0.0    0.0 		  	0.5 	0			0.5		
                                                                                                                                        
//==============================================================================================================================================================================================================================================
// SET-f
//==============================================================================================================================================================================================================================================

	8						347			1				32240			20		0.0		0.0		0.0		0.3     0.0    0.0			1.0 	1			0.2		

	8						347			0				32380			19		0.0		0.0		0.0		0.3     0.0    0.0			1.0 	0			1.0		
	8						347			0				32380			36		0.0		0.0		0.0		0.3     0.0    0.0			1.0 	0			1.0		
	8						347			0				32380			18		0.0		0.0		0.0		0.3     0.0    0.0			1.0 	0			1.0		
	9						347			0				32380			4 		0.0		0.0		0.0		0.3     0.0    0.0			1.0 	0			1.0		
	9						347			0				32380			11		0.0		0.0		0.0		0.3     0.0    0.0			1.0 	0			1.0		
	10						347			0				32380			27		0.0		0.0		0.0		0.3     0.0    0.0			0.5 	0			0.5		
	11						347			0				32380			5 		0.0		0.0		0.0		0.3     0.0    0.0 		  	0.5 	0			0.5		
	11						347			0				32380			12		0.0		0.0		0.0		0.3     0.0    0.0 		  	0.5 	0			0.5		


//==============================================================================================================================================================================================================================================
// SET-M
//==============================================================================================================================================================================================================================================

	7						348			0				32003			20		14.0	 6.0	 8.0	1.0    0.0    0.0			0.3 	0			0.3		
	7						348			0				32003			20		14.0	-6.0	 8.0	1.0    0.0    0.0			0.3 	0			0.3		
	8						348			1				32394			20		0.0		0.0		0.0		0.5     0.2    0.0			1.0 	1			0.2		
	8						348			1				32272			19		0.0		0.0		0.0		0.2     0.2    0.2			0.2 	5			0.2		
	8						348			1				32272			36		0.0		0.0		0.0		0.2     0.2    0.2			0.2 	5			0.2		
	8						348			1				32272			18		0.0		0.0		0.0		0.2     0.2    0.2			0.2 	5			0.2		
	9						348			1				32272			4 		0.0		0.0		0.0		0.2     0.2    0.2			0.2 	5			0.2		
	9						348			1				32272			11		0.0		0.0		0.0		0.2     0.2    0.2			0.2 	5			0.2		
	10						348			1				32272			27		0.0		0.0		0.0		0.2     0.2    0.2			0.2 	5			0.2		
	11						348			1				32272			5 		0.0		0.0		0.0		0.2     0.2    0.2 		  	0.2 	5			0.2		
	11						348			1				32272			12		0.0		0.0		0.0		0.2     0.2    0.2 		  	0.2 	5			0.2		
//==============================================================================================================================================================================================================================================
// SET-f
//==============================================================================================================================================================================================================================================

	7						349			0				32003			20		12.0	 6.0	 15.0	1.0    0.0    0.0			0.3 	0			0.3		
	7						349			0				32003			20		12.0	-6.0	 15.0	1.0    0.0    0.0			0.3 	0			0.3		
	8						349			1				32394			20		0.0		0.0		0.0		0.5     0.2    0.0			1.0 	1			0.2		
	8						349			1				32272			19		0.0		0.0		0.0		0.2     0.2    0.2			0.2 	5			0.2		
	8						349			1				32272			36		0.0		0.0		0.0		0.2     0.2    0.2			0.2 	5			0.2		
	8						349			1				32272			18		0.0		0.0		0.0		0.2     0.2    0.2			0.2 	5			0.2		
	9						349			1				32272			4 		0.0		0.0		0.0		0.2     0.2    0.2			0.2 	5			0.2		
	9						349			1				32272			11		0.0		0.0		0.0		0.2     0.2    0.2			0.2 	5			0.2		
	10						349			1				32272			27		0.0		0.0		0.0		0.2     0.2    0.2			0.2 	5			0.2		
	11						349			1				32272			5 		0.0		0.0		0.0		0.2     0.2    0.2 		  	0.2 	5			0.2		
	11						349			1				32272			12		0.0		0.0		0.0		0.2     0.2    0.2 		  	0.2 	5			0.2		


//==============================================================================================================================================================================================================================================
// SET-M
//==============================================================================================================================================================================================================================================

	8						350			1				32386			19		0.0		0.0		0.0		1.0     0.0    1.0			0.6 	4			0.0		
	8						350			1				32386			19		0.0		0.0		0.0		1.0     0.0    1.0			0.6 	4			0.0		
	8						350			1				32272			19		0.0		0.0		0.0		0.1     0.1    0.1			0.3 	11			0.0		
	8						350			1				32272			36		0.0		0.0		0.0		0.1     0.1    0.1			0.3 	11			0.0		
	8						350			1				32272			18		0.0		0.0		0.0		0.1     0.1    0.1			0.3 	11			0.0		
	9						350			1				32272			4 		0.0		0.0		0.0		0.1     0.1    0.1			0.3 	11			0.0		
	9						350			1				32272			11		0.0		0.0		0.0		0.1     0.1    0.1			0.3 	11			0.0		
	10						350			1				32272			27		0.0		0.0		0.0		0.1     0.1    0.1			0.3 	11			0.0		
	11						350			1				32272			5 		0.0		0.0		0.0		0.1     0.1    0.1 		  	0.3 	11			0.0		
	11						350			1				32272			12		0.0		0.0		0.0		0.1     0.1    0.1 		  	0.3 	11			0.0		
	8						350			0				32380			19		0.0		0.0		0.0		0.5     0.0    0.0			1.0 	0			0.0		
	8						350			0				32380			36		0.0		0.0		0.0		0.5     0.0    0.0			1.0 	0			0.0		
	8						350			0				32380			18		0.0		0.0		0.0		0.5     0.0    0.0			1.0 	0			0.0		
	9						350			0				32380			4 		0.0		0.0		0.0		0.5     0.0    0.0			1.0 	0			0.0		
	9						350			0				32380			11		0.0		0.0		0.0		0.5     0.0    0.0			0.7 	0			0.0		
	10						350			0				32380			27		0.0		0.0		0.0		0.5     0.0    0.0			0.7 	0			0.0		
	11						350			0				32380			5 		0.0		0.0		0.0		0.5     0.0    0.0 		  	0.7 	0			0.0		
	11						350			0				32380			12		0.0		0.0		0.0		0.5     0.0    0.0 		  	0.7 	0			0.0		


//==============================================================================================================================================================================================================================================
// SET-f
//==============================================================================================================================================================================================================================================

	8						351			1				32386			19		0.0		0.0		0.0		1.0     0.0    1.0			0.6 	4			0.0		
	8						351			1				32386			19		0.0		0.0		0.0		1.0     0.0    1.0			0.6 	4			0.0		
	8						351			1				32272			19		0.0		0.0		0.0		0.1     0.1    0.1			0.3 	11			0.0		
	8						351			1				32272			36		0.0		0.0		0.0		0.1     0.1    0.1			0.3 	11			0.0		
	8						351			1				32272			18		0.0		0.0		0.0		0.1     0.1    0.1			0.3 	11			0.0		
	9						351			1				32272			4 		0.0		0.0		0.0		0.1     0.1    0.1			0.3 	11			0.0		
	9						351			1				32272			11		0.0		0.0		0.0		0.1     0.1    0.1			0.3 	11			0.0		
	10						351			1				32272			27		0.0		0.0		0.0		0.1     0.1    0.1			0.3 	11			0.0		
	11						351			1				32272			5 		0.0		0.0		0.0		0.1     0.1    0.1 		  	0.3 	11			0.0		
	11						351			1				32272			12		0.0		0.0		0.0		0.1     0.1    0.1 		  	0.3 	11			0.0		
	8						351			0				32380			19		0.0		0.0		0.0		0.5     0.0    0.0			1.0 	0			0.0		
	8						351			0				32380			36		0.0		0.0		0.0		0.5     0.0    0.0			1.0 	0			0.0		
	8						351			0				32380			18		0.0		0.0		0.0		0.5     0.0    0.0			1.0 	0			0.0		
	9						351			0				32380			4 		0.0		0.0		0.0		0.5     0.0    0.0			1.0 	0			0.0		
	9						351			0				32380			11		0.0		0.0		0.0		0.5     0.0    0.0			0.7 	0			0.0		
	10						351			0				32380			27		0.0		0.0		0.0		0.5     0.0    0.0			0.7 	0			0.0		
	11						351			0				32380			5 		0.0		0.0		0.0		0.5     0.0    0.0 		  	0.7 	0			0.0		
	11						351			0				32380			12		0.0		0.0		0.0		0.5     0.0    0.0 		  	0.7 	0			0.0		

//==============================================================================================================================================================================================================================================
// SET-M
//==============================================================================================================================================================================================================================================
	8						352			1				32272			20		0.0		0.0		0.0		0.5     0.5    0.5			0.6 	5			0.0		
//==============================================================================================================================================================================================================================================
// SET-f
//==============================================================================================================================================================================================================================================
	8						353			1				32272			20		0.0		0.0		0.0		0.5     0.5    0.5			0.6 	5			0.0		
end