5
1	150.0000	1550.000	169.49997	0.0	0.0	90.0	1.0000000
1	150.0000	1250.000	169.50003	0.0	0.0	90.0	1.0000000
1	150.0000	450.000	169.50003	0.0	0.0	90.0	1.0000000
1	250.0000	350.000	169.50003	0.0	0.0	0.0	1.0000000
1	550.0000	350.000	169.50000	0.0	0.0	0.0	1.0000000
1	850.0000	350.000	169.50005	0.0	0.0	0.0	1.0000000
1	1150.0000	350.000	169.50005	0.0	0.0	0.0	1.0000000
1	1450.0000	350.000	169.50002	0.0	0.0	0.0	1.0000000
5	1050.0000	1350.000	169.49997	0.0	0.0	2610.0	1.0000000
6	1050.0000	1500.000	169.50003	0.0	0.0	2610.0	1.0000000
7	400.0000	1500.000	169.50000	0.0	0.0	2610.0	1.0000000
8	250.0000	1450.000	169.50002	0.0	0.0	2700.0	1.0000000
18	150.0000	750.000	169.50003	0.0	0.0	1890.0	1.0000000
18	150.0000	1050.000	169.49997	0.0	0.0	1890.0	1.0000000
38	523.5933	983.788	169.50000	-415.2	159.6	60.0	1.0000000
38	435.4742	1125.427	169.50005	286.0	-259.4	120.0	1.0000000
38	417.5195	1145.007	169.50006	796.2	-79.5	60.0	1.0000000
38	431.1543	1222.374	169.50005	859.9	-194.1	60.0	1.0000000
38	366.9510	1075.050	169.50003	-378.9	-198.2	60.0	1.0000000
38	535.4063	1230.266	169.50005	215.8	125.4	60.0	1.0000000
38	615.0680	1406.481	169.50011	537.4	-634.9	60.0	1.0000000
38	672.9429	1364.070	169.50003	1057.2	80.4	60.0	1.0000000
38	467.8293	1096.587	169.50002	-643.0	-1359.8	0.0	1.0000000
38	509.2916	1281.557	169.50005	84.0	-592.1	60.0	1.0000000
38	604.0084	1190.665	169.50002	-283.4	-172.0	0.0	1.0000000
38	672.8781	1147.978	169.50002	108.3	-312.4	30.0	1.0000000
38	600.2432	1215.347	169.49998	1251.6	-41.3	90.0	1.0000000
38	802.4102	1203.040	169.50008	17.7	-140.6	30.0	1.0000000
38	293.0330	1266.766	169.50002	273.2	-1279.2	30.0	1.0000000
20	500.0000	700.000	169.49998	0.0	0.0	90.0	1.0000000
23	850.0000	950.000	169.49997	0.0	0.0	0.0	1.0000000
23	850.0000	450.000	169.49998	0.0	0.0	0.0	1.0000000
1	150.0000	3050.000	169.50002	0.0	0.0	90.0	1.0000000
1	150.0000	2750.000	169.49997	0.0	0.0	90.0	1.0000000
1	150.0000	2450.000	169.50003	0.0	0.0	90.0	1.0000000
1	150.0000	2150.000	169.50000	0.0	0.0	90.0	1.0000000
1	150.0000	1850.000	169.49998	0.0	0.0	90.0	1.0000000
5	1050.0000	2150.000	169.49997	0.0	0.0	2610.0	1.0000000
5	1050.0000	2950.000	169.49997	0.0	0.0	2610.0	1.0000000
6	1200.0000	2950.000	169.50000	0.0	0.0	2520.0	1.0000000
6	1400.0000	2950.000	169.49997	0.0	0.0	2520.0	1.0000000
6	1050.0000	1700.000	169.49998	0.0	0.0	2610.0	1.0000000
6	1050.0000	1900.000	169.49997	0.0	0.0	2610.0	1.0000000
8	1050.0000	2050.000	169.50003	0.0	0.0	2610.0	1.0000000
6	900.0000	2150.000	169.50003	0.0	0.0	2520.0	1.0000000
6	700.0000	2150.000	169.50002	0.0	0.0	2520.0	1.0000000
5	1450.0000	2950.000	169.49998	0.0	0.0	2520.0	1.0000000
6	450.0000	3000.000	169.49998	0.0	0.0	2610.0	1.0000000
6	450.0000	2800.000	169.50000	0.0	0.0	2610.0	1.0000000
6	450.0000	2600.000	169.49997	0.0	0.0	2610.0	1.0000000
6	450.0000	2400.000	169.49997	0.0	0.0	2610.0	1.0000000
7	500.0000	2100.000	169.49998	0.0	0.0	2790.0	1.0000000
6	450.0000	1900.000	169.49997	0.0	0.0	2610.0	1.0000000
6	450.0000	1700.000	169.50000	0.0	0.0	2610.0	1.0000000
6	450.0000	2250.000	169.50003	0.0	0.0	2790.0	1.0000000
6	450.0000	3200.000	169.49998	0.0	0.0	2610.0	1.0000000
1	150.0000	4550.000	169.49995	0.0	0.0	90.0	1.0000000
1	150.0000	4250.000	169.50000	0.0	0.0	90.0	1.0000000
1	150.0000	3950.000	169.50003	0.0	0.0	90.0	1.0000000
1	150.0000	3650.000	169.50000	0.0	0.0	90.0	1.0000000
1	150.0000	3350.000	169.50000	0.0	0.0	90.0	1.0000000
5	1050.0000	3650.000	169.49997	0.0	0.0	2610.0	1.0000000
5	1050.0000	4550.000	169.49997	0.0	0.0	2610.0	1.0000000
8	1050.0000	4650.000	169.50002	0.0	0.0	2610.0	1.0000000
6	900.0000	3650.000	169.50003	0.0	0.0	2520.0	1.0000000
6	700.0000	3650.000	169.49998	0.0	0.0	2520.0	1.0000000
8	1150.0000	4550.000	169.49998	0.0	0.0	2520.0	1.0000000
6	1300.0000	4550.000	169.50000	0.0	0.0	2520.0	1.0000000
6	1500.0000	4550.000	169.50002	0.0	0.0	2520.0	1.0000000
5	250.0000	3650.000	169.49998	0.0	0.0	2520.0	1.0000000
5	1450.0000	4550.000	169.49997	0.0	0.0	2520.0	1.0000000
6	450.0000	4600.000	169.50003	0.0	0.0	-90.0	1.0000000
6	450.0000	4400.000	169.50002	0.0	0.0	-90.0	1.0000000
6	450.0000	4200.000	169.50002	0.0	0.0	-90.0	1.0000000
6	450.0000	4000.000	169.49998	0.0	0.0	-90.0	1.0000000
7	500.0000	3600.000	169.49997	0.0	0.0	2790.0	1.0000000
6	450.0000	3400.000	169.50003	0.0	0.0	2610.0	1.0000000
6	450.0000	3800.000	169.49998	0.0	0.0	-90.0	1.0000000
8	450.0000	3650.000	169.50002	0.0	0.0	-90.0	1.0000000
38	1331.4314	4750.074	169.50003	0.7	-185.7	30.0	1.0000000
38	1421.0129	4749.392	169.50003	-6.1	-289.9	30.0	1.0000000
38	1495.5950	4680.465	169.49998	-522.9	-433.4	90.0	1.0000000
38	1458.2172	4819.041	169.50000	411.7	-282.2	0.0	1.0000000
6	1050.0000	4800.000	169.50002	0.0	0.0	2610.0	1.0000000
6	450.0000	4800.000	169.49997	0.0	0.0	-90.0	1.0000000
1	1350.0000	6150.000	169.50000	0.0	0.0	0.0	1.0000000
1	1050.0000	6150.000	169.49998	0.0	0.0	0.0	1.0000000
1	750.0000	6150.000	169.50000	0.0	0.0	0.0	1.0000000
1	450.0000	6150.000	169.50000	0.0	0.0	0.0	1.0000000
1	250.0000	6150.000	169.50000	0.0	0.0	0.0	1.0000000
1	150.0000	6050.000	169.49997	0.0	0.0	90.0	1.0000000
1	150.0000	5750.000	169.49997	0.0	0.0	90.0	1.0000000
1	150.0000	5450.000	169.49998	0.0	0.0	90.0	1.0000000
1	150.0000	5150.000	169.50000	0.0	0.0	90.0	1.0000000
1	150.0000	4850.000	169.50003	0.0	0.0	90.0	1.0000000
5	1050.0000	5350.000	169.49997	0.0	0.0	2610.0	1.0000000
6	1050.0000	5200.000	169.50000	0.0	0.0	2610.0	1.0000000
6	1050.0000	5000.000	169.50000	0.0	0.0	2610.0	1.0000000
5	1050.0000	4950.000	169.50002	0.0	0.0	2520.0	1.0000000
6	1500.0000	5850.000	169.50000	0.0	0.0	0.0	1.0000000
6	1300.0000	5850.000	169.49997	0.0	0.0	0.0	1.0000000
6	1100.0000	5850.000	169.49998	0.0	0.0	0.0	1.0000000
6	900.0000	5850.000	169.49997	0.0	0.0	0.0	1.0000000
6	700.0000	5850.000	169.49998	0.0	0.0	0.0	1.0000000
7	500.0000	5800.000	169.50003	0.0	0.0	-90.0	1.0000000
6	450.0000	5600.000	169.49998	0.0	0.0	-90.0	1.0000000
6	450.0000	5400.000	169.50002	0.0	0.0	-90.0	1.0000000
6	450.0000	5200.000	169.49998	0.0	0.0	-90.0	1.0000000
6	450.0000	5000.000	169.50003	0.0	0.0	-90.0	1.0000000
38	1350.0000	5050.000	169.49997	0.0	0.0	90.0	1.0000000
38	1350.0000	4850.000	169.50003	0.0	0.0	90.0	1.0000000
38	1550.0000	4850.000	169.50002	0.0	0.0	90.0	1.0000000
38	1480.6400	5153.127	169.50002	31.3	306.4	90.0	1.0000000
38	1350.0000	5050.000	169.49997	0.0	0.0	90.0	1.0000000
38	1550.0000	4950.000	169.50000	0.0	0.0	90.0	1.0000000
38	1134.5532	4857.506	179.36046	75.1	-154.5	90.0	1.0000000
38	1373.4150	4899.586	169.50000	0.0	0.0	30.0	1.0000000
38	1248.6443	5069.768	169.50003	197.7	-13.6	30.0	1.0000000
38	1261.5228	4917.167	169.49997	25.7	235.8	0.0	1.0000000
38	1450.0000	4850.000	169.50002	0.0	0.0	0.0	1.0000000
38	1450.0000	4950.000	169.49998	0.0	0.0	0.0	1.0000000
38	1150.0000	4950.000	169.79625	0.0	0.0	0.0	1.0000000
38	1350.0000	4950.000	169.49997	0.0	0.0	0.0	1.0000000
38	1250.0000	5350.000	169.50002	0.0	0.0	0.0	1.0000000
38	1550.0000	5150.000	169.49997	0.0	0.0	0.0	1.0000000
38	1550.0000	5050.000	169.49998	0.0	0.0	0.0	1.0000000
38	1507.9049	4811.375	169.50003	0.0	0.0	60.0	1.0000000
38	1489.0560	4846.132	169.50002	0.0	0.0	120.0	1.0000000
38	1595.1986	4835.847	169.50003	0.0	0.0	0.0	1.0000000
38	1558.6091	4911.477	169.50002	0.0	0.0	60.0	1.0000000
38	1539.6046	5020.756	169.50002	0.0	0.0	30.0	1.0000000
38	1437.2614	4995.161	169.49997	0.0	0.0	30.0	1.0000000
38	1488.0435	4962.229	169.49997	0.0	0.0	90.0	1.0000000
38	1391.3757	5036.030	169.49998	0.0	0.0	30.0	1.0000000
38	1291.6859	4897.333	169.52057	0.0	0.0	30.0	1.0000000
38	1296.3545	5022.529	169.50003	158.8	158.0	30.0	1.0000000
38	1177.2183	5124.590	169.50002	228.9	-419.6	90.0	1.0000000
38	1285.1885	4820.832	169.61446	0.0	0.0	30.0	1.0000000
38	1586.4244	5008.433	169.50003	0.0	0.0	90.0	1.0000000
38	1580.3835	5106.556	169.50000	0.0	0.0	90.0	1.0000000
38	1298.0505	5318.699	169.50002	232.4	392.1	90.0	1.0000000
38	1344.8457	5219.500	169.50002	-42.3	287.8	30.0	1.0000000
38	1505.2734	4881.473	169.50003	0.0	0.0	60.0	1.0000000
38	1491.3118	4931.225	169.50003	0.0	0.0	120.0	1.0000000
38	1577.6074	4869.143	169.50003	-101.4	-359.0	60.0	1.0000000
1	150.0000	9550.000	169.49998	0.0	0.0	90.0	1.0000000
1	150.0000	9250.000	169.49997	0.0	0.0	90.0	1.0000000
1	150.0000	8950.000	169.50000	0.0	0.0	90.0	1.0000000
1	150.0000	8650.000	169.50002	0.0	0.0	90.0	1.0000000
1	150.0000	8450.000	169.50003	0.0	0.0	90.0	1.0000000
1	250.0000	8350.000	169.50000	0.0	0.0	0.0	1.0000000
1	550.0000	8350.000	169.49998	0.0	0.0	0.0	1.0000000
1	850.0000	8350.000	169.49998	0.0	0.0	0.0	1.0000000
1	1150.0000	8350.000	169.50005	0.0	0.0	0.0	1.0000000
1	1450.0000	8350.000	169.50000	0.0	0.0	0.0	1.0000000
5	1550.0000	8950.000	169.50002	0.0	0.0	2610.0	1.0000000
5	1550.0000	9350.000	169.49998	0.0	0.0	2610.0	1.0000000
5	1150.0000	8950.000	169.49997	0.0	0.0	2610.0	1.0000000
5	1150.0000	9350.000	169.49998	0.0	0.0	2610.0	1.0000000
5	750.0000	8950.000	169.50000	0.0	0.0	2610.0	1.0000000
5	750.0000	9350.000	169.49997	0.0	0.0	2610.0	1.0000000
5	250.0000	8950.000	169.49997	0.0	0.0	2610.0	1.0000000
5	250.0000	9350.000	169.49998	0.0	0.0	2610.0	1.0000000
6	600.0000	8950.000	169.50000	0.0	0.0	2520.0	1.0000000
6	400.0000	8950.000	169.49998	0.0	0.0	2520.0	1.0000000
6	600.0000	9350.000	169.50002	0.0	0.0	2520.0	1.0000000
6	400.0000	9350.000	169.50000	0.0	0.0	2520.0	1.0000000
6	1000.0000	9350.000	169.50003	0.0	0.0	2520.0	1.0000000
6	1000.0000	8950.000	169.49997	0.0	0.0	2520.0	1.0000000
6	1400.0000	8950.000	169.49997	0.0	0.0	2520.0	1.0000000
6	1400.0000	9350.000	169.49997	0.0	0.0	2520.0	1.0000000
8	1250.0000	8950.000	169.49998	0.0	0.0	2520.0	1.0000000
8	1250.0000	9350.000	169.50002	0.0	0.0	2520.0	1.0000000
8	850.0000	9350.000	169.50002	0.0	0.0	2520.0	1.0000000
8	850.0000	8950.000	169.50003	0.0	0.0	2520.0	1.0000000
23	850.0000	8850.000	178.30312	0.0	0.0	450.0	1.0000000
23	1450.0000	8850.000	173.57631	0.0	0.0	450.0	1.0000000
23	1450.0000	8450.000	169.49998	0.0	0.0	450.0	1.0000000
23	850.0000	8450.000	169.50002	0.0	0.0	450.0	1.0000000
24	1550.0000	9150.000	176.49886	0.0	0.0	90.0	1.0000000
16	950.0000	8850.000	170.49138	-360.0	0.0	720.0	1.0000000
16	850.0000	8750.000	172.21780	-360.0	0.0	720.0	1.0000000
16	650.0000	8850.000	169.49998	-360.0	0.0	720.0	1.0000000
16	1049.7222	8833.280	168.72122	-360.0	0.0	810.0	1.0000000
17	1550.0000	8850.000	171.00511	-360.0	0.0	720.0	1.0000000
16	1550.0000	8850.000	180.29866	-360.0	0.0	720.0	1.0000000
12	911.3069	8835.611	180.11835	-360.0	0.0	3690.0	1.0000000
16	1563.5122	9141.641	181.74667	-360.0	0.0	3630.0	1.0000000
19	450.0000	8650.000	169.50003	0.0	0.0	450.0	1.0000000
1	150.0000	11050.000	169.49998	0.0	0.0	90.0	1.0000000
1	150.0000	10150.000	169.49998	0.0	0.0	90.0	1.0000000
18	150.0000	10750.000	169.50003	0.0	0.0	90.0	1.0000000
18	150.0000	10450.000	169.50003	0.0	0.0	90.0	1.0000000
18	150.0000	9850.000	173.09091	0.0	0.0	90.0	1.0000000
13	1250.0000	10550.000	169.50002	0.0	0.0	90.0	1.0000000
13	1050.0000	10150.000	169.49997	0.0	0.0	90.0	1.0000000
13	750.0000	10550.000	169.49998	0.0	0.0	90.0	1.0000000
13	1550.0000	9850.000	169.50003	0.0	0.0	90.0	1.0000000
13	1300.0000	10650.000	169.50002	30.0	0.0	330.0	1.0000000
13	1238.2925	10567.705	277.62500	0.0	0.0	480.0	1.0000000
14	1038.5248	10154.270	277.62497	0.0	0.0	390.0	1.0000000
15	766.6750	10432.748	232.62498	-120.0	0.0	360.0	1.0000000
21	1550.0000	9750.000	186.95268	0.0	0.0	570.0	1.0000000
21	1000.0000	9850.000	169.50002	0.0	0.0	570.0	1.0000000
21	950.0000	9900.000	169.50003	0.0	0.0	630.0	1.0000000
12	1110.7770	10148.400	177.60927	-355.0	0.0	3330.0	1.0000000
16	1150.0000	10150.000	176.73851	-360.0	0.0	3630.0	1.0000000
16	1093.9294	10222.036	188.22566	-360.0	0.0	3690.0	1.0000000
16	1189.8158	10128.683	203.64491	-360.0	0.0	3660.0	1.0000000
16	1142.7079	10077.977	170.31456	-360.0	0.0	3660.0	1.0000000
16	1353.9720	10517.830	200.33260	-360.0	0.0	3630.0	1.0000000
39	1592.0962	10255.877	170.60579	58.8	421.0	450.0	1.0000000
39	1526.4963	10204.353	178.31932	543.6	-235.0	450.0	1.0000000
39	1496.8828	10460.253	173.61714	102.6	468.8	450.0	1.0000000
39	1571.8324	10440.662	171.15149	223.1	199.3	570.0	1.0000000
39	1440.3049	10375.815	169.59621	-257.9	109.1	510.0	1.0000000
38	1488.3796	10448.093	172.23871	24.5	204.3	2520.0	1.0000000
38	1379.2750	10373.191	169.49997	80.0	534.7	2520.0	1.0000000
38	1210.8738	10400.204	170.27277	78.1	593.5	2520.0	1.0000000
38	500.2199	10959.379	169.50002	547.0	14.2	2520.0	1.0000000
38	475.5286	10493.340	169.49995	665.2	-641.5	2520.0	1.0000000
38	622.8231	10374.587	169.49997	253.2	112.1	2580.0	1.0000000
38	432.7800	10290.286	169.49995	-423.8	-427.2	2490.0	1.0000000
38	485.5749	10463.604	169.49995	1044.0	-590.6	2610.0	1.0000000
38	476.6062	10337.441	169.49997	580.0	-651.9	2550.0	1.0000000
38	438.4262	10424.243	169.49998	589.2	-185.7	2610.0	1.0000000
38	471.4931	10445.474	169.49997	0.0	0.0	2550.0	1.0000000
38	410.1827	10445.438	169.49998	302.3	17.6	2490.0	1.0000000
38	715.5667	10213.479	169.49995	260.7	-47.7	2550.0	1.0000000
38	380.6169	10597.427	169.49997	197.7	160.1	2640.0	1.0000000
38	483.7201	10500.245	169.49995	-241.5	-2.6	2520.0	1.0000000
1	150.0000	12550.000	169.50000	0.0	0.0	90.0	1.0000000
1	150.0000	12250.000	169.50002	0.0	0.0	90.0	1.0000000
1	150.0000	11650.000	169.49997	0.0	0.0	90.0	1.0000000
1	150.0000	11350.000	169.50002	0.0	0.0	90.0	1.0000000
5	1450.0000	11350.000	169.50002	0.0	0.0	2610.0	1.0000000
5	1450.0000	11750.000	169.50000	0.0	0.0	2610.0	1.0000000
5	1050.0000	11350.000	169.50002	0.0	0.0	2610.0	1.0000000
5	1050.0000	11750.000	169.50002	0.0	0.0	2610.0	1.0000000
5	650.0000	11350.000	169.50000	0.0	0.0	2610.0	1.0000000
5	650.0000	11750.000	169.50000	0.0	0.0	2610.0	1.0000000
5	250.0000	11350.000	169.50000	0.0	0.0	2610.0	1.0000000
5	250.0000	11750.000	169.49998	0.0	0.0	2610.0	1.0000000
6	1300.0000	11350.000	169.50003	0.0	0.0	2520.0	1.0000000
6	1300.0000	11750.000	169.49997	0.0	0.0	2520.0	1.0000000
6	900.0000	11350.000	169.49997	0.0	0.0	2520.0	1.0000000
6	900.0000	11750.000	169.50000	0.0	0.0	2520.0	1.0000000
6	500.0000	11350.000	169.49997	0.0	0.0	2520.0	1.0000000
6	500.0000	11750.000	169.50003	0.0	0.0	2520.0	1.0000000
8	1550.0000	11350.000	169.50003	0.0	0.0	2520.0	1.0000000
8	1550.0000	11750.000	169.50003	0.0	0.0	2520.0	1.0000000
8	1150.0000	11750.000	169.49998	0.0	0.0	2520.0	1.0000000
8	1150.0000	11350.000	169.49997	0.0	0.0	2520.0	1.0000000
8	750.0000	11350.000	169.49998	0.0	0.0	2520.0	1.0000000
8	750.0000	11750.000	169.50000	0.0	0.0	2520.0	1.0000000
8	350.0000	11750.000	169.49997	0.0	0.0	2520.0	1.0000000
8	350.0000	11350.000	169.50000	0.0	0.0	2520.0	1.0000000
6	850.0000	12700.000	169.50000	0.0	0.0	2610.0	1.0000000
7	900.0000	12500.000	169.50002	0.0	0.0	2520.0	1.0000000
6	1100.0000	12450.000	169.50002	0.0	0.0	2340.0	1.0000000
6	1300.0000	12450.000	169.50002	0.0	0.0	2340.0	1.0000000
4	850.0000	12450.000	169.50002	0.0	0.0	2250.0	1.0000000
4	1450.0000	12450.000	169.50002	0.0	0.0	2250.0	1.0000000
18	150.0000	11950.000	169.49998	0.0	0.0	90.0	1.0000000
24	1450.0000	11550.000	175.59172	0.0	0.0	90.0	1.0000000
24	950.0000	11550.000	178.47224	0.0	0.0	90.0	1.0000000
24	350.0000	11450.000	170.47281	0.0	0.0	90.0	1.0000000
16	1450.0000	11550.000	179.94450	-360.0	0.0	3630.0	1.0000000
16	1550.0000	11550.000	184.84712	-360.0	0.0	3630.0	1.0000000
39	1527.7256	12367.210	172.39503	-370.0	-401.1	2580.0	1.0000000
39	1568.8539	12317.235	169.50000	252.1	-124.3	2610.0	1.0000000
39	1553.3149	12578.335	169.49998	283.3	33.2	2610.0	1.0000000
39	1413.6332	12567.462	169.50000	-825.4	-363.7	2610.0	1.0000000
39	1550.0000	12650.000	169.50000	0.0	0.0	2610.0	1.0000000
39	1434.1432	12737.450	169.50000	507.6	-503.8	2610.0	1.0000000
39	1431.1194	12740.521	169.50003	0.0	0.0	2610.0	1.0000000
39	1500.8754	12516.911	169.49998	-259.1	-89.1	2610.0	1.0000000
39	1557.9807	12662.031	169.50002	120.3	-920.2	2610.0	1.0000000
39	1580.7048	12736.598	169.50003	546.9	-256.4	2610.0	1.0000000
39	1550.1791	12315.864	169.49995	-341.4	-998.2	2610.0	1.0000000
39	1543.3419	12800.224	169.50000	502.2	-66.6	2610.0	1.0000000
1	1050.0000	14150.000	169.49998	0.0	0.0	0.0	1.0000000
1	750.0000	14150.000	169.50002	0.0	0.0	0.0	1.0000000
1	450.0000	14150.000	169.50002	0.0	0.0	0.0	1.0000000
1	250.0000	14150.000	169.50003	0.0	0.0	0.0	1.0000000
1	150.0000	14050.000	169.50000	0.0	0.0	90.0	1.0000000
1	150.0000	13750.000	169.49998	0.0	0.0	90.0	1.0000000
1	150.0000	13450.000	169.50000	0.0	0.0	90.0	1.0000000
6	850.0000	12900.000	169.50000	0.0	0.0	2610.0	1.0000000
6	850.0000	13100.000	169.50000	0.0	0.0	2610.0	1.0000000
6	850.0000	13300.000	169.49997	0.0	0.0	2610.0	1.0000000
6	1100.0000	13550.000	169.50002	0.0	0.0	2520.0	1.0000000
6	1300.0000	13550.000	169.50003	0.0	0.0	2520.0	1.0000000
6	1500.0000	13550.000	169.50002	0.0	0.0	2520.0	1.0000000
7	900.0000	13500.000	169.49998	0.0	0.0	2430.0	1.0000000
4	850.0000	13550.000	169.50000	0.0	0.0	2250.0	1.0000000
4	1450.0000	13550.000	169.50002	0.0	0.0	2250.0	1.0000000
18	1350.0000	14150.000	169.49995	0.0	0.0	0.0	1.0000000
18	150.0000	13150.000	169.49998	0.0	0.0	90.0	1.0000000
18	150.0000	12850.000	169.50002	0.0	0.0	90.0	1.0000000
26	1186.9446	12808.502	129.47180	-380.0	0.0	690.0	1.0000000
27	1422.9347	13150.080	286.90192	-490.0	0.0	510.0	1.0000000
28	1330.9333	13011.527	218.67844	-530.0	0.0	1020.0	1.0000000
30	1586.6605	13044.454	230.91191	-590.0	0.0	1020.0	1.0000000
27	339.2283	14015.166	349.24448	-500.0	0.0	1980.0	1.0000000
27	341.3933	13655.565	368.51294	-515.0	0.0	1770.0	1.0000000
28	559.5634	14030.832	263.51294	-515.0	0.0	1860.0	1.0000000
1	150.0000	17550.000	169.50002	0.0	0.0	90.0	1.0000000
1	150.0000	17250.000	169.50005	0.0	0.0	90.0	1.0000000
1	150.0000	16950.000	169.50003	0.0	0.0	90.0	1.0000000
1	150.0000	16650.000	169.50002	0.0	0.0	90.0	1.0000000
1	150.0000	16450.000	169.50003	0.0	0.0	90.0	1.0000000
1	250.0000	16350.000	169.50003	0.0	0.0	0.0	1.0000000
1	550.0000	16350.000	169.50000	0.0	0.0	0.0	1.0000000
1	850.0000	16350.000	169.50002	0.0	0.0	0.0	1.0000000
1	1150.0000	16350.000	169.50000	0.0	0.0	0.0	1.0000000
1	1450.0000	16350.000	169.50003	0.0	0.0	0.0	1.0000000
9	847.5909	17001.625	175.57376	0.0	0.0	90.0	1.0000000
9	847.5855	16804.191	175.57639	0.0	0.0	90.0	1.0000000
9	847.4041	16605.236	175.66350	0.0	0.0	90.0	1.0000000
9	698.4500	17147.793	175.47614	0.0	0.0	180.0	1.0000000
9	497.5648	17147.193	175.76450	0.0	0.0	180.0	1.0000000
9	295.0307	17152.457	173.23825	0.0	0.0	180.0	1.0000000
4	847.0812	17148.928	169.01495	0.0	0.0	90.0	1.0000000
4	247.2093	17140.570	173.02657	0.0	0.0	90.0	1.0000000
4	849.8521	16461.789	168.57092	0.0	0.0	90.0	1.0000000
16	250.0000	16750.000	227.23061	-5.0	0.0	1800.0	1.0000000
16	350.0000	16550.000	224.45554	-5.0	0.0	1800.0	1.0000000
16	240.3171	16613.654	223.54533	-5.0	0.0	1800.0	1.0000000
16	255.6653	17032.924	224.84718	-5.0	0.0	1860.0	1.0000000
16	315.7239	16501.020	277.42407	-5.0	0.0	1860.0	1.0000000
11	550.0000	16950.000	220.15773	-360.0	0.0	930.0	1.0000000
16	750.0000	17050.000	230.60809	0.0	0.0	60.0	1.0000000
16	850.0000	17050.000	206.07652	0.0	0.0	60.0	1.0000000
16	950.0000	17150.000	173.27403	0.0	0.0	60.0	1.0000000
16	773.0775	17068.039	249.63065	0.0	0.0	30.0	1.0000000
16	950.0000	16650.000	173.24829	0.0	0.0	30.0	1.0000000
17	950.0000	16550.000	171.46887	0.0	0.0	30.0	1.0000000
17	950.0000	16650.000	169.83925	0.0	0.0	30.0	1.0000000
17	1000.0000	16700.000	169.50002	0.0	0.0	30.0	1.0000000
25	550.0000	17550.000	169.50003	-360.0	0.0	2970.0	1.0000000
25	650.0000	17550.000	169.50000	-360.0	0.0	2970.0	1.0000000
25	450.0000	17550.000	169.50002	-360.0	0.0	2970.0	1.0000000
25	1550.0000	17250.000	169.49998	-360.0	0.0	2970.0	1.0000000
25	1550.0000	17350.000	169.49998	-360.0	0.0	2970.0	1.0000000
25	1550.0000	17450.000	169.50002	-360.0	0.0	2970.0	1.0000000
19	446.3992	16747.832	216.82713	0.0	0.0	90.0	1.0000000
1	150.0000	19050.000	169.50002	0.0	0.0	90.0	1.0000000
1	150.0000	18450.000	169.49997	0.0	0.0	90.0	1.0000000
1	150.0000	18150.000	169.50000	0.0	0.0	90.0	1.0000000
1	150.0000	17850.000	169.49995	0.0	0.0	90.0	1.0000000
9	1254.5105	18497.125	180.66502	0.0	0.0	-90.0	1.0000000
9	1254.7379	18296.844	180.77414	0.0	0.0	-90.0	1.0000000
4	1256.7831	18155.598	156.67836	0.0	0.0	90.0	1.0000000
4	1228.7642	18664.316	120.06229	0.0	0.0	90.0	1.0000000
18	150.0000	18750.000	169.49997	0.0	0.0	1890.0	1.0000000
23	650.0000	18650.000	169.50000	0.0	0.0	1080.0	1.0000000
23	650.0000	18150.000	169.50002	0.0	0.0	1080.0	1.0000000
22	1250.0000	18250.000	191.64413	0.0	0.0	1080.0	1.0000000
22	1150.0000	19050.000	176.48833	0.0	0.0	1080.0	1.0000000
24	1450.0000	18850.000	133.49998	0.0	0.0	90.0	1.0000000
16	1450.0000	18850.000	133.50000	-5.0	0.0	720.0	1.0000000
17	250.0000	18350.000	180.43864	0.0	0.0	60.0	1.0000000
17	250.0000	18250.000	173.79613	0.0	0.0	60.0	1.0000000
17	250.0000	18150.000	174.66745	0.0	0.0	60.0	1.0000000
16	150.0000	18350.000	190.77104	0.0	0.0	60.0	1.0000000
16	250.0000	18350.000	182.21382	0.0	0.0	60.0	1.0000000
16	250.0000	18250.000	174.25897	0.0	0.0	60.0	1.0000000
16	350.0000	18050.000	169.49997	0.0	0.0	60.0	1.0000000
16	250.0000	18050.000	169.50000	0.0	0.0	60.0	1.0000000
16	257.6328	18177.910	172.33250	0.0	0.0	60.0	1.0000000
36	1444.7404	18848.398	58.50006	0.0	0.0	210.0	1.0000000
16	1442.6294	18757.641	133.50000	-5.0	0.0	720.0	1.0000000
36	1489.6941	18804.707	-11.49997	0.0	0.0	60.0	1.0000000
34	1359.1647	18802.914	23.50003	0.0	0.0	630.0	1.0000000
34	1517.6108	18841.770	23.50003	0.0	0.0	870.0	1.0000000
16	1350.0000	18850.000	133.50000	-5.0	0.0	420.0	1.0000000
1	150.0000	20550.000	169.50000	0.0	0.0	90.0	1.0000000
1	150.0000	20250.000	169.50000	0.0	0.0	90.0	1.0000000
1	150.0000	19650.000	169.49998	0.0	0.0	90.0	1.0000000
1	150.0000	19350.000	169.49998	0.0	0.0	90.0	1.0000000
9	1255.4601	20094.480	181.12079	0.0	0.0	-90.0	1.0000000
9	1258.8599	19893.498	182.75269	0.0	0.0	-90.0	1.0000000
4	1256.4103	19750.459	152.49490	0.0	0.0	90.0	1.0000000
4	1237.2407	20254.162	117.01071	0.0	0.0	90.0	1.0000000
18	150.0000	19950.000	169.49998	0.0	0.0	1890.0	1.0000000
23	750.0000	19750.000	169.50002	0.0	0.0	1080.0	1.0000000
23	750.0000	20250.000	169.50000	0.0	0.0	1080.0	1.0000000
22	1350.0000	19750.000	235.46651	0.0	0.0	1080.0	1.0000000
22	1350.0000	19850.000	231.98163	0.0	0.0	1080.0	1.0000000
26	400.0000	20700.000	169.49998	0.0	0.0	0.0	1.0000000
16	1550.0000	20350.000	133.49998	-5.0	0.0	720.0	1.0000000
16	1450.0000	20450.000	133.49997	-5.0	0.0	720.0	1.0000000
16	1350.0000	20450.000	133.49998	-5.0	0.0	720.0	1.0000000
16	1250.0000	20550.000	148.63838	-5.0	0.0	720.0	1.0000000
16	1450.0000	20550.000	168.19344	-5.0	0.0	720.0	1.0000000
16	1350.0000	20550.000	147.66830	-5.0	0.0	720.0	1.0000000
16	500.0000	20650.000	177.12683	-5.0	0.0	810.0	1.0000000
24	1450.0000	20450.000	133.50000	0.0	0.0	360.0	1.0000000
34	1434.7224	20397.572	-1.49995	0.0	0.0	300.0	1.0000000
34	1461.7446	20454.688	23.50003	0.0	0.0	540.0	1.0000000
34	1332.3624	20450.088	23.50002	0.0	0.0	600.0	1.0000000
34	1542.9421	20433.441	23.50006	0.0	0.0	840.0	1.0000000
36	1442.5714	20435.516	23.50003	0.0	0.0	720.0	1.0000000
25	1450.0000	20750.000	169.50003	-360.0	0.0	2970.0	1.0000000
25	450.0000	19450.000	169.49998	-360.0	0.0	2970.0	1.0000000
25	550.0000	19450.000	169.50002	-360.0	0.0	2970.0	1.0000000
25	650.0000	19450.000	169.50000	-360.0	0.0	2970.0	1.0000000
1	150.0000	22350.000	169.50002	0.0	0.0	90.0	1.0000000
1	150.0000	22050.000	169.49997	0.0	0.0	90.0	1.0000000
1	150.0000	21750.000	169.50000	0.0	0.0	90.0	1.0000000
1	150.0000	21150.000	169.49995	0.0	0.0	90.0	1.0000000
9	1255.0173	21597.232	175.90826	0.0	0.0	-90.0	1.0000000
9	1263.1265	21789.605	184.80069	0.0	0.0	-90.0	1.0000000
4	1253.3630	21456.604	156.03169	0.0	0.0	90.0	1.0000000
4	1236.9895	21952.072	117.10127	0.0	0.0	90.0	1.0000000
18	150.0000	20850.000	169.49998	0.0	0.0	1890.0	1.0000000
18	150.0000	21450.000	169.50002	0.0	0.0	1890.0	1.0000000
23	1150.0000	22250.000	169.49998	0.0	0.0	1080.0	1.0000000
23	750.0000	21850.000	169.49998	0.0	0.0	1080.0	1.0000000
23	750.0000	21450.000	169.50002	0.0	0.0	1080.0	1.0000000
22	1150.0000	21350.000	170.70824	0.0	0.0	1080.0	1.0000000
22	1250.0000	21450.000	192.55496	0.0	0.0	1080.0	1.0000000
22	1350.0000	21450.000	205.97438	0.0	0.0	1080.0	1.0000000
22	1150.0000	22150.000	181.86531	0.0	0.0	1080.0	1.0000000
24	1550.0000	22150.000	133.50003	0.0	0.0	90.0	1.0000000
27	450.0000	21150.000	169.49997	0.0	0.0	-30.0	1.0000000
27	400.0000	21000.000	169.49998	0.0	0.0	180.0	1.0000000
28	450.0000	21500.000	169.50003	0.0	0.0	0.0	1.0000000
29	500.0000	21800.000	169.49997	0.0	0.0	0.0	1.0000000
30	650.0000	20950.000	169.50000	0.0	0.0	0.0	1.0000000
31	850.0000	20950.000	169.50000	0.0	0.0	0.0	1.0000000
32	950.0000	20900.000	169.49998	0.0	0.0	0.0	1.0000000
33	1000.0000	21000.000	176.01892	0.0	0.0	0.0	1.0000000
33	1100.0000	20900.000	169.50003	0.0	0.0	-60.0	1.0000000
16	1550.0000	22150.000	133.50002	-5.0	0.0	720.0	1.0000000
16	450.0000	20850.000	174.15004	-5.0	0.0	720.0	1.0000000
16	400.0000	21000.000	192.49414	-5.0	0.0	780.0	1.0000000
16	400.0000	20900.000	175.95921	-5.0	0.0	780.0	1.0000000
16	400.0000	21250.000	178.21707	-5.0	0.0	780.0	1.0000000
36	1553.6002	22095.740	-16.50003	-5.0	0.0	330.0	1.0000000
16	1450.0000	22150.000	133.49997	-5.0	0.0	420.0	1.0000000
16	1550.0000	22050.000	133.50003	-5.0	0.0	420.0	1.0000000
25	1450.0000	20850.000	169.50000	-360.0	0.0	2970.0	1.0000000
1	150.0000	23850.000	169.50003	0.0	0.0	90.0	1.0000000
1	150.0000	23550.000	169.49997	0.0	0.0	90.0	1.0000000
1	150.0000	22950.000	169.49997	0.0	0.0	90.0	1.0000000
9	1250.2109	23400.627	173.60121	0.0	0.0	-90.0	1.0000000
9	1246.2461	23203.471	171.69804	0.0	0.0	-90.0	1.0000000
4	1253.3086	23051.047	154.10643	0.0	0.0	90.0	1.0000000
4	1231.5233	23557.145	119.06895	0.0	0.0	90.0	1.0000000
18	150.0000	22650.000	169.49998	0.0	0.0	1890.0	1.0000000
18	150.0000	23250.000	174.94691	0.0	0.0	1890.0	1.0000000
23	750.0000	23550.000	169.50002	0.0	0.0	1080.0	1.0000000
23	750.0000	23050.000	169.49998	0.0	0.0	1080.0	1.0000000
23	1150.0000	22750.000	169.50002	0.0	0.0	1080.0	1.0000000
22	1150.0000	22650.000	186.54633	0.0	0.0	1080.0	1.0000000
22	1150.0000	23550.000	169.50002	0.0	0.0	1080.0	1.0000000
16	1550.0000	23650.000	133.49998	-5.0	0.0	420.0	1.0000000
16	1550.0000	23750.000	133.50002	-5.0	0.0	420.0	1.0000000
25	550.0000	23750.000	169.50002	-360.0	0.0	2970.0	1.0000000
25	650.0000	23750.000	169.50003	-360.0	0.0	2970.0	1.0000000
25	750.0000	23750.000	169.49998	-360.0	0.0	2970.0	1.0000000
41	340.1198	23828.770	172.23405	0.0	0.0	0.0	1.0000000
1	1350.0000	25150.000	169.49997	0.0	0.0	0.0	1.0000000
1	1050.0000	25150.000	169.49998	0.0	0.0	0.0	1.0000000
1	750.0000	25150.000	169.50002	0.0	0.0	0.0	1.0000000
1	450.0000	25150.000	169.49997	0.0	0.0	0.0	1.0000000
1	250.0000	25150.000	169.50002	0.0	0.0	0.0	1.0000000
1	150.0000	25050.000	169.50003	0.0	0.0	90.0	1.0000000
1	150.0000	24750.000	169.50003	0.0	0.0	90.0	1.0000000
1	150.0000	24450.000	169.50002	0.0	0.0	90.0	1.0000000
9	850.0000	24600.000	177.19630	0.0	0.0	90.0	1.0000000
9	850.0000	24800.000	176.23465	0.0	0.0	90.0	1.0000000
9	850.0000	25000.000	175.06770	0.0	0.0	90.0	1.0000000
9	500.7540	24448.457	176.01404	0.0	0.0	0.0	1.0000000
9	704.7714	24444.865	179.39215	0.0	0.0	0.0	1.0000000
9	305.6621	24445.441	179.66820	0.0	0.0	0.0	1.0000000
4	848.8027	24453.246	162.55057	0.0	0.0	90.0	1.0000000
4	252.0341	24441.582	180.37685	0.0	0.0	90.0	1.0000000
4	858.2912	25039.254	180.43765	0.0	0.0	90.0	1.0000000
18	150.0000	24150.000	169.49997	0.0	0.0	1890.0	1.0000000
16	1050.0000	24950.000	169.75690	0.0	0.0	60.0	1.0000000
16	1150.0000	24950.000	171.55769	0.0	0.0	60.0	1.0000000
16	1150.0000	24950.000	171.95493	0.0	0.0	60.0	1.0000000
16	1150.0000	25050.000	184.85721	0.0	0.0	60.0	1.0000000
16	950.0000	25050.000	178.16774	0.0	0.0	60.0	1.0000000
16	850.0000	24950.000	219.16959	0.0	0.0	60.0	1.0000000
12	229.9017	24156.230	158.75494	-360.0	0.0	780.0	1.0000000
19	441.3029	24750.582	217.49998	0.0	0.0	90.0	1.0000000
4	1564.1412	25045.467	186.25217	0.0	0.0	0.0	1.0000000
6	1554.2539	24906.455	169.60852	0.0	0.0	90.0	1.0000000
11	1496.3090	24799.078	177.15793	0.0	0.0	30.0	1.0000000
10	1566.7091	24867.076	197.73193	0.0	0.0	90.0	1.0000000
1	1750.0000	350.000	169.50003	0.0	0.0	0.0	1.0000000
1	2050.0000	350.000	169.50003	0.0	0.0	0.0	1.0000000
1	2350.0000	350.000	169.50005	0.0	0.0	0.0	1.0000000
1	2650.0000	350.000	169.49997	0.0	0.0	0.0	1.0000000
1	2950.0000	350.000	169.50002	0.0	0.0	0.0	1.0000000
5	2650.0000	1350.000	169.49997	0.0	0.0	2610.0	1.0000000
5	1850.0000	1350.000	169.49997	0.0	0.0	2610.0	1.0000000
6	2000.0000	1350.000	169.49998	0.0	0.0	2520.0	1.0000000
6	2200.0000	1350.000	169.49997	0.0	0.0	2520.0	1.0000000
6	2400.0000	1350.000	169.50000	0.0	0.0	2520.0	1.0000000
8	2550.0000	1350.000	169.49997	0.0	0.0	2520.0	1.0000000
6	1850.0000	1200.000	169.49998	0.0	0.0	2610.0	1.0000000
6	1850.0000	1000.000	169.49998	0.0	0.0	2610.0	1.0000000
6	1850.0000	800.000	169.49997	0.0	0.0	2610.0	1.0000000
6	1850.0000	600.000	169.50002	0.0	0.0	2610.0	1.0000000
8	1850.0000	450.000	170.91655	0.0	0.0	2610.0	1.0000000
5	2250.0000	1350.000	169.50000	0.0	0.0	2520.0	1.0000000
5	1850.0000	850.000	169.50000	0.0	0.0	2520.0	1.0000000
5	1850.0000	450.000	176.92090	0.0	0.0	2520.0	1.0000000
6	3000.0000	750.000	169.50003	0.0	0.0	-180.0	1.0000000
6	2800.0000	750.000	169.50003	0.0	0.0	-180.0	1.0000000
6	2600.0000	750.000	169.50002	0.0	0.0	-180.0	1.0000000
6	2400.0000	750.000	169.49998	0.0	0.0	-180.0	1.0000000
6	2200.0000	750.000	169.50000	0.0	0.0	-180.0	1.0000000
6	2000.0000	750.000	169.50003	0.0	0.0	-180.0	1.0000000
38	2031.3768	1070.136	169.60469	-556.7	-179.9	60.0	1.0000000
38	2021.3345	1061.116	169.49997	-234.6	26.6	30.0	1.0000000
38	2043.5986	1058.828	169.49997	343.4	19.5	90.0	1.0000000
38	2094.5032	1090.669	169.56422	-415.6	-218.8	30.0	1.0000000
38	2052.7244	1230.407	170.83295	272.8	-101.9	90.0	1.0000000
38	1990.4596	1204.359	171.63173	0.0	0.0	30.0	1.0000000
38	2121.0549	1241.603	169.60599	478.6	-465.6	90.0	1.0000000
38	1976.4338	962.766	169.49994	676.2	-583.5	90.0	1.0000000
38	1985.0422	1028.654	169.49998	525.1	-232.9	0.0	1.0000000
38	2087.3152	903.425	169.50000	-507.3	73.4	90.0	1.0000000
38	2125.4165	1062.402	169.49994	104.5	190.7	60.0	1.0000000
38	2089.5364	1075.575	169.49997	-116.7	-148.7	0.0	1.0000000
38	1885.8724	981.636	170.61697	-1499.0	-1106.5	60.0	1.0000000
38	2166.1436	1210.588	169.50000	76.6	-489.1	90.0	1.0000000
38	2101.4204	1225.011	169.62697	593.8	-329.2	30.0	1.0000000
38	2182.7678	1080.914	169.49998	-597.2	-436.9	30.0	1.0000000
38	2023.7721	1221.198	170.09068	510.0	-215.5	60.0	1.0000000
38	2003.7012	1237.296	176.36346	0.0	0.0	120.0	1.0000000
38	1957.4551	1201.901	174.45029	237.0	-129.3	60.0	1.0000000
38	1875.2706	1094.962	175.42545	-261.1	-924.3	0.0	1.0000000
38	1993.1593	1022.190	173.58820	-411.2	282.3	60.0	1.0000000
38	2236.0322	1230.371	169.49994	169.9	-317.5	60.0	1.0000000
38	2129.6489	1241.754	172.25847	0.0	0.0	60.0	1.0000000
38	2086.0710	972.102	169.49998	582.7	-429.7	-30.0	1.0000000
38	2181.8713	888.061	169.49997	235.1	-130.0	60.0	1.0000000
38	2172.7883	1019.722	169.49998	432.5	94.7	90.0	1.0000000
38	2227.6465	1105.229	169.49998	541.1	277.6	60.0	1.0000000
38	2270.8884	1081.740	169.49997	-557.4	-687.8	0.0	1.0000000
38	2326.1614	995.005	169.49997	138.5	-143.5	90.0	1.0000000
38	2280.9104	1084.386	169.49997	248.0	-88.9	0.0	1.0000000
38	2444.7502	872.449	169.49997	-265.2	131.2	60.0	1.0000000
38	2301.6079	902.428	169.50000	78.5	-119.2	120.0	1.0000000
38	1945.1191	893.265	169.49997	-493.6	-146.7	60.0	1.0000000
38	2400.4517	1139.778	169.49995	-557.3	-692.0	90.0	1.0000000
38	2336.6707	1224.421	169.49997	298.2	-601.3	30.0	1.0000000
38	2502.2573	979.489	169.49998	-12.6	721.4	30.0	1.0000000
38	2452.5806	1086.333	169.49994	224.3	427.9	60.0	1.0000000
38	2475.6997	1098.595	169.49994	-101.9	-76.3	90.0	1.0000000
38	2548.4824	1222.342	169.49997	400.3	-436.7	30.0	1.0000000
38	2584.4124	873.233	169.49997	0.0	0.0	30.0	1.0000000
38	2546.3008	998.933	169.49995	92.2	272.0	60.0	1.0000000
38	2542.4939	1104.263	169.49998	162.6	-313.6	30.0	1.0000000
38	2317.3076	1116.148	169.49997	-48.6	-592.0	0.0	1.0000000
38	2324.5691	1220.743	169.49998	520.5	-221.2	60.0	1.0000000
38	2475.7681	1112.948	169.49994	277.8	160.6	0.0	1.0000000
38	2523.7825	1118.160	169.50002	211.3	-101.9	-30.0	1.0000000
38	2520.6875	1083.062	169.49998	-530.9	-648.4	30.0	1.0000000
38	2567.6968	1087.548	169.49995	69.3	-553.5	90.0	1.0000000
38	2547.9824	1183.976	169.49994	102.3	-3.1	60.0	1.0000000
38	2486.0488	1015.663	169.50002	553.8	888.2	60.0	1.0000000
38	2533.1462	997.515	169.49995	375.5	437.9	60.0	1.0000000
38	2159.9033	874.920	169.49998	-536.3	-386.7	60.0	1.0000000
38	2218.9741	1072.654	169.49994	1246.2	-336.2	90.0	1.0000000
38	2329.1450	1006.473	169.49995	448.6	255.1	60.0	1.0000000
38	2642.0095	988.783	169.49995	282.4	624.3	60.0	1.0000000
38	2651.1089	895.139	169.50002	-205.7	146.4	60.0	1.0000000
38	2005.5259	1048.439	171.85025	251.1	256.9	60.0	1.0000000
38	2678.4058	879.149	169.50000	0.0	0.0	60.0	1.0000000
38	2192.4348	891.276	169.49995	-24.7	-201.6	60.0	1.0000000
38	2244.7322	884.289	169.49994	-190.8	-277.1	0.0	1.0000000
38	2412.6799	881.818	169.49995	-480.8	398.6	30.0	1.0000000
38	2094.0486	926.007	169.49998	166.0	109.7	30.0	1.0000000
38	2139.4053	1092.753	169.50000	-283.9	-274.2	60.0	1.0000000
38	2348.9143	1105.840	169.49998	570.6	-46.7	120.0	1.0000000
38	2672.1323	1142.033	169.49995	-158.1	-253.4	120.0	1.0000000
38	2661.2734	1189.757	169.49998	514.0	40.6	60.0	1.0000000
38	2760.6770	1096.723	169.50002	-755.5	15.6	60.0	1.0000000
38	2762.6223	1172.010	169.50000	-501.8	-196.5	60.0	1.0000000
38	2689.5471	1239.460	169.49997	-202.5	-1143.7	90.0	1.0000000
38	2672.9160	1308.406	169.76762	-113.6	-1259.7	30.0	1.0000000
38	2831.1304	1394.533	169.49994	263.9	208.9	90.0	1.0000000
38	2829.5198	1418.828	177.02458	462.9	636.5	30.0	1.0000000
38	2668.9780	1183.389	177.11960	-1124.3	-952.1	60.0	1.0000000
38	2840.1453	1387.337	169.50000	523.4	193.2	60.0	1.0000000
38	2914.5061	1366.391	169.49994	81.0	514.1	90.0	1.0000000
38	2652.6526	1353.793	181.13437	-191.8	-826.8	90.0	1.0000000
38	2851.2786	1434.799	173.04031	283.1	772.9	90.0	1.0000000
38	2670.2905	1191.402	177.11960	-737.5	-632.4	30.0	1.0000000
38	2938.5664	1333.516	169.49997	127.5	735.9	90.0	1.0000000
38	2952.0913	1313.660	169.50000	-140.0	464.4	30.0	1.0000000
38	2664.5593	1172.804	169.49995	-319.8	-403.1	30.0	1.0000000
38	2653.4348	1199.040	169.49995	0.0	0.0	30.0	1.0000000
38	2505.5374	1241.042	172.62343	362.2	-99.0	30.0	1.0000000
38	2453.4263	1094.329	169.49998	-587.1	-283.4	30.0	1.0000000
6	1600.0000	2950.000	169.50000	0.0	0.0	2520.0	1.0000000
5	2650.0000	2150.000	169.49997	0.0	0.0	2610.0	1.0000000
5	1850.0000	2150.000	169.49997	0.0	0.0	2610.0	1.0000000
5	1850.0000	2950.000	169.49997	0.0	0.0	2610.0	1.0000000
5	2650.0000	2950.000	169.49997	0.0	0.0	2610.0	1.0000000
8	1750.0000	2950.000	169.49997	0.0	0.0	2520.0	1.0000000
8	1950.0000	2150.000	169.49998	0.0	0.0	2520.0	1.0000000
6	2100.0000	2150.000	169.49998	0.0	0.0	2520.0	1.0000000
6	2300.0000	2150.000	169.50003	0.0	0.0	2520.0	1.0000000
6	2500.0000	2150.000	169.49997	0.0	0.0	2520.0	1.0000000
6	2650.0000	3100.000	169.49997	0.0	0.0	2610.0	1.0000000
6	1850.0000	2800.000	169.49997	0.0	0.0	2610.0	1.0000000
6	1850.0000	2600.000	169.50002	0.0	0.0	2610.0	1.0000000
6	1850.0000	2400.000	169.50000	0.0	0.0	2610.0	1.0000000
8	1850.0000	2250.000	169.50003	0.0	0.0	2610.0	1.0000000
5	2250.0000	2150.000	169.49997	0.0	0.0	2520.0	1.0000000
5	1850.0000	2550.000	169.49998	0.0	0.0	2520.0	1.0000000
38	2069.8445	2434.124	169.50003	-158.8	198.4	0.0	1.0000000
38	2150.0000	2550.000	169.50003	0.0	0.0	0.0	1.0000000
38	2250.0000	2650.000	169.50003	0.0	0.0	0.0	1.0000000
38	2350.0000	2650.000	169.50000	0.0	0.0	0.0	1.0000000
38	2250.0000	2450.000	169.50002	0.0	0.0	0.0	1.0000000
38	2250.0000	2550.000	169.49997	0.0	0.0	0.0	1.0000000
38	2450.0000	2450.000	169.50003	0.0	0.0	0.0	1.0000000
38	2250.0000	2300.000	169.49998	0.0	0.0	0.0	1.0000000
38	2100.0000	2650.000	169.50002	0.0	0.0	0.0	1.0000000
38	2050.0000	2700.000	169.49998	0.0	0.0	60.0	1.0000000
38	2050.0000	2550.000	169.49998	0.0	0.0	60.0	1.0000000
38	2150.0000	2750.000	169.50002	0.0	0.0	60.0	1.0000000
38	2150.0000	2650.000	169.50002	0.0	0.0	60.0	1.0000000
38	2150.0000	2450.000	169.49998	0.0	0.0	60.0	1.0000000
38	2169.1223	2335.359	169.49997	-146.4	191.2	60.0	1.0000000
38	2350.0000	2450.000	169.50003	0.0	0.0	60.0	1.0000000
38	2350.0000	2550.000	169.50003	0.0	0.0	60.0	1.0000000
38	2378.6292	2350.043	169.50000	0.4	286.3	60.0	1.0000000
38	2137.0364	2408.624	169.49994	-72.1	251.6	120.0	1.0000000
38	2052.6704	2522.516	169.49994	45.5	261.4	90.0	1.0000000
38	2072.6658	2602.641	169.49998	0.0	0.0	90.0	1.0000000
38	2179.6094	2480.177	169.49995	0.0	0.0	60.0	1.0000000
38	2015.0317	2385.253	169.49998	0.0	0.0	120.0	1.0000000
38	1985.0715	2425.143	171.72643	-309.9	-202.7	60.0	1.0000000
38	1966.7795	2618.979	175.42938	-261.9	62.8	120.0	1.0000000
38	2036.7695	2663.230	169.49998	0.0	0.0	60.0	1.0000000
38	2347.1206	2489.628	169.50000	0.0	0.0	60.0	1.0000000
38	2094.8589	2750.650	169.49995	0.0	0.0	0.0	1.0000000
38	2042.4308	2815.236	169.49998	0.0	0.0	60.0	1.0000000
38	2178.1619	2592.356	169.49998	0.0	0.0	60.0	1.0000000
38	2260.3203	2409.249	169.50000	221.8	157.6	60.0	1.0000000
38	2313.8694	2420.732	169.49997	0.0	0.0	30.0	1.0000000
38	2270.6775	2591.684	169.49992	0.0	0.0	90.0	1.0000000
38	2307.3267	2568.136	169.50000	0.0	0.0	0.0	1.0000000
38	2208.7329	2645.565	169.49998	0.0	0.0	0.0	1.0000000
38	2027.4716	2741.643	169.49998	0.0	0.0	60.0	1.0000000
38	2003.2589	2712.661	169.49994	0.0	0.0	0.0	1.0000000
38	2185.7766	2541.713	169.49997	0.0	0.0	30.0	1.0000000
38	2068.5835	2349.268	169.49994	-270.0	-222.0	30.0	1.0000000
38	2415.1956	2438.860	169.49997	0.0	0.0	30.0	1.0000000
38	2338.0225	2364.018	169.50002	52.5	224.0	30.0	1.0000000
38	2071.7854	2516.347	170.73697	0.0	0.0	120.0	1.0000000
38	2012.0367	2614.205	169.50000	0.0	0.0	30.0	1.0000000
38	2140.4319	2720.921	169.49998	0.0	0.0	30.0	1.0000000
38	2007.6982	2790.534	169.49997	0.0	0.0	90.0	1.0000000
38	2180.8357	2698.505	169.49995	0.0	0.0	0.0	1.0000000
38	2222.2029	2387.437	169.50000	141.7	238.9	60.0	1.0000000
38	2000.1447	2478.177	179.47742	-280.7	224.4	60.0	1.0000000
38	2324.3181	2276.229	169.49997	0.0	0.0	120.0	1.0000000
10	1870.6554	2636.758	171.19203	0.0	0.0	90.0	1.0000000
5	1850.0000	3650.000	169.49997	0.0	0.0	2610.0	1.0000000
5	2650.0000	3650.000	169.49997	0.0	0.0	2610.0	1.0000000
5	2650.0000	4550.000	169.49997	0.0	0.0	2610.0	1.0000000
5	1850.0000	4550.000	169.49997	0.0	0.0	2610.0	1.0000000
6	2800.0000	4550.000	169.49998	0.0	0.0	2520.0	1.0000000
6	3000.0000	4550.000	169.50000	0.0	0.0	2520.0	1.0000000
6	2500.0000	3650.000	169.49998	0.0	0.0	2520.0	1.0000000
6	2300.0000	3650.000	169.50000	0.0	0.0	2520.0	1.0000000
6	2100.0000	3650.000	169.50002	0.0	0.0	2520.0	1.0000000
8	1950.0000	3650.000	169.50002	0.0	0.0	2520.0	1.0000000
8	1850.0000	4650.000	169.49998	0.0	0.0	2610.0	1.0000000
6	1700.0000	4550.000	169.50003	0.0	0.0	2520.0	1.0000000
6	2650.0000	3300.000	169.49998	0.0	0.0	2610.0	1.0000000
6	2650.0000	3500.000	169.50000	0.0	0.0	2610.0	1.0000000
5	3050.0000	4550.000	169.49997	0.0	0.0	2520.0	1.0000000
38	1702.3701	4782.748	169.49998	-209.9	196.4	120.0	1.0000000
6	1850.0000	4800.000	169.50000	0.0	0.0	2610.0	1.0000000
1	3150.0000	6150.000	169.50003	0.0	0.0	0.0	1.0000000
1	2850.0000	6150.000	169.50002	0.0	0.0	0.0	1.0000000
1	2550.0000	6150.000	169.50003	0.0	0.0	0.0	1.0000000
1	2250.0000	6150.000	169.49997	0.0	0.0	0.0	1.0000000
1	1950.0000	6150.000	169.50003	0.0	0.0	0.0	1.0000000
1	1650.0000	6150.000	169.49997	0.0	0.0	0.0	1.0000000
5	2650.0000	5350.000	169.49997	0.0	0.0	2610.0	1.0000000
5	1850.0000	5350.000	169.49997	0.0	0.0	2610.0	1.0000000
8	2750.0000	5350.000	169.49998	0.0	0.0	2520.0	1.0000000
6	2900.0000	5350.000	169.49998	0.0	0.0	2520.0	1.0000000
6	3100.0000	5350.000	169.50002	0.0	0.0	2520.0	1.0000000
6	1850.0000	5000.000	169.49997	0.0	0.0	2610.0	1.0000000
6	1850.0000	5200.000	169.50000	0.0	0.0	2610.0	1.0000000
5	1850.0000	4950.000	169.49995	0.0	0.0	2520.0	1.0000000
5	3050.0000	5350.000	169.49998	0.0	0.0	2520.0	1.0000000
6	3100.0000	5850.000	169.49995	0.0	0.0	0.0	1.0000000
6	2900.0000	5850.000	169.50002	0.0	0.0	0.0	1.0000000
6	2700.0000	5850.000	169.50003	0.0	0.0	0.0	1.0000000
6	2500.0000	5850.000	169.50002	0.0	0.0	0.0	1.0000000
6	2300.0000	5850.000	169.49997	0.0	0.0	0.0	1.0000000
6	2100.0000	5850.000	169.49997	0.0	0.0	0.0	1.0000000
6	1900.0000	5850.000	169.50003	0.0	0.0	0.0	1.0000000
6	1700.0000	5850.000	169.50000	0.0	0.0	0.0	1.0000000
38	1650.0000	4816.492	169.50002	-335.1	0.0	0.0	1.0000000
1	1750.0000	8350.000	169.49997	0.0	0.0	0.0	1.0000000
1	2050.0000	8350.000	169.50000	0.0	0.0	0.0	1.0000000
1	2350.0000	8350.000	169.50002	0.0	0.0	0.0	1.0000000
1	2650.0000	8350.000	169.50000	0.0	0.0	0.0	1.0000000
1	2950.0000	8350.000	169.49995	0.0	0.0	0.0	1.0000000
6	2900.0000	9350.000	169.50000	0.0	0.0	2520.0	1.0000000
6	2900.0000	8950.000	169.50002	0.0	0.0	2520.0	1.0000000
6	2600.0000	9350.000	169.49998	0.0	0.0	2520.0	1.0000000
5	3050.0000	9350.000	169.49997	0.0	0.0	2610.0	1.0000000
5	3050.0000	8950.000	169.49997	0.0	0.0	2610.0	1.0000000
5	2750.0000	9350.000	169.49997	0.0	0.0	2610.0	1.0000000
5	2750.0000	8950.000	169.50003	0.0	0.0	2610.0	1.0000000
5	2350.0000	8950.000	169.49998	0.0	0.0	2610.0	1.0000000
5	1950.0000	8950.000	169.50002	0.0	0.0	2610.0	1.0000000
5	2350.0000	9350.000	169.49997	0.0	0.0	2610.0	1.0000000
5	1950.0000	9350.000	169.49998	0.0	0.0	2610.0	1.0000000
6	1800.0000	9350.000	169.50005	0.0	0.0	2520.0	1.0000000
6	1800.0000	8950.000	169.49998	0.0	0.0	2520.0	1.0000000
6	2200.0000	8950.000	169.50000	0.0	0.0	2520.0	1.0000000
6	2200.0000	9350.000	169.50000	0.0	0.0	2520.0	1.0000000
6	2600.0000	8950.000	169.49998	0.0	0.0	2520.0	1.0000000
8	3150.0000	8950.000	169.50000	0.0	0.0	2520.0	1.0000000
8	3150.0000	9350.000	169.49998	0.0	0.0	2520.0	1.0000000
8	2450.0000	8950.000	169.50003	0.0	0.0	2520.0	1.0000000
8	2450.0000	9350.000	169.49997	0.0	0.0	2520.0	1.0000000
8	2050.0000	9350.000	169.50000	0.0	0.0	2520.0	1.0000000
8	2050.0000	8950.000	169.49998	0.0	0.0	2520.0	1.0000000
8	1650.0000	8950.000	169.50002	0.0	0.0	2520.0	1.0000000
8	1650.0000	9350.000	169.50002	0.0	0.0	2520.0	1.0000000
23	2050.0000	8850.000	169.50003	0.0	0.0	450.0	1.0000000
23	2050.0000	8450.000	169.49998	0.0	0.0	450.0	1.0000000
24	2350.0000	9150.000	168.33926	0.0	0.0	90.0	1.0000000
24	2850.0000	9150.000	174.54274	0.0	0.0	90.0	1.0000000
16	2950.0000	8850.000	169.50002	-360.0	0.0	810.0	1.0000000
16	2839.6030	8821.849	180.93271	-360.0	0.0	720.0	1.0000000
17	1750.0000	8850.000	169.50002	-360.0	0.0	720.0	1.0000000
16	1650.0000	8850.000	169.50003	-360.0	0.0	720.0	1.0000000
16	1950.0000	8850.000	169.72522	-360.0	0.0	720.0	1.0000000
16	2150.0000	8850.000	169.50003	-360.0	0.0	720.0	1.0000000
16	2250.0000	8850.000	169.50002	-360.0	0.0	720.0	1.0000000
16	2750.0000	8850.000	176.46901	-360.0	0.0	720.0	1.0000000
16	2547.2876	8856.125	167.57849	-360.0	0.0	780.0	1.0000000
16	2451.2991	8842.600	190.27208	-360.0	0.0	750.0	1.0000000
13	1750.0000	10550.000	169.50002	0.0	0.0	90.0	1.0000000
21	1650.0000	9800.000	175.29137	0.0	0.0	450.0	1.0000000
21	1700.0000	9850.000	169.50000	0.0	0.0	450.0	1.0000000
22	2050.0000	10150.000	169.50002	0.0	0.0	960.0	1.0000000
21	2150.0000	10150.000	169.50000	0.0	0.0	810.0	1.0000000
22	3100.0000	10450.000	169.50002	0.0	0.0	810.0	1.0000000
22	3050.0000	10650.000	169.50002	0.0	0.0	870.0	1.0000000
22	2300.0000	10850.000	169.50002	0.0	0.0	960.0	1.0000000
22	2400.0000	10800.000	169.50000	0.0	0.0	870.0	1.0000000
22	2500.0000	10800.000	169.49997	0.0	0.0	900.0	1.0000000
16	3128.4106	11194.314	158.75496	-360.0	0.0	720.0	1.0000000
16	1750.0000	10450.000	180.26854	-360.0	0.0	720.0	1.0000000
16	1850.0000	10450.000	169.50002	-360.0	0.0	720.0	1.0000000
16	1950.0000	10450.000	169.49997	-360.0	0.0	720.0	1.0000000
16	1850.0000	10550.000	174.83630	-360.0	0.0	720.0	1.0000000
11	1827.5541	10504.342	215.08029	-520.0	0.0	2880.0	1.0000000
25	2650.0000	10450.000	169.50002	-720.0	0.0	3330.0	1.0000000
25	2650.0000	10350.000	169.50002	-720.0	0.0	3330.0	1.0000000
25	2650.0000	10250.000	169.49998	-720.0	0.0	3330.0	1.0000000
25	2650.0000	10150.000	169.50002	-720.0	0.0	3330.0	1.0000000
25	3050.0000	10150.000	169.50000	-720.0	0.0	3330.0	1.0000000
25	3050.0000	10050.000	169.50002	-720.0	0.0	3330.0	1.0000000
25	3050.0000	9950.000	169.50003	-720.0	0.0	3330.0	1.0000000
39	1877.8315	10254.012	169.49997	40.1	278.3	450.0	1.0000000
39	1650.0000	10350.000	169.50000	0.0	0.0	450.0	1.0000000
39	1750.0000	10350.000	169.50000	0.0	0.0	450.0	1.0000000
39	1756.4680	10270.132	169.50003	94.8	268.2	540.0	1.0000000
39	1684.2092	10219.060	169.50003	-288.1	292.9	600.0	1.0000000
39	1821.2339	10302.386	169.50003	0.0	0.0	510.0	1.0000000
39	1699.3209	10394.990	169.50002	0.0	0.0	600.0	1.0000000
39	2910.8743	10105.387	169.50002	404.1	29.7	600.0	1.0000000
39	2810.6299	10046.044	169.49997	0.0	0.0	660.0	1.0000000
39	2917.7222	10157.636	169.50003	0.0	0.0	780.0	1.0000000
39	2855.9333	9980.826	169.50000	-226.4	-480.8	690.0	1.0000000
39	2888.1689	10152.067	169.49998	228.6	193.3	600.0	1.0000000
39	2774.9753	10013.045	169.49997	487.6	-406.4	510.0	1.0000000
39	2788.0757	9871.178	169.49997	20.0	-762.1	660.0	1.0000000
39	2641.5200	9947.372	169.50003	-153.2	-812.5	510.0	1.0000000
39	2619.4944	9971.078	169.50002	-153.3	-359.2	630.0	1.0000000
39	2211.5818	10369.481	169.49997	0.0	0.0	630.0	1.0000000
39	2192.6636	10330.762	169.50002	-237.1	160.0	540.0	1.0000000
39	2110.4878	10411.757	169.50003	-44.7	9.1	660.0	1.0000000
39	2215.7612	10323.933	169.49998	-127.8	246.6	600.0	1.0000000
39	3175.5725	9902.462	169.49997	338.6	-642.0	540.0	1.0000000
39	1615.0275	12463.755	171.75348	87.6	400.7	2610.0	1.0000000
39	1619.0918	12582.431	169.50000	71.2	339.4	2610.0	1.0000000
5	3050.0000	11350.000	169.50000	0.0	0.0	2610.0	1.0000000
5	3050.0000	11750.000	169.50000	0.0	0.0	2610.0	1.0000000
5	2650.0000	11350.000	169.49997	0.0	0.0	2610.0	1.0000000
5	2650.0000	11750.000	169.49997	0.0	0.0	2610.0	1.0000000
5	2250.0000	11350.000	169.50000	0.0	0.0	2610.0	1.0000000
5	2250.0000	11750.000	169.50000	0.0	0.0	2610.0	1.0000000
5	1850.0000	11350.000	169.49998	0.0	0.0	2610.0	1.0000000
5	1850.0000	11750.000	169.50000	0.0	0.0	2610.0	1.0000000
6	2900.0000	11750.000	169.50002	0.0	0.0	2520.0	1.0000000
6	2900.0000	11350.000	169.50002	0.0	0.0	2520.0	1.0000000
6	2500.0000	11350.000	169.50000	0.0	0.0	2520.0	1.0000000
6	2500.0000	11750.000	169.50000	0.0	0.0	2520.0	1.0000000
6	2100.0000	11350.000	169.50002	0.0	0.0	2520.0	1.0000000
6	2100.0000	11750.000	169.49998	0.0	0.0	2520.0	1.0000000
6	1700.0000	11750.000	169.49998	0.0	0.0	2520.0	1.0000000
6	1700.0000	11350.000	169.50002	0.0	0.0	2520.0	1.0000000
8	3150.0000	11750.000	169.50000	0.0	0.0	2520.0	1.0000000
8	3150.0000	11350.000	169.50002	0.0	0.0	2520.0	1.0000000
8	2750.0000	11350.000	169.50003	0.0	0.0	2520.0	1.0000000
8	2750.0000	11750.000	169.49998	0.0	0.0	2520.0	1.0000000
8	2350.0000	11750.000	169.49997	0.0	0.0	2520.0	1.0000000
8	2350.0000	11350.000	169.49997	0.0	0.0	2520.0	1.0000000
8	1950.0000	11350.000	169.50000	0.0	0.0	2520.0	1.0000000
8	1950.0000	11750.000	169.50000	0.0	0.0	2520.0	1.0000000
6	2150.0000	12700.000	169.50000	0.0	0.0	2610.0	1.0000000
7	2100.0000	12500.000	169.50003	0.0	0.0	2610.0	1.0000000
4	2150.0000	12450.000	169.49995	0.0	0.0	2250.0	1.0000000
4	1950.0000	12450.000	169.50002	0.0	0.0	2250.0	1.0000000
15	1895.3945	11232.969	235.73036	-120.0	0.0	360.0	1.0000000
15	2008.2368	11239.765	232.62500	-120.0	0.0	480.0	1.0000000
22	1750.0000	12700.000	169.50003	0.0	0.0	900.0	1.0000000
22	1800.0000	12750.000	169.49997	0.0	0.0	960.0	1.0000000
24	3050.0000	11550.000	175.03403	0.0	0.0	90.0	1.0000000
24	2250.0000	11650.000	184.52216	0.0	0.0	90.0	1.0000000
24	1750.0000	11550.000	172.36307	0.0	0.0	90.0	1.0000000
16	3050.0000	11250.000	169.50003	-360.0	0.0	780.0	1.0000000
16	3150.0000	11250.000	169.50003	-360.0	0.0	780.0	1.0000000
25	2950.0000	12550.000	169.50002	-360.0	0.0	2880.0	1.0000000
25	2850.0000	12550.000	169.50003	-360.0	0.0	2880.0	1.0000000
25	2750.0000	12550.000	169.50003	-360.0	0.0	2880.0	1.0000000
25	2650.0000	12550.000	169.49998	-360.0	0.0	2880.0	1.0000000
16	1650.0000	11550.000	183.19612	-360.0	0.0	3630.0	1.0000000
23	3050.0000	12550.000	169.49998	-515.0	0.0	1860.0	1.0000000
23	2550.0000	12550.000	169.49997	-720.0	0.0	3330.0	1.0000000
39	1617.9039	12457.937	169.49994	278.7	20.3	2520.0	1.0000000
39	1650.0000	12450.000	169.50002	0.0	0.0	2610.0	1.0000000
39	1712.3132	12333.977	169.49992	-498.9	139.3	2610.0	1.0000000
39	1650.0000	12450.000	169.50005	0.0	0.0	2610.0	1.0000000
39	1755.1135	12382.688	169.50002	-673.1	51.1	2610.0	1.0000000
39	1850.0000	12350.000	169.50003	0.0	0.0	2610.0	1.0000000
39	1689.5110	12180.304	169.50005	-979.6	150.7	2610.0	1.0000000
39	1778.5214	12359.483	169.50002	0.0	0.0	2610.0	1.0000000
39	1797.9319	12419.232	169.50003	-307.7	-520.7	2610.0	1.0000000
39	1806.5234	12472.436	169.50003	-397.3	344.4	2610.0	1.0000000
39	1817.8464	12467.183	169.50003	-218.3	532.8	2610.0	1.0000000
39	1670.2197	12503.248	169.50000	0.0	0.0	2610.0	1.0000000
39	1650.0000	12550.000	169.49995	0.0	0.0	2610.0	1.0000000
39	1631.9573	12450.521	169.50006	-1034.2	-1150.8	2610.0	1.0000000
38	2897.8074	12621.090	169.50002	-555.4	-3077.1	2610.0	1.0000000
1	3150.0000	14150.000	169.49998	0.0	0.0	0.0	1.0000000
1	2850.0000	14150.000	169.49998	0.0	0.0	0.0	1.0000000
1	2550.0000	14150.000	169.49997	0.0	0.0	0.0	1.0000000
1	1650.0000	14150.000	169.49998	0.0	0.0	0.0	1.0000000
6	1700.0000	13550.000	169.50000	0.0	0.0	2520.0	1.0000000
6	1900.0000	13550.000	169.50003	0.0	0.0	2520.0	1.0000000
6	2150.0000	13300.000	169.50002	0.0	0.0	2610.0	1.0000000
6	2150.0000	13100.000	169.49997	0.0	0.0	2610.0	1.0000000
6	2150.0000	12900.000	169.49997	0.0	0.0	2610.0	1.0000000
7	2100.0000	13500.000	169.49997	0.0	0.0	2340.0	1.0000000
4	2150.0000	13550.000	169.49998	0.0	0.0	2250.0	1.0000000
4	1950.0000	13550.000	169.49998	0.0	0.0	2250.0	1.0000000
18	2250.0000	14150.000	169.49998	0.0	0.0	0.0	1.0000000
18	1950.0000	14150.000	169.49998	0.0	0.0	0.0	1.0000000
27	1892.2181	13254.876	287.81384	-490.0	0.0	690.0	1.0000000
28	1936.6497	13303.720	218.53917	-530.0	0.0	1200.0	1.0000000
31	3072.7720	13128.564	247.81386	-590.0	0.0	2340.0	1.0000000
32	3079.4353	13225.042	152.81384	-440.0	0.0	2430.0	1.0000000
33	3007.2507	13324.978	127.81386	-335.0	0.0	2610.0	1.0000000
34	3083.8423	13119.256	127.81390	-335.0	0.0	2610.0	1.0000000
25	2750.0000	12850.000	169.50002	-360.0	0.0	2880.0	1.0000000
25	2750.0000	12950.000	169.50002	-360.0	0.0	2880.0	1.0000000
25	2750.0000	13050.000	169.50002	-360.0	0.0	2880.0	1.0000000
21	3050.0000	13250.000	169.49998	-360.0	0.0	2880.0	1.0000000
21	3050.0000	13000.000	169.49997	-360.0	0.0	2820.0	1.0000000
21	2950.0000	13150.000	169.50003	-360.0	0.0	2820.0	1.0000000
24	3150.0000	13100.000	169.50002	-360.0	0.0	2970.0	1.0000000
23	2750.0000	13150.000	169.50002	-720.0	0.0	3330.0	1.0000000
38	3026.2292	12911.717	169.49997	261.5	-13.6	2520.0	1.0000000
38	3062.8899	12850.731	169.50000	167.2	-569.7	2580.0	1.0000000
38	3027.3450	13008.728	169.49998	498.3	-851.5	2520.0	1.0000000
38	3139.1455	12853.341	169.49994	-504.0	-435.9	2580.0	1.0000000
38	3080.6663	12890.181	169.50000	-55.0	-64.1	2490.0	1.0000000
38	2889.9182	13024.986	169.49995	281.3	-70.2	2580.0	1.0000000
1	1750.0000	16350.000	169.49998	0.0	0.0	0.0	1.0000000
1	2050.0000	16350.000	169.49998	0.0	0.0	0.0	1.0000000
1	2350.0000	16350.000	169.49997	0.0	0.0	0.0	1.0000000
1	2650.0000	16350.000	169.50000	0.0	0.0	0.0	1.0000000
1	2950.0000	16350.000	169.49997	0.0	0.0	0.0	1.0000000
23	2650.0000	17150.000	171.07758	0.0	0.0	1080.0	1.0000000
23	2050.0000	17150.000	169.50003	0.0	0.0	1080.0	1.0000000
16	2750.0000	16950.000	169.49997	0.0	0.0	30.0	1.0000000
16	2650.0000	17050.000	171.85443	0.0	0.0	30.0	1.0000000
16	2750.0000	17150.000	183.76221	0.0	0.0	30.0	1.0000000
16	2700.0000	17100.000	180.15521	0.0	0.0	30.0	1.0000000
9	2650.0000	18300.000	175.26988	0.0	0.0	90.0	1.0000000
9	2650.0000	18500.000	174.62859	0.0	0.0	90.0	1.0000000
9	2504.1694	17848.014	175.90240	0.0	0.0	0.0	1.0000000
9	2305.4026	17847.760	175.78090	0.0	0.0	0.0	1.0000000
9	2052.7756	19096.592	179.83224	0.0	0.0	-90.0	1.0000000
4	2054.0767	18963.857	143.36287	0.0	0.0	90.0	1.0000000
4	2650.7888	18155.312	154.03882	0.0	0.0	90.0	1.0000000
4	2646.4260	18647.141	139.41965	0.0	0.0	90.0	1.0000000
4	2642.7119	17856.764	121.78622	0.0	0.0	90.0	1.0000000
4	2058.6333	17850.055	154.44366	0.0	0.0	90.0	1.0000000
22	2550.0000	17750.000	184.43925	0.0	0.0	1080.0	1.0000000
22	2050.0000	17650.000	174.91844	0.0	0.0	1080.0	1.0000000
22	2050.0000	17750.000	182.22359	0.0	0.0	1080.0	1.0000000
21	2650.0000	17650.000	173.88771	0.0	0.0	1080.0	1.0000000
21	2650.0000	18450.000	221.80206	0.0	0.0	1080.0	1.0000000
21	2750.0000	18450.000	178.75478	0.0	0.0	1140.0	1.0000000
24	1750.0000	17950.000	133.49997	0.0	0.0	90.0	1.0000000
24	2950.0000	17950.000	133.50000	0.0	0.0	90.0	1.0000000
24	2950.0000	18750.000	133.49998	0.0	0.0	90.0	1.0000000
16	2950.0000	17950.000	133.50000	-5.0	0.0	750.0	1.0000000
16	2950.0000	18750.000	133.50000	-5.0	0.0	720.0	1.0000000
16	1750.0000	17950.000	133.50000	-5.0	0.0	720.0	1.0000000
17	2550.0000	17850.000	204.59976	0.0	0.0	30.0	1.0000000
17	2450.0000	17750.000	197.31720	0.0	0.0	30.0	1.0000000
17	2550.0000	17650.000	169.70728	0.0	0.0	30.0	1.0000000
16	2450.0000	17850.000	214.90817	0.0	0.0	30.0	1.0000000
16	2450.0000	17750.000	188.20625	0.0	0.0	30.0	1.0000000
16	2650.0000	17750.000	172.34439	0.0	0.0	30.0	1.0000000
16	2750.0000	17650.000	195.09572	0.0	0.0	30.0	1.0000000
16	2550.0000	17850.000	220.34581	0.0	0.0	30.0	1.0000000
34	1721.1912	17911.355	23.50005	0.0	0.0	690.0	1.0000000
34	1794.0065	17915.012	23.50000	0.0	0.0	750.0	1.0000000
34	1884.5522	17914.900	23.50006	0.0	0.0	750.0	1.0000000
34	1616.8843	17926.418	23.50002	0.0	0.0	690.0	1.0000000
34	2886.4812	17923.312	23.50002	0.0	0.0	690.0	1.0000000
34	2905.8755	18046.203	23.50006	0.0	0.0	570.0	1.0000000
34	3043.3635	17932.184	23.50003	0.0	0.0	690.0	1.0000000
34	3116.0308	17922.938	23.50008	0.0	0.0	750.0	1.0000000
34	2752.2666	17954.436	23.50003	0.0	0.0	630.0	1.0000000
34	2903.9407	18739.354	23.50006	0.0	0.0	690.0	1.0000000
34	2742.5142	18787.168	23.50000	0.0	0.0	660.0	1.0000000
34	2909.9153	18840.918	23.50003	0.0	0.0	510.0	1.0000000
34	3087.9934	18721.021	23.50003	0.0	0.0	690.0	1.0000000
34	2759.4492	18844.219	23.50003	0.0	0.0	600.0	1.0000000
35	2947.2556	18760.406	23.50005	0.0	0.0	960.0	1.0000000
16	1650.0000	17950.000	133.50002	-5.0	0.0	420.0	1.0000000
16	1750.0000	17850.000	138.10576	-5.0	0.0	420.0	1.0000000
16	1850.0000	17950.000	133.49997	-5.0	0.0	420.0	1.0000000
16	2750.0000	17950.000	133.50002	-5.0	0.0	420.0	1.0000000
16	2850.0000	18050.000	133.49998	-5.0	0.0	420.0	1.0000000
16	2950.0000	17950.000	133.49995	-5.0	0.0	420.0	1.0000000
16	3050.0000	17950.000	133.50002	-5.0	0.0	420.0	1.0000000
16	2850.0000	18750.000	133.50003	-5.0	0.0	420.0	1.0000000
16	2750.0000	18850.000	133.50000	-5.0	0.0	420.0	1.0000000
16	2950.0000	18750.000	133.50002	-5.0	0.0	420.0	1.0000000
16	3050.0000	18750.000	133.49998	-5.0	0.0	420.0	1.0000000
9	2650.0000	19900.000	175.41843	0.0	0.0	90.0	1.0000000
9	2650.0000	20100.000	174.36749	0.0	0.0	90.0	1.0000000
10	2551.8167	19748.748	176.25510	0.0	0.0	0.0	1.0000000
9	2401.7783	19747.883	175.84000	0.0	0.0	0.0	1.0000000
9	2200.8455	19748.174	175.98001	0.0	0.0	0.0	1.0000000
9	2055.4116	20796.779	181.09750	0.0	0.0	-90.0	1.0000000
9	2051.9917	19296.250	179.45592	0.0	0.0	-90.0	1.0000000
4	2650.0000	20250.000	168.62231	0.0	0.0	90.0	1.0000000
4	2053.5413	19755.939	140.48857	0.0	0.0	90.0	1.0000000
4	2648.6216	19755.031	133.49384	0.0	0.0	90.0	1.0000000
4	2046.5352	19445.836	130.75273	0.0	0.0	90.0	1.0000000
4	2055.9944	20552.871	141.45259	0.0	0.0	90.0	1.0000000
21	2250.0000	19750.000	218.00548	0.0	0.0	1080.0	1.0000000
21	2050.0000	19250.000	224.34598	0.0	0.0	1080.0	1.0000000
24	2850.0000	19550.000	133.50000	0.0	0.0	90.0	1.0000000
24	1850.0000	19550.000	133.50002	0.0	0.0	90.0	1.0000000
16	1850.0000	19550.000	133.49998	-5.0	0.0	720.0	1.0000000
10	2106.0518	20610.781	166.62729	0.0	0.0	60.0	1.0000000
36	3051.7805	20354.117	39.47870	0.0	0.0	0.0	1.0000000
34	2861.1455	19542.297	39.47870	0.0	0.0	0.0	1.0000000
34	2768.1189	19578.936	39.47868	0.0	0.0	-90.0	1.0000000
34	2861.7134	19644.549	39.47868	0.0	0.0	-180.0	1.0000000
16	2794.4390	19530.291	141.16716	-5.0	0.0	1830.0	1.0000000
16	2877.3640	19598.723	149.55403	-5.0	0.0	1860.0	1.0000000
16	2763.3657	19640.020	130.97450	-5.0	0.0	1860.0	1.0000000
24	3071.8901	20351.406	133.50000	0.0	0.0	90.0	1.0000000
36	3107.2480	20373.012	18.50002	0.0	0.0	120.0	1.0000000
35	3034.3765	20427.826	18.50003	0.0	0.0	210.0	1.0000000
34	3091.1597	20337.555	18.50000	0.0	0.0	360.0	1.0000000
16	2950.0000	20350.000	133.49997	0.0	0.0	360.0	1.0000000
16	3150.0000	20350.000	133.50003	0.0	0.0	360.0	1.0000000
16	2950.0000	20450.000	133.50002	0.0	0.0	360.0	1.0000000
16	3015.9790	20303.426	117.01649	0.0	0.0	360.0	1.0000000
16	3118.8757	20428.410	133.50006	0.0	0.0	360.0	1.0000000
36	1849.9703	19551.471	23.50006	0.0	0.0	810.0	1.0000000
34	1800.8923	19533.297	23.50000	0.0	0.0	690.0	1.0000000
34	1896.7089	19525.117	23.50006	0.0	0.0	750.0	1.0000000
16	1784.1040	19581.906	133.50003	-5.0	0.0	720.0	1.0000000
36	1761.1676	19587.629	8.50000	-5.0	0.0	330.0	1.0000000
16	1850.0000	19550.000	133.50000	-5.0	0.0	420.0	1.0000000
16	1750.0000	19550.000	133.49998	-5.0	0.0	420.0	1.0000000
9	2053.2466	20995.264	180.05829	0.0	0.0	-90.0	1.0000000
9	2056.2612	22396.752	181.50534	0.0	0.0	-90.0	1.0000000
4	2649.9197	22254.822	154.45599	0.0	0.0	90.0	1.0000000
4	2054.7388	21148.275	156.69205	0.0	0.0	90.0	1.0000000
4	2059.1997	22255.254	144.14520	0.0	0.0	90.0	1.0000000
16	3050.0000	21050.000	220.12408	-5.0	0.0	1830.0	1.0000000
16	2950.0000	21050.000	217.96951	-5.0	0.0	1830.0	1.0000000
16	2950.0000	20950.000	217.50003	-5.0	0.0	1830.0	1.0000000
16	3150.0000	21350.000	217.50404	-5.0	0.0	1890.0	1.0000000
16	3150.0000	21500.000	217.50003	-5.0	0.0	1830.0	1.0000000
16	3100.0000	21600.000	217.49998	-5.0	0.0	1830.0	1.0000000
16	2950.0000	21150.000	231.52794	-5.0	0.0	1830.0	1.0000000
16	2850.0000	21150.000	217.49998	-5.0	0.0	1830.0	1.0000000
16	2950.0000	21250.000	224.41495	-5.0	0.0	1830.0	1.0000000
16	2900.0000	21100.000	221.36800	-5.0	0.0	1830.0	1.0000000
16	3000.0000	21150.000	222.09570	-5.0	0.0	1830.0	1.0000000
22	2150.0000	21050.000	226.27145	0.0	0.0	1080.0	1.0000000
16	2550.0000	21450.000	225.24586	0.0	0.0	30.0	1.0000000
16	2550.0000	21350.000	222.94649	0.0	0.0	30.0	1.0000000
37	2690.6904	20908.178	238.50003	0.0	0.0	180.0	1.0000000
37	2705.1377	21587.896	233.50006	0.0	0.0	0.0	1.0000000
24	1717.9150	21291.846	133.50003	0.0	0.0	90.0	1.0000000
16	1736.4186	21280.902	133.50003	-5.0	0.0	720.0	1.0000000
34	1601.3390	22127.959	8.49994	-5.0	0.0	450.0	1.0000000
34	1755.6271	21242.547	8.49994	-5.0	0.0	330.0	1.0000000
36	1732.6602	21324.070	8.49997	-5.0	0.0	390.0	1.0000000
16	1650.0000	22050.000	133.50000	-5.0	0.0	420.0	1.0000000
16	1650.0000	21250.000	133.50002	-5.0	0.0	420.0	1.0000000
16	1750.0000	21250.000	133.49997	-5.0	0.0	420.0	1.0000000
16	1850.0000	21250.000	133.49998	-5.0	0.0	420.0	1.0000000
38	2294.1379	21997.393	225.13170	205.8	392.6	2610.0	1.0000000
38	2186.4868	22046.488	218.43600	88.8	-265.9	2550.0	1.0000000
38	2174.0364	22095.082	217.49995	-86.0	-284.9	2550.0	1.0000000
38	2188.6294	22169.322	217.50000	-120.2	-66.6	2550.0	1.0000000
38	2188.0730	22069.951	217.50000	-445.3	-416.3	2580.0	1.0000000
38	2185.3623	21900.791	218.30688	-1217.3	-608.5	2610.0	1.0000000
38	2164.5276	22079.137	218.10962	467.9	-84.6	2550.0	1.0000000
38	2188.6672	22094.070	217.50002	192.5	205.0	2550.0	1.0000000
38	2271.9231	21959.666	232.20526	186.2	186.1	2550.0	1.0000000
38	2115.5676	22185.447	217.49998	385.3	-276.9	2580.0	1.0000000
38	2203.0059	22257.238	217.95619	268.3	81.0	2580.0	1.0000000
19	2706.4602	21593.205	132.49783	0.0	0.0	-180.0	1.0000000
19	2707.8938	20891.469	130.38817	0.0	0.0	0.0	1.0000000
9	2650.0000	22400.000	176.19054	0.0	0.0	90.0	1.0000000
9	2650.0000	22600.000	176.11151	0.0	0.0	90.0	1.0000000
9	2650.0000	23200.000	173.84647	0.0	0.0	90.0	1.0000000
9	2650.0000	23400.000	175.12378	0.0	0.0	90.0	1.0000000
10	2156.6870	23544.924	179.29263	0.0	0.0	-180.0	1.0000000
9	2302.7476	23542.295	180.55421	0.0	0.0	-180.0	1.0000000
9	2498.4497	23547.793	177.91519	0.0	0.0	-180.0	1.0000000
9	2055.8787	22596.727	181.32166	0.0	0.0	-90.0	1.0000000
4	2647.0693	23546.334	139.14384	0.0	0.0	90.0	1.0000000
4	2651.4727	23053.588	153.71046	0.0	0.0	90.0	1.0000000
4	2642.9182	22746.438	142.36612	0.0	0.0	90.0	1.0000000
4	2053.9570	22745.111	156.31676	0.0	0.0	90.0	1.0000000
4	2062.6721	23539.775	159.32565	0.0	0.0	90.0	1.0000000
22	2150.0000	23650.000	179.87135	0.0	0.0	1080.0	1.0000000
22	2250.0000	23550.000	209.55331	0.0	0.0	1080.0	1.0000000
22	2650.0000	23150.000	218.55090	0.0	0.0	1080.0	1.0000000
22	2750.0000	23150.000	170.27185	0.0	0.0	1080.0	1.0000000
24	1750.0000	23650.000	133.50002	0.0	0.0	90.0	1.0000000
24	3150.0000	22850.000	133.49998	0.0	0.0	90.0	1.0000000
24	2950.0000	23750.000	133.49997	0.0	0.0	90.0	1.0000000
16	1750.0000	23650.000	133.49997	-5.0	0.0	720.0	1.0000000
17	2950.0000	23750.000	133.49998	-5.0	0.0	720.0	1.0000000
16	2950.0000	23750.000	133.49998	0.0	0.0	30.0	1.0000000
16	2850.0000	23650.000	133.49997	0.0	0.0	30.0	1.0000000
16	2750.0000	23750.000	133.50000	0.0	0.0	30.0	1.0000000
16	3150.0000	22850.000	133.49997	0.0	0.0	30.0	1.0000000
16	1666.2952	23672.172	133.49992	-5.0	0.0	720.0	1.0000000
34	2959.0649	23759.641	28.49998	-5.0	0.0	870.0	1.0000000
34	3149.0957	22819.709	28.50005	-5.0	0.0	1080.0	1.0000000
34	3136.4482	22954.385	28.49998	-5.0	0.0	900.0	1.0000000
16	3181.4634	22899.037	133.49997	-5.0	0.0	720.0	1.0000000
24	1715.7654	22878.615	133.50005	0.0	0.0	90.0	1.0000000
16	1729.4963	22855.668	133.49994	-5.0	0.0	720.0	1.0000000
34	1697.1273	23626.768	38.49991	-5.0	0.0	660.0	1.0000000
34	1748.3817	22874.326	8.49992	-5.0	0.0	450.0	1.0000000
36	1666.5601	22841.854	-1.50006	-5.0	0.0	330.0	1.0000000
36	1693.7528	22928.250	18.49997	-5.0	0.0	540.0	1.0000000
36	1656.0687	23702.238	18.49992	-5.0	0.0	330.0	1.0000000
36	1775.7649	23654.529	18.49997	-5.0	0.0	420.0	1.0000000
16	1650.0000	23650.000	133.50003	-5.0	0.0	420.0	1.0000000
16	1750.0000	23750.000	133.50000	-5.0	0.0	420.0	1.0000000
16	1750.0000	22850.000	133.50002	-5.0	0.0	420.0	1.0000000
16	1650.0000	22850.000	133.49997	-5.0	0.0	420.0	1.0000000
16	1650.0000	22950.000	133.50002	-5.0	0.0	420.0	1.0000000
16	2903.8284	23715.936	133.50003	-5.0	0.0	720.0	1.0000000
16	3050.0000	22950.000	133.49998	-5.0	0.0	720.0	1.0000000
38	2112.8442	23386.699	220.30753	188.5	-495.5	2520.0	1.0000000
38	2020.5320	23319.812	218.17169	-46.5	-943.9	2610.0	1.0000000
38	2131.1807	23175.746	217.49998	-1036.3	-172.0	2550.0	1.0000000
38	1913.5929	23466.926	218.37010	655.0	-2048.0	2520.0	1.0000000
38	2104.5066	23393.117	221.02779	-229.1	-632.1	2580.0	1.0000000
38	2020.9587	23314.561	217.50002	53.6	-1883.4	2580.0	1.0000000
38	2144.4424	23477.062	220.46339	368.9	49.3	2520.0	1.0000000
38	2207.6252	23326.250	217.49998	684.4	-34.9	2580.0	1.0000000
38	2194.9670	23597.705	223.46111	1659.5	-219.8	2550.0	1.0000000
38	2209.2954	23529.633	225.28546	469.7	-175.5	2550.0	1.0000000
38	2283.3862	23380.543	219.39568	17.7	467.3	2550.0	1.0000000
1	2850.0000	25150.000	169.49997	0.0	0.0	0.0	1.0000000
1	2550.0000	25150.000	169.49997	0.0	0.0	0.0	1.0000000
1	2250.0000	25150.000	169.50003	0.0	0.0	0.0	1.0000000
5	3000.0000	25150.000	170.59779	-5.0	0.0	780.0	1.0000000
26	3100.0000	24900.000	179.99872	-5.0	0.0	690.0	1.0000000
27	3171.3049	25173.906	176.07935	-5.0	0.0	870.0	1.0000000
30	3032.2144	25057.518	124.93042	-5.0	0.0	780.0	1.0000000
32	3037.2402	25082.307	229.03593	-5.0	0.0	1050.0	1.0000000
31	2934.2656	25037.338	93.29536	-25.0	0.0	960.0	1.0000000
22	2900.0000	24900.000	171.57950	10.0	0.0	1290.0	1.0000000
22	2900.0000	25050.000	189.92712	10.0	0.0	1380.0	1.0000000
21	2850.0000	25050.000	192.56329	10.0	0.0	1410.0	1.0000000
14	2750.0000	25100.000	193.14062	50.0	0.0	1380.0	1.0000000
15	2800.0000	24950.000	177.07455	85.0	0.0	1800.0	1.0000000
25	2150.0000	24350.000	169.50002	-360.0	0.0	2970.0	1.0000000
25	2250.0000	24350.000	169.50000	-360.0	0.0	2970.0	1.0000000
25	2350.0000	24350.000	169.50002	-360.0	0.0	2970.0	1.0000000
40	1857.3558	25044.789	191.39478	0.0	0.0	0.0	1.0000000
4	2147.1829	25046.807	180.06540	0.0	0.0	0.0	1.0000000
6	2150.5103	24902.436	169.71924	0.0	0.0	90.0	1.0000000
10	2152.1396	24847.234	189.50003	0.0	0.0	-90.0	1.0000000
12	2214.1929	25059.164	184.57120	0.0	0.0	90.0	1.0000000
16	2271.4824	24960.828	179.15019	0.0	0.0	90.0	1.0000000
17	2102.0591	24764.117	165.97815	0.0	0.0	60.0	1.0000000
17	1607.0369	24804.842	170.83925	0.0	0.0	90.0	1.0000000
18	1650.9365	25145.424	171.04253	0.0	0.0	0.0	1.0000000
18	1942.3665	25154.428	162.49030	0.0	0.0	0.0	1.0000000
6	3200.0000	750.000	169.49998	0.0	0.0	-180.0	1.0000000
1	3250.0000	350.000	169.50002	0.0	0.0	0.0	1.0000000
1	3550.0000	350.000	169.50002	0.0	0.0	0.0	1.0000000
1	3850.0000	350.000	169.49998	0.0	0.0	0.0	1.0000000
1	4150.0000	350.000	169.50002	0.0	0.0	0.0	1.0000000
1	4450.0000	350.000	169.49997	0.0	0.0	0.0	1.0000000
1	4750.0000	350.000	169.50000	0.0	0.0	0.0	1.0000000
5	4250.0000	1350.000	169.49997	0.0	0.0	2610.0	1.0000000
5	3450.0000	1350.000	169.49997	0.0	0.0	2610.0	1.0000000
8	4250.0000	1450.000	169.50003	0.0	0.0	2610.0	1.0000000
8	3450.0000	450.000	169.49998	0.0	0.0	2610.0	1.0000000
6	3450.0000	600.000	169.49997	0.0	0.0	2610.0	1.0000000
6	3450.0000	800.000	169.49998	0.0	0.0	2610.0	1.0000000
6	3450.0000	1000.000	169.50000	0.0	0.0	2610.0	1.0000000
6	3450.0000	1200.000	169.49998	0.0	0.0	2610.0	1.0000000
5	3450.0000	450.000	169.50002	0.0	0.0	2520.0	1.0000000
5	3450.0000	850.000	169.50005	0.0	0.0	2520.0	1.0000000
6	3600.0000	750.000	169.50000	0.0	0.0	-180.0	1.0000000
6	3800.0000	750.000	169.50002	0.0	0.0	-180.0	1.0000000
6	4000.0000	750.000	169.50000	0.0	0.0	-180.0	1.0000000
6	4200.0000	750.000	169.50005	0.0	0.0	-180.0	1.0000000
6	4400.0000	750.000	169.50003	0.0	0.0	-180.0	1.0000000
6	4600.0000	750.000	169.50003	0.0	0.0	-180.0	1.0000000
6	3350.0000	750.000	169.49998	0.0	0.0	-180.0	1.0000000
38	3582.3547	1165.432	169.49998	299.6	-484.7	90.0	1.0000000
38	3488.2627	1271.426	169.49997	461.2	-1364.7	30.0	1.0000000
38	3595.8940	1049.544	169.93755	-111.2	-97.4	30.0	1.0000000
38	3661.6238	1333.575	169.49995	431.6	317.7	90.0	1.0000000
38	3498.2617	1324.077	169.49994	614.6	-877.1	90.0	1.0000000
38	3634.9907	1337.586	171.94946	123.9	476.9	30.0	1.0000000
38	3635.2019	1348.032	169.49998	30.0	274.8	90.0	1.0000000
38	3484.7102	1343.220	169.49994	822.0	-1369.1	90.0	1.0000000
38	3556.7468	1216.526	169.49998	-69.9	44.9	30.0	1.0000000
38	3546.7278	1162.179	169.49994	-167.5	-743.0	60.0	1.0000000
38	3577.5706	1144.853	169.49994	-291.0	93.0	120.0	1.0000000
38	3636.2822	1361.568	169.49998	-62.2	171.2	120.0	1.0000000
38	3667.6438	1312.297	169.49995	0.0	0.0	60.0	1.0000000
38	3694.1245	1274.516	169.49994	121.5	-53.9	60.0	1.0000000
38	3755.4756	1290.247	169.49995	91.5	199.8	150.0	1.0000000
38	3484.1995	1302.247	177.87534	-284.4	-723.9	90.0	1.0000000
38	3581.9575	1114.694	169.49997	-74.5	-140.1	30.0	1.0000000
38	3694.8052	1197.711	169.49994	241.3	164.3	60.0	1.0000000
38	3703.7522	1226.708	169.49998	115.4	195.9	120.0	1.0000000
38	3576.1536	1059.399	178.52531	228.7	95.2	60.0	1.0000000
38	3580.4180	1123.256	169.66339	379.5	-920.1	60.0	1.0000000
38	3642.1184	886.440	169.49995	-598.6	-167.3	120.0	1.0000000
38	3629.0825	1034.095	170.25195	224.3	-33.3	60.0	1.0000000
38	3709.1990	1203.281	169.49998	-70.4	-315.6	0.0	1.0000000
38	3788.7983	1235.494	169.49998	-130.9	213.6	90.0	1.0000000
38	3768.6824	1006.929	169.50000	-1016.1	449.4	90.0	1.0000000
38	3721.8252	1167.367	169.49997	86.8	-59.4	120.0	1.0000000
38	3754.7517	998.794	169.49991	-713.3	249.5	60.0	1.0000000
6	4250.0000	1600.000	169.50000	0.0	0.0	2610.0	1.0000000
5	4250.0000	2950.000	169.49997	0.0	0.0	2610.0	1.0000000
5	4250.0000	2150.000	169.49997	0.0	0.0	2610.0	1.0000000
5	3450.0000	2150.000	169.49997	0.0	0.0	2610.0	1.0000000
5	3450.0000	2950.000	169.49997	0.0	0.0	2610.0	1.0000000
6	3450.0000	2800.000	169.49998	0.0	0.0	2610.0	1.0000000
6	3450.0000	2600.000	169.50000	0.0	0.0	2610.0	1.0000000
6	3450.0000	2400.000	169.49998	0.0	0.0	2610.0	1.0000000
6	4250.0000	2000.000	169.49998	0.0	0.0	2610.0	1.0000000
6	4250.0000	1800.000	169.50000	0.0	0.0	2610.0	1.0000000
8	3450.0000	2250.000	169.50000	0.0	0.0	2610.0	1.0000000
8	4250.0000	3050.000	169.50000	0.0	0.0	2610.0	1.0000000
38	4396.9331	3164.030	170.50647	-225.5	175.1	30.0	1.0000000
38	4400.2847	3089.623	169.49997	-542.5	-218.3	90.0	1.0000000
38	4407.6323	3164.144	169.50000	-307.5	-24.6	30.0	1.0000000
38	4779.5200	3168.024	170.80415	0.0	0.0	0.0	1.0000000
38	4742.8037	3179.784	169.49995	-309.3	-200.4	60.0	1.0000000
38	4639.8105	3162.254	169.49997	-778.9	-607.3	30.0	1.0000000
6	3200.0000	4550.000	169.49998	0.0	0.0	2520.0	1.0000000
6	4250.0000	3200.000	169.50002	0.0	0.0	2610.0	1.0000000
5	4250.0000	4550.000	169.49997	0.0	0.0	2610.0	1.0000000
5	4250.0000	3750.000	169.49997	0.0	0.0	2610.0	1.0000000
5	3450.0000	3750.000	169.49997	0.0	0.0	2610.0	1.0000000
5	3450.0000	4550.000	169.49997	0.0	0.0	2610.0	1.0000000
6	4250.0000	4700.000	169.50000	0.0	0.0	2610.0	1.0000000
6	4250.0000	3600.000	169.50002	0.0	0.0	2610.0	1.0000000
6	4250.0000	3400.000	169.50000	0.0	0.0	2610.0	1.0000000
8	3350.0000	4550.000	169.50002	0.0	0.0	2520.0	1.0000000
6	4400.0000	3750.000	169.50000	0.0	0.0	2520.0	1.0000000
6	4600.0000	3750.000	169.50000	0.0	0.0	2520.0	1.0000000
5	4650.0000	3750.000	169.49998	0.0	0.0	2520.0	1.0000000
5	4250.0000	3350.000	169.50002	0.0	0.0	2520.0	1.0000000
6	3450.0000	3900.000	169.50005	0.0	0.0	2610.0	1.0000000
6	3450.0000	4100.000	169.50003	0.0	0.0	2610.0	1.0000000
6	3450.0000	4300.000	169.50000	0.0	0.0	2610.0	1.0000000
8	3450.0000	4450.000	169.50002	0.0	0.0	2610.0	1.0000000
38	4515.8804	3411.312	169.49994	0.0	0.0	60.0	1.0000000
38	4494.5132	3391.480	169.50000	-204.4	166.9	0.0	1.0000000
38	4283.4497	3302.900	169.49998	-339.9	-1499.7	60.0	1.0000000
38	4379.9995	3444.843	169.49998	-465.9	-1223.1	150.0	1.0000000
38	4582.1665	3495.761	169.49994	0.0	0.0	90.0	1.0000000
38	4378.6211	3463.349	169.49995	-69.9	-267.7	0.0	1.0000000
38	4380.7642	3392.298	169.49998	-660.1	-970.5	90.0	1.0000000
38	4379.5801	3544.765	169.49995	253.3	-840.6	0.0	1.0000000
38	4559.0898	3561.258	169.50000	0.0	0.0	90.0	1.0000000
38	4645.2549	3514.933	169.49997	0.0	0.0	0.0	1.0000000
38	4585.3989	3516.351	169.50000	611.5	57.7	60.0	1.0000000
38	4548.9116	3542.243	169.49998	259.5	131.1	180.0	1.0000000
38	4602.2979	3532.273	169.49998	0.0	0.0	30.0	1.0000000
38	4617.8179	3587.609	169.49997	0.0	0.0	-60.0	1.0000000
38	4391.1826	3366.848	169.49997	-161.8	-220.6	30.0	1.0000000
38	4277.8970	3268.824	169.49994	-288.6	-1283.6	60.0	1.0000000
38	4415.0288	3211.253	169.49994	-270.7	21.6	60.0	1.0000000
38	4706.2266	3545.682	169.49997	-234.2	68.0	30.0	1.0000000
38	4510.1465	3323.339	169.50000	-145.0	225.6	30.0	1.0000000
38	4381.3301	3396.768	169.50000	-207.9	-340.6	90.0	1.0000000
38	4506.5059	3611.124	171.60623	116.5	245.9	30.0	1.0000000
38	4769.3496	3571.959	169.49997	-335.3	102.6	30.0	1.0000000
38	4377.1807	3567.442	177.59311	0.0	0.0	30.0	1.0000000
38	4683.7949	3423.897	169.49994	655.4	109.3	60.0	1.0000000
38	4574.1963	3281.534	169.49998	0.0	0.0	-30.0	1.0000000
38	4699.4922	3384.978	169.49994	0.0	0.0	90.0	1.0000000
38	4770.5112	3348.463	169.49997	0.0	0.0	120.0	1.0000000
38	4598.7979	3304.674	169.49992	-55.5	-292.7	30.0	1.0000000
38	4285.0347	3218.969	169.49998	-557.2	-1038.4	30.0	1.0000000
38	4359.3735	3403.343	172.54700	0.0	0.0	60.0	1.0000000
38	4516.1978	3600.800	169.58400	0.0	0.0	60.0	1.0000000
38	4374.3794	3621.149	176.63113	393.0	-480.5	0.0	1.0000000
38	4599.9902	3301.519	169.49992	140.5	-788.8	0.0	1.0000000
38	4589.6538	3272.134	169.49992	233.7	-1517.7	60.0	1.0000000
38	4526.6929	3324.494	169.49998	0.0	0.0	0.0	1.0000000
38	4592.5991	4306.770	169.49998	0.0	0.0	60.0	1.0000000
38	4535.2798	4303.097	169.49998	0.0	0.0	0.0	1.0000000
38	4535.9468	4351.914	169.49995	0.0	0.0	60.0	1.0000000
38	4489.7651	4401.944	169.49998	0.0	0.0	120.0	1.0000000
38	4425.6753	4400.107	169.49998	0.0	0.0	60.0	1.0000000
38	4438.5103	4315.163	169.50000	0.0	0.0	0.0	1.0000000
38	4320.6533	4381.521	169.49994	0.0	0.0	60.0	1.0000000
38	4390.8657	4492.206	169.49995	0.0	0.0	30.0	1.0000000
38	4340.8896	4458.093	169.49998	0.0	0.0	90.0	1.0000000
38	4425.0996	4548.696	169.50000	0.0	0.0	30.0	1.0000000
38	4281.7334	4485.324	169.49995	160.0	250.6	30.0	1.0000000
38	4256.4204	4373.624	169.49998	0.0	0.0	30.0	1.0000000
38	4374.4111	4392.907	169.49995	0.0	0.0	30.0	1.0000000
38	4376.0161	4318.978	169.49998	0.0	0.0	30.0	1.0000000
38	4453.6064	4457.264	169.49997	0.0	0.0	60.0	1.0000000
38	4384.0234	4579.355	169.49995	181.5	219.5	60.0	1.0000000
38	4287.2061	4399.052	169.49997	-161.1	214.9	0.0	1.0000000
38	4195.2905	4494.675	169.49997	163.9	205.7	0.0	1.0000000
38	4420.4272	4509.196	169.49997	0.0	0.0	60.0	1.0000000
38	4437.2070	4368.896	169.50000	0.0	0.0	60.0	1.0000000
38	4427.3457	4287.905	169.49995	0.0	0.0	0.0	1.0000000
38	4542.5146	4387.168	169.49994	0.0	0.0	30.0	1.0000000
38	4405.4390	4625.682	173.78937	214.7	206.4	90.0	1.0000000
38	4374.1934	4494.605	169.49997	-43.8	246.6	0.0	1.0000000
38	4243.6689	4476.193	169.50000	109.0	219.1	30.0	1.0000000
12	4350.0000	3650.000	176.31339	0.0	0.0	30.0	1.0000000
38	4798.1606	3523.167	169.49994	-164.2	-374.7	30.0	1.0000000
1	4350.0000	6150.000	169.50000	0.0	0.0	0.0	1.0000000
1	3750.0000	6150.000	169.49997	0.0	0.0	0.0	1.0000000
1	3450.0000	6150.000	169.49998	0.0	0.0	0.0	1.0000000
5	4250.0000	5350.000	169.49997	0.0	0.0	2610.0	1.0000000
5	3450.0000	5350.000	169.49997	0.0	0.0	2610.0	1.0000000
6	4250.0000	4900.000	169.49998	0.0	0.0	2610.0	1.0000000
6	4250.0000	5100.000	169.50002	0.0	0.0	2610.0	1.0000000
8	4250.0000	5250.000	169.50000	0.0	0.0	2610.0	1.0000000
6	3300.0000	5350.000	169.50003	0.0	0.0	2520.0	1.0000000
6	3450.0000	5500.000	169.49998	0.0	0.0	2610.0	1.0000000
6	3450.0000	5700.000	169.50003	0.0	0.0	2610.0	1.0000000
6	3450.0000	5900.000	169.50000	0.0	0.0	2610.0	1.0000000
8	3450.0000	6050.000	169.50002	0.0	0.0	2610.0	1.0000000
5	3450.0000	5750.000	169.50002	0.0	0.0	2520.0	1.0000000
5	4250.0000	4950.000	169.50002	0.0	0.0	2520.0	1.0000000
6	3300.0000	5850.000	169.49997	0.0	0.0	0.0	1.0000000
18	4650.0000	6150.000	169.50000	0.0	0.0	1800.0	1.0000000
18	4050.0000	6150.000	169.50003	0.0	0.0	1800.0	1.0000000
38	4738.2744	5426.489	169.49994	24.9	-253.6	0.0	1.0000000
38	4726.0840	5435.320	169.49997	422.3	188.1	0.0	1.0000000
38	4712.8159	5498.188	169.50000	64.6	422.3	0.0	1.0000000
38	4702.3452	5503.858	169.49997	474.3	237.3	30.0	1.0000000
38	4693.6045	5857.639	169.49997	846.8	-92.5	60.0	1.0000000
38	4620.0659	5956.587	169.49995	1066.0	-172.7	60.0	1.0000000
38	4564.6533	5847.513	169.49995	521.0	-682.2	30.0	1.0000000
38	4532.9966	5863.289	169.49995	167.2	-561.3	0.0	1.0000000
38	4623.5459	5785.701	169.49997	-370.2	-691.6	90.0	1.0000000
38	4502.7437	5813.313	169.49998	236.3	-810.7	0.0	1.0000000
38	4528.0669	5804.102	169.49994	446.1	-949.7	0.0	1.0000000
38	4712.8374	5499.523	169.49994	282.1	-177.6	60.0	1.0000000
38	4744.8467	5429.714	169.49998	330.6	-5.7	30.0	1.0000000
38	4592.3496	5506.712	169.49994	-29.4	44.6	60.0	1.0000000
38	4318.9067	5506.126	169.49994	-154.9	-1423.4	60.0	1.0000000
38	4532.0703	5623.739	169.49995	276.6	-82.2	0.0	1.0000000
38	4547.0957	5649.876	169.50000	-59.2	541.5	90.0	1.0000000
38	4520.5981	5834.375	169.49997	241.9	60.8	30.0	1.0000000
38	4433.3242	5997.682	169.50000	1464.2	-862.5	90.0	1.0000000
38	4406.7212	5805.476	169.49995	-343.0	-528.2	0.0	1.0000000
38	4464.7939	5608.846	169.50000	190.9	329.4	30.0	1.0000000
38	4379.0249	5676.858	169.50000	495.0	-271.9	120.0	1.0000000
38	4340.9033	5509.969	169.50000	-131.3	-193.4	90.0	1.0000000
38	4607.9800	5691.126	169.49998	230.5	-201.8	30.0	1.0000000
38	4621.4180	5682.718	169.49997	-219.3	25.9	90.0	1.0000000
38	4524.1846	5727.739	169.49995	-7.4	65.2	60.0	1.0000000
38	4397.5117	5827.484	169.49998	553.4	-260.0	0.0	1.0000000
38	4377.0361	5828.713	169.50000	-541.8	-108.1	60.0	1.0000000
38	4303.8521	5832.860	169.50000	-772.1	-271.6	0.0	1.0000000
38	4203.5576	5994.622	169.50000	300.3	-1175.1	90.0	1.0000000
38	4224.9380	6003.463	169.49998	40.0	-308.8	30.0	1.0000000
38	4188.5146	6127.415	172.02809	834.6	-235.2	90.0	1.0000000
38	4385.5430	6026.735	169.50000	429.9	-191.4	30.0	1.0000000
38	4456.2275	5966.651	169.49995	-93.4	-434.6	-30.0	1.0000000
38	4575.7959	5996.205	169.49995	471.9	186.7	60.0	1.0000000
38	4626.8228	6097.102	170.98090	803.9	373.7	0.0	1.0000000
38	4467.4531	5695.686	169.49995	-211.7	58.3	60.0	1.0000000
38	4391.6665	5813.820	169.49994	-146.8	179.1	60.0	1.0000000
38	4563.0884	5501.611	169.50000	191.9	147.7	60.0	1.0000000
38	4386.1494	5601.252	169.49995	189.1	146.3	0.0	1.0000000
38	4730.9287	5840.750	169.49995	-191.6	-76.3	30.0	1.0000000
38	4683.8281	5946.233	169.49995	-46.7	-118.4	30.0	1.0000000
1	3250.0000	8350.000	169.49998	0.0	0.0	0.0	1.0000000
1	3550.0000	8350.000	169.50003	0.0	0.0	0.0	1.0000000
1	3850.0000	8350.000	169.50000	0.0	0.0	0.0	1.0000000
1	4150.0000	8350.000	169.49997	0.0	0.0	0.0	1.0000000
1	4450.0000	8350.000	169.50003	0.0	0.0	0.0	1.0000000
1	4750.0000	8350.000	169.49997	0.0	0.0	0.0	1.0000000
5	3850.0000	8950.000	169.50002	0.0	0.0	2610.0	1.0000000
5	3850.0000	9350.000	169.49998	0.0	0.0	2610.0	1.0000000
6	4700.0000	9350.000	169.50000	0.0	0.0	2520.0	1.0000000
6	4500.0000	9350.000	169.50000	0.0	0.0	2520.0	1.0000000
6	4300.0000	9350.000	169.50002	0.0	0.0	2520.0	1.0000000
6	4100.0000	9350.000	169.49998	0.0	0.0	2520.0	1.0000000
6	4700.0000	8950.000	169.50003	0.0	0.0	2520.0	1.0000000
6	4500.0000	8950.000	169.50002	0.0	0.0	2520.0	1.0000000
6	4300.0000	8950.000	169.50002	0.0	0.0	2520.0	1.0000000
6	3700.0000	9350.000	169.49998	0.0	0.0	2520.0	1.0000000
6	3300.0000	9350.000	169.49998	0.0	0.0	2520.0	1.0000000
5	3450.0000	8950.000	169.50000	0.0	0.0	2610.0	1.0000000
6	3300.0000	8950.000	169.50002	0.0	0.0	2520.0	1.0000000
5	3450.0000	9350.000	169.49997	0.0	0.0	2610.0	1.0000000
6	3700.0000	8950.000	169.49998	0.0	0.0	2520.0	1.0000000
8	3950.0000	9350.000	169.49997	0.0	0.0	2520.0	1.0000000
8	3950.0000	8950.000	169.49997	0.0	0.0	2520.0	1.0000000
8	3550.0000	9350.000	169.49998	0.0	0.0	2520.0	1.0000000
8	3550.0000	8950.000	169.49998	0.0	0.0	2520.0	1.0000000
24	3450.0000	9150.000	178.69968	0.0	0.0	90.0	1.0000000
24	4650.0000	9150.000	184.19783	0.0	0.0	90.0	1.0000000
16	3450.0000	8850.000	175.55553	-360.0	0.0	810.0	1.0000000
16	3330.5420	8843.235	170.97324	-360.0	0.0	750.0	1.0000000
16	4550.0000	8850.000	171.55615	-360.0	0.0	750.0	1.0000000
16	4450.0000	8850.000	175.50464	-360.0	0.0	750.0	1.0000000
16	4413.1860	8841.672	178.14331	-360.0	0.0	810.0	1.0000000
16	4635.4810	8845.328	171.29521	-360.0	0.0	780.0	1.0000000
16	3850.0000	8850.000	178.02385	-360.0	0.0	720.0	1.0000000
16	3950.0000	8850.000	171.14568	-360.0	0.0	720.0	1.0000000
16	4050.0000	8850.000	169.49997	-360.0	0.0	720.0	1.0000000
16	4250.0000	8850.000	171.00937	-360.0	0.0	720.0	1.0000000
16	3450.0000	9150.000	175.12093	-360.0	0.0	3630.0	1.0000000
16	4250.0000	9150.000	174.61166	-360.0	0.0	3630.0	1.0000000
24	4256.8247	9176.234	180.90924	0.0	0.0	90.0	1.0000000
6	4100.0000	8950.000	169.50002	0.0	0.0	2520.0	1.0000000
39	4474.3486	8759.025	170.38536	0.0	0.0	2610.0	1.0000000
39	3777.9402	9552.918	169.49998	17.8	501.3	2610.0	1.0000000
39	3874.5271	9628.944	169.50002	324.8	196.8	2610.0	1.0000000
5	3850.0000	10150.000	169.49998	0.0	0.0	2610.0	1.0000000
5	3850.0000	10550.000	169.50002	0.0	0.0	2610.0	1.0000000
6	4700.0000	10150.000	169.50002	0.0	0.0	2520.0	1.0000000
6	4500.0000	10150.000	169.49997	0.0	0.0	2520.0	1.0000000
6	4300.0000	10150.000	169.50002	0.0	0.0	2520.0	1.0000000
6	4100.0000	10150.000	169.50003	0.0	0.0	2520.0	1.0000000
6	4700.0000	10550.000	169.49998	0.0	0.0	2520.0	1.0000000
6	4500.0000	10550.000	169.49997	0.0	0.0	2520.0	1.0000000
6	4300.0000	10550.000	169.50002	0.0	0.0	2520.0	1.0000000
6	4100.0000	10550.000	169.50003	0.0	0.0	2520.0	1.0000000
8	3950.0000	10550.000	169.50005	0.0	0.0	2520.0	1.0000000
8	3950.0000	10150.000	169.49997	0.0	0.0	2520.0	1.0000000
8	3850.0000	10250.000	169.50000	0.0	0.0	2610.0	1.0000000
6	3850.0000	10400.000	169.49997	0.0	0.0	2610.0	1.0000000
22	3300.0000	10400.000	169.50000	0.0	0.0	960.0	1.0000000
16	3250.0000	11150.000	169.50000	-360.0	0.0	780.0	1.0000000
16	3350.0000	11150.000	169.50003	-360.0	0.0	780.0	1.0000000
16	3850.0000	10050.000	182.44754	-360.0	0.0	780.0	1.0000000
16	4050.0000	10050.000	170.21562	-360.0	0.0	780.0	1.0000000
16	3950.0000	10050.000	174.86432	-360.0	0.0	780.0	1.0000000
16	3849.7888	10000.046	176.99495	-360.0	0.0	780.0	1.0000000
17	3950.0000	9950.000	169.49998	-360.0	0.0	780.0	1.0000000
17	4150.0000	10050.000	169.67731	-360.0	0.0	780.0	1.0000000
17	3888.5884	9967.681	176.82227	-360.0	0.0	720.0	1.0000000
12	3950.0000	10050.000	175.14307	-355.0	0.0	3240.0	1.0000000
10	4107.9541	10136.957	172.93060	-355.0	0.0	3420.0	1.0000000
25	4550.0000	11050.000	169.50002	-520.0	0.0	2880.0	1.0000000
25	4550.0000	11050.000	169.50003	-520.0	0.0	2880.0	1.0000000
25	4550.0000	11050.000	169.50000	-360.0	0.0	1980.0	1.0000000
25	4550.0000	10950.000	169.50003	-360.0	0.0	1980.0	1.0000000
25	4550.0000	10850.000	169.50002	-360.0	0.0	1980.0	1.0000000
25	3850.0000	11050.000	169.50003	-360.0	0.0	1980.0	1.0000000
25	3850.0000	10950.000	169.50000	-360.0	0.0	1980.0	1.0000000
25	3850.0000	10850.000	169.50002	-360.0	0.0	1980.0	1.0000000
39	3257.1174	10238.799	169.50003	208.2	-432.9	600.0	1.0000000
39	3253.2944	10234.352	169.49997	0.0	0.0	510.0	1.0000000
39	3318.9644	10105.974	169.49997	0.0	0.0	630.0	1.0000000
39	3207.0261	9877.370	169.50002	-352.3	-452.1	630.0	1.0000000
39	3302.7112	9961.222	169.50002	473.0	-41.1	570.0	1.0000000
39	4076.3577	10011.987	169.50000	1740.4	9.5	2610.0	1.0000000
39	3779.4070	9692.598	169.50002	-669.3	-2306.7	2610.0	1.0000000
39	4110.6279	9650.643	169.50005	-1026.7	523.6	2610.0	1.0000000
39	4140.5723	9692.994	169.50000	-93.0	869.2	2610.0	1.0000000
39	3848.9912	9919.965	169.50002	1111.5	-485.3	2610.0	1.0000000
39	3840.2935	9656.642	169.50003	-706.9	-523.6	2610.0	1.0000000
39	3903.4680	9910.482	169.50000	656.9	-521.5	2610.0	1.0000000
39	3924.7507	9664.975	169.50000	-571.1	-219.4	2610.0	1.0000000
39	3916.8689	9635.941	169.49998	0.0	0.0	2610.0	1.0000000
39	4122.5938	9842.824	169.50006	-481.6	-37.8	2610.0	1.0000000
39	3923.0403	9602.551	169.49998	-683.4	-287.7	2610.0	1.0000000
39	3812.3782	9600.656	169.50006	-653.9	-265.7	2610.0	1.0000000
39	3778.6360	9605.734	169.50006	0.0	0.0	2610.0	1.0000000
39	3869.2290	9649.522	169.50000	-569.0	12.9	2610.0	1.0000000
39	3752.0537	9814.920	169.50002	453.5	-1656.0	2610.0	1.0000000
39	3893.5164	9926.098	169.50000	629.1	-107.7	2610.0	1.0000000
39	3957.3977	9948.977	169.50002	736.7	-504.5	2610.0	1.0000000
38	3859.3945	9803.792	169.49998	2712.9	-12546.2	-390.0	1.0000000
5	3850.0000	11350.000	169.50000	0.0	0.0	2610.0	1.0000000
5	3850.0000	11750.000	169.50002	0.0	0.0	2610.0	1.0000000
5	3850.0000	12550.000	169.50000	0.0	0.0	2610.0	1.0000000
5	3450.0000	11350.000	169.49997	0.0	0.0	2610.0	1.0000000
5	3450.0000	11750.000	169.50000	0.0	0.0	2610.0	1.0000000
6	4700.0000	11350.000	169.49998	0.0	0.0	2520.0	1.0000000
6	4700.0000	11750.000	169.50002	0.0	0.0	2520.0	1.0000000
6	4500.0000	11750.000	169.49998	0.0	0.0	2520.0	1.0000000
6	4500.0000	11350.000	169.50005	0.0	0.0	2520.0	1.0000000
6	4300.0000	11350.000	169.49997	0.0	0.0	2520.0	1.0000000
6	4100.0000	11350.000	169.50002	0.0	0.0	2520.0	1.0000000
6	3700.0000	11350.000	169.50000	0.0	0.0	2520.0	1.0000000
6	3700.0000	11750.000	169.50000	0.0	0.0	2520.0	1.0000000
6	3300.0000	11750.000	169.50002	0.0	0.0	2520.0	1.0000000
6	3300.0000	11350.000	169.50000	0.0	0.0	2520.0	1.0000000
6	4700.0000	12550.000	169.49998	0.0	0.0	2520.0	1.0000000
6	4500.0000	12550.000	169.50002	0.0	0.0	2520.0	1.0000000
6	4300.0000	12550.000	169.49998	0.0	0.0	2520.0	1.0000000
6	4100.0000	12550.000	169.50003	0.0	0.0	2520.0	1.0000000
8	3950.0000	12550.000	169.49998	0.0	0.0	2520.0	1.0000000
8	3950.0000	11750.000	169.50003	0.0	0.0	2520.0	1.0000000
6	4100.0000	11750.000	169.49997	0.0	0.0	2520.0	1.0000000
6	4300.0000	11750.000	169.50002	0.0	0.0	2520.0	1.0000000
8	3950.0000	11350.000	169.49995	0.0	0.0	2520.0	1.0000000
8	3550.0000	11350.000	169.50005	0.0	0.0	2520.0	1.0000000
8	3550.0000	11750.000	169.49997	0.0	0.0	2520.0	1.0000000
8	3850.0000	12650.000	169.50003	0.0	0.0	2610.0	1.0000000
24	4050.0000	12750.000	192.45338	0.0	0.0	90.0	1.0000000
24	4350.0000	12750.000	181.82257	0.0	0.0	90.0	1.0000000
24	4750.0000	12750.000	184.65202	0.0	0.0	90.0	1.0000000
24	4650.0000	11550.000	184.20790	0.0	0.0	90.0	1.0000000
24	4150.0000	11450.000	182.21889	0.0	0.0	90.0	1.0000000
24	3650.0000	11550.000	185.99391	0.0	0.0	90.0	1.0000000
25	3550.0000	12550.000	169.49997	-360.0	0.0	2880.0	1.0000000
25	3450.0000	12550.000	169.50003	-360.0	0.0	2880.0	1.0000000
25	3350.0000	12550.000	169.49997	-360.0	0.0	2880.0	1.0000000
25	3650.0000	12550.000	169.50002	-360.0	0.0	2880.0	1.0000000
25	3750.0000	11950.000	169.49998	-360.0	0.0	2970.0	1.0000000
25	3750.0000	12050.000	169.50005	-360.0	0.0	2970.0	1.0000000
17	4250.0000	12750.000	181.26929	-360.0	0.0	3570.0	1.0000000
17	4050.0000	12750.000	193.99222	-360.0	0.0	3570.0	1.0000000
16	4150.0000	12750.000	186.42421	-360.0	0.0	3570.0	1.0000000
16	4349.9307	12738.580	172.81029	-360.0	0.0	3630.0	1.0000000
16	4302.7139	12719.602	183.66264	-360.0	0.0	3630.0	1.0000000
16	4650.0000	11550.000	182.75865	-360.0	0.0	3630.0	1.0000000
16	4550.0000	11550.000	189.30676	-360.0	0.0	3630.0	1.0000000
16	3650.0000	11550.000	187.76881	-360.0	0.0	3630.0	1.0000000
23	3750.0000	12550.000	169.49998	-720.0	0.0	3330.0	1.0000000
38	3803.8455	12289.863	169.50002	-324.8	-338.0	2610.0	1.0000000
38	3846.1123	12451.504	172.77971	566.1	240.9	2610.0	1.0000000
38	3781.8857	12302.732	170.20369	-129.0	-28.2	2610.0	1.0000000
38	3551.8552	12189.738	169.49998	-321.4	-1281.1	2610.0	1.0000000
38	3653.6162	12343.375	169.50005	572.2	106.1	2610.0	1.0000000
38	3739.8501	12366.136	172.78439	-332.1	-331.4	2610.0	1.0000000
38	3691.9062	12388.670	169.49998	0.0	0.0	2610.0	1.0000000
38	3684.8706	12362.691	179.88524	-797.5	-761.5	2610.0	1.0000000
38	3703.8574	12315.465	169.50003	324.7	-212.4	2610.0	1.0000000
38	3727.5964	12127.374	169.50000	-359.2	454.6	2610.0	1.0000000
38	3722.3262	12167.915	169.50003	-746.9	-460.9	2610.0	1.0000000
38	3456.9912	12167.195	169.50003	-65.4	-956.0	2610.0	1.0000000
38	3436.7791	12162.867	169.50003	0.0	0.0	2610.0	1.0000000
38	3596.3093	12178.589	169.50002	-213.5	-106.8	2610.0	1.0000000
38	3712.2278	12303.204	170.72322	-239.8	-167.0	2610.0	1.0000000
38	3760.3979	12173.550	169.50002	0.0	0.0	2610.0	1.0000000
21	3200.0000	13200.000	169.50000	-360.0	0.0	2880.0	1.0000000
21	3200.0000	13100.000	169.50002	-360.0	0.0	2970.0	1.0000000
6	3850.0000	12800.000	169.50002	0.0	0.0	2610.0	1.0000000
1	4050.0000	14150.000	169.49997	0.0	0.0	0.0	1.0000000
1	3750.0000	14150.000	169.49997	0.0	0.0	0.0	1.0000000
1	3450.0000	14150.000	169.49998	0.0	0.0	0.0	1.0000000
5	3850.0000	12950.000	169.50000	0.0	0.0	2610.0	1.0000000
6	4700.0000	12950.000	169.50002	0.0	0.0	2520.0	1.0000000
6	4500.0000	12950.000	169.50003	0.0	0.0	2520.0	1.0000000
6	4300.0000	12950.000	169.50002	0.0	0.0	2520.0	1.0000000
6	4100.0000	12950.000	169.50003	0.0	0.0	2520.0	1.0000000
8	3950.0000	12950.000	169.50000	0.0	0.0	2520.0	1.0000000
5	3850.0000	14050.000	169.49997	0.0	0.0	2610.0	1.0000000
5	3850.0000	13550.000	169.50002	0.0	0.0	2610.0	1.0000000
31	3210.8525	13076.619	247.81389	-590.0	0.0	2400.0	1.0000000
25	3450.0000	12850.000	169.49998	-360.0	0.0	2880.0	1.0000000
25	3450.0000	12950.000	169.49997	-360.0	0.0	2880.0	1.0000000
25	3450.0000	13050.000	169.49997	-360.0	0.0	2880.0	1.0000000
25	4750.0000	13150.000	169.50002	-360.0	0.0	2880.0	1.0000000
25	4750.0000	13250.000	169.50002	-360.0	0.0	2880.0	1.0000000
25	4150.0000	13250.000	169.50003	-360.0	0.0	2880.0	1.0000000
25	4150.0000	13350.000	169.49998	-360.0	0.0	2880.0	1.0000000
25	3650.0000	13350.000	169.50000	-360.0	0.0	2880.0	1.0000000
25	3650.0000	13450.000	169.49998	-360.0	0.0	2880.0	1.0000000
23	3450.0000	13150.000	169.50003	-720.0	0.0	3330.0	1.0000000
5	4200.0000	14150.000	169.50000	-360.0	0.0	1530.0	1.0000000
37	4550.0000	14250.000	148.89455	-360.0	0.0	1590.0	1.0000000
34	4680.3472	14186.612	23.01462	-40.0	0.0	2160.0	1.0000000
16	4550.0000	14350.000	145.38319	-40.0	0.0	2160.0	1.0000000
16	4450.0000	14150.000	168.77899	5.0	0.0	2190.0	1.0000000
16	4350.0000	14150.000	169.40463	5.0	0.0	2190.0	1.0000000
16	4300.0000	14150.000	169.34702	5.0	0.0	2220.0	1.0000000
16	4750.0000	14150.000	169.88210	5.0	0.0	2220.0	1.0000000
38	3296.9111	12944.790	169.49994	0.0	0.0	2520.0	1.0000000
38	4456.8599	13903.180	169.50000	-223.5	490.0	2610.0	1.0000000
38	4555.2788	14053.866	169.49998	707.1	-191.3	2610.0	1.0000000
38	4444.1670	14119.367	169.50000	1382.9	-510.9	2610.0	1.0000000
38	4427.9575	14043.289	169.50002	776.2	552.3	2610.0	1.0000000
38	4280.8032	14142.564	169.49998	903.7	-1108.4	2610.0	1.0000000
38	4685.7505	14103.544	169.08446	724.9	685.6	2610.0	1.0000000
38	4484.3799	14005.423	167.63217	-393.1	-428.2	2610.0	1.0000000
38	4569.1211	13854.910	169.50000	-478.4	192.3	2610.0	1.0000000
38	4587.1646	14002.971	169.50003	17.7	-1220.3	2610.0	1.0000000
38	4678.7295	14130.145	169.50005	680.1	-214.9	2610.0	1.0000000
38	4565.3696	13989.829	169.50000	337.3	-907.1	2610.0	1.0000000
38	4134.2334	14021.243	169.49998	46.6	-1749.4	2610.0	1.0000000
38	4150.9023	14023.216	169.50003	-181.9	-1094.8	2610.0	1.0000000
38	4321.0254	13866.682	169.49998	-1007.0	149.5	2610.0	1.0000000
37	4550.0000	14400.000	122.24981	-360.0	0.0	1740.0	1.0000000
37	4484.5122	15813.749	100.00002	0.0	0.0	180.0	1.0000000
37	4487.4468	15624.137	100.00000	0.0	0.0	360.0	1.0000000
37	4487.6660	15413.124	100.00004	0.0	0.0	540.0	1.0000000
37	4486.7231	15226.598	100.00001	0.0	0.0	720.0	1.0000000
37	4487.4453	15014.639	100.00004	0.0	0.0	900.0	1.0000000
37	4485.6885	14826.337	100.00000	0.0	0.0	1080.0	1.0000000
37	4486.0029	14619.518	99.99997	0.0	0.0	1260.0	1.0000000
37	4489.6147	14426.305	99.99997	0.0	0.0	1080.0	1.0000000
37	4479.3550	14740.656	-10.00003	-95.0	0.0	990.0	1.0000000
36	4407.3179	15378.585	90.00003	-630.0	0.0	1500.0	1.0000000
37	4455.8931	14918.950	35.00005	-255.0	0.0	1200.0	1.0000000
35	4525.7280	15043.664	65.00002	-430.0	0.0	1110.0	1.0000000
16	4549.3579	15008.046	111.72408	-355.0	0.0	750.0	1.0000000
16	4550.0000	15150.000	103.09470	-355.0	0.0	750.0	1.0000000
16	4540.4185	15308.476	96.78266	-355.0	0.0	750.0	1.0000000
16	4570.2549	14909.613	99.15366	-355.0	0.0	750.0	1.0000000
16	4573.2739	14835.854	97.90615	-355.0	0.0	780.0	1.0000000
16	4414.7075	15015.285	91.72405	-355.0	0.0	690.0	1.0000000
37	4500.0000	14700.000	111.47811	-360.0	0.0	1860.0	1.0000000
37	4550.0000	15550.000	101.82848	-360.0	0.0	1770.0	1.0000000
36	4500.0000	15700.000	125.50683	-465.0	0.0	1710.0	1.0000000
36	4500.0000	15800.000	118.12776	-270.0	0.0	1950.0	1.0000000
36	4550.0000	15200.000	94.26377	-270.0	0.0	1830.0	1.0000000
35	4500.0000	14500.000	111.20443	-270.0	0.0	1920.0	1.0000000
35	4480.9468	14474.166	132.69183	-270.0	0.0	2130.0	1.0000000
35	4548.6895	15246.657	65.54043	-75.0	0.0	2130.0	1.0000000
34	4615.2056	15746.182	16.52234	-40.0	0.0	2220.0	1.0000000
16	4650.0000	14550.000	90.85518	-40.0	0.0	2160.0	1.0000000
16	4650.0000	14650.000	91.40662	-40.0	0.0	2160.0	1.0000000
16	4450.0000	14550.000	113.13860	-40.0	0.0	2160.0	1.0000000
16	4550.0000	14450.000	124.22565	-40.0	0.0	2160.0	1.0000000
16	4650.0000	14750.000	97.85955	-40.0	0.0	2160.0	1.0000000
16	4450.0000	14750.000	116.68404	-40.0	0.0	2160.0	1.0000000
16	4550.0000	14650.000	106.86339	-40.0	0.0	2160.0	1.0000000
16	4650.0000	15950.000	101.22218	-40.0	0.0	2160.0	1.0000000
16	4650.0000	15850.000	110.13536	-40.0	0.0	2160.0	1.0000000
16	4600.0000	15550.000	84.70663	5.0	0.0	2250.0	1.0000000
16	4600.0000	15750.000	101.22089	5.0	0.0	2190.0	1.0000000
24	3950.0000	15850.000	0.00001	0.0	0.0	3330.0	1.0000000
24	3950.0000	15250.000	-0.00003	0.0	0.0	3330.0	1.0000000
24	3950.0000	14550.000	0.00002	0.0	0.0	3330.0	1.0000000
1	3250.0000	16350.000	169.50002	0.0	0.0	0.0	1.0000000
1	3550.0000	16350.000	169.50003	0.0	0.0	0.0	1.0000000
1	3850.0000	16350.000	169.50005	0.0	0.0	0.0	1.0000000
1	4150.0000	16350.000	169.50003	0.0	0.0	0.0	1.0000000
23	3450.0000	17150.000	169.49998	0.0	0.0	1080.0	1.0000000
23	4050.0000	17150.000	169.50002	0.0	0.0	1080.0	1.0000000
16	3550.0000	17150.000	175.96609	0.0	0.0	30.0	1.0000000
16	3550.0000	17050.000	170.05072	0.0	0.0	30.0	1.0000000
16	3450.0000	17050.000	176.41348	0.0	0.0	30.0	1.0000000
25	4650.0000	16950.000	169.49998	-360.0	0.0	2970.0	1.0000000
25	4650.0000	17050.000	169.49997	-360.0	0.0	2970.0	1.0000000
25	4650.0000	17150.000	169.50002	-360.0	0.0	2970.0	1.0000000
25	4650.0000	17250.000	169.49998	-360.0	0.0	2970.0	1.0000000
37	4481.4443	16032.679	100.00000	0.0	0.0	0.0	1.0000000
37	4495.3691	16204.038	106.48137	0.0	0.0	180.0	1.0000000
5	4327.8213	16351.616	160.07805	-360.0	0.0	1530.0	1.0000000
37	4550.0000	16100.000	120.58472	-360.0	0.0	1710.0	1.0000000
36	4700.0000	16100.000	106.00008	-270.0	0.0	1740.0	1.0000000
34	4730.2192	16138.661	2.41553	-40.0	0.0	2220.0	1.0000000
16	4650.0000	16250.000	143.49619	-40.0	0.0	2160.0	1.0000000
16	4550.0000	16150.000	134.33479	-40.0	0.0	2160.0	1.0000000
16	4550.0000	16050.000	114.73237	-40.0	0.0	2160.0	1.0000000
38	4147.1997	16492.703	169.50000	-1085.1	-1982.2	2610.0	1.0000000
38	4531.5269	16675.852	169.49997	855.6	712.2	2700.0	1.0000000
38	4354.0820	16708.145	169.49995	459.3	60.4	2610.0	1.0000000
38	4367.5049	16776.012	169.50002	982.0	-1125.1	2550.0	1.0000000
38	4315.6968	16491.713	169.49995	-770.0	-2161.9	2460.0	1.0000000
38	4726.2603	16721.723	169.49997	857.8	1045.2	2340.0	1.0000000
38	4530.4800	16754.840	169.49995	1474.7	-756.9	2430.0	1.0000000
38	4590.0176	16596.477	169.49998	-402.4	407.5	2550.0	1.0000000
38	4301.3589	16470.375	169.49997	-716.1	-274.7	2550.0	1.0000000
38	4228.8359	16466.646	169.49995	-1590.9	-240.9	2550.0	1.0000000
38	4163.0454	16747.062	169.49997	903.2	-1308.5	2550.0	1.0000000
38	4109.7285	16497.535	169.49995	-1104.9	-719.6	2550.0	1.0000000
38	4587.9805	16628.826	169.49995	662.8	1289.2	2550.0	1.0000000
38	4206.1548	16614.379	169.49997	-310.6	-2261.4	2550.0	1.0000000
38	4349.3525	16452.379	169.10349	-344.0	-749.7	2550.0	1.0000000
38	4748.3086	16612.184	169.49997	67.5	184.2	2550.0	1.0000000
38	4712.9707	16723.887	169.49995	321.6	619.0	2550.0	1.0000000
38	4730.7192	16735.908	169.49994	991.5	605.8	2610.0	1.0000000
38	4535.8613	16718.438	169.50002	156.9	-140.2	2550.0	1.0000000
38	4412.0010	16788.350	169.49998	253.9	-510.3	2640.0	1.0000000
38	4411.7534	16760.051	169.49998	552.7	68.8	2580.0	1.0000000
38	4352.2085	16725.123	169.50000	-89.7	289.4	2580.0	1.0000000
38	4332.9399	16736.193	169.49998	1482.2	-2047.9	2580.0	1.0000000
38	4154.2520	16769.758	169.49997	867.7	-893.5	2580.0	1.0000000
38	4610.5962	16795.395	169.50000	1171.4	-135.5	2580.0	1.0000000
38	4727.0176	16706.381	169.50002	109.6	291.0	2580.0	1.0000000
38	4763.5967	16712.359	169.49997	457.1	111.0	2580.0	1.0000000
38	4707.6729	16605.582	169.49998	115.3	-1159.1	2580.0	1.0000000
9	4050.0000	18500.000	174.13307	0.0	0.0	90.0	1.0000000
9	4050.0000	18300.000	174.23889	0.0	0.0	90.0	1.0000000
9	3450.0000	19100.000	176.65358	0.0	0.0	90.0	1.0000000
9	3800.8254	18148.928	176.34105	0.0	0.0	0.0	1.0000000
9	3600.7551	18148.457	176.11517	0.0	0.0	0.0	1.0000000
9	4051.7715	19096.047	177.70628	0.0	0.0	-90.0	1.0000000
9	3603.6780	18647.203	178.19890	0.0	0.0	-180.0	1.0000000
9	3803.8293	18645.211	179.15440	0.0	0.0	-180.0	1.0000000
9	3456.5784	18492.615	181.65759	0.0	0.0	-90.0	1.0000000
9	3455.3950	18292.852	181.08963	0.0	0.0	-90.0	1.0000000
4	3452.4680	18155.154	139.45787	0.0	0.0	90.0	1.0000000
4	4048.0642	18156.568	134.49947	0.0	0.0	90.0	1.0000000
4	4049.9231	18642.994	138.97633	0.0	0.0	90.0	1.0000000
4	3459.1741	18640.014	139.61404	0.0	0.0	90.0	1.0000000
4	4058.9028	18951.307	152.31020	0.0	0.0	90.0	1.0000000
22	4150.0000	18250.000	183.18196	0.0	0.0	1080.0	1.0000000
22	3650.0000	18050.000	181.10637	0.0	0.0	1080.0	1.0000000
24	4750.0000	17950.000	133.50000	0.0	0.0	90.0	1.0000000
16	4750.0000	17950.000	133.50000	0.0	0.0	30.0	1.0000000
16	4650.0000	18750.000	133.50003	0.0	0.0	30.0	1.0000000
16	4550.0000	18750.000	133.49998	0.0	0.0	30.0	1.0000000
16	3550.0000	18150.000	198.04129	0.0	0.0	30.0	1.0000000
16	3550.0000	18050.000	174.66969	0.0	0.0	30.0	1.0000000
16	3550.0000	17950.000	184.87112	0.0	0.0	30.0	1.0000000
16	3650.0000	18050.000	173.81497	0.0	0.0	30.0	1.0000000
16	3950.0000	18150.000	202.72366	0.0	0.0	30.0	1.0000000
16	3950.0000	17950.000	170.08446	0.0	0.0	30.0	1.0000000
16	4050.0000	18050.000	172.99066	0.0	0.0	30.0	1.0000000
16	3950.0000	18050.000	185.22583	0.0	0.0	30.0	1.0000000
16	4050.0000	18250.000	222.22408	0.0	0.0	30.0	1.0000000
16	4050.0000	18350.000	213.36475	0.0	0.0	30.0	1.0000000
16	4150.0000	18250.000	181.01526	0.0	0.0	30.0	1.0000000
16	3550.0000	19050.000	185.92140	-5.0	0.0	1830.0	1.0000000
16	4707.6084	18761.932	133.50003	0.0	0.0	30.0	1.0000000
24	4685.2915	18777.453	133.49998	0.0	0.0	90.0	1.0000000
16	4616.9248	18814.430	133.49998	0.0	0.0	30.0	1.0000000
35	4685.0093	18780.525	23.21889	0.0	0.0	240.0	1.0000000
34	4709.0347	18715.941	23.21890	0.0	0.0	360.0	1.0000000
34	4780.9106	18864.387	31.32329	0.0	0.0	420.0	1.0000000
34	4614.7202	18728.314	23.21883	0.0	0.0	360.0	1.0000000
34	4627.4624	17920.322	23.21886	0.0	0.0	360.0	1.0000000
34	4759.7451	18034.334	23.21881	0.0	0.0	510.0	1.0000000
34	4771.4961	17920.293	23.21889	0.0	0.0	480.0	1.0000000
34	4729.9834	17913.010	23.21889	0.0	0.0	330.0	1.0000000
16	4679.5820	18018.604	133.50002	0.0	0.0	30.0	1.0000000
38	3608.5874	17842.553	179.72725	0.0	0.0	2580.0	1.0000000
38	3748.8882	17828.762	169.50000	0.0	0.0	2550.0	1.0000000
38	3761.4639	17783.414	173.48045	0.0	0.0	2460.0	1.0000000
38	3706.5957	17843.098	169.49998	0.0	0.0	2520.0	1.0000000
38	3700.4785	17933.893	169.50002	0.0	0.0	2580.0	1.0000000
38	3656.8103	17876.508	174.98900	0.0	0.0	2490.0	1.0000000
38	3892.8740	17825.006	180.62790	113.6	-622.7	2550.0	1.0000000
38	3881.5369	17910.406	180.33972	451.4	-596.0	2550.0	1.0000000
38	3874.9373	17896.256	182.64229	142.3	-350.3	2460.0	1.0000000
38	3630.3418	18344.521	217.50000	0.0	0.0	2460.0	1.0000000
38	3722.1030	18392.348	217.49995	0.0	0.0	2520.0	1.0000000
38	3768.8870	18378.029	217.49998	0.0	0.0	2550.0	1.0000000
38	3754.0667	18443.078	216.85385	0.0	0.0	2550.0	1.0000000
38	3696.9048	18437.828	217.49995	0.0	0.0	2490.0	1.0000000
38	3686.3474	18484.771	217.49995	0.0	0.0	2580.0	1.0000000
38	3820.0754	18357.172	217.49995	0.0	0.0	2580.0	1.0000000
9	3450.0000	19300.000	175.31815	0.0	0.0	90.0	1.0000000
9	3597.1509	19750.020	176.86597	0.0	0.0	0.0	1.0000000
9	3796.7419	19749.777	176.75002	0.0	0.0	0.0	1.0000000
9	4050.8821	19296.574	177.27939	0.0	0.0	-90.0	1.0000000
4	3454.8035	19445.195	152.11182	0.0	0.0	90.0	1.0000000
4	4038.0942	19465.316	116.70352	0.0	0.0	90.0	1.0000000
4	3459.5791	19751.416	140.54591	0.0	0.0	90.0	1.0000000
4	4046.1289	19751.277	155.03085	0.0	0.0	90.0	1.0000000
9	3456.5403	19889.721	181.63924	0.0	0.0	270.0	1.0000000
9	3461.5159	20089.285	184.02754	0.0	0.0	270.0	1.0000000
4	3461.5889	20242.225	184.06259	0.0	0.0	360.0	1.0000000
24	4250.0000	19550.000	133.50002	0.0	0.0	90.0	1.0000000
24	4250.0000	20450.000	133.50000	0.0	0.0	90.0	1.0000000
16	4250.0000	19550.000	133.50003	0.0	0.0	30.0	1.0000000
16	4350.0000	19550.000	133.49997	0.0	0.0	30.0	1.0000000
16	4150.0000	19500.000	133.50000	0.0	0.0	30.0	1.0000000
16	4250.0000	20450.000	133.50000	0.0	0.0	30.0	1.0000000
16	4150.0000	20450.000	133.50003	0.0	0.0	30.0	1.0000000
16	4250.0000	20350.000	133.50000	0.0	0.0	30.0	1.0000000
16	4350.0000	20450.000	133.50003	0.0	0.0	30.0	1.0000000
16	4150.0000	20500.000	151.78760	0.0	0.0	30.0	1.0000000
16	4550.0000	20050.000	239.71107	0.0	0.0	30.0	1.0000000
16	4650.0000	20150.000	231.58244	0.0	0.0	30.0	1.0000000
16	4650.0000	20050.000	233.50224	0.0	0.0	30.0	1.0000000
16	3550.0000	19350.000	187.80377	-5.0	0.0	1830.0	1.0000000
16	3950.0000	19350.000	181.67622	-5.0	0.0	1830.0	1.0000000
16	4150.0000	19350.000	218.82391	-5.0	0.0	1830.0	1.0000000
16	3450.0000	19350.000	194.65997	-5.0	0.0	1830.0	1.0000000
34	4273.6362	20413.963	8.50002	0.0	0.0	60.0	1.0000000
34	4222.6753	20431.420	8.50003	0.0	0.0	-60.0	1.0000000
34	4263.8486	20433.641	38.50005	0.0	0.0	-180.0	1.0000000
36	4223.8389	19549.926	48.50006	0.0	0.0	-30.0	1.0000000
35	4291.4727	19553.338	8.50008	0.0	0.0	60.0	1.0000000
35	4175.1919	20318.506	33.50005	15.0	0.0	-90.0	1.0000000
36	4247.2856	19607.223	48.50005	0.0	0.0	90.0	1.0000000
16	4330.4834	19649.363	133.50000	0.0	0.0	30.0	1.0000000
16	3200.0000	21250.000	236.20395	-5.0	0.0	1830.0	1.0000000
9	4050.0000	21600.000	175.18184	0.0	0.0	90.0	1.0000000
9	4050.0000	21800.000	175.67152	0.0	0.0	90.0	1.0000000
4	4048.1035	21452.354	155.32776	0.0	0.0	90.0	1.0000000
4	4043.1511	21945.949	142.17052	0.0	0.0	90.0	1.0000000
4	3447.2815	22259.822	138.64836	0.0	0.0	90.0	1.0000000
16	3250.0000	21200.000	218.36337	-5.0	0.0	1830.0	1.0000000
16	3250.0000	21350.000	222.12059	-5.0	0.0	1830.0	1.0000000
21	4150.0000	21750.000	202.88519	0.0	0.0	1080.0	1.0000000
24	4250.0000	21350.000	133.50003	0.0	0.0	90.0	1.0000000
24	4250.0000	22150.000	133.49997	0.0	0.0	90.0	1.0000000
24	3250.0000	22050.000	133.50002	0.0	0.0	90.0	1.0000000
16	4250.0000	22150.000	133.49998	-5.0	0.0	720.0	1.0000000
16	4650.0000	21250.000	133.50002	0.0	0.0	30.0	1.0000000
16	4550.0000	21250.000	133.50000	0.0	0.0	30.0	1.0000000
16	4250.0000	21350.000	133.50002	0.0	0.0	30.0	1.0000000
16	4150.0000	21250.000	133.50002	0.0	0.0	30.0	1.0000000
16	4150.0000	21450.000	135.07861	0.0	0.0	30.0	1.0000000
16	4150.0000	21300.000	133.50002	0.0	0.0	30.0	1.0000000
16	4150.0000	22150.000	133.50000	0.0	0.0	30.0	1.0000000
16	4150.0000	22150.000	133.50000	0.0	0.0	30.0	1.0000000
16	4250.0000	22050.000	133.49997	0.0	0.0	30.0	1.0000000
16	4750.0000	20850.000	241.45537	0.0	0.0	30.0	1.0000000
16	3950.0000	21850.000	225.99614	0.0	0.0	30.0	1.0000000
16	4050.0000	21750.000	206.42914	0.0	0.0	30.0	1.0000000
16	4150.0000	21750.000	194.91432	0.0	0.0	30.0	1.0000000
16	4150.0000	21850.000	182.44040	0.0	0.0	30.0	1.0000000
16	3400.0000	21300.000	217.50003	-5.0	0.0	1830.0	1.0000000
35	4269.3457	21344.352	8.50006	0.0	0.0	60.0	1.0000000
35	4636.0054	21252.021	8.50006	0.0	0.0	-60.0	1.0000000
34	4245.6646	22140.865	23.50003	0.0	0.0	90.0	1.0000000
34	3237.5754	22133.008	23.50009	0.0	0.0	180.0	1.0000000
34	4174.2363	21248.402	23.50003	0.0	0.0	300.0	1.0000000
34	4258.0132	21257.375	23.50003	0.0	0.0	360.0	1.0000000
34	4175.4805	21345.885	23.50005	0.0	0.0	570.0	1.0000000
34	4144.9419	22151.113	23.50006	0.0	0.0	570.0	1.0000000
34	4172.5737	22017.266	23.50005	0.0	0.0	660.0	1.0000000
34	3353.8940	22032.713	23.50006	0.0	0.0	90.0	1.0000000
16	3283.1804	22031.979	133.50006	0.0	0.0	30.0	1.0000000
16	3356.8630	22050.094	133.50000	0.0	0.0	30.0	1.0000000
16	3245.4023	22071.660	133.50002	0.0	0.0	30.0	1.0000000
35	3263.2253	22047.910	38.50005	0.0	0.0	0.0	1.0000000
37	3401.7344	20899.408	248.50008	0.0	0.0	180.0	1.0000000
37	3407.6169	21590.859	238.50005	0.0	0.0	0.0	1.0000000
16	4367.3892	22146.926	133.50000	0.0	0.0	30.0	1.0000000
35	4238.5352	22079.703	8.50005	0.0	0.0	30.0	1.0000000
38	3725.7102	20996.322	217.50000	0.0	0.0	2580.0	1.0000000
38	3687.0269	21037.484	217.50002	242.7	138.9	2490.0	1.0000000
38	3712.3481	21041.984	217.50003	0.0	0.0	2550.0	1.0000000
38	3703.8943	20970.475	217.50000	160.1	200.5	2550.0	1.0000000
38	3701.3743	21104.645	217.50002	213.3	192.5	2550.0	1.0000000
38	3621.6191	21095.342	217.50002	95.7	-235.1	2550.0	1.0000000
38	3631.1511	21182.049	217.49997	519.4	-115.1	2490.0	1.0000000
38	3728.7805	21135.051	217.50002	-10.2	295.4	2520.0	1.0000000
38	3670.5027	21214.836	217.49998	500.9	152.9	2550.0	1.0000000
38	3541.2141	21135.994	217.49995	-94.9	-556.0	2580.0	1.0000000
38	3592.5403	21214.682	217.50000	333.5	-190.0	2520.0	1.0000000
38	3473.3540	21122.316	217.50002	-175.5	-817.2	2550.0	1.0000000
38	3719.8013	21205.484	218.65184	0.0	0.0	2520.0	1.0000000
38	3673.2788	21226.146	217.50000	0.0	0.0	2610.0	1.0000000
38	3631.5261	21266.939	217.49995	0.0	0.0	2550.0	1.0000000
38	3613.7180	21313.635	217.49997	0.0	0.0	2520.0	1.0000000
38	3619.2849	21360.004	217.49997	0.0	0.0	2610.0	1.0000000
19	3405.7808	21584.160	133.49994	0.0	0.0	1620.0	1.0000000
19	3409.2246	20897.877	130.38820	0.0	0.0	0.0	1.0000000
9	4050.0000	23200.000	174.12494	0.0	0.0	90.0	1.0000000
9	4050.0000	23400.000	175.89487	0.0	0.0	90.0	1.0000000
9	3597.4309	23849.699	176.99995	0.0	0.0	-180.0	1.0000000
9	3798.0935	23845.498	179.01660	0.0	0.0	-180.0	1.0000000
10	3947.3955	23846.412	178.57803	0.0	0.0	-180.0	1.0000000
9	3452.0813	22606.080	174.49911	0.0	0.0	-90.0	1.0000000
9	3453.6880	22404.250	175.27043	0.0	0.0	-90.0	1.0000000
9	3448.3713	23206.385	172.71831	0.0	0.0	-90.0	1.0000000
9	3470.0374	23386.057	188.11789	0.0	0.0	-90.0	1.0000000
4	3454.1462	22745.238	156.40759	0.0	0.0	90.0	1.0000000
4	3443.1248	23071.250	140.76701	0.0	0.0	90.0	1.0000000
4	4049.1819	23051.209	154.81009	0.0	0.0	90.0	1.0000000
4	4043.3613	23545.549	141.99387	0.0	0.0	90.0	1.0000000
4	4048.2195	23847.826	155.13029	0.0	0.0	90.0	1.0000000
4	3442.4976	23857.500	115.11757	0.0	0.0	90.0	1.0000000
4	3459.3472	23532.607	158.90407	0.0	0.0	90.0	1.0000000
22	3550.0000	23150.000	229.03912	0.0	0.0	1080.0	1.0000000
22	3550.0000	23050.000	218.99103	0.0	0.0	1080.0	1.0000000
22	4050.0000	23450.000	213.71013	0.0	0.0	1080.0	1.0000000
22	3650.0000	23850.000	233.59055	0.0	0.0	1080.0	1.0000000
24	4350.0000	23650.000	133.49998	0.0	0.0	90.0	1.0000000
33	4796.1514	22977.207	113.49998	10.0	0.0	870.0	1.0000000
16	4350.0000	23650.000	133.49997	-5.0	0.0	720.0	1.0000000
16	3450.0000	23250.000	180.13248	0.0	0.0	30.0	1.0000000
16	3550.0000	23150.000	233.53091	0.0	0.0	30.0	1.0000000
16	3550.0000	23050.000	219.27792	0.0	0.0	30.0	1.0000000
16	3550.0000	22950.000	217.50002	0.0	0.0	30.0	1.0000000
16	3450.0000	22650.000	218.29950	0.0	0.0	30.0	1.0000000
16	3550.0000	22650.000	219.89461	0.0	0.0	30.0	1.0000000
16	3550.0000	22700.000	221.24014	0.0	0.0	30.0	1.0000000
16	4278.9502	23683.346	133.49998	-5.0	0.0	720.0	1.0000000
34	4333.3125	23735.980	28.50000	-5.0	0.0	870.0	1.0000000
34	4298.6089	23610.787	28.50005	-5.0	0.0	1080.0	1.0000000
16	4250.0000	23650.000	133.50000	-5.0	0.0	420.0	1.0000000
16	4150.0000	23750.000	133.49998	-5.0	0.0	420.0	1.0000000
38	3562.3047	23970.756	174.17284	0.0	0.0	2640.0	1.0000000
38	3501.6858	24024.506	169.49995	263.7	140.0	2580.0	1.0000000
1	4650.0000	25150.000	169.50000	0.0	0.0	0.0	1.0000000
1	4350.0000	25150.000	169.49998	0.0	0.0	0.0	1.0000000
1	4050.0000	25150.000	169.50002	0.0	0.0	0.0	1.0000000
1	3450.0000	25150.000	169.49997	0.0	0.0	0.0	1.0000000
11	4700.0000	24500.000	169.50000	-5.0	0.0	1680.0	1.0000000
18	3750.3655	25135.186	164.35023	-5.0	0.0	1800.0	1.0000000
5	3582.4663	25134.832	184.27335	-5.0	0.0	1800.0	1.0000000
23	3550.0000	24350.000	174.24173	0.0	0.0	1080.0	1.0000000
23	4050.0000	24350.000	170.15884	0.0	0.0	1080.0	1.0000000
33	3401.6387	25040.598	222.24097	-5.0	0.0	990.0	1.0000000
32	3319.9839	25030.432	224.74567	-5.0	0.0	1050.0	1.0000000
31	3277.7134	25152.102	229.13104	-5.0	0.0	1020.0	1.0000000
22	3350.0000	25000.000	171.51468	10.0	0.0	1080.0	1.0000000
22	3350.0000	25050.000	175.76845	10.0	0.0	1200.0	1.0000000
16	3450.0000	24950.000	169.49997	0.0	0.0	60.0	1.0000000
16	3550.0000	24950.000	169.95726	0.0	0.0	60.0	1.0000000
16	3350.0000	24950.000	171.99544	0.0	0.0	60.0	1.0000000
16	3250.0000	25050.000	198.54427	0.0	0.0	60.0	1.0000000
16	3250.0000	24950.000	181.75647	0.0	0.0	60.0	1.0000000
17	3250.0000	24950.000	177.32759	0.0	0.0	60.0	1.0000000
17	3250.0000	24850.000	169.50000	0.0	0.0	60.0	1.0000000
17	3350.0000	24850.000	169.50002	0.0	0.0	60.0	1.0000000
17	3350.0000	24850.000	169.49997	0.0	0.0	60.0	1.0000000
17	3450.0000	25050.000	176.17285	0.0	0.0	60.0	1.0000000
25	4250.0000	24550.000	169.49998	-360.0	0.0	2970.0	1.0000000
25	4250.0000	24650.000	169.50000	-360.0	0.0	2970.0	1.0000000
38	3557.0459	24054.697	179.76016	218.4	188.3	2550.0	1.0000000
38	3606.3833	24122.850	194.22270	0.0	0.0	2640.0	1.0000000
38	3565.7058	24129.295	183.05974	0.0	0.0	2550.0	1.0000000
38	3526.5417	24090.734	177.46246	0.0	0.0	2550.0	1.0000000
38	3479.7644	24157.043	169.50002	0.0	0.0	2610.0	1.0000000
38	3473.6628	24087.662	169.50002	0.0	0.0	2550.0	1.0000000
6	4800.0000	750.000	169.50003	0.0	0.0	-180.0	1.0000000
1	5850.0000	350.000	169.50000	0.0	0.0	0.0	1.0000000
1	5950.0000	450.000	169.49998	0.0	0.0	90.0	1.0000000
1	5950.0000	750.000	169.49997	0.0	0.0	90.0	1.0000000
1	5950.0000	1050.000	169.50002	0.0	0.0	90.0	1.0000000
1	5950.0000	1350.000	169.50002	0.0	0.0	90.0	1.0000000
1	5050.0000	350.000	169.49998	0.0	0.0	0.0	1.0000000
1	5350.0000	350.000	169.50005	0.0	0.0	0.0	1.0000000
1	5650.0000	350.000	169.50002	0.0	0.0	0.0	1.0000000
5	5050.0000	1350.000	169.49997	0.0	0.0	2610.0	1.0000000
6	5050.0000	1200.000	169.50003	0.0	0.0	2610.0	1.0000000
6	5050.0000	1000.000	169.50003	0.0	0.0	2610.0	1.0000000
6	5050.0000	600.000	169.50003	0.0	0.0	2610.0	1.0000000
8	5050.0000	450.000	169.49997	0.0	0.0	2610.0	1.0000000
5	5050.0000	850.000	169.49997	0.0	0.0	2520.0	1.0000000
5	5050.0000	450.000	169.49998	0.0	0.0	2520.0	1.0000000
5	5950.0000	350.000	180.28459	0.0	0.0	2520.0	1.0000000
6	5050.0000	750.000	175.09917	0.0	0.0	2610.0	1.0000000
6	4932.5332	750.187	171.72762	0.0	0.0	-180.0	1.0000000
38	5249.4111	807.310	169.49995	0.0	0.0	60.0	1.0000000
38	5260.5879	857.269	169.49992	-230.8	-419.5	60.0	1.0000000
38	5450.0000	1050.000	169.49998	0.0	0.0	60.0	1.0000000
38	5553.3027	725.686	169.50000	-243.1	33.0	60.0	1.0000000
38	5432.8608	743.194	169.50002	-68.1	-171.4	60.0	1.0000000
38	5371.4458	633.574	169.49998	-164.3	214.5	60.0	1.0000000
38	5380.9038	925.288	169.49998	-247.1	-691.0	60.0	1.0000000
38	5256.2563	1221.343	169.49998	-286.6	62.6	60.0	1.0000000
38	5339.6382	1380.123	169.49998	301.2	-103.6	60.0	1.0000000
38	5671.6802	1131.758	169.50000	-182.4	216.8	60.0	1.0000000
38	5450.4766	1259.241	169.50000	92.4	4.8	60.0	1.0000000
38	5563.7466	1078.494	169.50002	284.9	137.5	60.0	1.0000000
38	5689.5483	878.602	169.50003	286.0	395.5	60.0	1.0000000
38	5543.8970	847.939	169.49997	-20.6	-61.0	60.0	1.0000000
38	5575.3975	1014.148	169.50003	641.5	-746.0	60.0	1.0000000
38	5507.4634	1222.980	169.50000	-270.2	-425.4	60.0	1.0000000
38	5425.2363	1145.449	169.50002	-45.5	752.4	60.0	1.0000000
38	5250.0000	1050.000	169.49997	0.0	0.0	60.0	1.0000000
38	5293.6968	1002.622	169.49997	526.2	-563.0	60.0	1.0000000
38	5522.7842	1363.540	169.49998	135.4	727.9	60.0	1.0000000
38	5550.9863	1336.910	169.50000	-130.9	9.9	60.0	1.0000000
38	5679.0903	853.241	169.50002	1032.4	-709.1	60.0	1.0000000
38	5635.8818	602.851	169.49998	-471.5	-141.2	60.0	1.0000000
38	5346.3271	726.349	169.50003	-236.5	-36.7	60.0	1.0000000
38	5453.5747	679.435	169.50008	-216.7	27.1	60.0	1.0000000
38	5282.8755	988.896	169.50005	33.1	289.7	60.0	1.0000000
38	5232.6880	887.925	169.50000	0.0	0.0	0.0	1.0000000
38	5291.5688	858.845	169.49998	329.1	-344.5	60.0	1.0000000
38	5283.3003	795.525	169.50000	124.7	-439.6	0.0	1.0000000
38	5433.9863	1079.778	169.50002	109.0	498.8	90.0	1.0000000
38	5416.7822	1119.900	169.50003	-70.2	271.7	90.0	1.0000000
38	5264.7466	1221.131	169.50003	132.0	-355.2	30.0	1.0000000
38	5310.5386	1313.242	169.50000	683.5	-1158.6	0.0	1.0000000
38	5283.8516	1272.815	169.50003	-9.1	25.3	90.0	1.0000000
38	5456.8550	1364.461	169.50005	433.5	593.4	90.0	1.0000000
38	5502.4282	1259.855	169.49998	-454.9	275.6	60.0	1.0000000
38	5574.3848	1311.699	169.50003	0.0	0.0	60.0	1.0000000
38	5480.3843	1006.555	169.50000	0.0	0.0	90.0	1.0000000
38	5411.4834	881.563	169.50005	-369.4	-328.3	30.0	1.0000000
38	5611.3940	717.557	169.50002	-224.6	149.6	90.0	1.0000000
38	5694.2119	592.625	169.49998	-541.0	-27.2	30.0	1.0000000
38	5678.5610	819.337	169.49998	241.9	-58.5	90.0	1.0000000
38	5299.3120	857.951	169.50005	-463.5	-171.1	120.0	1.0000000
38	5313.5293	929.211	169.50000	-289.7	52.8	0.0	1.0000000
38	5407.9834	776.603	169.50003	36.6	198.3	30.0	1.0000000
38	5502.5713	1191.685	169.50005	-272.4	-97.1	30.0	1.0000000
38	5540.5215	1345.072	169.50000	95.8	235.3	0.0	1.0000000
38	5291.7729	1158.159	169.50000	-265.3	84.2	0.0	1.0000000
38	5573.4727	1019.817	169.50003	394.7	107.0	0.0	1.0000000
38	5660.2070	820.599	169.50005	71.0	277.6	0.0	1.0000000
38	5217.9976	776.684	169.49998	205.7	-287.1	0.0	1.0000000
38	5262.9570	825.805	169.50005	0.0	0.0	30.0	1.0000000
38	5594.3569	802.112	169.50003	-108.1	471.9	30.0	1.0000000
38	5474.1182	683.851	169.50002	155.3	237.3	30.0	1.0000000
38	5639.6055	1112.274	169.49998	-216.5	56.0	30.0	1.0000000
38	5453.9468	1049.231	169.49998	1261.5	-1288.1	30.0	1.0000000
38	5671.1592	576.421	169.50005	-253.6	-209.5	30.0	1.0000000
38	5419.8877	636.615	169.50002	-42.9	253.8	30.0	1.0000000
38	5693.4507	803.980	169.50006	648.3	-185.1	30.0	1.0000000
38	5524.6699	867.630	169.50005	-326.1	-268.9	30.0	1.0000000
1	5950.0000	1650.000	169.49998	0.0	0.0	90.0	1.0000000
1	5950.0000	1950.000	169.49998	0.0	0.0	90.0	1.0000000
1	5950.0000	2250.000	169.49997	0.0	0.0	90.0	1.0000000
1	5950.0000	2550.000	169.49998	0.0	0.0	90.0	1.0000000
1	5950.0000	2850.000	169.50002	0.0	0.0	90.0	1.0000000
1	5950.0000	3150.000	169.49997	0.0	0.0	90.0	1.0000000
5	5050.0000	2950.000	169.49997	0.0	0.0	2610.0	1.0000000
5	5050.0000	2150.000	169.49997	0.0	0.0	2610.0	1.0000000
6	5050.0000	2800.000	169.50002	0.0	0.0	2610.0	1.0000000
6	5050.0000	2600.000	169.49998	0.0	0.0	2610.0	1.0000000
6	5050.0000	2400.000	169.50003	0.0	0.0	2610.0	1.0000000
8	5050.0000	2250.000	169.50000	0.0	0.0	2610.0	1.0000000
6	5200.0000	2150.000	169.50002	0.0	0.0	2520.0	1.0000000
6	5400.0000	2150.000	169.49998	0.0	0.0	2520.0	1.0000000
6	5600.0000	2150.000	169.49997	0.0	0.0	2520.0	1.0000000
6	5800.0000	2150.000	169.50003	0.0	0.0	2520.0	1.0000000
5	5050.0000	2550.000	169.50003	0.0	0.0	2520.0	1.0000000
5	5550.0000	2150.000	169.50000	0.0	0.0	2520.0	1.0000000
5	5850.0000	2150.000	169.50000	0.0	0.0	2520.0	1.0000000
38	5087.9014	2631.674	169.49997	546.7	-1385.9	30.0	1.0000000
38	5224.8701	2546.099	169.78989	525.4	119.5	90.0	1.0000000
38	5206.3911	2686.075	169.49994	1651.8	-403.2	90.0	1.0000000
38	5286.9863	2380.597	171.14319	-457.6	235.0	0.0	1.0000000
38	5201.4678	2532.813	169.49998	347.4	-1353.0	30.0	1.0000000
38	5295.1357	2630.092	169.49995	288.7	33.2	60.0	1.0000000
38	5210.4219	2664.465	169.49994	159.9	13.4	90.0	1.0000000
38	5287.5825	2704.022	169.50000	77.2	228.2	90.0	1.0000000
38	5361.7627	2374.250	169.49998	-363.9	-309.4	30.0	1.0000000
38	5496.7197	2518.552	169.49995	302.3	338.6	60.0	1.0000000
38	5284.8467	2698.211	169.49998	1645.6	-917.2	120.0	1.0000000
38	5276.7861	2683.212	169.49998	582.5	-670.3	60.0	1.0000000
38	5256.7583	2617.250	169.50000	596.5	-496.1	0.0	1.0000000
38	5284.4521	2648.278	169.49995	346.8	-386.5	60.0	1.0000000
38	5283.9380	2658.784	169.50000	644.4	-884.0	120.0	1.0000000
38	5262.5864	2689.830	169.49995	188.7	75.9	30.0	1.0000000
38	5255.9248	2766.877	169.50000	242.9	35.5	30.0	1.0000000
38	5180.1133	2850.015	169.49998	648.3	-564.4	90.0	1.0000000
38	5229.9468	2765.153	169.49998	-6.6	299.1	30.0	1.0000000
38	5224.8442	2730.246	170.20464	-81.3	279.8	30.0	1.0000000
38	5474.5527	2520.130	169.50000	654.2	-435.7	30.0	1.0000000
38	5466.6167	2545.039	169.49998	1026.5	-91.4	90.0	1.0000000
38	5478.9536	2388.390	169.49998	-440.3	-828.6	0.0	1.0000000
38	5448.1299	2565.478	169.49998	937.6	94.4	0.0	1.0000000
38	5473.9365	2565.836	169.49997	404.7	480.2	0.0	1.0000000
38	5311.1187	2392.113	169.50000	-285.3	-437.6	0.0	1.0000000
38	5292.1338	2379.621	169.49998	15.4	-642.5	60.0	1.0000000
38	5372.6421	2369.695	169.49992	-114.9	-944.0	60.0	1.0000000
38	5314.5806	2380.777	169.50000	-252.4	-119.2	60.0	1.0000000
38	5516.7412	2382.505	169.49998	-301.5	-982.3	60.0	1.0000000
38	5483.0107	2525.271	169.49998	1688.7	-493.4	60.0	1.0000000
38	5470.3994	2282.598	169.50000	-648.3	-1125.1	0.0	1.0000000
38	5440.0381	2290.295	169.49994	-530.3	-424.8	0.0	1.0000000
38	5477.3779	2599.154	169.49998	911.6	-639.9	60.0	1.0000000
38	5350.0518	2804.118	169.49994	967.9	6.2	120.0	1.0000000
38	5174.8311	2901.880	172.07896	318.8	-521.8	60.0	1.0000000
38	5575.1309	2373.116	169.49994	151.6	-731.6	30.0	1.0000000
38	5684.1479	2441.525	169.49997	18.1	451.8	90.0	1.0000000
6	4800.0000	3750.000	169.49997	0.0	0.0	2520.0	1.0000000
1	5950.0000	3450.000	169.49998	0.0	0.0	90.0	1.0000000
1	5950.0000	3750.000	169.49997	0.0	0.0	90.0	1.0000000
1	5950.0000	4050.000	169.50002	0.0	0.0	90.0	1.0000000
1	5950.0000	4350.000	169.49997	0.0	0.0	90.0	1.0000000
1	5950.0000	4650.000	169.49998	0.0	0.0	90.0	1.0000000
5	5050.0000	4550.000	169.49998	0.0	0.0	2610.0	1.0000000
5	5050.0000	3750.000	169.49997	0.0	0.0	2610.0	1.0000000
6	5050.0000	4700.000	169.49997	0.0	0.0	2610.0	1.0000000
8	4950.0000	3750.000	169.49995	0.0	0.0	2520.0	1.0000000
6	5200.0000	4550.000	169.50003	0.0	0.0	2520.0	1.0000000
6	5400.0000	4550.000	169.50003	0.0	0.0	2520.0	1.0000000
6	5600.0000	4550.000	169.49995	0.0	0.0	2520.0	1.0000000
6	5800.0000	4550.000	169.49997	0.0	0.0	2520.0	1.0000000
5	5450.0000	4550.000	169.49998	0.0	0.0	2520.0	1.0000000
5	5850.0000	4550.000	169.50002	0.0	0.0	2520.0	1.0000000
38	5425.9243	4685.604	169.49998	-787.9	-243.2	30.0	1.0000000
38	5370.4224	4689.670	169.49997	-891.4	-182.2	150.0	1.0000000
38	5485.8442	4692.514	169.49995	-330.5	-359.0	60.0	1.0000000
38	4827.6382	3473.611	169.50002	-81.2	-471.9	30.0	1.0000000
38	4801.8862	3486.278	169.49998	-148.1	-481.1	30.0	1.0000000
38	4838.5498	3495.969	169.49994	-92.5	-504.5	90.0	1.0000000
38	4800.1724	3488.265	169.49995	-281.9	-157.2	-30.0	1.0000000
38	4874.5269	3609.078	169.49995	637.2	80.2	60.0	1.0000000
38	4868.1475	3363.634	169.49995	188.5	-287.6	60.0	1.0000000
38	4893.6191	3283.276	169.49998	-39.7	-320.7	-30.0	1.0000000
38	4831.8442	3332.264	169.49994	199.0	-611.8	60.0	1.0000000
38	4884.3267	3285.285	169.49998	-343.7	-543.7	60.0	1.0000000
38	4873.8467	3252.646	169.49995	-83.7	-196.8	0.0	1.0000000
38	5107.3257	4789.735	169.49997	-6.6	-1047.1	30.0	1.0000000
38	5499.8511	4801.664	169.49998	72.6	-57.3	60.0	1.0000000
38	5500.3018	4824.139	169.49992	87.2	587.0	120.0	1.0000000
1	5950.0000	4950.000	169.50002	0.0	0.0	90.0	1.0000000
1	5950.0000	5250.000	169.50002	0.0	0.0	90.0	1.0000000
1	5950.0000	5550.000	169.49998	0.0	0.0	90.0	1.0000000
1	5950.0000	5850.000	169.49998	0.0	0.0	90.0	1.0000000
1	5950.0000	6050.000	169.50000	0.0	0.0	90.0	1.0000000
1	5800.0000	6150.000	169.49998	0.0	0.0	0.0	1.0000000
1	5550.0000	6150.000	169.50003	0.0	0.0	0.0	1.0000000
5	5050.0000	5350.000	169.49998	0.0	0.0	2610.0	1.0000000
6	5050.0000	4900.000	169.49998	0.0	0.0	2610.0	1.0000000
6	5050.0000	5100.000	169.49998	0.0	0.0	2610.0	1.0000000
8	5050.0000	5250.000	169.50003	0.0	0.0	2610.0	1.0000000
5	5050.0000	4950.000	169.49998	0.0	0.0	2520.0	1.0000000
18	5250.0000	6150.000	169.50003	0.0	0.0	1800.0	1.0000000
18	4950.0000	6150.000	169.50003	0.0	0.0	1800.0	1.0000000
38	5227.6201	4987.369	169.49998	334.9	-863.4	30.0	1.0000000
38	5457.4717	4860.318	169.49998	139.0	252.5	90.0	1.0000000
38	5217.7485	4894.169	169.49997	706.3	-487.2	30.0	1.0000000
38	5417.0205	4873.282	169.49998	92.7	564.8	30.0	1.0000000
38	5208.4390	4906.872	169.49998	-198.9	-784.1	30.0	1.0000000
38	5225.3438	4977.162	169.49995	-427.5	-684.0	30.0	1.0000000
38	5204.8364	5004.239	169.49997	0.6	-165.0	-30.0	1.0000000
38	5227.5972	4894.442	169.49997	-184.4	-41.3	90.0	1.0000000
38	5292.9604	4811.869	169.49997	-494.7	-155.0	-30.0	1.0000000
38	5189.8755	5220.421	169.49995	670.5	284.0	0.0	1.0000000
38	5083.8096	4971.373	169.49997	163.1	-884.2	60.0	1.0000000
38	5401.5464	4899.042	169.49995	-80.6	121.1	60.0	1.0000000
38	5232.1255	4887.336	169.49998	709.9	-1047.1	60.0	1.0000000
38	5318.7842	5076.082	169.50000	254.3	-366.7	60.0	1.0000000
38	5199.6748	4997.311	169.50000	-532.8	-930.2	0.0	1.0000000
38	5417.0308	4883.092	169.49998	-569.4	532.0	120.0	1.0000000
38	5192.7227	5089.944	169.49995	435.6	-377.0	0.0	1.0000000
38	5203.9985	5011.621	169.49995	-93.3	-664.4	60.0	1.0000000
38	5304.5483	5101.970	169.49998	973.1	-825.4	180.0	1.0000000
38	5325.7197	5081.662	169.49998	-124.1	44.6	60.0	1.0000000
21	5150.0000	5950.000	169.50002	0.0	0.0	90.0	1.0000000
19	5400.0000	5800.000	169.50002	0.0	0.0	0.0	1.0000000
23	5050.0000	5750.000	169.50003	0.0	0.0	0.0	1.0000000
23	5750.0000	5750.000	169.50000	0.0	0.0	0.0	1.0000000
38	5051.7871	5643.526	169.49997	538.1	191.5	120.0	1.0000000
38	5002.0913	5568.504	169.49998	449.0	-420.0	60.0	1.0000000
38	5078.5264	5638.274	175.66844	0.0	0.0	-30.0	1.0000000
38	5003.9082	5717.647	169.50000	422.0	236.7	30.0	1.0000000
38	4904.3911	5517.665	169.49997	-439.3	-594.0	90.0	1.0000000
38	4895.6362	5636.692	169.50000	77.2	-591.5	30.0	1.0000000
38	5250.6958	5589.038	169.51060	893.0	1411.2	0.0	1.0000000
38	5152.5024	5643.935	169.49994	0.0	0.0	30.0	1.0000000
38	5179.7817	5625.863	169.49998	559.6	391.1	60.0	1.0000000
38	5038.7925	5386.903	170.93739	-574.3	-1252.3	60.0	1.0000000
38	5091.0068	5482.437	171.06258	370.8	65.4	60.0	1.0000000
38	5271.6450	5615.157	169.50000	455.7	491.6	60.0	1.0000000
38	4901.8057	5406.716	169.49998	287.8	538.4	60.0	1.0000000
38	4874.7339	5315.069	169.49995	-203.7	651.5	0.0	1.0000000
38	4880.9185	5724.570	169.49995	332.8	-598.7	30.0	1.0000000
38	5031.9766	5663.073	174.65347	0.0	0.0	-30.0	1.0000000
38	5149.1489	5618.263	169.50000	375.6	440.1	0.0	1.0000000
38	5280.2095	5585.256	169.49992	282.7	970.4	0.0	1.0000000
38	5061.9463	5341.987	172.11865	-812.4	-725.2	30.0	1.0000000
38	4961.7534	5643.631	169.49998	617.9	-396.0	30.0	1.0000000
38	4895.3340	5490.080	169.49998	148.1	599.4	30.0	1.0000000
38	5209.8555	4897.531	169.50000	292.9	-91.6	30.0	1.0000000
38	5177.8369	5230.251	169.49994	1036.5	-339.5	60.0	1.0000000
38	5432.3296	4891.979	169.50000	-242.6	-91.2	60.0	1.0000000
1	5850.0000	8350.000	169.49998	0.0	0.0	0.0	1.0000000
1	5950.0000	8450.000	169.49998	0.0	0.0	90.0	1.0000000
1	5950.0000	8750.000	169.50002	0.0	0.0	90.0	1.0000000
1	5950.0000	9050.000	169.50003	0.0	0.0	90.0	1.0000000
1	5950.0000	9350.000	169.50003	0.0	0.0	90.0	1.0000000
1	5050.0000	8350.000	169.49997	0.0	0.0	0.0	1.0000000
1	5350.0000	8350.000	169.49995	0.0	0.0	0.0	1.0000000
1	5650.0000	8350.000	169.49998	0.0	0.0	0.0	1.0000000
5	4850.0000	8950.000	169.49998	0.0	0.0	2610.0	1.0000000
5	4850.0000	9350.000	169.50000	0.0	0.0	2610.0	1.0000000
8	4850.0000	9050.000	169.49998	0.0	0.0	2610.0	1.0000000
6	4850.0000	9200.000	169.50003	0.0	0.0	2610.0	1.0000000
16	4950.0000	8950.000	179.42285	-360.0	0.0	750.0	1.0000000
16	4950.0000	8850.000	177.03847	-360.0	0.0	750.0	1.0000000
16	4876.3774	8841.941	177.58214	-360.0	0.0	750.0	1.0000000
16	4952.3354	9256.437	167.93260	-360.0	0.0	810.0	1.0000000
16	4933.4390	9354.614	175.31973	-360.0	0.0	780.0	1.0000000
16	4959.0952	9034.506	173.72015	-360.0	0.0	780.0	1.0000000
12	4950.0000	9300.000	171.78278	-355.0	0.0	3300.0	1.0000000
38	5076.5908	9444.044	169.50003	172.7	-241.0	600.0	1.0000000
38	5156.7832	9462.034	169.50000	254.9	-791.9	510.0	1.0000000
38	5265.0259	9426.966	169.49997	-451.4	-14.0	420.0	1.0000000
38	5094.0415	9519.208	169.50003	116.8	-1013.0	330.0	1.0000000
38	5286.7949	9327.423	169.49997	-20.4	-405.0	270.0	1.0000000
38	5395.3394	9138.263	169.49995	1304.2	-1387.0	180.0	1.0000000
38	5388.1187	9264.527	169.49997	1936.8	-1546.3	90.0	1.0000000
38	5732.1426	8925.518	169.49997	-1233.5	1043.8	-30.0	1.0000000
38	5545.5156	9118.692	169.50005	6.3	-487.4	-150.0	1.0000000
38	5562.3184	9022.670	169.50005	-272.0	462.9	-30.0	1.0000000
38	5335.1489	9401.143	169.50000	2971.1	-2234.7	-150.0	1.0000000
38	5290.3716	9164.893	169.50000	390.0	-2193.1	-90.0	1.0000000
38	5593.7500	9293.848	169.50003	1120.8	219.9	-270.0	1.0000000
38	5640.6670	9264.647	169.49997	524.4	892.7	-330.0	1.0000000
38	5079.9585	9391.033	170.87357	85.0	432.1	-360.0	1.0000000
38	5035.0464	9476.086	170.77364	185.4	233.5	-300.0	1.0000000
38	5459.6279	9324.127	169.50003	560.8	-525.0	-390.0	1.0000000
38	5582.9360	9302.830	169.49995	292.8	1235.8	-390.0	1.0000000
38	5334.5596	9415.001	169.49997	855.8	-607.5	-330.0	1.0000000
38	5294.0210	9443.265	169.50003	543.9	-481.6	-360.0	1.0000000
38	5305.8818	8754.142	169.50003	-41.9	270.7	-360.0	1.0000000
38	5230.3374	8886.402	169.50003	-3.4	-164.9	-300.0	1.0000000
38	5027.7676	8721.014	169.50000	-36.3	-121.1	2520.0	1.0000000
38	4874.2529	8781.484	169.76872	239.3	-653.9	2550.0	1.0000000
38	5013.3340	8728.967	169.49998	533.3	-123.6	2610.0	1.0000000
38	4807.9629	8724.681	169.50000	198.8	-1310.6	2550.0	1.0000000
38	4879.6611	8791.262	169.49997	57.8	-1139.2	2610.0	1.0000000
38	4875.9766	8603.392	169.49998	-190.9	-965.7	2550.0	1.0000000
38	5034.5298	8603.745	169.49995	-75.9	-189.0	2580.0	1.0000000
38	4917.1665	8611.176	169.50002	563.1	-1235.3	2670.0	1.0000000
38	4881.1294	8736.649	169.50000	254.7	-927.4	2580.0	1.0000000
38	4891.1689	8755.030	169.50000	-13.7	-908.0	2640.0	1.0000000
38	4807.0342	8782.857	170.45372	192.8	-699.2	2760.0	1.0000000
38	5017.1558	8702.596	169.50002	1250.3	123.8	2700.0	1.0000000
38	4855.8369	8690.767	169.50002	256.7	-831.7	2640.0	1.0000000
38	5133.1094	8830.440	169.49995	551.9	895.5	2550.0	1.0000000
38	5381.7427	8726.559	169.50002	-558.7	-606.1	2550.0	1.0000000
38	5502.0322	8721.654	169.49997	-232.3	393.1	2640.0	1.0000000
38	5481.7622	8729.809	169.49998	-161.1	-634.1	2610.0	1.0000000
38	5573.0869	8641.492	169.49998	0.0	0.0	2580.0	1.0000000
38	5227.0801	9220.825	169.50002	138.1	-369.7	2520.0	1.0000000
38	5272.5605	9631.743	169.49998	177.3	681.2	-330.0	1.0000000
1	5950.0000	9650.000	169.50000	0.0	0.0	90.0	1.0000000
1	5950.0000	9950.000	169.49998	0.0	0.0	90.0	1.0000000
1	5950.0000	10250.000	169.49998	0.0	0.0	90.0	1.0000000
1	5950.0000	10550.000	169.49998	0.0	0.0	90.0	1.0000000
1	5950.0000	10850.000	169.50002	0.0	0.0	90.0	1.0000000
1	5950.0000	11150.000	169.50000	0.0	0.0	90.0	1.0000000
5	4850.0000	10150.000	169.50005	0.0	0.0	2610.0	1.0000000
5	4850.0000	10550.000	169.49998	0.0	0.0	2610.0	1.0000000
5	5250.0000	10150.000	169.49997	0.0	0.0	2610.0	1.0000000
5	5650.0000	10150.000	169.49997	0.0	0.0	2610.0	1.0000000
5	5650.0000	10550.000	169.49998	0.0	0.0	2610.0	1.0000000
5	5250.0000	10550.000	169.49997	0.0	0.0	2610.0	1.0000000
6	5800.0000	10150.000	169.50002	0.0	0.0	2520.0	1.0000000
6	5800.0000	10550.000	169.49998	0.0	0.0	2520.0	1.0000000
6	5100.0000	10150.000	169.50002	0.0	0.0	2520.0	1.0000000
6	5500.0000	10150.000	169.49998	0.0	0.0	2520.0	1.0000000
6	5500.0000	10550.000	169.50002	0.0	0.0	2520.0	1.0000000
6	5100.0000	10550.000	169.49998	0.0	0.0	2520.0	1.0000000
8	4950.0000	10150.000	169.49997	0.0	0.0	2520.0	1.0000000
8	5350.0000	10150.000	169.50003	0.0	0.0	2520.0	1.0000000
8	5350.0000	10550.000	169.50003	0.0	0.0	2520.0	1.0000000
8	4950.0000	10550.000	169.49997	0.0	0.0	2520.0	1.0000000
16	5750.0000	9950.000	175.74232	-360.0	0.0	780.0	1.0000000
16	5850.0000	10050.000	184.65309	-360.0	0.0	780.0	1.0000000
16	5650.0000	10050.000	171.11504	-360.0	0.0	780.0	1.0000000
16	5550.0000	9950.000	171.11726	-360.0	0.0	780.0	1.0000000
16	5450.0000	10050.000	177.51520	-360.0	0.0	780.0	1.0000000
38	5159.1597	9792.826	169.49997	486.9	-125.5	-420.0	1.0000000
38	5121.6641	9854.855	169.50002	-254.8	-479.0	-300.0	1.0000000
38	5121.8945	9865.540	169.50002	0.0	0.0	-390.0	1.0000000
38	5440.0254	9778.519	169.50002	-758.4	-282.8	-390.0	1.0000000
38	5380.5801	9929.115	169.50003	343.3	-191.6	-390.0	1.0000000
38	5275.4272	9654.247	169.49998	-407.2	413.4	-390.0	1.0000000
38	5151.3086	9750.145	169.49998	-276.7	-639.7	-300.0	1.0000000
38	5127.1440	9823.519	169.50002	0.0	0.0	-300.0	1.0000000
1	5950.0000	11450.000	169.50000	0.0	0.0	90.0	1.0000000
1	5950.0000	11750.000	169.49998	0.0	0.0	90.0	1.0000000
1	5950.0000	12050.000	169.50000	0.0	0.0	90.0	1.0000000
1	5950.0000	12350.000	169.49997	0.0	0.0	90.0	1.0000000
1	5950.0000	12650.000	169.49998	0.0	0.0	90.0	1.0000000
5	4850.0000	11350.000	169.50003	0.0	0.0	2610.0	1.0000000
5	4850.0000	11750.000	169.50000	0.0	0.0	2610.0	1.0000000
5	4850.0000	12550.000	169.49997	0.0	0.0	2610.0	1.0000000
5	5250.0000	12550.000	169.50000	0.0	0.0	2610.0	1.0000000
5	5650.0000	12550.000	169.49997	0.0	0.0	2610.0	1.0000000
6	5500.0000	12550.000	169.49997	0.0	0.0	2520.0	1.0000000
6	5800.0000	12550.000	169.50005	0.0	0.0	2520.0	1.0000000
6	5100.0000	12550.000	169.49997	0.0	0.0	2520.0	1.0000000
8	4950.0000	12550.000	169.49997	0.0	0.0	2520.0	1.0000000
8	5350.0000	12550.000	169.50005	0.0	0.0	2520.0	1.0000000
8	4850.0000	11450.000	169.50002	0.0	0.0	2610.0	1.0000000
6	4850.0000	11600.000	169.49997	0.0	0.0	2610.0	1.0000000
24	5350.0000	12750.000	182.94138	0.0	0.0	90.0	1.0000000
25	5250.0000	11450.000	169.50000	-360.0	0.0	2970.0	1.0000000
25	5350.0000	11450.000	169.49998	-360.0	0.0	2970.0	1.0000000
25	5450.0000	11450.000	169.50003	-360.0	0.0	2970.0	1.0000000
17	5050.0000	12750.000	179.89310	-360.0	0.0	3690.0	1.0000000
17	5150.0000	12750.000	172.78540	-360.0	0.0	3690.0	1.0000000
17	4950.0000	12750.000	186.39885	-360.0	0.0	3690.0	1.0000000
17	5317.9717	12766.763	186.39938	-360.0	0.0	3570.0	1.0000000
16	4850.0000	12750.000	193.30266	-360.0	0.0	3630.0	1.0000000
16	5350.0000	12750.000	186.94200	-360.0	0.0	3630.0	1.0000000
24	5580.6553	12759.371	190.11044	0.0	0.0	90.0	1.0000000
1	5950.0000	12950.000	169.50002	0.0	0.0	90.0	1.0000000
1	5950.0000	13250.000	169.49998	0.0	0.0	90.0	1.0000000
1	5950.0000	13550.000	169.50003	0.0	0.0	90.0	1.0000000
1	5950.0000	13850.000	169.49998	0.0	0.0	90.0	1.0000000
1	5950.0000	14050.000	169.50000	0.0	0.0	90.0	1.0000000
1	5800.0000	14150.000	169.50003	0.0	0.0	0.0	1.0000000
1	5550.0000	14150.000	169.49998	0.0	0.0	0.0	1.0000000
1	5250.0000	14150.000	169.50002	0.0	0.0	0.0	1.0000000
5	4850.0000	12950.000	169.49998	0.0	0.0	2610.0	1.0000000
5	5250.0000	12950.000	169.49998	0.0	0.0	2610.0	1.0000000
5	5650.0000	12950.000	169.50000	0.0	0.0	2610.0	1.0000000
6	5500.0000	12950.000	169.50003	0.0	0.0	2520.0	1.0000000
6	5800.0000	12950.000	169.49998	0.0	0.0	2520.0	1.0000000
6	5100.0000	12950.000	169.50000	0.0	0.0	2520.0	1.0000000
8	4950.0000	12950.000	169.50002	0.0	0.0	2520.0	1.0000000
8	5350.0000	12950.000	169.50003	0.0	0.0	2520.0	1.0000000
5	4850.0000	13550.000	169.49995	0.0	0.0	2610.0	1.0000000
23	4950.0000	13950.000	170.42984	0.0	0.0	1080.0	1.0000000
23	5150.0000	13950.000	169.50000	0.0	0.0	1080.0	1.0000000
23	5350.0000	13950.000	169.50002	0.0	0.0	1080.0	1.0000000
5	5050.0000	14150.000	172.03607	-360.0	0.0	1530.0	1.0000000
24	5150.0000	15150.000	-0.00003	0.0	0.0	3330.0	1.0000000
24	5150.0000	14450.000	-0.00003	0.0	0.0	3330.0	1.0000000
24	5200.0000	15750.000	-0.00002	0.0	0.0	3330.0	1.0000000
1	5950.0000	16450.000	169.50003	0.0	0.0	90.0	1.0000000
1	5950.0000	16750.000	169.49997	0.0	0.0	90.0	1.0000000
1	5950.0000	17050.000	169.50000	0.0	0.0	90.0	1.0000000
1	5950.0000	17350.000	169.50000	0.0	0.0	90.0	1.0000000
1	5050.0000	16350.000	169.50003	0.0	0.0	0.0	1.0000000
1	5350.0000	16350.000	169.49998	0.0	0.0	0.0	1.0000000
1	5650.0000	16350.000	169.49998	0.0	0.0	0.0	1.0000000
1	5850.0000	16350.000	169.50000	0.0	0.0	0.0	1.0000000
4	5141.4385	17160.719	160.41739	0.0	0.0	90.0	1.0000000
4	5154.2632	16453.785	186.46382	0.0	0.0	90.0	1.0000000
4	5842.4697	17151.615	183.64240	0.0	0.0	90.0	1.0000000
9	5154.9565	17005.660	171.79651	0.0	0.0	270.0	1.0000000
9	5154.8057	16806.109	171.72423	0.0	0.0	270.0	1.0000000
9	5158.2495	16605.027	173.37718	0.0	0.0	270.0	1.0000000
9	5294.3984	17142.795	172.87613	0.0	0.0	180.0	1.0000000
9	5493.8911	17145.193	171.72423	0.0	0.0	180.0	1.0000000
9	5692.3657	17143.875	172.35776	0.0	0.0	180.0	1.0000000
5	4857.1001	16346.646	164.13632	-360.0	0.0	1530.0	1.0000000
19	5587.9795	16689.635	222.61172	0.0	0.0	-180.0	1.0000000
1	5950.0000	17650.000	169.50003	0.0	0.0	90.0	1.0000000
1	5950.0000	17950.000	169.50005	0.0	0.0	90.0	1.0000000
1	5950.0000	18250.000	169.49997	0.0	0.0	90.0	1.0000000
1	5950.0000	18550.000	169.50003	0.0	0.0	90.0	1.0000000
1	5950.0000	18850.000	169.49995	0.0	0.0	90.0	1.0000000
1	5950.0000	19150.000	169.49997	0.0	0.0	90.0	1.0000000
9	4850.0000	19100.000	174.61429	0.0	0.0	90.0	1.0000000
4	4845.7178	18958.314	121.45743	0.0	0.0	90.0	1.0000000
12	4934.5854	18931.873	185.88564	-360.0	0.0	810.0	1.0000000
23	5250.0000	18650.000	169.50000	0.0	0.0	1080.0	1.0000000
23	5250.0000	18150.000	169.50003	0.0	0.0	1080.0	1.0000000
22	5050.0000	18850.000	178.25359	0.0	0.0	1080.0	1.0000000
26	5700.0000	18600.000	169.49997	0.0	0.0	-30.0	1.0000000
27	5750.0000	18850.000	169.49998	0.0	0.0	180.0	1.0000000
27	5750.0000	19050.000	169.49998	0.0	0.0	330.0	1.0000000
33	4926.1436	18840.848	186.29530	-5.0	0.0	870.0	1.0000000
16	4950.0000	18750.000	180.84035	0.0	0.0	30.0	1.0000000
16	4950.0000	18650.000	177.09779	0.0	0.0	30.0	1.0000000
16	4850.0000	18550.000	182.12863	0.0	0.0	30.0	1.0000000
25	5350.0000	17850.000	170.54584	-360.0	0.0	2970.0	1.0000000
25	5450.0000	17850.000	169.81044	-360.0	0.0	2970.0	1.0000000
25	5250.0000	17850.000	169.49998	-360.0	0.0	2970.0	1.0000000
1	5950.0000	19450.000	169.50003	0.0	0.0	90.0	1.0000000
1	5950.0000	19750.000	169.49995	0.0	0.0	90.0	1.0000000
1	5950.0000	20050.000	169.50002	0.0	0.0	90.0	1.0000000
1	5950.0000	20350.000	169.50005	0.0	0.0	90.0	1.0000000
1	5950.0000	20650.000	169.50003	0.0	0.0	90.0	1.0000000
9	4850.0000	19300.000	175.17702	0.0	0.0	90.0	1.0000000
9	4850.0000	19900.000	174.93054	0.0	0.0	90.0	1.0000000
9	4850.0000	20100.000	175.94899	0.0	0.0	90.0	1.0000000
9	4850.0000	20700.000	175.11139	0.0	0.0	90.0	1.0000000
4	4851.0103	19450.963	153.93240	0.0	0.0	90.0	1.0000000
4	4847.8208	19763.053	124.42825	0.0	0.0	90.0	1.0000000
4	4851.8218	20244.975	153.54301	0.0	0.0	90.0	1.0000000
4	4850.9639	20568.742	127.69818	0.0	0.0	90.0	1.0000000
23	5250.0000	20550.000	169.49997	0.0	0.0	1080.0	1.0000000
23	5650.0000	20550.000	169.50000	0.0	0.0	1080.0	1.0000000
22	4950.0000	19850.000	188.04671	0.0	0.0	1080.0	1.0000000
22	4950.0000	19450.000	169.50002	0.0	0.0	1080.0	1.0000000
16	4950.0000	19450.000	178.73021	0.0	0.0	30.0	1.0000000
16	5050.0000	19450.000	171.34174	0.0	0.0	30.0	1.0000000
16	4850.0000	20750.000	205.70537	0.0	0.0	30.0	1.0000000
25	5150.0000	19850.000	169.49998	-360.0	0.0	2970.0	1.0000000
25	5150.0000	19950.000	169.49997	-360.0	0.0	2970.0	1.0000000
25	5150.0000	20050.000	169.50002	-360.0	0.0	2970.0	1.0000000
25	5150.0000	20150.000	169.49997	-360.0	0.0	2970.0	1.0000000
1	5950.0000	20950.000	169.50002	0.0	0.0	90.0	1.0000000
1	5950.0000	21250.000	169.50003	0.0	0.0	90.0	1.0000000
1	5950.0000	21550.000	169.49998	0.0	0.0	90.0	1.0000000
1	5950.0000	21850.000	169.50003	0.0	0.0	90.0	1.0000000
1	5950.0000	22150.000	169.49997	0.0	0.0	90.0	1.0000000
9	4850.0000	21000.000	174.13434	0.0	0.0	90.0	1.0000000
4	4852.1982	21143.059	153.36218	0.0	0.0	90.0	1.0000000
4	4846.0010	22258.990	121.88954	0.0	0.0	90.0	1.0000000
23	5250.0000	21150.000	169.50000	0.0	0.0	1080.0	1.0000000
23	5650.0000	21150.000	169.50000	0.0	0.0	1080.0	1.0000000
23	5250.0000	22250.000	169.50003	0.0	0.0	1080.0	1.0000000
23	5750.0000	22250.000	169.49997	0.0	0.0	1080.0	1.0000000
21	4850.0000	22350.000	207.27002	0.0	0.0	1080.0	1.0000000
16	4850.0000	20850.000	212.01692	0.0	0.0	30.0	1.0000000
38	5088.9761	22370.127	169.50002	0.0	0.0	2520.0	1.0000000
38	5012.6528	22375.500	169.49997	0.0	0.0	2580.0	1.0000000
9	4850.0000	22400.000	176.06554	0.0	0.0	90.0	1.0000000
1	5950.0000	22450.000	169.50002	0.0	0.0	90.0	1.0000000
1	5950.0000	22750.000	169.50000	0.0	0.0	90.0	1.0000000
1	5950.0000	23050.000	169.49997	0.0	0.0	90.0	1.0000000
1	5950.0000	23350.000	169.49998	0.0	0.0	90.0	1.0000000
1	5950.0000	23650.000	169.50002	0.0	0.0	90.0	1.0000000
1	5950.0000	23950.000	169.49998	0.0	0.0	90.0	1.0000000
9	4850.0000	22600.000	176.35600	0.0	0.0	90.0	1.0000000
4	4849.3291	22742.123	154.73950	0.0	0.0	90.0	1.0000000
23	5250.0000	22750.000	169.50003	0.0	0.0	1080.0	1.0000000
23	5750.0000	22750.000	169.50003	0.0	0.0	1080.0	1.0000000
22	4950.0000	22650.000	178.78526	0.0	0.0	1080.0	1.0000000
38	5035.2446	22440.930	169.49995	0.0	0.0	2550.0	1.0000000
38	5105.9805	22566.539	169.49998	0.0	0.0	2640.0	1.0000000
38	5011.5913	22507.258	169.50000	0.0	0.0	2580.0	1.0000000
38	4968.3413	22597.787	169.97491	0.0	0.0	2490.0	1.0000000
38	5027.6099	22581.934	169.49997	0.0	0.0	2550.0	1.0000000
38	5095.2896	22620.738	169.81107	0.0	0.0	2640.0	1.0000000
38	5161.4248	22492.428	169.50002	0.0	0.0	2610.0	1.0000000
38	5126.9209	22422.119	169.49997	0.0	0.0	2580.0	1.0000000
38	5153.4849	22652.795	175.83533	0.0	0.0	2580.0	1.0000000
1	5950.0000	24250.000	169.50000	0.0	0.0	90.0	1.0000000
1	5950.0000	24550.000	169.50000	0.0	0.0	90.0	1.0000000
1	5950.0000	24850.000	169.49998	0.0	0.0	90.0	1.0000000
1	5950.0000	25050.000	169.49998	0.0	0.0	90.0	1.0000000
1	5800.0000	25150.000	169.50003	0.0	0.0	0.0	1.0000000
1	5550.0000	25150.000	169.49998	0.0	0.0	0.0	1.0000000
1	5250.0000	25150.000	169.49998	0.0	0.0	0.0	1.0000000
1	4950.0000	25150.000	169.50002	0.0	0.0	0.0	1.0000000
9	5302.8447	24445.002	179.45796	0.0	0.0	0.0	1.0000000
9	5500.1343	24445.484	179.68950	0.0	0.0	0.0	1.0000000
9	5700.8203	24444.705	179.31534	0.0	0.0	0.0	1.0000000
10	5851.6484	24444.891	179.40459	0.0	0.0	0.0	1.0000000
4	5153.3291	24455.062	170.09801	0.0	0.0	90.0	1.0000000
4	5152.1689	25053.969	169.54103	0.0	0.0	90.0	1.0000000
4	5850.0396	24436.186	171.86861	0.0	0.0	90.0	1.0000000
9	5154.4072	24900.369	180.61540	0.0	0.0	270.0	1.0000000
9	5159.1255	24597.500	182.88010	0.0	0.0	270.0	1.0000000
10	5188.1592	24424.916	390.09903	-30.0	0.0	420.0	1.0000000
30	5201.2607	24391.602	144.34660	0.0	0.0	420.0	1.0000000
31	5220.7627	24400.643	133.14444	0.0	0.0	750.0	1.0000000
19	5544.7793	24781.717	214.14537	0.0	0.0	0.0	1.0000000
1	7950.0000	1550.000	169.49997	0.0	0.0	90.0	1.0000000
1	7950.0000	1250.000	169.50002	0.0	0.0	90.0	1.0000000
1	7950.0000	650.000	169.49997	0.0	0.0	90.0	1.0000000
1	7950.0000	450.000	169.49995	0.0	0.0	90.0	1.0000000
18	7950.0000	950.000	169.50000	0.0	0.0	90.0	1.0000000
1	7950.0000	3050.000	169.49997	0.0	0.0	90.0	1.0000000
1	7950.0000	2750.000	169.49997	0.0	0.0	90.0	1.0000000
1	7950.0000	2450.000	169.50000	0.0	0.0	90.0	1.0000000
1	7950.0000	1850.000	169.49998	0.0	0.0	90.0	1.0000000
18	7950.0000	2150.000	169.49998	0.0	0.0	1890.0	1.0000000
1	7950.0000	4550.000	169.49997	0.0	0.0	90.0	1.0000000
1	7950.0000	4250.000	169.50005	0.0	0.0	90.0	1.0000000
1	7950.0000	3950.000	169.50002	0.0	0.0	90.0	1.0000000
1	7950.0000	3650.000	169.50005	0.0	0.0	90.0	1.0000000
18	7950.0000	3350.000	169.50000	0.0	0.0	1890.0	1.0000000
1	7950.0000	6050.000	169.50002	0.0	0.0	90.0	1.0000000
1	7950.0000	5750.000	169.49998	0.0	0.0	90.0	1.0000000
1	7950.0000	5450.000	169.49997	0.0	0.0	90.0	1.0000000
1	7950.0000	5150.000	169.50002	0.0	0.0	90.0	1.0000000
18	7950.0000	4850.000	169.50003	0.0	0.0	1890.0	1.0000000
1	7950.0000	8450.000	169.49998	0.0	0.0	90.0	1.0000000
1	7950.0000	8750.000	169.50002	0.0	0.0	90.0	1.0000000
1	7950.0000	9350.000	169.50002	0.0	0.0	90.0	1.0000000
5	7949.9175	8327.204	138.90326	0.0	0.0	0.0	1.0000000
18	7950.0000	9050.000	169.50002	0.0	0.0	90.0	1.0000000
1	7950.0000	10250.000	169.50002	0.0	0.0	90.0	1.0000000
1	7950.0000	10850.000	169.49998	0.0	0.0	90.0	1.0000000
1	7950.0000	11150.000	169.50000	0.0	0.0	90.0	1.0000000
18	7950.0000	10550.000	169.49997	0.0	0.0	90.0	1.0000000
18	7950.0000	9950.000	169.50000	0.0	0.0	90.0	1.0000000
1	7950.0000	9650.000	169.50000	0.0	0.0	90.0	1.0000000
1	7950.0000	11750.000	169.49997	0.0	0.0	90.0	1.0000000
1	7950.0000	12050.000	169.50003	0.0	0.0	90.0	1.0000000
1	7950.0000	12350.000	169.50000	0.0	0.0	90.0	1.0000000
18	7950.0000	11450.000	169.50002	0.0	0.0	90.0	1.0000000
18	7950.0000	12650.000	169.50000	0.0	0.0	90.0	1.0000000
1	7950.0000	13250.000	169.50002	0.0	0.0	90.0	1.0000000
1	7950.0000	13550.000	169.50002	0.0	0.0	90.0	1.0000000
1	7950.0000	13850.000	169.49998	0.0	0.0	90.0	1.0000000
1	7950.0000	14050.000	169.49998	0.0	0.0	90.0	1.0000000
18	7950.0000	12950.000	169.49998	0.0	0.0	90.0	1.0000000
1	7950.0000	16450.000	169.50000	0.0	0.0	90.0	1.0000000
1	7950.0000	16750.000	169.50000	0.0	0.0	90.0	1.0000000
1	7950.0000	17050.000	169.50000	0.0	0.0	90.0	1.0000000
1	7950.0000	17350.000	169.50003	0.0	0.0	90.0	1.0000000
1	7950.0000	17650.000	169.50002	0.0	0.0	90.0	1.0000000
1	7950.0000	17950.000	169.50000	0.0	0.0	90.0	1.0000000
1	7950.0000	18250.000	169.50000	0.0	0.0	90.0	1.0000000
1	7950.0000	18550.000	169.50002	0.0	0.0	90.0	1.0000000
1	7950.0000	18850.000	169.50003	0.0	0.0	90.0	1.0000000
1	7950.0000	19150.000	169.50002	0.0	0.0	90.0	1.0000000
1	7950.0000	19450.000	169.49997	0.0	0.0	90.0	1.0000000
1	7950.0000	19750.000	169.50000	0.0	0.0	90.0	1.0000000
1	7950.0000	20050.000	169.50002	0.0	0.0	90.0	1.0000000
1	7950.0000	20350.000	169.50002	0.0	0.0	90.0	1.0000000
1	7950.0000	20650.000	169.49998	0.0	0.0	90.0	1.0000000
1	7950.0000	20950.000	169.50002	0.0	0.0	90.0	1.0000000
1	7950.0000	21250.000	169.50002	0.0	0.0	90.0	1.0000000
1	7950.0000	21550.000	169.49998	0.0	0.0	90.0	1.0000000
1	7950.0000	22150.000	169.50002	0.0	0.0	90.0	1.0000000
18	7950.0000	21850.000	169.49998	0.0	0.0	4410.0	1.0000000
1	7950.0000	22450.000	169.50002	0.0	0.0	90.0	1.0000000
1	7950.0000	23050.000	169.49997	0.0	0.0	90.0	1.0000000
1	7950.0000	23350.000	169.49998	0.0	0.0	90.0	1.0000000
1	7950.0000	23950.000	169.49997	0.0	0.0	90.0	1.0000000
18	7950.0000	22750.000	169.50002	0.0	0.0	4410.0	1.0000000
18	7950.0000	23650.000	169.65085	0.0	0.0	4410.0	1.0000000
1	7950.0000	24250.000	169.50002	0.0	0.0	90.0	1.0000000
1	7950.0000	24550.000	169.49998	0.0	0.0	90.0	1.0000000
1	7950.0000	24850.000	169.50002	0.0	0.0	90.0	1.0000000
1	7950.0000	25050.000	169.49998	0.0	0.0	90.0	1.0000000
1	8050.0000	350.000	169.49998	0.0	0.0	0.0	1.0000000
1	8350.0000	350.000	169.50003	0.0	0.0	0.0	1.0000000
1	8650.0000	350.000	169.50003	0.0	0.0	0.0	1.0000000
1	8950.0000	350.000	169.50002	0.0	0.0	0.0	1.0000000
1	9250.0000	350.000	169.50000	0.0	0.0	0.0	1.0000000
1	9550.0000	350.000	169.50000	0.0	0.0	0.0	1.0000000
7	9500.0000	1300.000	169.49998	0.0	0.0	90.0	1.0000000
7	9000.0000	1300.000	169.49998	0.0	0.0	0.0	1.0000000
6	9550.0000	1500.000	169.49997	0.0	0.0	2250.0	1.0000000
6	8950.0000	1500.000	169.50000	0.0	0.0	2250.0	1.0000000
6	9200.0000	1250.000	169.50000	0.0	0.0	2160.0	1.0000000
8	9350.0000	1250.000	169.49998	0.0	0.0	2160.0	1.0000000
4	9050.0000	1300.000	204.21129	0.0	0.0	2250.0	1.0000000
4	9450.0000	1350.000	191.27583	0.0	0.0	2250.0	1.0000000
4	8450.0000	1350.000	169.49997	0.0	0.0	2610.0	1.0000000
16	9050.0000	1150.000	172.53603	0.0	0.0	360.0	1.0000000
16	8950.0000	1150.000	192.06355	0.0	0.0	420.0	1.0000000
16	9000.0000	1150.000	188.44775	0.0	0.0	360.0	1.0000000
16	8050.0000	850.000	169.49998	0.0	0.0	360.0	1.0000000
16	8050.0000	750.000	175.02316	0.0	0.0	420.0	1.0000000
16	8050.0000	800.000	169.49997	0.0	0.0	420.0	1.0000000
7	9000.0000	2100.000	169.50003	0.0	0.0	270.0	1.0000000
7	9500.0000	2100.000	169.50000	0.0	0.0	540.0	1.0000000
6	9550.0000	1700.000	169.50003	0.0	0.0	2250.0	1.0000000
6	9550.0000	1900.000	169.50002	0.0	0.0	2250.0	1.0000000
6	8950.0000	1700.000	169.49997	0.0	0.0	2250.0	1.0000000
6	8950.0000	1900.000	169.50000	0.0	0.0	2250.0	1.0000000
6	9200.0000	2150.000	169.49998	0.0	0.0	2160.0	1.0000000
6	9200.0000	3150.000	169.50000	0.0	0.0	2160.0	1.0000000
8	9350.0000	3150.000	169.50000	0.0	0.0	2160.0	1.0000000
8	9350.0000	2150.000	169.50003	0.0	0.0	2160.0	1.0000000
4	9050.0000	2050.000	198.33817	0.0	0.0	2250.0	1.0000000
4	9450.0000	2050.000	188.49214	0.0	0.0	2250.0	1.0000000
4	8450.0000	3150.000	169.49997	0.0	0.0	2610.0	1.0000000
4	8450.0000	2150.000	169.49997	0.0	0.0	2610.0	1.0000000
24	9250.0000	1650.000	195.74977	0.0	0.0	360.0	1.0000000
16	9250.0000	1650.000	194.61668	0.0	0.0	450.0	1.0000000
16	9350.0000	1750.000	188.05684	0.0	0.0	420.0	1.0000000
16	9350.0000	1750.000	186.10901	0.0	0.0	420.0	1.0000000
16	9250.0000	1750.000	204.82359	0.0	0.0	420.0	1.0000000
16	8050.0000	2950.000	175.62524	0.0	0.0	420.0	1.0000000
16	8050.0000	2850.000	170.78462	0.0	0.0	420.0	1.0000000
16	8150.0000	2750.000	169.50003	0.0	0.0	420.0	1.0000000
16	8150.0000	2950.000	172.59003	0.0	0.0	420.0	1.0000000
16	8050.0000	3050.000	186.65469	0.0	0.0	420.0	1.0000000
7	9000.0000	3200.000	169.50002	0.0	0.0	1800.0	1.0000000
7	9500.0000	3200.000	169.50002	0.0	0.0	1890.0	1.0000000
7	9000.0000	3800.000	169.49997	0.0	0.0	1710.0	1.0000000
7	9500.0000	3800.000	169.49997	0.0	0.0	1980.0	1.0000000
7	9500.0000	4500.000	169.50002	0.0	0.0	2250.0	1.0000000
6	9200.0000	3850.000	169.50002	0.0	0.0	2160.0	1.0000000
6	9200.0000	4450.000	169.50002	0.0	0.0	2160.0	1.0000000
7	9000.0000	4500.000	169.50003	0.0	0.0	2160.0	1.0000000
6	8950.0000	4700.000	169.50002	0.0	0.0	2250.0	1.0000000
6	9550.0000	4700.000	169.50003	0.0	0.0	2250.0	1.0000000
6	9550.0000	3400.000	169.49998	0.0	0.0	2250.0	1.0000000
6	9550.0000	3600.000	169.50003	0.0	0.0	2250.0	1.0000000
6	8950.0000	3400.000	169.50003	0.0	0.0	2250.0	1.0000000
6	8950.0000	3600.000	169.50002	0.0	0.0	2250.0	1.0000000
8	9350.0000	4450.000	169.49997	0.0	0.0	2160.0	1.0000000
8	9350.0000	3850.000	169.49997	0.0	0.0	2160.0	1.0000000
4	9050.0000	4550.000	169.49997	0.0	0.0	2250.0	1.0000000
4	9450.0000	4550.000	169.50000	0.0	0.0	2250.0	1.0000000
4	9050.0000	3250.000	180.28754	0.0	0.0	2250.0	1.0000000
4	9050.0000	3750.000	200.21704	0.0	0.0	2250.0	1.0000000
4	9450.0000	3250.000	171.15909	0.0	0.0	2250.0	1.0000000
4	9450.0000	3750.000	192.27170	0.0	0.0	2250.0	1.0000000
4	8450.0000	4450.000	169.49997	0.0	0.0	2610.0	1.0000000
4	8450.0000	3850.000	169.49997	0.0	0.0	2610.0	1.0000000
24	9250.0000	3450.000	197.61781	0.0	0.0	360.0	1.0000000
24	9250.0000	4750.000	200.30460	0.0	0.0	360.0	1.0000000
16	9250.0000	3450.000	197.46890	0.0	0.0	450.0	1.0000000
16	9250.0000	4750.000	201.99179	0.0	0.0	450.0	1.0000000
16	8150.0000	3950.000	169.50003	0.0	0.0	420.0	1.0000000
16	8050.0000	3850.000	174.88931	0.0	0.0	420.0	1.0000000
16	8050.0000	3750.000	183.27245	0.0	0.0	420.0	1.0000000
16	8150.0000	3650.000	177.54453	0.0	0.0	420.0	1.0000000
16	8050.0000	3650.000	184.52275	0.0	0.0	420.0	1.0000000
16	8150.0000	3850.000	170.34882	0.0	0.0	420.0	1.0000000
16	9550.0000	4350.000	180.87788	0.0	0.0	420.0	1.0000000
16	9450.0000	4350.000	171.13052	0.0	0.0	420.0	1.0000000
16	9250.0000	4350.000	177.17682	0.0	0.0	420.0	1.0000000
17	9350.0000	4350.000	175.80101	0.0	0.0	420.0	1.0000000
17	9450.0000	4350.000	170.04472	0.0	0.0	420.0	1.0000000
1	9450.0000	6150.000	169.49998	0.0	0.0	0.0	1.0000000
1	9150.0000	6150.000	169.50002	0.0	0.0	0.0	1.0000000
1	8850.0000	6150.000	169.50000	0.0	0.0	0.0	1.0000000
1	8550.0000	6150.000	169.49997	0.0	0.0	0.0	1.0000000
1	8250.0000	6150.000	169.49997	0.0	0.0	0.0	1.0000000
1	8050.0000	6150.000	169.49998	0.0	0.0	0.0	1.0000000
7	9000.0000	5000.000	169.50000	0.0	0.0	1710.0	1.0000000
7	9500.0000	5000.000	169.49998	0.0	0.0	1980.0	1.0000000
8	9550.0000	4850.000	169.50002	0.0	0.0	2250.0	1.0000000
8	8950.0000	4850.000	169.50002	0.0	0.0	2250.0	1.0000000
6	9200.0000	5050.000	169.50002	0.0	0.0	2160.0	1.0000000
8	9350.0000	5050.000	169.50002	0.0	0.0	2160.0	1.0000000
4	9050.0000	4950.000	169.50002	0.0	0.0	2250.0	1.0000000
4	9450.0000	4950.000	169.49997	0.0	0.0	2250.0	1.0000000
4	9550.0000	5550.000	169.49997	0.0	0.0	2610.0	1.0000000
4	8950.0000	5550.000	169.49997	0.0	0.0	2610.0	1.0000000
4	8450.0000	5050.000	169.49997	0.0	0.0	2610.0	1.0000000
16	9550.0000	5150.000	169.50002	0.0	0.0	420.0	1.0000000
16	9050.0000	5650.000	177.99646	0.0	0.0	420.0	1.0000000
16	9050.0000	5550.000	170.04727	0.0	0.0	420.0	1.0000000
16	8950.0000	5450.000	175.12480	0.0	0.0	420.0	1.0000000
16	8850.0000	5550.000	172.21527	0.0	0.0	420.0	1.0000000
16	9000.0000	5600.000	186.22238	0.0	0.0	420.0	1.0000000
17	9050.0000	5550.000	182.15268	0.0	0.0	420.0	1.0000000
17	9050.0000	5450.000	169.50003	0.0	0.0	420.0	1.0000000
1	9450.0000	8350.000	169.50003	0.0	0.0	0.0	1.0000000
1	9150.0000	8350.000	169.50002	0.0	0.0	0.0	1.0000000
1	8850.0000	8350.000	169.50003	0.0	0.0	0.0	1.0000000
1	8550.0000	8350.000	169.49997	0.0	0.0	0.0	1.0000000
1	8300.0000	8350.000	169.49998	0.0	0.0	0.0	1.0000000
1	8050.0000	8350.000	169.50002	0.0	0.0	0.0	1.0000000
5	9350.0000	9150.000	169.50003	0.0	0.0	180.0	1.0000000
6	9350.0000	9300.000	169.50002	0.0	0.0	90.0	1.0000000
6	9500.0000	9150.000	169.49998	0.0	0.0	0.0	1.0000000
8	9350.0000	9450.000	170.12251	0.0	0.0	270.0	1.0000000
19	8400.0000	8800.000	169.50003	0.0	0.0	450.0	1.0000000
23	8350.0000	9250.000	169.50000	0.0	0.0	450.0	1.0000000
23	8350.0000	8550.000	169.50000	0.0	0.0	450.0	1.0000000
23	9050.0000	8550.000	169.49998	0.0	0.0	450.0	1.0000000
23	9050.0000	9250.000	169.50002	0.0	0.0	450.0	1.0000000
39	8726.0928	9120.354	171.66469	561.9	357.4	90.0	1.0000000
39	8816.2100	8914.689	171.66475	-89.3	225.6	90.0	1.0000000
39	8829.6260	8978.298	171.66476	0.0	0.0	90.0	1.0000000
39	8713.4971	8985.510	171.66473	-228.0	98.4	90.0	1.0000000
39	8642.1445	9174.619	171.66476	362.9	-59.7	90.0	1.0000000
39	8602.2061	9061.965	171.66472	-81.0	-179.2	90.0	1.0000000
39	8904.5732	8851.674	171.66476	0.0	0.0	90.0	1.0000000
39	8911.6006	8929.537	171.66473	0.0	0.0	90.0	1.0000000
39	8875.9844	8758.408	171.66472	-93.7	-129.4	90.0	1.0000000
39	8899.1250	8863.488	171.66469	377.5	-444.5	90.0	1.0000000
39	8909.2432	8886.676	171.66475	0.0	0.0	90.0	1.0000000
39	8686.7363	8959.498	171.66470	-284.6	81.9	90.0	1.0000000
39	8507.0850	9125.581	171.66472	0.0	0.0	90.0	1.0000000
39	8762.1318	9071.533	171.66470	0.0	0.0	90.0	1.0000000
39	8787.7275	8999.444	171.66475	5.0	286.9	90.0	1.0000000
39	8901.7803	8981.296	171.66475	0.0	0.0	90.0	1.0000000
39	8980.7441	8877.205	171.66469	305.2	-180.6	90.0	1.0000000
39	8923.1387	8813.775	171.66478	440.1	-791.4	90.0	1.0000000
39	8994.9482	8567.818	171.66473	-1521.6	-181.7	90.0	1.0000000
39	8767.4473	9135.265	171.66475	0.0	0.0	90.0	1.0000000
6	9350.0000	9600.000	169.49997	0.0	0.0	90.0	1.0000000
5	9350.0000	9750.000	169.49997	0.0	0.0	90.0	1.0000000
5	9350.0000	10950.000	169.49998	0.0	0.0	90.0	1.0000000
6	9500.0000	9750.000	169.49997	0.0	0.0	0.0	1.0000000
23	8350.0000	9750.000	169.50002	0.0	0.0	450.0	1.0000000
23	9050.0000	9750.000	169.50002	0.0	0.0	450.0	1.0000000
5	9439.2646	10344.107	174.67647	0.0	0.0	90.0	1.0000000
39	8561.9570	9872.288	171.66476	175.1	138.3	90.0	1.0000000
39	8689.3203	9810.680	171.66472	0.0	0.0	90.0	1.0000000
39	8742.1758	9930.057	171.66476	0.0	0.0	90.0	1.0000000
39	8730.7725	9969.338	171.66472	104.3	271.1	90.0	1.0000000
39	8735.2646	9935.916	171.66475	-21.0	287.9	90.0	1.0000000
39	8636.1172	9740.768	169.50000	0.0	0.0	90.0	1.0000000
39	8637.6855	9891.692	169.50000	89.6	262.3	90.0	1.0000000
39	8715.8809	9792.744	169.50003	-454.8	-271.5	90.0	1.0000000
39	8785.0557	9694.591	169.49998	0.0	0.0	90.0	1.0000000
39	8814.1797	9928.352	169.50002	0.0	0.0	90.0	1.0000000
39	8907.0703	9736.152	169.60609	0.0	0.0	90.0	1.0000000
5	9350.0000	11550.000	169.49997	0.0	0.0	90.0	1.0000000
5	9350.0000	12150.000	169.50000	0.0	0.0	90.0	1.0000000
6	9500.0000	12150.000	169.50003	0.0	0.0	180.0	1.0000000
6	9500.0000	12750.000	169.49997	0.0	0.0	180.0	1.0000000
6	9350.0000	12600.000	169.50000	0.0	0.0	270.0	1.0000000
6	9350.0000	12300.000	169.49998	0.0	0.0	270.0	1.0000000
5	9350.0000	12750.000	170.59160	0.0	0.0	0.0	1.0000000
8	9359.3994	12444.368	176.17194	0.0	0.0	270.0	1.0000000
17	9450.0000	12000.000	169.50000	0.0	0.0	0.0	1.0000000
17	9350.0000	12050.000	174.74603	0.0	0.0	0.0	1.0000000
17	9250.0000	11950.000	169.50002	0.0	0.0	0.0	1.0000000
17	9150.0000	12250.000	169.49998	0.0	0.0	0.0	1.0000000
17	9150.0000	12150.000	169.50000	0.0	0.0	0.0	1.0000000
16	9250.0000	12050.000	190.98160	0.0	0.0	0.0	1.0000000
25	8550.0000	12050.000	169.50003	0.0	0.0	450.0	1.0000000
25	8650.0000	12050.000	169.49998	0.0	0.0	450.0	1.0000000
25	8450.0000	12050.000	169.50002	0.0	0.0	450.0	1.0000000
1	9150.0000	14150.000	169.50003	0.0	0.0	0.0	1.0000000
1	8550.0000	14150.000	169.50002	0.0	0.0	0.0	1.0000000
1	8250.0000	14150.000	169.50003	0.0	0.0	0.0	1.0000000
1	8050.0000	14150.000	169.49998	0.0	0.0	0.0	1.0000000
18	8850.0000	14150.000	169.50002	0.0	0.0	0.0	1.0000000
18	9450.0000	14150.000	169.49997	0.0	0.0	0.0	1.0000000
25	9350.0000	13150.000	169.50003	0.0	0.0	450.0	1.0000000
25	9350.0000	13050.000	169.50000	0.0	0.0	450.0	1.0000000
25	9350.0000	13250.000	169.50002	0.0	0.0	450.0	1.0000000
38	8905.8193	13780.005	169.49998	0.0	0.0	2610.0	1.0000000
38	8757.6348	13783.965	169.49998	0.0	0.0	2610.0	1.0000000
38	8673.7891	13636.639	169.49998	0.0	0.0	2610.0	1.0000000
38	8767.9961	13689.354	169.50002	0.0	0.0	2610.0	1.0000000
38	8662.1475	13722.709	169.50000	0.0	0.0	2610.0	1.0000000
38	8670.8779	13611.599	169.50000	0.0	0.0	2610.0	1.0000000
38	8688.1387	13534.833	169.50005	0.0	0.0	2610.0	1.0000000
38	8357.0469	13815.436	169.50000	509.9	-448.7	2610.0	1.0000000
38	8491.3447	13671.576	169.50002	0.0	0.0	2610.0	1.0000000
38	8448.3867	13614.168	169.50003	0.0	0.0	2610.0	1.0000000
38	8350.0000	13550.000	169.50003	0.0	0.0	2610.0	1.0000000
38	8750.0000	13450.000	169.50000	0.0	0.0	2610.0	1.0000000
38	8950.0000	13550.000	169.50002	0.0	0.0	2610.0	1.0000000
38	9050.0000	13650.000	169.49997	0.0	0.0	2610.0	1.0000000
38	9150.0000	13750.000	169.50005	0.0	0.0	2610.0	1.0000000
38	8722.6992	13950.000	169.50002	0.0	-273.0	2610.0	1.0000000
38	8550.0000	13550.000	169.49997	0.0	0.0	2610.0	1.0000000
38	8650.0000	13450.000	169.49998	0.0	0.0	2610.0	1.0000000
38	8650.0000	13750.000	169.49997	0.0	0.0	2610.0	1.0000000
38	8550.0000	13750.000	169.50000	0.0	0.0	2610.0	1.0000000
38	8450.0000	13850.000	169.50003	0.0	0.0	2610.0	1.0000000
38	8673.6201	13780.426	169.50005	-511.8	-150.2	2610.0	1.0000000
38	8560.3740	13841.238	169.50000	-15.2	-215.2	2610.0	1.0000000
38	8854.8701	13607.738	169.50003	0.0	0.0	2610.0	1.0000000
38	8875.4502	13761.267	169.50003	0.0	0.0	2610.0	1.0000000
38	8235.4785	13242.315	169.50002	-76.8	-145.2	2610.0	1.0000000
38	8250.0000	12950.000	169.49997	0.0	0.0	2610.0	1.0000000
38	8358.1113	12838.701	169.50003	-113.0	81.1	2610.0	1.0000000
38	8750.0000	13150.000	169.49998	0.0	0.0	2610.0	1.0000000
38	8550.0000	13250.000	169.49998	0.0	0.0	2610.0	1.0000000
38	8342.4980	13038.533	169.49998	-114.7	-75.0	2610.0	1.0000000
38	8550.0000	12950.000	169.50002	0.0	0.0	2610.0	1.0000000
38	8561.3809	13051.881	169.50000	0.0	0.0	2610.0	1.0000000
38	8432.9697	13122.134	169.50005	60.3	290.4	2610.0	1.0000000
38	8290.3789	13105.418	169.50000	-269.7	-55.0	2610.0	1.0000000
38	8388.7744	12848.290	169.50006	-186.9	170.0	2610.0	1.0000000
38	8445.0430	12825.532	169.50005	0.0	0.0	2610.0	1.0000000
38	8362.6348	12971.537	169.50000	-268.0	89.5	2610.0	1.0000000
38	8506.0322	13083.844	169.50003	0.0	0.0	2610.0	1.0000000
38	8662.9248	13220.826	169.50006	0.0	0.0	2610.0	1.0000000
38	8469.7168	13419.164	169.50003	0.0	0.0	2610.0	1.0000000
38	8495.9932	13347.229	169.50006	0.0	0.0	2610.0	1.0000000
38	8547.4746	13421.661	169.50000	0.0	0.0	2610.0	1.0000000
38	8382.1533	13382.729	169.50003	0.0	0.0	2610.0	1.0000000
1	9450.0000	16350.000	169.50002	0.0	0.0	0.0	1.0000000
1	9150.0000	16350.000	169.50003	0.0	0.0	0.0	1.0000000
1	8850.0000	16350.000	169.49997	0.0	0.0	0.0	1.0000000
1	8550.0000	16350.000	169.50003	0.0	0.0	0.0	1.0000000
1	8250.0000	16350.000	169.50003	0.0	0.0	0.0	1.0000000
1	8050.0000	16350.000	169.50003	0.0	0.0	0.0	1.0000000
5	9150.0000	17550.000	169.49997	0.0	0.0	90.0	1.0000000
3	9150.0000	16650.000	169.49995	0.0	0.0	90.0	1.0000000
5	9150.0000	16850.000	169.50003	0.0	0.0	90.0	1.0000000
5	9150.0000	16450.000	169.49995	0.0	0.0	90.0	1.0000000
4	8350.0000	17150.000	169.49998	0.0	0.0	90.0	1.0000000
4	8750.0000	17150.000	169.50003	0.0	0.0	90.0	1.0000000
4	8100.0000	17150.000	169.49997	30.0	0.0	90.0	1.0000000
23	8350.0000	17050.000	170.30048	0.0	0.0	90.0	1.0000000
23	8350.0000	16450.000	169.18483	0.0	0.0	90.0	1.0000000
19	8300.0000	16750.000	169.50003	0.0	0.0	90.0	1.0000000
23	8750.0000	17050.000	171.63005	0.0	0.0	90.0	1.0000000
23	8750.0000	16450.000	168.20561	0.0	0.0	90.0	1.0000000
25	8250.0000	17550.000	169.50002	-720.0	0.0	3330.0	1.0000000
25	8350.0000	17550.000	169.50002	-720.0	0.0	3330.0	1.0000000
25	8450.0000	17550.000	169.50000	-720.0	0.0	3330.0	1.0000000
25	8550.0000	17550.000	169.50000	-720.0	0.0	3330.0	1.0000000
16	8450.0000	16650.000	169.68756	-720.0	0.0	3630.0	1.0000000
16	8550.0000	16550.000	171.17229	-720.0	0.0	3630.0	1.0000000
16	8650.0000	16950.000	171.93674	-720.0	0.0	3630.0	1.0000000
16	8450.0000	16950.000	169.49997	-720.0	0.0	3630.0	1.0000000
16	8750.0000	16650.000	169.50000	-720.0	0.0	3690.0	1.0000000
16	8700.0000	16850.000	169.50003	-720.0	0.0	3720.0	1.0000000
16	8650.0000	16550.000	169.49997	-720.0	0.0	3690.0	1.0000000
23	9545.5098	16561.018	139.53056	-25.0	0.0	150.0	1.0000000
5	9150.0000	17950.000	169.49998	0.0	0.0	90.0	1.0000000
5	9550.0000	17950.000	169.50000	0.0	0.0	0.0	1.0000000
3	9350.0000	17950.000	169.50002	0.0	0.0	0.0	1.0000000
3	9150.0000	17750.000	169.50000	0.0	0.0	90.0	1.0000000
4	8350.0000	18050.000	169.49998	0.0	0.0	90.0	1.0000000
4	8750.0000	18050.000	169.50002	0.0	0.0	90.0	1.0000000
5	8750.0000	18850.000	169.49998	0.0	0.0	90.0	1.0000000
5	8750.0000	18450.000	169.50002	0.0	0.0	90.0	1.0000000
5	9350.0000	18850.000	169.50002	0.0	0.0	90.0	1.0000000
5	9350.0000	18450.000	169.50002	0.0	0.0	90.0	1.0000000
3	9350.0000	18650.000	169.50002	0.0	0.0	90.0	1.0000000
3	9350.0000	19050.000	169.50000	0.0	0.0	90.0	1.0000000
3	9350.0000	18250.000	169.50000	0.0	0.0	90.0	1.0000000
5	9350.0000	18050.000	169.50003	0.0	0.0	90.0	1.0000000
23	9550.0000	17650.000	169.49998	0.0	0.0	90.0	1.0000000
25	8250.0000	18450.000	169.49997	-720.0	0.0	3330.0	1.0000000
25	8350.0000	18450.000	169.49998	-720.0	0.0	3330.0	1.0000000
25	8450.0000	18450.000	169.49998	-720.0	0.0	3330.0	1.0000000
5	8750.0000	20450.000	169.50002	0.0	0.0	90.0	1.0000000
5	8750.0000	20050.000	169.50000	0.0	0.0	90.0	1.0000000
5	8750.0000	19650.000	169.50002	0.0	0.0	90.0	1.0000000
5	8750.0000	19250.000	169.50000	0.0	0.0	90.0	1.0000000
5	9350.0000	20450.000	169.50000	0.0	0.0	90.0	1.0000000
5	9350.0000	20050.000	169.49995	0.0	0.0	90.0	1.0000000
5	9350.0000	19650.000	169.50003	0.0	0.0	90.0	1.0000000
5	9350.0000	19250.000	169.50000	0.0	0.0	90.0	1.0000000
3	9350.0000	19450.000	169.50003	0.0	0.0	90.0	1.0000000
3	9350.0000	19850.000	169.49997	0.0	0.0	90.0	1.0000000
3	9350.0000	20250.000	169.49997	0.0	0.0	90.0	1.0000000
3	9350.0000	20650.000	169.50000	0.0	0.0	90.0	1.0000000
25	8250.0000	20150.000	169.49998	-720.0	0.0	3330.0	1.0000000
25	8350.0000	20150.000	169.50005	-720.0	0.0	3330.0	1.0000000
25	8450.0000	20150.000	169.49997	-720.0	0.0	3330.0	1.0000000
5	8750.0000	22050.000	169.49998	0.0	0.0	90.0	1.0000000
5	8750.0000	21650.000	169.50002	0.0	0.0	90.0	1.0000000
5	8750.0000	21250.000	169.49997	0.0	0.0	90.0	1.0000000
5	8750.0000	20850.000	169.50003	0.0	0.0	90.0	1.0000000
5	9350.0000	21650.000	169.50003	0.0	0.0	90.0	1.0000000
5	9350.0000	21250.000	169.49997	0.0	0.0	90.0	1.0000000
5	9350.0000	20850.000	169.49998	0.0	0.0	90.0	1.0000000
5	9350.0000	22050.000	169.49997	0.0	0.0	90.0	1.0000000
3	9350.0000	21050.000	169.50002	0.0	0.0	90.0	1.0000000
3	9350.0000	21450.000	169.50000	0.0	0.0	90.0	1.0000000
3	9350.0000	21850.000	169.49997	0.0	0.0	90.0	1.0000000
3	9350.0000	22250.000	169.50002	0.0	0.0	90.0	1.0000000
5	8750.0000	23650.000	169.49998	0.0	0.0	90.0	1.0000000
5	8750.0000	23250.000	169.49998	0.0	0.0	90.0	1.0000000
5	8750.0000	22850.000	169.50003	0.0	0.0	90.0	1.0000000
5	8750.0000	22450.000	169.50002	0.0	0.0	90.0	1.0000000
5	9350.0000	22450.000	169.49998	0.0	0.0	90.0	1.0000000
5	9350.0000	22850.000	169.49995	0.0	0.0	90.0	1.0000000
5	9350.0000	23250.000	169.50000	0.0	0.0	90.0	1.0000000
5	9350.0000	23650.000	169.50003	0.0	0.0	90.0	1.0000000
3	9350.0000	22650.000	169.50002	0.0	0.0	90.0	1.0000000
3	9350.0000	23050.000	169.50003	0.0	0.0	90.0	1.0000000
3	9350.0000	23450.000	169.50003	0.0	0.0	90.0	1.0000000
3	9350.0000	23850.000	169.49998	0.0	0.0	90.0	1.0000000
1	8050.0000	25150.000	169.50000	0.0	0.0	0.0	1.0000000
1	8250.0000	25150.000	169.49998	0.0	0.0	0.0	1.0000000
1	8550.0000	25150.000	169.50000	0.0	0.0	0.0	1.0000000
1	9150.0000	25150.000	169.50000	0.0	0.0	0.0	1.0000000
1	9450.0000	25150.000	169.50003	0.0	0.0	0.0	1.0000000
5	8750.0000	24050.000	169.49998	0.0	0.0	0.0	1.0000000
5	9350.0000	24050.000	169.50003	0.0	0.0	90.0	1.0000000
18	8850.0000	25150.000	172.21992	0.0	0.0	4320.0	1.0000000
25	9350.0000	24350.000	169.50002	-720.0	0.0	3330.0	1.0000000
25	9350.0000	24450.000	169.50000	-720.0	0.0	3330.0	1.0000000
25	9350.0000	24550.000	169.50002	-720.0	0.0	3330.0	1.0000000
25	9350.0000	24650.000	169.50002	-720.0	0.0	3330.0	1.0000000
1	9850.0000	350.000	169.49997	0.0	0.0	0.0	1.0000000
1	10150.0000	350.000	169.50002	0.0	0.0	0.0	1.0000000
1	10450.0000	350.000	169.49997	0.0	0.0	0.0	1.0000000
1	10750.0000	350.000	169.50000	0.0	0.0	0.0	1.0000000
1	11050.0000	350.000	169.49998	0.0	0.0	0.0	1.0000000
7	10300.0000	1300.000	169.49997	0.0	0.0	720.0	1.0000000
7	10800.0000	1300.000	169.49997	0.0	0.0	810.0	1.0000000
6	10500.0000	1250.000	169.49997	0.0	0.0	2160.0	1.0000000
6	10250.0000	1500.000	169.50003	0.0	0.0	2250.0	1.0000000
6	10850.0000	1500.000	169.49998	0.0	0.0	2250.0	1.0000000
8	10650.0000	1250.000	169.49998	0.0	0.0	2160.0	1.0000000
4	10350.0000	1350.000	169.50003	0.0	0.0	2250.0	1.0000000
4	10750.0000	1350.000	169.50000	0.0	0.0	2250.0	1.0000000
16	10450.0000	1150.000	177.05952	0.0	0.0	420.0	1.0000000
16	10350.0000	1150.000	169.82314	0.0	0.0	420.0	1.0000000
16	10250.0000	1150.000	172.30463	0.0	0.0	420.0	1.0000000
16	10200.0000	1150.000	186.59731	0.0	0.0	360.0	1.0000000
7	10300.0000	2100.000	169.50003	0.0	0.0	630.0	1.0000000
7	10800.0000	2100.000	169.49997	0.0	0.0	900.0	1.0000000
6	10500.0000	2150.000	169.49997	0.0	0.0	2160.0	1.0000000
6	10250.0000	1700.000	169.49998	0.0	0.0	2250.0	1.0000000
6	10250.0000	1900.000	169.50002	0.0	0.0	2250.0	1.0000000
6	10850.0000	1700.000	169.50000	0.0	0.0	2250.0	1.0000000
6	10850.0000	1900.000	169.49998	0.0	0.0	2250.0	1.0000000
8	10650.0000	2150.000	169.50002	0.0	0.0	2160.0	1.0000000
6	10500.0000	3150.000	169.50003	0.0	0.0	2340.0	1.0000000
8	10650.0000	3150.000	169.50002	0.0	0.0	2340.0	1.0000000
4	10350.0000	2050.000	169.49997	0.0	0.0	2250.0	1.0000000
4	10750.0000	2050.000	169.50002	0.0	0.0	2250.0	1.0000000
24	10550.0000	1650.000	170.92218	0.0	0.0	360.0	1.0000000
16	10550.0000	1650.000	173.32973	0.0	0.0	450.0	1.0000000
17	10650.0000	3050.000	177.29482	0.0	0.0	420.0	1.0000000
17	10750.0000	3050.000	169.62918	0.0	0.0	420.0	1.0000000
17	10950.0000	3050.000	169.71700	0.0	0.0	420.0	1.0000000
16	10950.0000	3150.000	201.82259	0.0	0.0	420.0	1.0000000
16	10950.0000	2950.000	169.49997	0.0	0.0	420.0	1.0000000
16	10750.0000	3050.000	169.95140	0.0	0.0	420.0	1.0000000
16	10650.0000	3050.000	178.20789	0.0	0.0	420.0	1.0000000
16	10850.0000	3050.000	183.00012	0.0	0.0	420.0	1.0000000
16	10950.0000	3150.000	184.36882	0.0	0.0	420.0	1.0000000
16	10950.0000	3050.000	169.50003	0.0	0.0	420.0	1.0000000
16	11150.0000	2750.000	169.49998	0.0	0.0	420.0	1.0000000
16	11150.0000	2650.000	169.50000	0.0	0.0	420.0	1.0000000
16	11150.0000	2550.000	169.50002	0.0	0.0	420.0	1.0000000
16	11150.0000	2550.000	169.50002	0.0	0.0	420.0	1.0000000
7	10300.0000	3200.000	169.50002	0.0	0.0	2160.0	1.0000000
7	10800.0000	3200.000	169.50003	0.0	0.0	1890.0	1.0000000
7	10300.0000	3800.000	169.50002	0.0	0.0	2070.0	1.0000000
7	10800.0000	3800.000	169.49998	0.0	0.0	1980.0	1.0000000
6	10850.0000	3400.000	169.50002	0.0	0.0	2430.0	1.0000000
6	10850.0000	3600.000	169.49998	0.0	0.0	2430.0	1.0000000
6	10500.0000	3850.000	169.49998	0.0	0.0	2340.0	1.0000000
6	10250.0000	3400.000	169.50000	0.0	0.0	2430.0	1.0000000
6	10250.0000	3600.000	169.49998	0.0	0.0	2430.0	1.0000000
8	10650.0000	3850.000	169.50002	0.0	0.0	2340.0	1.0000000
4	10750.0000	3250.000	169.50003	0.0	0.0	2250.0	1.0000000
4	10750.0000	3750.000	169.50003	0.0	0.0	2250.0	1.0000000
4	10350.0000	3750.000	169.50002	0.0	0.0	2250.0	1.0000000
4	10350.0000	3250.000	169.49997	0.0	0.0	2250.0	1.0000000
7	10300.0000	4500.000	169.49998	0.0	0.0	2160.0	1.0000000
7	10800.0000	4500.000	169.50000	0.0	0.0	2250.0	1.0000000
8	10450.0000	4450.000	169.49997	0.0	0.0	2340.0	1.0000000
6	10600.0000	4450.000	169.50002	0.0	0.0	2340.0	1.0000000
6	10250.0000	4700.000	169.49997	0.0	0.0	2430.0	1.0000000
6	10850.0000	4700.000	169.50000	0.0	0.0	2430.0	1.0000000
4	10350.0000	4550.000	169.49997	0.0	0.0	2610.0	1.0000000
4	10750.0000	4550.000	169.50002	0.0	0.0	2610.0	1.0000000
24	10550.0000	3450.000	172.34856	0.0	0.0	360.0	1.0000000
24	10600.0000	4750.000	205.86736	0.0	0.0	360.0	1.0000000
16	10550.0000	3450.000	178.92491	0.0	0.0	360.0	1.0000000
16	9650.0000	4450.000	181.25400	0.0	0.0	420.0	1.0000000
16	9650.0000	4350.000	173.78241	0.0	0.0	420.0	1.0000000
17	9650.0000	4350.000	177.20476	0.0	0.0	420.0	1.0000000
17	9750.0000	4450.000	169.49997	0.0	0.0	420.0	1.0000000
17	10950.0000	3250.000	173.52863	0.0	0.0	420.0	1.0000000
1	10650.0000	6150.000	169.49995	0.0	0.0	0.0	1.0000000
1	10350.0000	6150.000	169.49998	0.0	0.0	0.0	1.0000000
1	9750.0000	6150.000	169.49998	0.0	0.0	0.0	1.0000000
7	10300.0000	5000.000	169.49998	0.0	0.0	2430.0	1.0000000
7	10800.0000	5000.000	169.50002	0.0	0.0	2340.0	1.0000000
8	10450.0000	5050.000	169.50003	0.0	0.0	2340.0	1.0000000
8	10250.0000	4850.000	169.50002	0.0	0.0	2430.0	1.0000000
8	10850.0000	4850.000	169.50000	0.0	0.0	2430.0	1.0000000
6	10600.0000	5050.000	169.50002	0.0	0.0	2340.0	1.0000000
4	10350.0000	4950.000	169.49997	0.0	0.0	2610.0	1.0000000
4	10750.0000	4950.000	169.49998	0.0	0.0	2610.0	1.0000000
4	10250.0000	5550.000	169.49997	0.0	0.0	2610.0	1.0000000
4	10850.0000	5550.000	169.49997	0.0	0.0	2610.0	1.0000000
18	10050.0000	6150.000	169.50002	0.0	0.0	1800.0	1.0000000
18	10950.0000	6150.000	169.49997	0.0	0.0	1800.0	1.0000000
16	9650.0000	5150.000	169.49998	0.0	0.0	420.0	1.0000000
16	9650.0000	5050.000	170.31015	0.0	0.0	420.0	1.0000000
17	9650.0000	5150.000	169.50003	0.0	0.0	420.0	1.0000000
17	9750.0000	5050.000	169.50002	0.0	0.0	420.0	1.0000000
17	9750.0000	4950.000	172.34703	0.0	0.0	420.0	1.0000000
1	10950.0000	8350.000	169.49997	0.0	0.0	0.0	1.0000000
1	10650.0000	8350.000	169.50003	0.0	0.0	0.0	1.0000000
1	10350.0000	8350.000	169.49998	0.0	0.0	0.0	1.0000000
1	10050.0000	8350.000	169.49995	0.0	0.0	0.0	1.0000000
1	9750.0000	8350.000	169.49997	0.0	0.0	0.0	1.0000000
5	10550.0000	9150.000	169.49997	0.0	0.0	0.0	1.0000000
5	11150.0000	9150.000	169.49998	0.0	0.0	0.0	1.0000000
6	10550.0000	9300.000	169.50000	0.0	0.0	90.0	1.0000000
6	11000.0000	9150.000	169.49995	0.0	0.0	0.0	1.0000000
6	9800.0000	9150.000	169.49997	0.0	0.0	0.0	1.0000000
6	9950.0000	9300.000	169.49997	0.0	0.0	90.0	1.0000000
6	9950.0000	9500.000	169.49997	0.0	0.0	90.0	1.0000000
6	10550.0000	9500.000	169.50002	0.0	0.0	90.0	1.0000000
6	10700.0000	9150.000	169.50002	0.0	0.0	0.0	1.0000000
8	9650.0000	9150.000	169.49998	0.0	0.0	180.0	1.0000000
8	10850.0000	9150.000	169.50003	0.0	0.0	180.0	1.0000000
5	9948.2217	9147.521	169.73520	0.0	0.0	0.0	1.0000000
24	9674.1191	9445.426	182.57222	0.0	0.0	90.0	1.0000000
24	9644.3545	9416.537	189.06558	0.0	0.0	90.0	1.0000000
24	10880.1865	9436.501	180.01965	0.0	0.0	90.0	1.0000000
39	9959.9775	8869.380	171.66470	0.0	0.0	90.0	1.0000000
39	9986.5947	8817.524	171.66472	0.0	0.0	90.0	1.0000000
39	10035.4648	8721.494	171.66470	-146.6	210.7	90.0	1.0000000
39	9971.4561	8705.562	171.66476	0.0	0.0	90.0	1.0000000
39	9899.1426	8674.040	172.38948	119.3	249.6	90.0	1.0000000
39	9935.0684	8652.331	174.52487	0.0	0.0	90.0	1.0000000
39	9972.7373	8985.520	175.62157	-59.1	287.7	90.0	1.0000000
39	9964.1670	8940.205	175.28310	0.0	0.0	90.0	1.0000000
39	9881.8477	8981.664	171.66476	242.4	146.3	90.0	1.0000000
39	9918.8037	8824.011	171.66470	-83.7	271.5	90.0	1.0000000
39	9792.8311	8576.292	171.66475	-267.7	73.4	90.0	1.0000000
39	9924.1211	8606.742	178.37787	82.3	186.7	90.0	1.0000000
39	10031.5859	8645.015	179.91260	0.0	0.0	90.0	1.0000000
39	10070.2070	8762.607	171.66470	17.4	229.3	90.0	1.0000000
39	10007.7197	9031.768	187.54501	0.0	0.0	90.0	1.0000000
39	10034.3584	8969.322	174.81151	0.0	0.0	90.0	1.0000000
39	10041.3838	8892.619	171.66475	0.0	0.0	90.0	1.0000000
39	9888.3965	9024.959	171.83263	242.1	133.9	90.0	1.0000000
39	9894.5146	8895.089	171.66472	0.0	0.0	90.0	1.0000000
39	9960.0293	8761.018	171.66476	146.8	158.6	90.0	1.0000000
39	10015.8809	8602.444	189.73827	196.7	157.1	90.0	1.0000000
7	10600.0000	9700.000	169.49995	0.0	0.0	270.0	1.0000000
7	9900.0000	9700.000	169.50003	0.0	0.0	180.0	1.0000000
6	10800.0000	9750.000	169.50002	0.0	0.0	0.0	1.0000000
6	11000.0000	9750.000	169.49997	0.0	0.0	0.0	1.0000000
6	9700.0000	9750.000	169.50003	0.0	0.0	0.0	1.0000000
8	11150.9482	9750.748	170.45807	0.0	0.0	180.0	1.0000000
4	11150.0000	10350.000	169.50002	0.0	0.0	90.0	1.0000000
4	10550.0000	10350.000	169.50002	0.0	0.0	90.0	1.0000000
4	10550.0000	10950.000	169.50000	0.0	0.0	90.0	1.0000000
22	10550.0000	11150.000	169.50000	0.0	0.0	90.0	1.0000000
22	10650.0000	10350.000	171.07426	0.0	0.0	90.0	1.0000000
21	10600.0000	11050.000	170.43178	0.0	0.0	300.0	1.0000000
22	10650.0000	10850.000	169.79820	0.0	0.0	180.0	1.0000000
22	10700.0000	10750.000	169.49997	0.0	0.0	90.0	1.0000000
21	10600.0000	10450.000	172.44139	0.0	0.0	90.0	1.0000000
22	11000.0000	10350.000	171.21887	0.0	0.0	90.0	1.0000000
27	10000.0000	11100.000	169.49997	-5.0	0.0	-30.0	1.2199998
30	10000.0000	10750.000	169.49997	-15.0	0.0	120.0	0.6800003
30	10000.0000	10800.000	169.50002	-15.0	0.0	120.0	1.0000000
30	9950.0000	10650.000	169.50000	-15.0	0.0	150.0	1.0000000
31	9843.8984	10699.137	109.49998	-25.0	0.0	-60.0	1.0000000
31	9981.8291	10637.621	64.49998	-25.0	0.0	-180.0	1.0000000
32	9780.4004	10596.369	219.49998	-25.0	0.0	-60.0	1.0000000
33	10551.5820	10740.698	134.50002	10.0	0.0	-60.0	1.0000000
33	10409.9678	10840.060	135.24762	10.0	0.0	30.0	1.0000000
33	10773.8740	10869.307	104.49997	30.0	0.0	-30.0	1.0000000
32	10417.9121	10664.605	144.50002	-35.0	0.0	-30.0	1.0000000
31	10363.7324	10853.940	34.50003	-35.0	0.0	-210.0	1.4799995
31	10071.2148	10953.322	14.50002	-35.0	0.0	-150.0	1.4999995
5	9855.8477	10896.151	49.14352	-45.0	0.0	-210.0	1.0000000
38	9864.2490	11005.820	171.15877	0.0	0.0	30.0	1.0000000
38	9871.0088	10925.609	171.67432	0.0	0.0	60.0	1.0000000
38	9930.3047	11023.518	169.49995	0.0	0.0	120.0	1.0000000
38	9930.1836	10893.569	171.81493	0.0	0.0	0.0	1.0000000
38	9991.8184	10985.549	169.49995	0.0	0.0	90.0	1.0000000
38	9906.5488	10974.088	169.49997	0.0	0.0	30.0	1.0000000
39	10350.0000	10250.000	169.50002	0.0	0.0	2610.0	1.0000000
39	10079.1523	10155.540	169.50002	55.4	291.5	2610.0	1.0000000
39	9964.9404	10170.296	169.50003	203.0	149.4	2610.0	1.0000000
39	9850.0000	10450.000	169.50000	0.0	0.0	2610.0	1.0000000
39	10250.0000	10450.000	169.50000	0.0	0.0	2610.0	1.0000000
39	10250.0000	10150.000	169.49998	0.0	0.0	2610.0	1.0000000
39	10150.0000	10050.000	169.49998	0.0	0.0	2610.0	1.0000000
39	9955.3164	10261.971	169.50006	0.0	0.0	2610.0	1.0000000
39	10053.8232	10354.974	169.50006	0.0	0.0	2610.0	1.0000000
39	10120.7627	10299.462	169.50002	294.7	12.8	2610.0	1.0000000
39	9994.8545	10417.684	169.50005	0.0	0.0	2610.0	1.0000000
39	9884.4473	10399.238	169.50002	0.0	0.0	2610.0	1.0000000
39	9978.8320	10350.155	169.50005	0.0	0.0	2610.0	1.0000000
39	10068.0195	10409.178	169.50006	0.0	0.0	2610.0	1.0000000
39	10036.1572	10270.654	169.50006	0.0	0.0	2610.0	1.0000000
39	10121.8311	10431.234	169.50000	0.0	0.0	2610.0	1.0000000
39	10118.7598	10203.838	169.50008	156.3	180.1	2610.0	1.0000000
39	10132.4141	10228.931	161.66478	207.8	194.6	90.0	1.0000000
39	10000.0000	10000.000	169.50003	0.0	0.0	90.0	1.0000000
39	10000.0000	10000.000	169.49997	0.0	0.0	90.0	1.0000000
39	10050.0000	9900.000	169.49998	0.0	0.0	90.0	1.0000000
39	9950.0000	9950.000	169.49997	0.0	0.0	90.0	1.0000000
39	10072.0098	10037.548	171.66475	0.0	0.0	90.0	1.0000000
39	10078.9258	9966.374	171.66478	0.0	0.0	90.0	1.0000000
39	10186.6572	10120.764	171.66476	0.0	0.0	90.0	1.0000000
39	10185.5410	10379.500	171.66472	395.4	-330.6	90.0	1.0000000
39	10322.5801	10437.211	171.66475	174.7	170.1	90.0	1.0000000
39	10093.8125	9824.311	171.94315	0.0	0.0	90.0	1.0000000
39	9904.5527	9914.129	171.66472	0.0	0.0	90.0	1.0000000
39	9831.6738	9948.878	171.66475	0.0	0.0	90.0	1.0000000
39	9853.8877	9983.906	171.66473	0.0	0.0	90.0	1.0000000
5	11150.0000	12750.000	169.50002	0.0	0.0	180.0	1.0000000
5	10550.0000	12750.000	169.50002	0.0	0.0	180.0	1.0000000
5	9950.0000	12750.000	169.50002	0.0	0.0	180.0	1.0000000
6	9950.0000	12400.000	169.50003	0.0	0.0	270.0	1.0000000
6	9950.0000	12600.000	170.09901	0.0	0.0	270.0	1.0000000
6	10550.0000	12600.000	169.49997	0.0	0.0	270.0	1.0000000
6	10700.0000	12750.000	169.49998	0.0	0.0	0.0	1.0000000
6	11000.0000	12750.000	169.49997	0.0	0.0	0.0	1.0000000
7	9900.0000	12200.000	169.50003	0.0	0.0	90.0	1.0000000
6	9700.0000	12150.000	169.50003	0.0	0.0	180.0	1.0000000
6	9800.0000	12750.000	170.88876	0.0	0.0	180.0	1.0000000
7	10600.0000	12200.000	169.83015	0.0	0.0	360.0	1.0000000
6	10549.4297	12401.079	168.63820	0.0	0.0	270.0	1.0000000
6	10800.0000	12150.000	170.85028	0.0	0.0	180.0	1.0000000
6	11000.0000	12150.000	169.50000	0.0	0.0	180.0	1.0000000
8	10850.0000	12750.000	172.45296	0.0	0.0	180.0	1.0000000
8	9650.0000	12750.000	170.29494	0.0	0.0	180.0	1.0000000
8	11150.0000	12150.000	169.49998	0.0	0.0	180.0	1.0000000
4	10550.0000	11550.000	169.49997	0.0	0.0	90.0	1.0000000
4	11150.0000	11550.000	169.50002	0.0	0.0	90.0	1.0000000
17	10050.0000	12350.000	180.06566	0.0	0.0	0.0	1.0000000
17	10050.0000	12150.000	180.50217	0.0	0.0	0.0	1.0000000
17	9950.0000	12050.000	173.39012	0.0	0.0	0.0	1.0000000
16	10050.0000	12150.000	180.44797	0.0	0.0	0.0	1.0000000
16	10050.0000	12050.000	169.50003	0.0	0.0	60.0	1.0000000
22	10650.0000	11500.000	176.24788	0.0	0.0	90.0	1.0000000
24	10940.1094	12461.198	162.95137	0.0	0.0	90.0	1.0000000
24	9646.0908	12460.227	184.04738	0.0	0.0	90.0	1.0000000
27	10100.0000	11300.000	169.50002	-5.0	0.0	-30.0	0.7800002
28	10150.0000	11550.000	169.50002	-5.0	0.0	0.0	0.8400002
29	10200.0000	11800.000	169.49998	-5.0	0.0	0.0	0.9000001
38	10150.0000	12150.000	169.49997	0.0	0.0	2610.0	1.0000000
38	10450.0000	11950.000	169.50003	0.0	0.0	2610.0	1.0000000
38	10450.0000	11950.000	169.49998	0.0	0.0	2610.0	1.0000000
38	10550.0000	11950.000	168.38304	0.0	0.0	2610.0	1.0000000
38	10450.0000	12150.000	169.50000	0.0	0.0	2610.0	1.0000000
38	10226.6787	12148.037	169.50003	0.0	0.0	2610.0	1.0000000
38	10280.3389	12060.829	169.49998	0.0	0.0	2610.0	1.0000000
38	10272.3408	12146.525	169.50000	0.0	0.0	2610.0	1.0000000
38	10206.3691	12057.604	169.50006	0.0	0.0	2610.0	1.0000000
38	10372.3965	12112.724	169.50002	0.0	0.0	2610.0	1.0000000
38	10315.5244	12189.710	169.50000	0.0	0.0	2610.0	1.0000000
38	10385.0771	12043.058	169.50003	0.0	0.0	2610.0	1.0000000
38	10466.4082	12080.604	169.49998	0.0	0.0	2610.0	1.0000000
1	10650.0000	14150.000	169.49997	0.0	0.0	0.0	1.0000000
1	10350.0000	14150.000	169.50000	0.0	0.0	0.0	1.0000000
1	10050.0000	14150.000	169.50005	0.0	0.0	0.0	1.0000000
1	9750.0000	14150.000	169.50000	0.0	0.0	0.0	1.0000000
18	10950.0000	14150.000	169.50000	0.0	0.0	0.0	1.0000000
1	10950.0000	16350.000	169.50000	0.0	0.0	0.0	1.0000000
1	10650.0000	16350.000	169.50000	0.0	0.0	0.0	1.0000000
1	10350.0000	16350.000	169.50002	0.0	0.0	0.0	1.0000000
5	11150.0000	17550.000	169.49997	0.0	0.0	0.0	1.0000000
3	11150.0000	17350.000	169.50002	0.0	0.0	90.0	1.0000000
3	11150.0000	16950.000	169.49997	0.0	0.0	90.0	1.0000000
3	11150.0000	16550.000	169.49998	0.0	0.0	90.0	1.0000000
5	11150.0000	16750.000	169.50002	0.0	0.0	90.0	1.0000000
5	11150.0000	17150.000	169.49997	0.0	0.0	90.0	1.0000000
23	10150.0000	16550.000	169.50000	0.0	0.0	90.0	1.0000000
23	10750.0000	16550.000	169.49997	0.0	0.0	90.0	1.0000000
16	10150.0000	17250.000	252.70103	-720.0	0.0	3690.0	1.0000000
16	10250.0000	17250.000	243.54289	-720.0	0.0	3690.0	1.0000000
16	10150.0000	17200.000	261.58124	-720.0	0.0	3630.0	1.0000000
16	10214.5312	17242.248	275.45200	-720.0	0.0	3630.0	1.0000000
16	10225.6211	17172.764	245.82362	-720.0	0.0	3630.0	1.0000000
16	10157.8906	17151.914	233.08495	-720.0	0.0	3630.0	1.0000000
16	10195.0312	17213.369	298.61978	-720.0	0.0	3660.0	1.0000000
16	10265.9131	17120.100	202.78856	-720.0	0.0	3660.0	1.0000000
16	10322.9756	17239.410	227.57431	-720.0	0.0	3690.0	1.0000000
16	10183.5967	17083.418	195.02562	-720.0	0.0	3600.0	1.0000000
39	10250.0000	16950.000	169.50002	0.0	0.0	90.0	1.0000000
39	10350.0000	16650.000	169.87715	0.0	0.0	90.0	1.0000000
39	10289.0635	16686.855	186.03868	204.6	179.6	180.0	1.0000000
39	10268.0947	16681.758	186.18161	119.2	222.9	120.0	1.0000000
39	10210.3252	16713.145	181.41620	236.8	118.8	270.0	1.0000000
39	10200.1768	16571.303	190.28302	-518.3	286.7	330.0	1.0000000
39	10154.3838	16710.371	179.39633	269.5	116.6	240.0	1.0000000
39	10286.3623	16695.967	180.30380	0.0	0.0	330.0	1.0000000
39	10308.8389	16554.719	186.35519	-151.9	314.6	240.0	1.0000000
39	10259.7109	16598.773	189.27606	-70.6	-41.1	330.0	1.0000000
39	10342.5332	16713.209	179.39639	0.0	0.0	420.0	1.0000000
39	10280.8623	16743.979	179.39638	0.0	0.0	330.0	1.0000000
39	10398.9951	17126.982	181.12085	0.0	0.0	330.0	1.0000000
39	10424.6123	17183.412	182.92427	0.0	0.0	420.0	1.0000000
39	10350.8721	17106.197	184.92662	0.0	0.0	300.0	1.0000000
39	10417.3535	17090.936	179.39635	153.5	222.6	390.0	1.0000000
39	10395.5537	17298.855	180.58549	0.0	0.0	300.0	1.0000000
5	9611.2471	16351.530	127.50305	0.0	0.0	90.0	1.0000000
5	10191.7666	16364.361	102.30888	-55.0	0.0	150.0	1.0000000
5	9950.0000	17950.000	169.49998	0.0	0.0	0.0	1.0000000
5	10350.0000	17950.000	169.49997	0.0	0.0	0.0	1.0000000
5	10750.0000	17950.000	169.49998	0.0	0.0	0.0	1.0000000
5	11150.0000	17950.000	169.49998	0.0	0.0	0.0	1.0000000
3	11150.0000	17750.000	169.49998	0.0	0.0	90.0	1.0000000
3	10950.0000	17950.000	169.49997	0.0	0.0	0.0	1.0000000
3	10550.0000	17950.000	169.49997	0.0	0.0	0.0	1.0000000
3	10150.0000	17950.000	169.49998	0.0	0.0	0.0	1.0000000
3	9750.0000	17950.000	169.50003	0.0	0.0	0.0	1.0000000
3	10750.0000	18150.000	169.49997	0.0	0.0	90.0	1.0000000
5	10750.0000	18350.000	169.49995	0.0	0.0	90.0	1.0000000
3	10750.0000	18550.000	169.50000	0.0	0.0	90.0	1.0000000
5	10750.0000	18750.000	169.50002	0.0	0.0	90.0	1.0000000
3	10750.0000	18950.000	169.50002	0.0	0.0	90.0	1.0000000
4	10750.0000	19150.000	169.49995	0.0	0.0	90.0	1.0000000
3	10950.0000	19150.000	169.50003	0.0	0.0	0.0	1.0000000
4	11150.0000	19150.000	169.50002	0.0	0.0	0.0	1.0000000
23	10150.0000	17650.000	169.50002	0.0	0.0	90.0	1.0000000
23	10750.0000	17650.000	169.50003	0.0	0.0	90.0	1.0000000
25	10050.0000	18550.000	169.50003	-720.0	0.0	3330.0	1.0000000
25	10150.0000	18550.000	169.50002	-720.0	0.0	3330.0	1.0000000
25	10250.0000	18550.000	169.50002	-720.0	0.0	3330.0	1.0000000
25	10350.0000	18550.000	169.49998	-720.0	0.0	3330.0	1.0000000
5	10750.0000	20450.000	169.50000	0.0	0.0	90.0	1.0000000
5	10750.0000	20050.000	169.50002	0.0	0.0	90.0	1.0000000
5	10750.0000	19650.000	169.50002	0.0	0.0	90.0	1.0000000
3	10750.0000	19450.000	169.50003	0.0	0.0	90.0	1.0000000
3	10750.0000	19850.000	169.49997	0.0	0.0	90.0	1.0000000
3	10750.0000	20250.000	169.50002	0.0	0.0	90.0	1.0000000
3	10750.0000	20650.000	169.49998	0.0	0.0	90.0	1.0000000
4	10750.0000	19250.000	169.49997	0.0	0.0	90.0	1.0000000
7	10200.0000	19300.000	169.50002	0.0	0.0	90.0	1.0000000
7	10200.0000	19500.000	169.50002	0.0	0.0	180.0	1.0000000
7	10200.0000	20100.000	169.49998	0.0	0.0	90.0	1.0000000
7	10200.0000	20300.000	169.50003	0.0	0.0	180.0	1.0000000
5	10750.0000	22050.000	169.50002	0.0	0.0	90.0	1.0000000
5	10750.0000	21650.000	169.50003	0.0	0.0	90.0	1.0000000
5	10750.0000	21250.000	169.50003	0.0	0.0	90.0	1.0000000
5	10750.0000	20850.000	169.50000	0.0	0.0	90.0	1.0000000
3	10750.0000	21050.000	169.50002	0.0	0.0	90.0	1.0000000
3	10750.0000	21450.000	169.50000	0.0	0.0	90.0	1.0000000
3	10750.0000	21850.000	169.50002	0.0	0.0	90.0	1.0000000
3	10750.0000	22250.000	169.50003	0.0	0.0	90.0	1.0000000
7	10200.0000	20900.000	169.49997	0.0	0.0	90.0	1.0000000
7	10200.0000	21100.000	169.49997	0.0	0.0	180.0	1.0000000
12	10121.0303	21082.324	159.49997	-5.0	0.0	4320.0	1.0000000
16	10150.0000	21950.000	169.50003	-720.0	0.0	3630.0	1.0000000
16	10050.0000	22150.000	169.49998	-720.0	0.0	3630.0	1.0000000
16	10150.0000	22150.000	169.49997	-720.0	0.0	3630.0	1.0000000
16	10150.0000	22050.000	169.50000	-720.0	0.0	3630.0	1.0000000
16	10050.0000	21950.000	169.50000	-720.0	0.0	3630.0	1.0000000
16	10000.0000	22050.000	169.50000	-720.0	0.0	3630.0	1.0000000
5	10750.0000	23650.000	169.49995	0.0	0.0	90.0	1.0000000
5	10750.0000	23250.000	169.50003	0.0	0.0	90.0	1.0000000
5	10750.0000	22850.000	169.49997	0.0	0.0	90.0	1.0000000
5	10750.0000	22450.000	169.50003	0.0	0.0	90.0	1.0000000
3	10750.0000	22650.000	169.49997	0.0	0.0	90.0	1.0000000
3	10750.0000	23050.000	169.50002	0.0	0.0	90.0	1.0000000
3	10750.0000	23450.000	169.49998	0.0	0.0	90.0	1.0000000
3	10750.0000	23850.000	169.50002	0.0	0.0	90.0	1.0000000
13	11150.0000	23050.000	169.49998	0.0	0.0	2250.0	1.0000000
25	9850.0000	22550.000	169.49998	-720.0	0.0	3330.0	1.0000000
25	9950.0000	22550.000	169.50000	-720.0	0.0	3330.0	1.0000000
25	10050.0000	22550.000	169.50003	-720.0	0.0	3330.0	1.0000000
25	10150.0000	22550.000	169.49998	-720.0	0.0	3330.0	1.0000000
25	11150.0000	22750.000	169.50000	-720.0	0.0	3330.0	1.0000000
25	11050.0000	22750.000	169.50000	-720.0	0.0	3330.0	1.0000000
1	10650.0000	25150.000	169.50000	0.0	0.0	0.0	1.0000000
1	10350.0000	25150.000	169.50000	0.0	0.0	0.0	1.0000000
1	9750.0000	25150.000	169.49998	0.0	0.0	0.0	1.0000000
5	9950.0000	24050.000	169.49998	0.0	0.0	0.0	1.0000000
5	10350.0000	24050.000	169.50000	0.0	0.0	0.0	1.0000000
5	10750.0000	24050.000	169.50002	0.0	0.0	0.0	1.0000000
18	10050.0000	25150.000	173.46950	0.0	0.0	4320.0	1.0000000
18	10950.0000	25150.000	169.49998	0.0	0.0	4320.0	1.0000000
25	10750.0000	24250.000	169.50000	-720.0	0.0	3330.0	1.0000000
25	10750.0000	24350.000	169.50002	-720.0	0.0	3330.0	1.0000000
25	10750.0000	24450.000	169.49997	-720.0	0.0	3330.0	1.0000000
1	11350.0000	350.000	169.49997	0.0	0.0	0.0	1.0000000
1	11650.0000	350.000	169.49998	0.0	0.0	0.0	1.0000000
1	11950.0000	350.000	169.49998	0.0	0.0	0.0	1.0000000
1	12250.0000	350.000	169.50003	0.0	0.0	0.0	1.0000000
1	12550.0000	350.000	169.49998	0.0	0.0	0.0	1.0000000
7	11600.0000	1300.000	169.49998	0.0	0.0	1080.0	1.0000000
7	12100.0000	1300.000	169.49997	0.0	0.0	1170.0	1.0000000
6	11550.0000	1500.000	169.50000	0.0	0.0	2250.0	1.0000000
6	12150.0000	1500.000	169.50000	0.0	0.0	2250.0	1.0000000
6	11800.0000	1250.000	169.50002	0.0	0.0	2160.0	1.0000000
8	11950.0000	1250.000	169.49998	0.0	0.0	2160.0	1.0000000
4	11650.0000	1350.000	169.50002	0.0	0.0	2250.0	1.0000000
4	12050.0000	1350.000	169.49995	0.0	0.0	2250.0	1.0000000
4	12750.0000	1250.000	169.49997	0.0	0.0	2610.0	1.0000000
16	11850.0000	1150.000	186.62077	0.0	0.0	450.0	1.0000000
16	11950.0000	1150.000	171.46956	0.0	0.0	450.0	1.0000000
16	12050.0000	1150.000	174.84918	0.0	0.0	450.0	1.0000000
16	11950.0000	1100.000	177.55011	0.0	0.0	420.0	1.0000000
24	11800.0000	1600.000	186.81418	0.0	0.0	360.0	1.0000000
16	11800.0000	1600.000	190.23595	0.0	0.0	390.0	1.0000000
16	12250.0000	1600.000	173.67815	0.0	0.0	420.0	1.0000000
7	11600.0000	2100.000	169.50003	0.0	0.0	1350.0	1.0000000
7	12100.0000	2100.000	169.49998	0.0	0.0	1620.0	1.0000000
6	11550.0000	1700.000	169.49998	0.0	0.0	2250.0	1.0000000
6	11550.0000	1900.000	169.49997	0.0	0.0	2250.0	1.0000000
6	12150.0000	1900.000	169.50002	0.0	0.0	2250.0	1.0000000
6	11800.0000	2150.000	169.50002	0.0	0.0	2160.0	1.0000000
8	11950.0000	2150.000	169.49998	0.0	0.0	2160.0	1.0000000
6	12150.0000	1700.000	169.50002	0.0	0.0	2250.0	1.0000000
6	11800.0000	3150.000	169.50003	0.0	0.0	2340.0	1.0000000
8	11950.0000	3150.000	169.50000	0.0	0.0	2340.0	1.0000000
4	11650.0000	2050.000	169.50003	0.0	0.0	2250.0	1.0000000
4	12050.0000	2050.000	169.49995	0.0	0.0	2250.0	1.0000000
4	12750.0000	2150.000	169.49997	0.0	0.0	2610.0	1.0000000
4	12750.0000	3150.000	169.49997	0.0	0.0	2610.0	1.0000000
24	11850.0000	1800.000	179.57845	0.0	0.0	360.0	1.0000000
16	11850.0000	1800.000	178.51343	0.0	0.0	390.0	1.0000000
16	11850.0000	1700.000	185.03766	0.0	0.0	450.0	1.0000000
16	12250.0000	1650.000	191.10835	0.0	0.0	420.0	1.0000000
16	11350.0000	2550.000	169.49998	0.0	0.0	420.0	1.0000000
16	11250.0000	2500.000	169.49998	0.0	0.0	420.0	1.0000000
16	12150.0000	3050.000	195.37996	0.0	0.0	420.0	1.0000000
16	12150.0000	3050.000	195.34123	0.0	0.0	420.0	1.0000000
16	12250.0000	3150.000	191.95308	0.0	0.0	420.0	1.0000000
16	12250.0000	3050.000	189.11542	0.0	0.0	420.0	1.0000000
16	11950.0000	3050.000	182.43452	0.0	0.0	420.0	1.0000000
16	11850.0000	3050.000	175.11787	0.0	0.0	420.0	1.0000000
16	11650.0000	3050.000	178.22589	0.0	0.0	420.0	1.0000000
16	12750.0000	3050.000	182.79089	0.0	0.0	420.0	1.0000000
7	11600.0000	3200.000	169.50000	0.0	0.0	1800.0	1.0000000
7	12100.0000	3200.000	169.50002	0.0	0.0	1890.0	1.0000000
7	11600.0000	3800.000	169.50002	0.0	0.0	2070.0	1.0000000
7	12100.0000	3800.000	169.49998	0.0	0.0	2340.0	1.0000000
6	11550.0000	3400.000	169.50000	0.0	0.0	2430.0	1.0000000
6	11550.0000	3600.000	169.50003	0.0	0.0	2430.0	1.0000000
6	12150.0000	3400.000	169.49997	0.0	0.0	2430.0	1.0000000
6	12150.0000	3600.000	169.49995	0.0	0.0	2430.0	1.0000000
6	11800.0000	3850.000	169.50002	0.0	0.0	2340.0	1.0000000
8	11950.0000	3850.000	169.49997	0.0	0.0	2340.0	1.0000000
4	11650.0000	3750.000	169.49997	0.0	0.0	2250.0	1.0000000
4	11650.0000	3250.000	169.49998	0.0	0.0	2250.0	1.0000000
4	12050.0000	3750.000	169.50002	0.0	0.0	2250.0	1.0000000
4	12050.0000	3250.000	169.50000	0.0	0.0	2250.0	1.0000000
7	11600.0000	4500.000	169.49997	0.0	0.0	2160.0	1.0000000
7	12100.0000	4500.000	169.49998	0.0	0.0	2250.0	1.0000000
8	11750.0000	4450.000	169.50003	0.0	0.0	2340.0	1.0000000
6	11900.0000	4450.000	169.49995	0.0	0.0	2340.0	1.0000000
6	11550.0000	4700.000	169.49998	0.0	0.0	2430.0	1.0000000
6	12150.0000	4700.000	169.49997	0.0	0.0	2430.0	1.0000000
4	11650.0000	4550.000	169.49997	0.0	0.0	2610.0	1.0000000
4	12050.0000	4550.000	169.50005	0.0	0.0	2610.0	1.0000000
4	12750.0000	3850.000	169.49997	0.0	0.0	2610.0	1.0000000
4	12750.0000	4450.000	169.49997	0.0	0.0	2610.0	1.0000000
24	11850.0000	3450.000	170.34929	0.0	0.0	360.0	1.0000000
24	11850.0000	4700.000	179.41495	0.0	0.0	360.0	1.0000000
16	12250.0000	4550.000	176.07768	0.0	0.0	360.0	1.0000000
16	12250.0000	4450.000	172.34628	0.0	0.0	360.0	1.0000000
16	12250.0000	4350.000	169.50000	0.0	0.0	360.0	1.0000000
16	12150.0000	4350.000	182.68974	0.0	0.0	360.0	1.0000000
16	11950.0000	4350.000	169.50003	0.0	0.0	360.0	1.0000000
16	11850.0000	4700.000	175.71935	0.0	0.0	360.0	1.0000000
16	12250.0000	3250.000	173.12114	0.0	0.0	420.0	1.0000000
16	12250.0000	3850.000	183.27985	0.0	0.0	420.0	1.0000000
1	12750.0000	6150.000	169.50005	0.0	0.0	0.0	1.0000000
1	12450.0000	6150.000	169.50000	0.0	0.0	0.0	1.0000000
1	11850.0000	6150.000	169.50000	0.0	0.0	0.0	1.0000000
1	11250.0000	6150.000	169.50002	0.0	0.0	0.0	1.0000000
7	11600.0000	5000.000	169.49998	0.0	0.0	2070.0	1.0000000
7	12100.0000	5000.000	169.49998	0.0	0.0	2340.0	1.0000000
8	11550.0000	4850.000	169.49998	0.0	0.0	2430.0	1.0000000
8	12150.0000	4850.000	169.49998	0.0	0.0	2430.0	1.0000000
8	11750.0000	5050.000	169.50003	0.0	0.0	2340.0	1.0000000
6	11900.0000	5050.000	169.50003	0.0	0.0	2340.0	1.0000000
4	11650.0000	4950.000	169.50000	0.0	0.0	2610.0	1.0000000
4	12050.0000	4950.000	169.50000	0.0	0.0	2610.0	1.0000000
4	11550.0000	5550.000	169.49997	0.0	0.0	2610.0	1.0000000
4	12150.0000	5550.000	169.49997	0.0	0.0	2610.0	1.0000000
4	12750.0000	5050.000	169.49997	0.0	0.0	2610.0	1.0000000
18	11550.0000	6150.000	169.50000	0.0	0.0	1800.0	1.0000000
18	12150.0000	6150.000	169.50002	0.0	0.0	1800.0	1.0000000
23	12750.0000	5550.000	169.49998	0.0	0.0	360.0	1.0000000
16	11650.0000	5550.000	184.80170	0.0	0.0	420.0	1.0000000
16	11650.0000	5450.000	179.45200	0.0	0.0	420.0	1.0000000
16	11450.0000	5550.000	172.57486	0.0	0.0	420.0	1.0000000
1	12750.0000	8350.000	169.50002	0.0	0.0	0.0	1.0000000
1	12450.0000	8350.000	169.49995	0.0	0.0	0.0	1.0000000
1	12150.0000	8350.000	169.49997	0.0	0.0	0.0	1.0000000
1	11850.0000	8350.000	169.49998	0.0	0.0	0.0	1.0000000
1	11550.0000	8350.000	169.50003	0.0	0.0	0.0	1.0000000
1	11250.0000	8350.000	169.49997	0.0	0.0	0.0	1.0000000
5	12350.0000	9150.000	169.50003	0.0	0.0	0.0	1.0000000
6	12500.0000	9150.000	168.19112	0.0	0.0	180.0	1.0000000
6	12700.0000	9150.000	168.03075	0.0	0.0	180.0	1.0000000
6	12350.0000	9500.000	168.90105	0.0	0.0	90.0	1.0000000
6	12350.0000	9300.000	168.41365	0.0	0.0	90.0	1.0000000
6	11750.0000	9500.000	169.49998	0.0	0.0	90.0	1.0000000
6	11750.0000	9300.000	169.49997	0.0	0.0	90.0	1.0000000
6	11600.0000	9150.000	169.50005	0.0	0.0	0.0	1.0000000
6	11300.0000	9150.000	169.50002	0.0	0.0	0.0	1.0000000
8	11450.0000	9150.000	169.49998	0.0	0.0	180.0	1.0000000
17	11900.0000	9500.000	172.08784	0.0	0.0	30.0	1.0000000
5	11745.9863	9149.742	168.05403	0.0	0.0	0.0	1.0000000
24	12626.2363	9490.906	195.16631	0.0	0.0	90.0	1.0000000
24	11461.9609	9486.272	193.70309	0.0	0.0	90.0	1.0000000
7	12400.0000	9700.000	169.50002	0.0	0.0	270.0	1.0000000
6	12600.0000	9750.000	169.30070	0.0	0.0	180.0	1.0000000
6	11500.0000	9750.000	169.49997	0.0	0.0	0.0	1.0000000
6	11300.0000	9750.000	169.50002	0.0	0.0	0.0	1.0000000
7	11700.0000	9700.000	169.50003	0.0	0.0	180.0	1.0000000
4	11750.0000	10350.000	169.49997	0.0	0.0	90.0	1.0000000
4	12350.0000	10350.000	169.50003	0.0	0.0	90.0	1.0000000
4	12350.0000	10950.000	169.50000	0.0	0.0	90.0	1.0000000
16	11850.0000	9750.000	179.67575	0.0	0.0	60.0	1.0000000
16	11850.0000	9650.000	172.72658	0.0	0.0	60.0	1.0000000
16	11840.1875	9798.473	198.17331	0.0	0.0	90.0	1.0000000
17	11900.0000	9750.000	172.27951	0.0	0.0	90.0	1.0000000
22	11650.0000	10350.000	171.97780	0.0	0.0	210.0	1.0000000
22	11750.0000	10450.000	171.07976	0.0	0.0	0.0	1.0000000
22	11350.0000	10250.000	169.49998	0.0	0.0	300.0	1.0000000
21	11800.0000	10550.000	169.50003	0.0	0.0	600.0	1.0000000
21	11800.0000	10650.000	169.50002	0.0	0.0	540.0	1.0000000
21	11750.0000	11150.000	169.50000	0.0	0.0	450.0	1.0000000
27	11262.2393	11036.673	124.50005	-5.0	0.0	0.0	1.0000000
27	11254.8975	10847.842	124.50005	-5.0	0.0	180.0	1.0000000
27	11237.4160	10683.812	29.50006	-5.0	0.0	180.0	1.0000000
27	11254.5693	11191.884	39.50008	-15.0	0.0	330.0	1.0000000
25	12650.0000	10450.000	169.50000	0.0	0.0	450.0	1.0000000
25	12650.0000	10550.000	169.49998	0.0	0.0	450.0	1.0000000
25	12650.0000	10650.000	169.49997	0.0	0.0	450.0	1.0000000
25	12650.0000	10750.000	169.50002	0.0	0.0	450.0	1.0000000
39	11850.0000	11050.000	169.49998	0.0	0.0	2610.0	1.0000000
39	11750.0000	10950.000	169.49998	0.0	0.0	2610.0	1.0000000
39	11650.0000	10950.000	169.50003	0.0	0.0	2610.0	1.0000000
39	11650.0000	11150.000	169.50003	0.0	0.0	2610.0	1.0000000
39	11550.0000	10950.000	169.50000	0.0	0.0	2610.0	1.0000000
39	11650.0000	10850.000	169.50002	0.0	0.0	2610.0	1.0000000
39	11850.0000	10850.000	169.50003	0.0	0.0	2610.0	1.0000000
39	12050.0000	10950.000	169.50000	0.0	0.0	2610.0	1.0000000
39	11950.0000	11150.000	169.50000	0.0	0.0	2610.0	1.0000000
39	11750.0000	11050.000	169.49997	0.0	0.0	2610.0	1.0000000
39	11550.0000	11050.000	169.49998	0.0	0.0	2610.0	1.0000000
39	11607.9434	11025.517	169.50005	0.0	0.0	2610.0	1.0000000
39	11672.5771	10743.189	169.50002	0.0	0.0	2610.0	1.0000000
39	11726.6943	11002.267	169.50006	0.0	0.0	2610.0	1.0000000
39	11917.5674	11187.245	169.50003	0.0	0.0	2610.0	1.0000000
39	11809.5381	11119.073	169.50002	0.0	0.0	2610.0	1.0000000
39	11887.9014	11068.392	169.50005	0.0	0.0	2610.0	1.0000000
39	11653.6309	10918.586	169.50002	0.0	0.0	2610.0	1.0000000
39	11549.2910	10784.705	169.50006	0.0	0.0	2610.0	1.0000000
39	11487.9307	10757.492	169.50003	0.0	0.0	2610.0	1.0000000
39	11572.5596	10694.317	169.50000	0.0	0.0	2610.0	1.0000000
5	12350.0000	12750.000	169.50000	0.0	0.0	180.0	1.0000000
5	11750.0000	12750.000	169.50003	0.0	0.0	180.0	1.0000000
7	12400.0000	12200.000	169.50003	0.0	0.0	0.0	1.0000000
6	11500.0000	12150.000	169.50003	0.0	0.0	180.0	1.0000000
6	11300.0000	12150.000	169.49997	0.0	0.0	180.0	1.0000000
6	11750.0000	12600.000	169.64177	0.0	0.0	270.0	1.0000000
6	12350.0000	12600.000	169.49998	0.0	0.0	270.0	1.0000000
6	12500.0000	12750.000	169.50000	0.0	0.0	180.0	1.0000000
6	12700.0000	12750.000	169.50002	0.0	0.0	180.0	1.0000000
6	12350.0000	12400.000	169.50000	0.0	0.0	270.0	1.0000000
6	12600.0000	12150.000	169.49998	0.0	0.0	180.0	1.0000000
6	11750.0000	12400.000	169.50002	0.0	0.0	270.0	1.0000000
7	11700.0000	12200.000	169.49997	0.0	0.0	90.0	1.0000000
6	11600.0000	12750.000	169.49997	0.0	0.0	0.0	1.0000000
6	11300.0000	12750.000	169.50002	0.0	0.0	0.0	1.0000000
8	11450.0000	12750.000	170.25594	0.0	0.0	180.0	1.0000000
4	12350.0000	11550.000	169.49997	0.0	0.0	90.0	1.0000000
4	11750.0000	11550.000	169.50003	0.0	0.0	90.0	1.0000000
22	11750.0000	11250.000	169.50000	0.0	0.0	90.0	1.0000000
21	11550.0000	11550.000	169.49998	0.0	0.0	90.0	1.0000000
22	11650.0000	11500.000	174.24252	0.0	0.0	90.0	1.0000000
22	11500.0000	11650.000	169.50000	0.0	0.0	240.0	1.0000000
24	12550.0000	12550.000	195.82422	0.0	0.0	90.0	0.3600004
24	11434.5859	12560.436	129.38803	0.0	0.0	90.0	1.0000000
24	12746.1738	12466.565	184.83910	0.0	0.0	90.0	1.0000000
24	11448.3018	12463.017	180.14301	0.0	0.0	90.0	1.0000000
25	12650.0000	11550.000	169.50002	0.0	0.0	450.0	1.0000000
25	12750.0000	11550.000	169.50000	0.0	0.0	450.0	1.0000000
25	12550.0000	11550.000	169.50002	0.0	0.0	450.0	1.0000000
39	11550.0000	11350.000	169.50002	0.0	0.0	2610.0	1.0000000
39	11750.0000	11350.000	169.49998	0.0	0.0	2610.0	1.0000000
39	11950.0000	11250.000	169.49997	0.0	0.0	2610.0	1.0000000
39	11868.3613	11256.241	169.50006	0.0	0.0	2610.0	1.0000000
39	11652.3457	11294.904	169.50002	0.0	0.0	2610.0	1.0000000
1	12450.0000	14150.000	169.50002	0.0	0.0	0.0	1.0000000
1	12150.0000	14150.000	169.50002	0.0	0.0	0.0	1.0000000
1	11850.0000	14150.000	169.50003	0.0	0.0	0.0	1.0000000
1	11550.0000	14150.000	169.50000	0.0	0.0	0.0	1.0000000
18	11250.0000	14150.000	169.50000	0.0	0.0	0.0	1.0000000
18	12750.0000	14150.000	169.50002	0.0	0.0	0.0	1.0000000
25	12350.0000	13550.000	169.50002	0.0	0.0	450.0	1.0000000
25	12350.0000	13450.000	169.50003	0.0	0.0	450.0	1.0000000
25	12350.0000	13350.000	169.49997	0.0	0.0	450.0	1.0000000
25	12350.0000	13250.000	169.50003	0.0	0.0	450.0	1.0000000
38	12665.9678	13866.742	169.49998	167.4	159.7	0.0	1.0000000
38	12575.6982	13754.212	169.50003	42.1	257.0	0.0	1.0000000
38	12575.6982	13754.212	169.49997	42.1	257.0	0.0	1.0000000
38	12650.0000	13750.000	169.50000	0.0	0.0	0.0	1.0000000
38	12650.0000	13750.000	169.49998	0.0	0.0	0.0	1.0000000
38	12568.9033	13573.334	169.50003	-415.4	-105.5	0.0	1.0000000
38	12679.0693	13650.104	169.49997	1.1	-709.3	0.0	1.0000000
38	12617.4844	13712.058	169.49994	134.2	187.7	0.0	1.0000000
38	12631.2588	13769.822	169.50003	57.3	250.7	90.0	1.0000000
38	12636.1846	13703.950	169.50002	201.7	-211.3	90.0	1.0000000
38	12705.7510	13741.165	169.50005	0.0	0.0	90.0	1.0000000
38	12716.6934	13807.194	169.49998	0.0	0.0	30.0	1.0000000
38	12681.0254	13771.413	169.49997	-190.1	216.1	90.0	1.0000000
38	12549.2344	13840.668	169.49998	0.0	0.0	30.0	1.0000000
38	12547.1045	13899.972	171.69379	0.0	0.0	-30.0	1.0000000
38	12599.0742	13882.550	169.62447	0.0	0.0	90.0	1.0000000
38	12718.5127	13890.838	169.49997	135.4	240.5	90.0	1.0000000
38	12494.5967	13815.936	169.49995	225.0	188.8	90.0	1.0000000
38	12469.5820	13879.158	169.49995	0.0	0.0	0.0	1.0000000
38	12785.8936	13812.354	169.49998	0.0	0.0	60.0	1.0000000
38	12753.3164	13593.965	169.49997	0.0	0.0	30.0	1.0000000
38	12512.6387	13898.690	169.49998	0.0	0.0	30.0	1.0000000
1	12750.0000	16350.000	169.49997	0.0	0.0	0.0	1.0000000
1	12450.0000	16350.000	169.50003	0.0	0.0	0.0	1.0000000
1	12150.0000	16350.000	169.49998	0.0	0.0	0.0	1.0000000
1	11850.0000	16350.000	169.50003	0.0	0.0	0.0	1.0000000
1	11550.0000	16350.000	169.50003	0.0	0.0	0.0	1.0000000
1	11250.0000	16350.000	169.49997	0.0	0.0	0.0	1.0000000
5	12750.0000	17250.000	169.50002	0.0	0.0	0.0	1.0000000
5	12350.0000	17250.000	169.50002	0.0	0.0	0.0	1.0000000
3	12150.0000	17250.000	169.50003	0.0	0.0	0.0	1.0000000
3	12550.0000	17250.000	169.50002	0.0	0.0	0.0	1.0000000
4	11950.0000	17250.000	169.50002	0.0	0.0	90.0	1.0000000
3	11950.0000	18950.000	169.49997	0.0	0.0	90.0	1.0000000
3	11950.0000	18550.000	169.50003	0.0	0.0	90.0	1.0000000
3	11950.0000	18150.000	169.49998	0.0	0.0	90.0	1.0000000
4	11950.0000	18350.000	169.50002	0.0	0.0	90.0	1.0000000
4	11950.0000	18750.000	169.49997	0.0	0.0	90.0	1.0000000
4	11950.0000	19150.000	169.49998	0.0	0.0	90.0	1.0000000
4	11950.0000	17950.000	169.49998	0.0	0.0	90.0	1.0000000
3	11750.0000	19150.000	169.50002	0.0	0.0	0.0	1.0000000
4	11550.0000	19150.000	169.50002	0.0	0.0	0.0	1.0000000
3	12750.0000	20650.000	169.50002	0.0	0.0	90.0	1.0000000
3	12750.0000	20250.000	169.49997	0.0	0.0	90.0	1.0000000
3	12750.0000	19850.000	169.50000	0.0	0.0	90.0	1.0000000
5	12750.0000	19650.000	169.49998	0.0	0.0	0.0	1.0000000
5	12750.0000	20050.000	169.49997	0.0	0.0	90.0	1.0000000
5	12750.0000	20450.000	169.49998	0.0	0.0	90.0	1.0000000
4	11950.0000	20750.000	169.50000	0.0	0.0	90.0	1.0000000
3	11950.0000	20550.000	169.49997	0.0	0.0	90.0	1.0000000
4	11950.0000	20350.000	169.49997	0.0	0.0	90.0	1.0000000
3	11950.0000	20150.000	169.50000	0.0	0.0	90.0	1.0000000
4	11950.0000	19950.000	169.50002	0.0	0.0	90.0	1.0000000
3	11950.0000	19750.000	169.50003	0.0	0.0	90.0	1.0000000
4	11950.0000	19550.000	169.49998	0.0	0.0	90.0	1.0000000
3	11950.0000	19350.000	169.49998	0.0	0.0	90.0	1.0000000
5	12750.0000	22350.000	169.49998	0.0	0.0	90.0	1.0000000
5	12750.0000	21950.000	169.50000	0.0	0.0	90.0	1.0000000
5	12750.0000	21550.000	169.49998	0.0	0.0	90.0	1.0000000
3	12750.0000	22150.000	169.50002	0.0	0.0	90.0	1.0000000
3	12750.0000	21750.000	169.50003	0.0	0.0	90.0	1.0000000
5	12750.0000	20850.000	169.49997	0.0	0.0	90.0	1.0000000
3	12550.0000	21550.000	169.50005	0.0	0.0	0.0	1.0000000
5	12350.0000	21550.000	169.50000	0.0	0.0	0.0	1.0000000
3	12150.0000	21550.000	169.49997	0.0	0.0	0.0	1.0000000
4	11950.0000	21550.000	169.49998	0.0	0.0	360.0	1.0000000
3	11950.0000	21350.000	169.50002	0.0	0.0	90.0	1.0000000
4	11950.0000	21150.000	169.50003	0.0	0.0	90.0	1.0000000
3	11950.0000	20950.000	169.50003	0.0	0.0	90.0	1.0000000
13	11950.0000	22150.000	169.50000	0.0	0.0	2250.0	1.0000000
13	11937.9902	22154.061	279.50000	0.0	0.0	2310.0	1.0000000
13	11463.5342	22314.453	159.49995	-70.0	0.0	4140.0	1.0000000
25	12150.0000	20850.000	169.49997	-720.0	0.0	3330.0	1.0000000
25	12250.0000	20850.000	169.49998	-720.0	0.0	3330.0	1.0000000
25	12050.0000	20850.000	169.49997	-720.0	0.0	3330.0	1.0000000
5	12750.0000	23550.000	169.50000	0.0	0.0	90.0	1.0000000
5	12750.0000	23150.000	169.49997	0.0	0.0	90.0	1.0000000
5	12750.0000	22750.000	169.49998	0.0	0.0	90.0	1.0000000
3	12750.0000	23350.000	169.49998	0.0	0.0	90.0	1.0000000
3	12750.0000	22950.000	169.50000	0.0	0.0	90.0	1.0000000
3	12750.0000	22550.000	169.50000	0.0	0.0	90.0	1.0000000
3	12150.0000	23950.000	169.49998	0.0	0.0	0.0	1.0000000
5	12350.0000	23950.000	169.49997	0.0	0.0	0.0	1.0000000
5	11950.0000	23950.000	169.50002	0.0	0.0	0.0	1.0000000
5	11450.0000	23950.000	169.50000	0.0	0.0	90.0	1.0000000
13	11650.0000	23150.000	169.50000	0.0	0.0	2400.0	1.0000000
13	11650.0000	22550.000	169.49998	0.0	0.0	2400.0	1.0000000
13	12150.0000	22850.000	169.49998	0.0	0.0	2400.0	1.0000000
13	11650.0000	22850.000	169.50002	0.0	0.0	2400.0	1.0000000
13	11629.1055	22554.287	284.49994	0.0	0.0	2460.0	1.0000000
13	11621.0645	22560.008	394.50000	0.0	0.0	2250.0	1.0000000
13	12250.0000	23250.000	169.49998	0.0	0.0	2250.0	1.0000000
13	11850.0000	23450.000	169.50002	0.0	0.0	2250.0	1.0000000
14	11650.5283	22847.119	279.49994	0.0	0.0	2460.0	1.0000000
14	12255.0381	23237.779	289.49994	0.0	0.0	2700.0	1.0000000
14	11659.2588	22735.775	189.49995	-55.0	0.0	3600.0	1.0000000
14	12247.1035	22867.584	174.49995	-55.0	0.0	3720.0	1.0000000
15	11758.3311	22844.998	209.50000	-100.0	0.0	4050.0	1.0000000
15	11900.5264	23463.289	159.49995	-70.0	0.0	4200.0	1.0000000
13	11430.3496	22400.131	159.49994	-70.0	0.0	4200.0	1.0000000
13	11980.5908	23393.801	159.49998	-70.0	0.0	4140.0	1.0000000
25	11250.0000	22750.000	169.49998	-720.0	0.0	3330.0	1.0000000
25	11350.0000	22750.000	169.49997	-720.0	0.0	3330.0	1.0000000
1	12750.0000	25150.000	169.50000	0.0	0.0	0.0	1.0000000
1	12450.0000	25150.000	169.49998	0.0	0.0	0.0	1.0000000
1	12150.0000	25150.000	169.49997	0.0	0.0	0.0	1.0000000
1	11850.0000	25150.000	169.50003	0.0	0.0	0.0	1.0000000
1	11550.0000	25150.000	169.50002	0.0	0.0	0.0	1.0000000
1	11250.0000	25150.000	169.50002	0.0	0.0	0.0	1.0000000
3	11950.0000	24150.000	169.49998	0.0	0.0	90.0	1.0000000
3	11950.0000	24550.000	169.50002	0.0	0.0	90.0	1.0000000
3	11950.0000	24950.000	169.50000	0.0	0.0	90.0	1.0000000
5	11950.0000	24350.000	169.49997	0.0	0.0	90.0	1.0000000
5	11950.0000	24750.000	169.49998	0.0	0.0	90.0	1.0000000
5	11450.0000	24350.000	169.49997	0.0	0.0	90.0	1.0000000
5	11450.0000	24750.000	169.49998	0.0	0.0	90.0	1.0000000
3	11450.0000	24950.000	169.49997	0.0	0.0	90.0	1.0000000
3	11450.0000	24550.000	169.49998	0.0	0.0	90.0	1.0000000
3	11450.0000	24150.000	169.49998	0.0	0.0	90.0	1.0000000
22	12050.0000	25000.000	181.18997	-720.0	0.0	3390.0	1.0000000
22	12150.0000	25050.000	175.37955	-720.0	0.0	3600.0	1.0000000
22	12050.0000	24900.000	171.30855	-720.0	0.0	3690.0	1.0000000
21	12050.0000	25050.000	182.75577	-720.0	0.0	3630.0	1.0000000
1	12850.0000	350.000	169.50000	0.0	0.0	0.0	1.0000000
1	13150.0000	350.000	169.50002	0.0	0.0	0.0	1.0000000
1	13450.0000	350.000	169.49995	0.0	0.0	0.0	1.0000000
1	13750.0000	750.000	169.49998	0.0	0.0	90.0	1.0000000
1	13750.0000	1050.000	169.49998	0.0	0.0	90.0	1.0000000
1	13750.0000	1350.000	169.49998	0.0	0.0	90.0	1.0000000
4	13250.0000	1250.000	169.49997	0.0	0.0	2610.0	1.0000000
5	13750.0000	350.000	169.50000	0.0	0.0	1800.0	1.0000000
1	13750.0000	550.000	169.49997	0.0	0.0	90.0	1.0000000
1	13550.0000	350.000	169.50003	0.0	0.0	0.0	1.0000000
23	13250.0000	1450.000	169.50003	0.0	0.0	360.0	1.0000000
16	13250.0000	1150.000	183.62685	0.0	0.0	420.0	1.0000000
16	13150.0000	1250.000	173.06654	0.0	0.0	420.0	1.0000000
16	13350.0000	1150.000	179.16586	0.0	0.0	420.0	1.0000000
16	13350.0000	1250.000	179.22896	0.0	0.0	420.0	1.0000000
16	13300.0000	1300.000	183.55275	0.0	0.0	420.0	1.0000000
1	13750.0000	1650.000	169.49998	0.0	0.0	90.0	1.0000000
1	13750.0000	1950.000	169.49998	0.0	0.0	90.0	1.0000000
1	13750.0000	2250.000	169.50000	0.0	0.0	90.0	1.0000000
1	13750.0000	2550.000	169.50002	0.0	0.0	90.0	1.0000000
1	13750.0000	2850.000	169.50002	0.0	0.0	90.0	1.0000000
1	13750.0000	3150.000	169.50002	0.0	0.0	90.0	1.0000000
4	13250.0000	2150.000	169.49997	0.0	0.0	2610.0	1.0000000
4	13250.0000	3150.000	169.49997	0.0	0.0	2610.0	1.0000000
20	13000.0000	1700.000	180.30920	0.0	0.0	450.0	1.0000000
23	13250.0000	1950.000	169.49997	0.0	0.0	360.0	1.0000000
16	12850.0000	3150.000	179.20494	0.0	0.0	420.0	1.0000000
16	13350.0000	3150.000	187.89597	0.0	0.0	420.0	1.0000000
16	13250.0000	3050.000	179.44408	0.0	0.0	420.0	1.0000000
16	13350.0000	3050.000	176.71947	0.0	0.0	420.0	1.0000000
16	13350.0000	2050.000	173.25763	0.0	0.0	420.0	1.0000000
16	13250.0000	2050.000	187.85469	0.0	0.0	420.0	1.0000000
1	13750.0000	3450.000	169.49998	0.0	0.0	90.0	1.0000000
1	13750.0000	3750.000	169.49998	0.0	0.0	90.0	1.0000000
1	13750.0000	4050.000	169.50002	0.0	0.0	90.0	1.0000000
1	13750.0000	4350.000	169.50003	0.0	0.0	90.0	1.0000000
1	13750.0000	4650.000	169.49995	0.0	0.0	90.0	1.0000000
4	13250.0000	3850.000	169.49997	0.0	0.0	2610.0	1.0000000
4	13250.0000	4450.000	169.49997	0.0	0.0	2610.0	1.0000000
1	13750.0000	6050.000	169.50002	0.0	0.0	90.0	1.0000000
1	13750.0000	5750.000	169.49997	0.0	0.0	90.0	1.0000000
1	13750.0000	5450.000	169.50000	0.0	0.0	90.0	1.0000000
1	13750.0000	5150.000	169.50005	0.0	0.0	90.0	1.0000000
1	13600.0000	6150.000	169.50005	0.0	0.0	0.0	1.0000000
1	13350.0000	6150.000	169.49997	0.0	0.0	0.0	1.0000000
1	13050.0000	6150.000	169.49997	0.0	0.0	0.0	1.0000000
1	13750.0000	4950.000	169.49997	0.0	0.0	90.0	1.0000000
4	13250.0000	5050.000	169.49997	0.0	0.0	2610.0	1.0000000
19	13000.0000	5800.000	169.50003	0.0	0.0	360.0	1.0000000
23	13250.0000	5550.000	169.50002	0.0	0.0	360.0	1.0000000
16	13250.0000	5850.000	171.46382	0.0	0.0	360.0	1.0000000
16	13450.0000	5750.000	169.50000	0.0	0.0	360.0	1.0000000
16	12850.0000	5650.000	171.08295	0.0	0.0	360.0	1.0000000
16	12850.0000	5550.000	179.29318	0.0	0.0	360.0	1.0000000
16	13250.0000	5750.000	169.49997	0.0	0.0	360.0	1.0000000
16	13300.0000	5650.000	170.93460	0.0	0.0	360.0	1.0000000
16	12850.0000	5450.000	174.84660	0.0	0.0	360.0	1.0000000
1	13750.0000	8450.000	169.50002	0.0	0.0	90.0	1.0000000
1	13650.0000	8350.000	169.49998	0.0	0.0	0.0	1.0000000
1	13750.0000	8750.000	169.50000	0.0	0.0	90.0	1.0000000
1	13750.0000	9050.000	169.49998	0.0	0.0	90.0	1.0000000
1	13750.0000	9350.000	169.50003	0.0	0.0	90.0	1.0000000
1	13350.0000	8350.000	169.50000	0.0	0.0	0.0	1.0000000
1	13050.0000	8350.000	169.49997	0.0	0.0	0.0	1.0000000
5	13800.0000	8350.000	170.60336	0.0	0.0	90.0	1.0000000
5	13765.4971	8314.907	169.64319	0.0	0.0	0.0	1.0000000
6	12900.0000	9150.000	169.87085	0.0	0.0	180.0	1.0000000
5	12950.0000	9150.000	184.49515	0.0	0.0	0.0	1.0000000
6	12950.0000	9300.000	168.87727	0.0	0.0	90.0	1.0000000
8	12950.0000	9450.000	168.02881	0.0	0.0	270.0	1.0000000
16	12850.0000	9050.000	169.49997	0.0	0.0	60.0	1.0000000
16	12950.0000	9050.000	177.87077	0.0	0.0	60.0	1.0000000
6	12800.0000	9750.000	169.50002	0.0	0.0	180.0	1.0000000
6	12950.0000	9600.000	169.74059	0.0	0.0	90.0	1.0000000
1	13750.0000	9650.000	169.49998	0.0	0.0	90.0	1.0000000
1	13750.0000	9950.000	169.50003	0.0	0.0	90.0	1.0000000
1	13750.0000	10250.000	169.50002	0.0	0.0	90.0	1.0000000
1	13750.0000	10550.000	169.50003	0.0	0.0	90.0	1.0000000
1	13750.0000	10850.000	169.50002	0.0	0.0	90.0	1.0000000
1	13750.0000	11150.000	169.49997	0.0	0.0	90.0	1.0000000
5	12950.0000	10350.000	169.50002	0.0	0.0	90.0	1.0000000
5	12950.0000	9750.000	169.50002	0.0	0.0	90.0	1.0000000
5	12950.0000	10950.000	169.50002	0.0	0.0	90.0	1.0000000
6	12800.0000	12150.000	169.49998	0.0	0.0	180.0	1.0000000
1	13750.0000	11450.000	169.50000	0.0	0.0	90.0	1.0000000
1	13750.0000	11750.000	169.50003	0.0	0.0	90.0	1.0000000
1	13750.0000	12050.000	169.49997	0.0	0.0	90.0	1.0000000
1	13750.0000	12350.000	169.50002	0.0	0.0	90.0	1.0000000
1	13750.0000	12650.000	169.50000	0.0	0.0	90.0	1.0000000
5	12950.0000	11550.000	169.50002	0.0	0.0	90.0	1.0000000
5	12950.0000	12150.000	169.49997	0.0	0.0	90.0	1.0000000
5	12950.0000	12750.000	169.50003	0.0	0.0	90.0	1.0000000
6	12950.0000	12600.000	171.23409	0.0	0.0	270.0	1.0000000
6	12900.0000	12750.000	175.51099	0.0	0.0	180.0	1.0000000
6	12950.0000	12300.000	169.50000	0.0	0.0	270.0	1.0000000
8	12950.0000	12450.000	169.50005	0.0	0.0	90.0	1.0000000
25	13250.0000	12650.000	169.50003	0.0	0.0	450.0	1.0000000
25	13350.0000	12650.000	169.50000	0.0	0.0	450.0	1.0000000
25	13450.0000	12650.000	169.49998	0.0	0.0	450.0	1.0000000
1	13350.0000	14150.000	169.50002	0.0	0.0	0.0	1.0000000
1	13750.0000	12950.000	169.50003	0.0	0.0	90.0	1.0000000
1	13750.0000	13250.000	169.50003	0.0	0.0	90.0	1.0000000
1	13750.0000	13550.000	169.50000	0.0	0.0	90.0	1.0000000
1	13750.0000	13850.000	169.50002	0.0	0.0	90.0	1.0000000
1	13750.0000	14100.000	169.50000	0.0	0.0	90.0	1.0000000
1	13600.0000	14150.000	169.50003	0.0	0.0	0.0	1.0000000
18	13050.0000	14150.000	169.50002	0.0	0.0	0.0	1.0000000
20	13400.0000	13750.000	169.50000	0.0	0.0	360.0	1.0000000
23	13550.0000	13550.000	169.50003	0.0	0.0	450.0	1.0000000
23	13250.0000	13550.000	169.50002	0.0	0.0	450.0	1.0000000
23	13550.0000	13150.000	169.50005	0.0	0.0	450.0	1.0000000
23	13250.0000	13150.000	169.50002	0.0	0.0	450.0	1.0000000
38	12828.6016	13723.389	169.49998	277.0	-52.2	120.0	1.0000000
1	13750.0000	17550.000	169.49998	0.0	0.0	90.0	1.0000000
1	13750.0000	17250.000	169.49998	0.0	0.0	90.0	1.0000000
1	13750.0000	16950.000	169.50002	0.0	0.0	90.0	1.0000000
1	13750.0000	16650.000	169.50002	0.0	0.0	90.0	1.0000000
1	13750.0000	16450.000	169.49995	0.0	0.0	90.0	1.0000000
1	13650.0000	16350.000	169.50002	0.0	0.0	0.0	1.0000000
1	13350.0000	16350.000	169.49997	0.0	0.0	0.0	1.0000000
1	13050.0000	16350.000	169.49997	0.0	0.0	0.0	1.0000000
3	13150.0000	17450.000	169.49998	0.0	0.0	90.0	1.0000000
5	13150.0000	17250.000	169.49998	0.0	0.0	90.0	1.0000000
3	12950.0000	17250.000	169.49998	0.0	0.0	0.0	1.0000000
1	13750.0000	19050.000	169.49998	0.0	0.0	90.0	1.0000000
1	13750.0000	18750.000	169.50005	0.0	0.0	90.0	1.0000000
1	13750.0000	18450.000	169.49998	0.0	0.0	90.0	1.0000000
1	13750.0000	18150.000	169.50003	0.0	0.0	90.0	1.0000000
1	13750.0000	17850.000	169.50003	0.0	0.0	90.0	1.0000000
3	13150.0000	17850.000	169.49998	0.0	0.0	90.0	1.0000000
3	13150.0000	18250.000	169.49998	0.0	0.0	90.0	1.0000000
3	13150.0000	18650.000	169.49998	0.0	0.0	90.0	1.0000000
3	13150.0000	19050.000	169.50000	0.0	0.0	90.0	1.0000000
5	13150.0000	18850.000	169.49995	0.0	0.0	90.0	1.0000000
5	13150.0000	18450.000	169.50000	0.0	0.0	90.0	1.0000000
5	13150.0000	18050.000	169.50003	0.0	0.0	90.0	1.0000000
5	13150.0000	17650.000	169.49998	0.0	0.0	90.0	1.0000000
25	13250.0000	17850.000	169.50002	-720.0	0.0	3330.0	1.0000000
25	13350.0000	17850.000	169.50003	-720.0	0.0	3330.0	1.0000000
1	13750.0000	20550.000	169.50005	0.0	0.0	90.0	1.0000000
1	13750.0000	20250.000	169.50005	0.0	0.0	90.0	1.0000000
1	13750.0000	19950.000	169.50002	0.0	0.0	90.0	1.0000000
1	13750.0000	19650.000	169.50000	0.0	0.0	90.0	1.0000000
1	13750.0000	19350.000	169.50005	0.0	0.0	90.0	1.0000000
3	13150.0000	19450.000	169.50000	0.0	0.0	90.0	1.0000000
3	12950.0000	19650.000	169.49995	0.0	0.0	0.0	1.0000000
5	13150.0000	19650.000	169.50000	0.0	0.0	0.0	1.0000000
5	13150.0000	19250.000	169.50000	0.0	0.0	90.0	1.0000000
1	13750.0000	22350.000	169.50003	0.0	0.0	90.0	1.0000000
1	13750.0000	22050.000	169.49998	0.0	0.0	90.0	1.0000000
1	13750.0000	21750.000	169.50000	0.0	0.0	90.0	1.0000000
1	13750.0000	21450.000	169.50002	0.0	0.0	90.0	1.0000000
1	13750.0000	21150.000	169.50005	0.0	0.0	90.0	1.0000000
1	13750.0000	20850.000	169.50002	0.0	0.0	90.0	1.0000000
25	12850.0000	22150.000	169.50003	-720.0	0.0	3330.0	1.0000000
25	12950.0000	22150.000	169.49998	-720.0	0.0	3330.0	1.0000000
25	13050.0000	22150.000	169.50002	-720.0	0.0	3330.0	1.0000000
1	13750.0000	23850.000	169.50000	0.0	0.0	90.0	1.0000000
1	13750.0000	23550.000	169.49997	0.0	0.0	90.0	1.0000000
1	13750.0000	23250.000	169.50000	0.0	0.0	90.0	1.0000000
1	13750.0000	22950.000	169.50000	0.0	0.0	90.0	1.0000000
1	13750.0000	22650.000	169.50005	0.0	0.0	90.0	1.0000000
5	13650.0000	22750.000	169.49995	0.0	0.0	0.0	1.0000000
3	12950.0000	23550.000	169.50003	0.0	0.0	0.0	1.0000000
5	13150.0000	23550.000	169.50000	0.0	0.0	0.0	1.0000000
5	13650.0000	23550.000	169.50003	0.0	0.0	0.0	1.0000000
23	13150.0000	23950.000	169.49997	0.0	0.0	0.0	1.0000000
23	13650.0000	23950.000	169.50000	0.0	0.0	0.0	1.0000000
21	13200.0000	23900.000	192.97620	-720.0	0.0	3720.0	1.0000000
21	13300.0000	23950.000	169.50005	-720.0	0.0	3630.0	1.0000000
21	13250.0000	24000.000	179.83963	-720.0	0.0	3630.0	1.0000000
1	13750.0000	25050.000	169.49998	0.0	0.0	90.0	1.0000000
1	13750.0000	24750.000	169.50003	0.0	0.0	90.0	1.0000000
1	13750.0000	24450.000	169.49998	0.0	0.0	90.0	1.0000000
1	13750.0000	24150.000	169.50003	0.0	0.0	90.0	1.0000000
1	13600.0000	25150.000	169.50003	0.0	0.0	0.0	1.0000000
1	13350.0000	25150.000	169.50002	0.0	0.0	0.0	1.0000000
18	13049.0547	25151.121	170.38019	0.0	0.0	4320.0	1.0000000
20	13400.0000	24750.000	169.50002	0.0	0.0	1080.0	1.0000000
23	13150.0000	24350.000	169.49997	0.0	0.0	0.0	1.0000000
23	13650.0000	24350.000	169.50000	0.0	0.0	0.0	1.0000000
22	12950.0000	25050.000	170.36858	-720.0	0.0	3330.0	1.0000000
22	13150.0000	24950.000	169.50002	-720.0	0.0	3330.0	1.0000000
22	13050.0000	25050.000	173.62918	-720.0	0.0	3330.0	1.0000000
22	12850.0000	25050.000	169.50000	-720.0	0.0	3480.0	1.0000000
22	13100.0000	25000.000	174.35849	-720.0	0.0	3390.0	1.0000000
24	15850.0000	950.000	-0.00001	0.0	0.0	90.0	1.0000000
27	15958.2393	1069.469	211.53235	-175.0	0.0	180.0	1.0000000
29	15894.1289	816.995	-43.51026	385.0	0.0	1200.0	1.0000000
33	15856.2090	905.812	64.31831	115.0	0.0	540.0	1.0000000
24	15863.8203	4035.906	-69.99995	0.0	0.0	0.0	1.0000000
24	15844.8350	4550.600	-70.00005	0.0	0.0	0.0	1.0000000
33	15874.5000	3959.294	64.31826	115.0	0.0	540.0	1.0000000
33	15864.1562	4482.666	64.31827	115.0	0.0	540.0	1.0000000
24	15854.7842	5134.626	-49.99996	0.0	0.0	0.0	1.0000000
24	15950.0000	6350.000	-0.00003	0.0	0.0	90.0	1.0000000
33	15845.5840	5090.500	64.31826	115.0	0.0	540.0	1.0000000
33	15952.6787	6310.910	64.31831	115.0	0.0	540.0	1.0000000
27	15796.9082	5072.454	0.00004	300.0	0.0	5730.0	1.0000000
27	15830.1143	7690.982	-50.44544	300.0	0.0	510.0	1.0000000
29	15984.2832	7134.571	-10.64595	455.0	0.0	1140.0	1.0000000
27	15978.1553	6571.097	-40.00004	360.0	0.0	5880.0	1.0000000
27	15791.5420	6486.972	-139.99994	360.0	0.0	5880.0	1.0000000
27	15950.0000	8350.000	-0.00002	360.0	0.0	5730.0	1.0000000
24	15959.4102	10916.565	-9.12313	0.0	0.0	90.0	1.0000000
27	15994.5859	10868.771	-0.00006	360.0	0.0	5820.0	1.0000000
27	15931.1250	10952.265	0.00004	360.0	0.0	5790.0	1.0000000
27	15972.7910	9919.721	17.83709	360.0	0.0	5790.0	1.0000000
24	15950.0000	12350.000	15.43933	0.0	0.0	90.0	1.0000000
27	15950.0000	12250.000	35.06839	360.0	0.0	5730.0	1.0000000
27	15945.0508	11510.082	-7.92772	360.0	0.0	5610.0	1.0000000
27	15950.0000	13150.000	22.16825	360.0	0.0	5730.0	1.0000000
24	16950.0000	550.000	0.00003	0.0	0.0	90.0	1.0000000
24	16960.3125	2990.285	-0.00002	0.0	0.0	90.0	1.0000000
24	16850.0000	1750.000	-0.28782	0.0	0.0	90.0	1.0000000
27	16834.0469	1632.299	219.67848	-175.0	0.0	240.0	1.0000000
27	16768.8203	2653.493	272.73636	-175.0	0.0	240.0	1.0000000
29	16761.5488	2400.055	36.47371	385.0	0.0	1200.0	1.0000000
29	17034.8730	1693.654	-39.96331	385.0	0.0	1200.0	1.0000000
27	16483.3496	2852.945	130.30856	385.0	0.0	1080.0	1.7999992
27	16482.5781	3114.503	169.48376	15.0	0.0	0.0	1.5399995
27	16500.6582	2526.115	150.99384	385.0	0.0	1080.0	1.8999991
30	16702.2441	2341.302	132.23091	385.0	0.0	1140.0	1.0000000
32	16726.6895	2156.166	134.69791	300.0	0.0	720.0	1.0000000
33	16800.1387	2188.009	187.94728	175.0	0.0	450.0	1.0000000
24	17152.9062	3848.423	-69.99999	0.0	0.0	0.0	1.0000000
24	17135.6836	4271.536	-74.99998	0.0	0.0	0.0	1.0000000
29	16744.9922	3621.240	-4.08745	345.0	0.0	1410.0	1.4599996
29	16209.6240	3713.786	159.21603	385.0	0.0	1110.0	1.0000000
27	16858.1484	4223.991	189.34143	255.0	0.0	540.0	1.0000000
33	17146.9141	3748.111	89.31825	115.0	0.0	540.0	1.0000000
27	16852.7891	5093.634	-25.27612	300.0	0.0	510.0	1.0000000
27	16845.8301	4870.302	-6.96615	330.0	0.0	510.0	1.0000000
29	16760.4922	5089.937	67.57770	455.0	0.0	1140.0	1.3399997
27	17050.0000	5750.000	3.32781	360.0	0.0	5730.0	1.0000000
27	17050.0000	5150.000	7.69369	360.0	0.0	5730.0	1.0000000
24	16850.0000	7750.000	-0.49820	0.0	0.0	90.0	1.0000000
24	16950.0000	6750.000	0.00002	0.0	0.0	90.0	1.0000000
27	16003.9180	7333.191	-10.00257	300.0	0.0	450.0	1.0000000
27	16950.0000	7650.000	0.00004	360.0	0.0	5730.0	1.0000000
27	16950.0000	7450.000	-0.00004	360.0	0.0	5730.0	1.0000000
27	16950.0000	6750.000	-0.00003	360.0	0.0	5730.0	1.0000000
27	16950.0000	6650.000	0.30703	360.0	0.0	5730.0	1.0000000
27	17050.0000	7250.000	0.00002	360.0	0.0	5730.0	1.0000000
27	16050.0000	7850.000	0.00004	360.0	0.0	5730.0	1.0000000
27	16144.5635	6655.195	9.84036	360.0	0.0	5850.0	1.0000000
24	16950.0000	9550.000	-0.00002	0.0	0.0	90.0	1.0000000
24	16850.0000	8950.000	-0.00001	0.0	0.0	90.0	1.0000000
24	16050.0000	8250.000	0.00002	0.0	0.0	90.0	1.0000000
24	16050.0000	9350.000	0.00001	0.0	0.0	90.0	1.0000000
27	16882.1250	9182.224	209.15459	185.0	0.0	300.0	1.0000000
27	17023.8594	9331.759	171.94162	185.0	0.0	510.0	1.0000000
27	16831.0117	8150.542	203.96112	185.0	0.0	420.0	1.0000000
27	17133.6113	8359.182	-10.05314	300.0	0.0	450.0	1.0000000
29	17139.9805	8522.783	-8.84698	455.0	0.0	1320.0	1.0000000
29	17242.2305	9312.129	-18.20204	455.0	0.0	1320.0	1.0000000
27	16960.7637	9469.691	-6.04424	360.0	0.0	5730.0	1.0000000
27	16019.3623	9566.745	-45.00000	360.0	0.0	5580.0	1.0000000
27	16038.8672	8514.413	-84.99998	360.0	0.0	5730.0	1.0000000
33	16853.9453	8900.222	64.31832	115.0	0.0	540.0	1.0000000
33	16038.6182	9342.684	64.31832	115.0	0.0	540.0	1.0000000
27	16942.3008	10909.805	100.86539	260.0	0.0	5730.0	1.0000000
27	17021.8262	10262.594	39.54760	360.0	0.0	6180.0	1.2399998
27	17166.2695	10170.861	31.35347	360.0	0.0	6030.0	1.2999997
27	16266.9287	10740.819	137.92218	360.0	0.0	6210.0	1.0000000
29	16754.5176	10495.584	147.53767	310.0	0.0	6000.0	1.0000000
30	16213.6543	10552.616	130.58911	360.0	0.0	5520.0	1.0000000
27	16018.0742	9766.213	31.54319	360.0	0.0	5580.0	1.0000000
30	16014.7949	9963.962	-68.82165	360.0	0.0	5580.0	1.0000000
24	17550.0000	12250.000	0.00003	0.0	0.0	90.0	1.0000000
24	17022.1523	11745.030	0.00003	0.0	0.0	90.0	1.0000000
27	16832.6816	12356.268	266.90189	150.0	0.0	90.0	1.0000000
27	17177.6719	12286.817	156.94707	150.0	0.0	300.0	1.0000000
27	16845.3008	12076.686	258.49902	185.0	0.0	150.0	1.0000000
27	16242.2471	11207.531	342.60693	185.0	0.0	300.0	1.0000000
29	17089.5293	12413.090	100.48349	455.0	0.0	1320.0	1.0000000
27	17550.0000	12250.000	-0.00002	360.0	0.0	5730.0	1.0000000
27	16976.2617	11629.684	-22.22085	310.0	0.0	5730.0	1.0000000
27	17036.7324	11602.942	2.69653	315.0	0.0	5910.0	1.0000000
27	16936.5508	11236.455	234.32530	495.0	0.0	5670.0	1.0000000
27	16033.8379	12371.207	1.79267	360.0	0.0	5670.0	1.0000000
24	16150.0000	13250.000	1.72516	0.0	0.0	90.0	1.0000000
24	17050.0000	13250.000	0.00002	0.0	0.0	90.0	1.0000000
24	17532.7930	13308.562	-0.00001	0.0	0.0	90.0	1.0000000
27	17350.0000	13350.000	-0.00004	360.0	0.0	5730.0	1.0000000
27	16850.0000	13350.000	-0.00003	360.0	0.0	5730.0	1.0000000
33	16173.9160	13285.117	70.81734	115.0	0.0	690.0	1.0000000
33	17052.2773	13302.211	64.31828	115.0	0.0	690.0	1.0000000
33	17578.8613	13252.233	72.33690	115.0	0.0	570.0	1.0000000
27	16108.8604	13328.715	-82.82017	360.0	0.0	5730.0	1.0000000
1	17400.0000	16250.000	112.62768	0.0	0.0	0.0	1.0000000
1	17100.0000	16250.000	112.54091	0.0	0.0	0.0	1.0000000
1	16800.0000	16250.000	111.48272	0.0	0.0	0.0	1.0000000
1	16500.0000	16250.000	109.70769	0.0	0.0	0.0	1.0000000
1	16200.0000	16250.000	106.86775	0.0	0.0	0.0	1.0000000
1	16150.0000	16350.000	169.49997	0.0	0.0	90.0	1.0000000
1	16150.0000	16950.000	169.50002	0.0	0.0	90.0	1.0000000
1	16150.0000	17250.000	169.50000	0.0	0.0	90.0	1.0000000
1	16150.0000	17550.000	169.49997	0.0	0.0	90.0	1.0000000
3	16950.0000	17450.000	169.50000	0.0	0.0	90.0	1.0000000
3	16950.0000	17050.000	169.50000	0.0	0.0	90.0	1.0000000
3	17150.0000	16850.000	169.50000	0.0	0.0	0.0	1.0000000
3	17550.0000	16850.000	169.49997	0.0	0.0	0.0	1.0000000
4	16950.0000	17250.000	169.49995	0.0	0.0	90.0	1.0000000
4	16950.0000	16850.000	169.50002	0.0	0.0	90.0	1.0000000
4	17350.0000	16850.000	169.50000	0.0	0.0	90.0	1.0000000
5	16200.0000	17100.000	169.50000	0.0	0.0	450.0	1.0000000
18	16150.0000	16650.000	169.50000	0.0	0.0	90.0	1.0000000
20	16500.0000	16500.000	169.50003	0.0	0.0	90.0	1.0000000
23	16350.0000	17350.000	169.75659	0.0	0.0	990.0	1.0000000
23	16350.0000	16850.000	169.90909	0.0	0.0	990.0	1.0000000
23	17450.0000	16750.000	174.33832	0.0	0.0	990.0	1.0000000
23	16950.0000	16750.000	186.88460	0.0	0.0	990.0	1.0000000
23	16950.0000	16350.000	169.49995	0.0	0.0	990.0	1.0000000
23	17450.0000	16350.000	169.50000	0.0	0.0	990.0	1.0000000
1	16150.0000	17850.000	169.50003	0.0	0.0	90.0	1.0000000
1	16150.0000	18450.000	169.50002	0.0	0.0	90.0	1.0000000
1	16150.0000	18750.000	169.49997	0.0	0.0	90.0	1.0000000
3	16950.0000	18650.000	169.50003	0.0	0.0	90.0	1.0000000
3	16950.0000	19050.000	169.49997	0.0	0.0	90.0	1.0000000
3	16950.0000	18250.000	169.50002	0.0	0.0	90.0	1.0000000
3	16950.0000	17850.000	169.50002	0.0	0.0	90.0	1.0000000
4	16950.0000	18850.000	169.49998	0.0	0.0	90.0	1.0000000
4	16950.0000	18450.000	169.50003	0.0	0.0	90.0	1.0000000
4	16950.0000	18050.000	169.50000	0.0	0.0	90.0	1.0000000
4	16950.0000	17650.000	169.49995	0.0	0.0	90.0	1.0000000
5	16200.0000	18300.000	169.50000	0.0	0.0	450.0	1.0000000
18	16150.0000	19050.000	169.49997	0.0	0.0	90.0	1.0000000
18	16150.0000	18150.000	169.50002	0.0	0.0	90.0	1.0000000
5	16200.0000	19200.000	169.49997	0.0	0.0	450.0	1.0000000
1	16150.0000	19650.000	169.50000	0.0	0.0	90.0	1.0000000
1	16150.0000	20250.000	169.50000	0.0	0.0	90.0	1.0000000
3	17150.0000	19250.000	169.50000	0.0	0.0	0.0	1.0000000
3	17550.0000	19250.000	169.50003	0.0	0.0	0.0	1.0000000
4	17350.0000	19250.000	169.49997	0.0	0.0	90.0	1.0000000
4	16950.0000	19250.000	169.49998	0.0	0.0	90.0	1.0000000
3	17550.0000	20050.000	169.49998	0.0	0.0	90.0	1.0000000
3	17550.0000	20450.000	169.50002	0.0	0.0	90.0	1.0000000
3	17350.0000	19850.000	169.49997	0.0	0.0	0.0	1.0000000
4	17550.0000	20650.000	169.49997	0.0	0.0	0.0	1.0000000
4	17550.0000	20250.000	169.50003	0.0	0.0	0.0	1.0000000
4	17550.0000	19850.000	169.49998	0.0	0.0	0.0	1.0000000
4	17150.0000	19850.000	169.49997	0.0	0.0	0.0	1.0000000
5	16200.0000	20100.000	169.50000	0.0	0.0	450.0	1.0000000
18	16150.0000	19950.000	169.49997	0.0	0.0	90.0	1.0000000
18	16150.0000	19350.000	169.50003	0.0	0.0	90.0	1.0000000
5	16180.4785	20418.783	136.20410	5.0	0.0	620.0	1.0000000
1	16150.0000	21150.000	169.50000	0.0	0.0	90.0	1.0000000
1	16150.0000	21750.000	169.50002	0.0	0.0	90.0	1.0000000
1	16150.0000	22350.000	169.49998	0.0	0.0	90.0	1.0000000
3	16950.0000	22350.000	169.50000	0.0	0.0	90.0	1.0000000
3	16950.0000	21950.000	169.49997	0.0	0.0	90.0	1.0000000
3	16950.0000	21550.000	169.49997	0.0	0.0	90.0	1.0000000
3	17550.0000	20850.000	169.49998	0.0	0.0	90.0	1.0000000
3	17550.0000	21250.000	169.50002	0.0	0.0	90.0	1.0000000
4	16950.0000	22150.000	169.49998	0.0	0.0	90.0	1.0000000
4	16950.0000	21750.000	169.49997	0.0	0.0	90.0	1.0000000
4	16950.0000	21350.000	169.49998	0.0	0.0	90.0	1.0000000
3	17150.0000	21350.000	169.50003	0.0	0.0	0.0	1.0000000
4	17350.0000	21350.000	169.50003	0.0	0.0	0.0	1.0000000
4	17450.0000	21350.000	169.50002	0.0	0.0	0.0	1.0000000
4	17550.0000	21050.000	169.50003	0.0	0.0	0.0	1.0000000
5	16200.0000	21900.000	169.49997	0.0	0.0	450.0	1.0000000
18	16150.0000	22050.000	169.50000	0.0	0.0	90.0	1.0000000
18	16150.0000	21450.000	169.50002	0.0	0.0	90.0	1.0000000
22	16550.0000	21250.000	169.50000	20.0	0.0	810.0	1.0000000
22	16350.0000	21250.000	169.50003	20.0	0.0	810.0	1.0000000
22	16589.1504	21265.666	169.50003	20.0	0.0	900.0	1.0000000
22	16812.9961	21375.758	169.49997	20.0	0.0	840.0	1.0000000
5	16219.6338	21008.799	169.99733	-15.0	0.0	480.0	1.0000000
1	16150.0000	22950.000	169.49997	0.0	0.0	90.0	1.0000000
1	16150.0000	23250.000	169.49997	0.0	0.0	90.0	1.0000000
1	16150.0000	23550.000	169.50002	0.0	0.0	90.0	1.0000000
3	16950.0000	23950.000	169.49997	0.0	0.0	90.0	1.0000000
3	16950.0000	23550.000	169.50000	0.0	0.0	90.0	1.0000000
3	16950.0000	23150.000	169.50005	0.0	0.0	90.0	1.0000000
3	16950.0000	22750.000	169.50002	0.0	0.0	90.0	1.0000000
4	16950.0000	23750.000	169.50003	0.0	0.0	90.0	1.0000000
4	16950.0000	23350.000	169.50003	0.0	0.0	90.0	1.0000000
4	16950.0000	22950.000	169.49998	0.0	0.0	90.0	1.0000000
4	16950.0000	22550.000	169.49997	0.0	0.0	90.0	1.0000000
5	16200.0000	23400.000	169.50000	0.0	0.0	450.0	1.0000000
5	16200.0000	22500.000	169.49995	0.0	0.0	450.0	1.0000000
18	16150.0000	22650.000	169.49997	0.0	0.0	90.0	1.0000000
18	16150.0000	23800.000	169.50002	0.0	0.0	450.0	1.0000000
39	17476.2305	23055.801	169.50002	0.0	0.0	180.0	1.0000000
39	17437.2168	23175.107	169.49998	0.0	0.0	300.0	1.0000000
39	17307.7949	23115.674	169.50002	-152.3	242.2	390.0	1.0000000
39	17330.4453	23099.994	169.50002	0.0	0.0	240.0	1.0000000
39	17425.8105	23088.938	169.50000	0.0	0.0	150.0	1.0000000
39	17467.0098	23106.104	169.49998	0.0	0.0	30.0	1.0000000
39	17552.3887	23030.506	173.62701	-245.2	-303.9	-60.0	1.0000000
39	17543.9863	23002.523	169.68935	0.0	0.0	30.0	1.0000000
39	17466.3086	23224.264	169.50003	0.0	0.0	-180.0	1.0000000
39	17259.5684	23235.346	169.50002	0.0	0.0	-60.0	1.0000000
39	17298.4980	23304.768	169.49998	0.0	0.0	30.0	1.0000000
39	17328.3750	23154.344	169.49997	0.0	0.0	60.0	1.0000000
39	17336.7148	23221.416	169.50000	0.0	0.0	180.0	1.0000000
39	17229.2715	23171.547	169.50002	-174.2	160.9	60.0	1.0000000
39	17193.0605	23294.619	169.50000	0.0	0.0	-60.0	1.0000000
39	17373.7578	23264.779	169.50002	0.0	0.0	-150.0	1.0000000
39	17378.3125	23028.033	169.50002	0.0	0.0	-240.0	1.0000000
39	17171.7676	23378.658	169.50002	0.0	0.0	-90.0	1.0000000
39	17527.6719	23066.045	173.94481	-140.0	-760.4	-90.0	1.0000000
5	16200.0000	24000.000	169.50000	0.0	0.0	450.0	1.0000000
1	16150.0000	24150.000	169.49998	0.0	0.0	90.0	1.0000000
1	16150.0000	25050.000	169.50000	0.0	0.0	90.0	1.0000000
1	16250.0000	25150.000	169.49997	0.0	0.0	0.0	1.0000000
1	16850.0000	25150.000	169.50000	0.0	0.0	0.0	1.0000000
1	17150.0000	25150.000	169.50003	0.0	0.0	0.0	1.0000000
1	17450.0000	25150.000	169.50002	0.0	0.0	0.0	1.0000000
3	17150.0000	24150.000	169.49995	0.0	0.0	0.0	1.0000000
3	17550.0000	24150.000	169.50002	0.0	0.0	0.0	1.0000000
4	17350.0000	24150.000	169.50000	0.0	0.0	90.0	1.0000000
4	16950.0000	24150.000	169.50000	0.0	0.0	90.0	1.0000000
5	17350.0000	24550.000	169.50000	0.0	0.0	450.0	1.0000000
18	16150.0000	24450.000	169.50002	0.0	0.0	90.0	1.0000000
28	17448.9434	24645.619	156.18765	350.0	0.0	5400.0	1.0000000
5	16197.2188	24927.422	207.46834	-15.0	0.0	480.0	1.0000000
5	16433.7832	25174.691	165.30788	-15.0	0.0	480.0	1.0000000
1	19150.0000	350.000	169.50003	0.0	0.0	0.0	1.0000000
1	18850.0000	350.000	169.49997	0.0	0.0	0.0	1.0000000
1	19050.0000	1150.000	169.50000	0.0	0.0	0.0	1.0000000
1	18750.0000	1150.000	169.50003	0.0	0.0	0.0	1.0000000
20	18950.0000	750.000	169.50002	0.0	0.0	90.0	1.0000000
1	18650.0000	1550.000	169.50003	0.0	0.0	90.0	1.0000000
1	18650.0000	1250.000	169.50002	0.0	0.0	90.0	1.0000000
1	18650.0000	950.000	179.61719	0.0	0.0	90.0	1.0000000
1	18650.0000	550.000	175.70714	0.0	0.0	90.0	1.0000000
5	18649.1719	366.175	169.50002	0.0	0.0	90.0	1.0000000
5	18649.5938	769.007	169.50002	0.0	0.0	90.0	1.0000000
1	18650.0000	3050.000	169.50002	0.0	0.0	90.0	1.0000000
1	18650.0000	2750.000	169.50000	0.0	0.0	90.0	1.0000000
1	18650.0000	2450.000	169.50003	0.0	0.0	90.0	1.0000000
1	18650.0000	2150.000	169.49998	0.0	0.0	90.0	1.0000000
1	18649.7832	1850.501	168.57112	0.0	0.0	90.0	1.0000000
22	18950.0000	4450.000	169.50002	-5.0	0.0	330.0	1.0000000
21	18850.0000	4250.000	169.50000	-5.0	0.0	330.0	1.0000000
21	18750.0000	4250.000	169.50003	-5.0	0.0	420.0	1.0000000
22	18850.0000	4500.000	169.49997	-5.0	0.0	210.0	1.0000000
22	18850.0000	4550.000	169.50003	-5.0	0.0	450.0	1.0000000
22	18850.0000	4600.000	169.49998	-5.0	0.0	540.0	1.0000000
1	18650.0000	4550.000	169.50000	0.0	0.0	90.0	1.0000000
1	18650.0000	4250.000	169.50003	0.0	0.0	90.0	1.0000000
1	18650.0000	3950.000	169.50003	0.0	0.0	90.0	1.0000000
1	18650.0000	3650.000	169.49997	0.0	0.0	90.0	1.0000000
1	18650.0000	3350.000	169.50002	0.0	0.0	90.0	1.0000000
9	18800.0000	5450.000	169.49997	-5.0	0.0	0.0	1.0000000
9	19000.0000	5450.000	169.49997	-5.0	0.0	0.0	1.0000000
1	18650.0000	5150.000	169.49997	0.0	0.0	90.0	1.0000000
1	18650.0000	4850.000	169.49997	0.0	0.0	90.0	1.0000000
1	18652.7109	5448.273	173.51335	0.0	0.0	90.0	1.0000000
1	18647.7344	5745.810	175.21552	0.0	0.0	90.0	1.0000000
1	18659.3203	6035.315	187.02776	0.0	0.0	90.0	1.0000000
1	18656.3027	6332.422	192.07332	0.0	0.0	90.0	1.0000000
23	18950.0000	6950.000	210.00000	-360.0	0.0	1800.0	1.0000000
23	18850.0000	6950.000	209.99997	-360.0	0.0	1800.0	1.0000000
23	18750.0000	6950.000	225.44063	-360.0	0.0	1800.0	1.0000000
8	18800.0000	6950.000	219.60014	360.0	0.0	3600.0	1.0000000
23	19050.0000	6950.000	209.99998	-360.0	0.0	1800.0	1.0000000
23	18650.0000	6950.000	211.53412	360.0	0.0	3870.0	1.0000000
23	18650.0000	7150.000	199.65987	360.0	0.0	3870.0	1.0000000
23	18650.0000	7350.000	198.36853	360.0	0.0	3870.0	1.0000000
23	18650.0000	7250.000	196.42326	360.0	0.0	3870.0	1.0000000
23	18650.0000	7050.000	201.91158	360.0	0.0	3870.0	1.0000000
23	18650.0000	7450.000	206.10164	360.0	0.0	3870.0	1.0000000
23	18650.0000	7550.000	196.03159	360.0	0.0	3870.0	1.0000000
23	18650.0000	7650.000	205.02036	360.0	0.0	3870.0	1.0000000
23	18650.0000	7750.000	212.93593	360.0	0.0	3870.0	1.0000000
23	18650.0000	7850.000	208.54912	360.0	0.0	3870.0	1.0000000
23	18650.0000	7950.000	215.84164	360.0	0.0	3870.0	1.0000000
8	18650.0000	7900.000	212.13469	360.0	0.0	3870.0	1.0000000
8	18650.0000	7700.000	210.75703	360.0	0.0	3870.0	1.0000000
8	18650.0000	7500.000	199.25320	360.0	0.0	3870.0	1.0000000
8	18650.0000	7300.000	200.71959	360.0	0.0	3870.0	1.0000000
8	18650.0000	7100.000	208.95680	360.0	0.0	3870.0	1.0000000
8	18650.0000	7000.000	202.88365	360.0	0.0	3870.0	1.0000000
8	18700.0000	6950.000	226.79366	360.0	0.0	3780.0	1.0000000
5	18659.1934	6836.931	185.19556	360.0	0.0	3870.0	1.0000000
1	18648.4570	6616.513	205.37962	-5.0	0.0	-90.0	1.0000000
7	19000.0000	6900.000	209.99998	0.0	0.0	540.0	1.0000000
8	19050.0000	6750.000	210.00000	360.0	0.0	3690.0	1.0000000
23	19050.0000	6700.000	209.99997	360.0	0.0	3870.0	1.0000000
27	19192.3984	6809.970	208.60693	365.0	0.0	5400.0	1.4999995
26	19184.0059	6718.108	563.60663	365.0	0.0	5400.0	0.6400003
1	18950.0000	9250.000	169.50002	0.0	0.0	-180.0	1.0000000
9	18800.0000	8450.000	169.49997	-5.0	0.0	-180.0	1.0000000
9	19000.0000	8450.000	169.49997	-5.0	0.0	-180.0	1.0000000
23	19150.0000	8450.000	190.71568	0.0	0.0	0.0	1.0000000
1	18650.0000	9350.000	169.50002	0.0	0.0	-90.0	1.0000000
5	18750.0000	9250.000	169.49998	0.0	0.0	90.0	1.0000000
1	18650.0000	9050.000	174.66638	0.0	0.0	90.0	1.0000000
1	18648.0820	8753.766	179.49997	0.0	0.0	90.0	1.0000000
8	19150.0000	8450.000	186.75877	-5.0	0.0	-180.0	1.0000000
33	19193.4336	8036.120	319.88049	-565.0	0.0	930.0	1.0000000
5	19150.0000	9250.000	178.20638	360.0	0.0	5670.0	1.0000000
23	18650.0000	8050.000	198.44878	360.0	0.0	3870.0	1.0000000
23	18650.0000	8150.000	194.27348	360.0	0.0	3870.0	1.0000000
23	18650.0000	8250.000	204.70621	360.0	0.0	3870.0	1.0000000
23	18650.0000	8350.000	206.56685	360.0	0.0	3870.0	1.0000000
23	18650.0000	8450.000	179.40741	360.0	0.0	3870.0	1.0000000
23	18650.0000	8550.000	171.10165	360.0	0.0	3870.0	1.0000000
8	18650.0000	8500.000	174.42622	360.0	0.0	3870.0	1.0000000
8	18650.0000	8300.000	206.52734	360.0	0.0	3870.0	1.0000000
8	18650.0000	8100.000	201.11029	360.0	0.0	4050.0	1.0000000
5	18650.0000	8650.000	169.50002	0.0	0.0	270.0	1.0000000
27	19183.1445	9236.898	306.36542	360.0	0.0	4050.0	1.0000000
11	19086.8613	8155.368	349.91983	620.0	0.0	3960.0	1.0000000
22	18950.0000	10050.000	169.49998	-10.0	0.0	480.0	1.0000000
22	18650.0000	11150.000	169.61366	-10.0	0.0	480.0	1.0000000
22	18850.0000	11050.000	169.50002	-10.0	0.0	480.0	1.0000000
22	18950.0000	11150.000	185.13828	-10.0	0.0	480.0	1.0000000
22	18750.0000	10150.000	169.49998	-10.0	0.0	480.0	1.0000000
22	18850.0000	10150.000	169.50003	-10.0	0.0	480.0	1.0000000
21	18750.0000	11050.000	190.79208	-10.0	0.0	480.0	1.0000000
21	18850.0000	10250.000	169.50000	-10.0	0.0	480.0	1.0000000
22	18824.3340	10186.989	169.49995	-10.0	0.0	570.0	1.0000000
22	18913.2891	10178.247	169.49997	-10.0	0.0	480.0	1.0000000
21	18775.6973	11061.305	186.05219	-10.0	0.0	480.0	1.0000000
22	18850.2266	11144.114	183.63347	-10.0	0.0	480.0	1.0000000
5	18650.0000	11150.000	171.76294	0.0	0.0	90.0	1.0000000
1	18650.0000	10950.000	169.50000	0.0	0.0	90.0	1.0000000
1	18650.0000	10650.000	169.50000	0.0	0.0	90.0	1.0000000
1	18650.0000	10350.000	169.50003	0.0	0.0	90.0	1.0000000
5	18650.0000	10150.000	169.49998	0.0	0.0	90.0	1.0000000
1	18650.0000	9950.000	169.49998	0.0	0.0	90.0	1.0000000
1	18650.0000	9650.000	169.49998	0.0	0.0	90.0	1.0000000
21	18750.0000	9850.000	169.50003	-10.0	0.0	570.0	1.0000000
21	18800.0000	9950.000	169.50000	-10.0	0.0	570.0	1.0000000
5	18650.0000	12450.000	169.50000	0.0	0.0	90.0	1.0000000
14	19050.0000	12050.000	169.50003	0.0	0.0	0.0	1.0000000
13	19050.0000	12250.000	169.50000	0.0	0.0	0.0	1.0000000
15	19150.0000	12450.000	169.49998	0.0	0.0	0.0	1.0000000
12	19100.0000	12050.000	169.50002	5.0	0.0	-270.0	1.0000000
16	19050.0000	11950.000	169.49997	0.0	0.0	30.0	1.0000000
11	19100.0000	11750.000	169.50000	-5.0	0.0	270.0	1.0000000
1	18650.0000	11650.000	169.50005	0.0	0.0	90.0	1.0000000
1	18650.0000	11350.000	169.50002	0.0	0.0	90.0	1.0000000
1	18650.5723	11946.103	172.42497	0.0	0.0	90.0	1.0000000
1	18648.2578	12243.711	169.50002	0.0	0.0	90.0	1.0000000
29	18729.6445	12401.181	140.98975	370.0	0.0	1590.0	1.0000000
27	18075.7871	12439.600	90.83482	335.0	0.0	4860.0	1.0000000
27	18042.1719	12325.487	-21.28699	335.0	0.0	5220.0	0.6800003
27	18651.0566	12582.058	294.38019	650.0	0.0	4140.0	1.0000000
27	18664.0391	12556.802	353.10699	665.0	0.0	4140.0	0.4600005
27	17750.0000	12350.000	-0.00003	360.0	0.0	5730.0	1.0000000
24	18241.5117	12181.315	-0.07240	0.0	0.0	90.0	1.0000000
33	18266.3516	12216.341	64.29625	115.0	0.0	690.0	1.0000000
1	18850.0000	13950.000	169.49998	0.0	0.0	0.0	1.0000000
18	19150.0000	13950.000	169.50003	0.0	0.0	360.0	1.0000000
24	18036.6504	13417.141	-60.00004	0.0	0.0	0.0	1.0000000
5	18650.0000	13950.000	177.27908	0.0	0.0	0.0	1.0000000
1	18650.0000	13450.000	169.49997	0.0	0.0	90.0	1.0000000
1	18650.0000	13250.000	169.49998	0.0	0.0	90.0	1.0000000
1	18648.3477	13751.254	164.67601	0.0	0.0	90.0	1.0000000
27	17816.0977	12911.417	354.97299	-205.0	0.0	120.0	1.0799999
5	18653.8145	13066.966	169.49997	0.0	0.0	0.0	1.0000000
27	18118.1875	12902.813	166.15170	0.0	0.0	0.0	1.0000000
29	18033.9707	12945.646	223.00342	455.0	0.0	1320.0	1.0000000
29	18728.8281	13107.113	160.98978	370.0	0.0	1410.0	1.0000000
27	18029.5430	13196.767	-1.28700	360.0	0.0	4650.0	1.0000000
27	18128.1191	13356.124	-86.28701	360.0	0.0	4620.0	1.0000000
27	18303.7188	13434.828	-166.28699	360.0	0.0	4590.0	1.0000000
27	18661.4629	12928.408	301.36658	650.0	0.0	3960.0	1.0000000
27	18678.5098	12885.148	394.99091	665.0	0.0	3960.0	0.5600004
33	18089.1211	13354.479	64.31826	115.0	0.0	570.0	1.0000000
1	18900.0000	16250.000	112.10565	0.0	0.0	0.0	1.0000000
1	18600.0000	16250.000	113.65371	0.0	0.0	0.0	1.0000000
1	18300.0000	16250.000	113.87444	0.0	0.0	0.0	1.0000000
1	18000.0000	16250.000	113.79558	0.0	0.0	0.0	1.0000000
1	17700.0000	16250.000	115.14305	0.0	0.0	0.0	1.0000000
3	19050.0000	16850.000	169.50002	0.0	0.0	0.0	1.0000000
3	18650.0000	16850.000	169.49997	0.0	0.0	0.0	1.0000000
3	18250.0000	16850.000	169.50000	0.0	0.0	0.0	1.0000000
3	18150.0000	17450.000	169.49998	0.0	0.0	90.0	1.0000000
3	18150.0000	17050.000	169.50002	0.0	0.0	90.0	1.0000000
4	18150.0000	17250.000	169.50003	0.0	0.0	90.0	1.0000000
4	17650.0000	17250.000	169.50000	0.0	0.0	90.0	1.0000000
3	17650.0000	17050.000	169.50003	0.0	0.0	90.0	1.0000000
3	17650.0000	17450.000	169.49997	0.0	0.0	90.0	1.0000000
4	18450.0000	16850.000	169.50003	0.0	0.0	90.0	1.0000000
4	18850.0000	16850.000	169.50000	0.0	0.0	90.0	1.0000000
4	18850.0000	17250.000	169.50005	0.0	0.0	90.0	1.0000000
8	18850.0000	17350.000	169.49995	0.0	0.0	90.0	1.0000000
8	18950.0000	17250.000	169.50002	0.0	0.0	0.0	1.0000000
3	18150.0000	19050.000	169.50003	0.0	0.0	90.0	1.0000000
3	18150.0000	18650.000	169.50000	0.0	0.0	90.0	1.0000000
3	18150.0000	18250.000	169.50000	0.0	0.0	90.0	1.0000000
3	18150.0000	17850.000	169.49998	0.0	0.0	90.0	1.0000000
4	18150.0000	17650.000	169.50003	0.0	0.0	90.0	1.0000000
4	18150.0000	18050.000	169.50003	0.0	0.0	90.0	1.0000000
4	18150.0000	18450.000	169.50002	0.0	0.0	90.0	1.0000000
4	18150.0000	18850.000	169.50002	0.0	0.0	90.0	1.0000000
4	17650.0000	17650.000	169.50002	0.0	0.0	90.0	1.0000000
3	17650.0000	17850.000	169.49998	0.0	0.0	90.0	1.0000000
3	17650.0000	18250.000	169.50002	0.0	0.0	90.0	1.0000000
4	17650.0000	18050.000	169.49997	0.0	0.0	90.0	1.0000000
4	17650.0000	18450.000	169.50002	0.0	0.0	90.0	1.0000000
4	18850.0000	18850.000	169.50003	0.0	0.0	90.0	1.0000000
4	18850.0000	18050.000	169.49998	0.0	0.0	0.0	1.0000000
8	18850.0000	18750.000	169.50002	0.0	0.0	90.0	1.0000000
8	18850.0000	17950.000	169.50000	0.0	0.0	90.0	1.0000000
8	18850.0000	18150.000	169.50003	0.0	0.0	90.0	1.0000000
8	18950.0000	18850.000	169.49997	0.0	0.0	0.0	1.0000000
3	17950.0000	19250.000	169.49997	0.0	0.0	0.0	1.0000000
4	18150.0000	19250.000	169.50000	0.0	0.0	90.0	1.0000000
4	17750.0000	19250.000	169.50003	0.0	0.0	90.0	1.0000000
4	18850.0000	19650.000	169.49998	0.0	0.0	90.0	1.0000000
4	18450.0000	19650.000	169.49998	0.0	0.0	90.0	1.0000000
3	18650.0000	19650.000	169.49998	0.0	0.0	0.0	1.0000000
3	19050.0000	19650.000	169.50000	0.0	0.0	0.0	1.0000000
3	17750.0000	19850.000	169.49998	0.0	0.0	0.0	1.0000000
4	17950.0000	19850.000	169.50005	0.0	0.0	0.0	1.0000000
5	18950.0000	20350.000	169.49998	0.0	0.0	450.0	1.0000000
5	18150.0000	20350.000	169.49998	0.0	0.0	450.0	1.0000000
3	18950.0000	22250.000	169.50002	0.0	0.0	90.0	1.0000000
4	18950.0000	22050.000	169.49997	0.0	0.0	90.0	1.0000000
9	18150.0000	21900.000	141.85834	0.0	0.0	90.0	1.0000000
9	18150.0000	21700.000	142.10487	0.0	0.0	90.0	1.0000000
9	18300.0000	21550.000	137.01448	0.0	0.0	180.0	1.0000000
9	18500.0000	21550.000	138.45119	0.0	0.0	180.0	1.0000000
5	17650.0000	22250.000	149.98120	0.0	0.0	450.0	1.0000000
5	18150.0000	22250.000	143.26799	0.0	0.0	450.0	1.0000000
5	18150.0000	21550.000	150.86000	0.0	0.0	450.0	1.0000000
5	18650.0000	21550.000	169.50000	0.0	0.0	450.0	1.0000000
5	18650.0000	22250.000	157.45129	0.0	0.0	450.0	1.0000000
5	18950.0000	21050.000	169.50000	0.0	0.0	450.0	1.0000000
5	18150.0000	21050.000	169.50002	0.0	0.0	450.0	1.0000000
9	18652.1211	22300.256	128.49960	0.0	0.0	270.0	1.0000000
9	17991.2148	22238.588	146.49055	0.0	0.0	180.0	1.0000000
9	17796.6543	22241.268	147.29149	0.0	0.0	180.0	1.0000000
9	18651.3457	22103.033	135.12634	0.0	0.0	270.0	1.0000000
9	18651.0684	21897.887	139.62247	0.0	0.0	270.0	1.0000000
22	17750.0000	22150.000	201.79675	20.0	0.0	840.0	1.0000000
22	17750.0000	22150.000	180.94943	20.0	0.0	840.0	1.0000000
22	17650.0000	22150.000	179.82350	20.0	0.0	840.0	1.0000000
22	18150.0000	22150.000	161.82967	20.0	0.0	840.0	1.0000000
22	18227.3320	21458.076	172.04956	20.0	0.0	930.0	1.0000000
22	18139.1094	21450.699	168.86662	20.0	0.0	930.0	1.0000000
9	18136.9180	22088.701	148.65047	0.0	0.0	90.0	1.0000000
22	18090.0117	22162.334	193.43214	20.0	0.0	930.0	1.0000000
22	18950.0000	21950.000	185.77505	20.0	0.0	930.0	1.0000000
22	18650.0000	21750.000	165.63596	20.0	0.0	930.0	1.0000000
39	18227.0059	22065.262	136.16875	152.6	-229.8	150.0	1.0000000
39	17928.7070	21990.486	169.49997	-512.7	-405.2	150.0	1.0000000
39	17940.6758	22130.576	176.37979	0.0	0.0	240.0	1.0000000
39	17883.7031	21903.559	169.50000	-217.3	122.7	360.0	1.0000000
39	17771.7969	21980.174	169.49997	-588.3	-220.1	300.0	1.0000000
39	17976.0000	21957.451	169.50000	0.0	0.0	210.0	1.0000000
39	17874.6465	22126.053	169.50003	285.1	-21.2	120.0	1.0000000
39	17695.1621	22112.199	169.50000	207.5	197.2	210.0	1.0000000
39	17742.7578	22119.766	169.53592	196.5	-217.2	120.0	1.0000000
39	18234.1016	22032.057	145.35811	356.6	-214.4	300.0	1.0000000
39	18037.1621	21870.176	175.07439	0.0	0.0	180.0	1.0000000
39	18325.5449	21597.248	145.60805	-288.0	457.8	300.0	1.0000000
39	18010.7129	21994.959	172.23155	0.0	0.0	180.0	1.0000000
9	17650.0000	22400.000	138.50015	0.0	0.0	90.0	1.0000000
3	18950.0000	23950.000	169.50003	0.0	0.0	90.0	1.0000000
3	18950.0000	23550.000	169.49998	0.0	0.0	90.0	1.0000000
3	18950.0000	23050.000	169.49997	0.0	0.0	90.0	1.0000000
3	18950.0000	22650.000	169.49997	0.0	0.0	90.0	1.0000000
4	18950.0000	23350.000	169.50003	0.0	0.0	90.0	1.0000000
4	18950.0000	23250.000	169.50002	0.0	0.0	90.0	1.0000000
4	18950.0000	22850.000	169.50003	0.0	0.0	90.0	1.0000000
4	18950.0000	22450.000	169.49995	0.0	0.0	90.0	1.0000000
4	18950.0000	23750.000	169.50005	0.0	0.0	90.0	1.0000000
9	17650.0000	22600.000	139.65955	0.0	0.0	90.0	1.0000000
9	18650.0000	23300.000	154.05640	0.0	0.0	270.0	1.0000000
5	17650.0000	23650.000	161.98984	0.0	0.0	450.0	1.0000000
5	17650.0000	23250.000	152.67520	0.0	0.0	450.0	1.0000000
5	17650.0000	22750.000	141.25658	0.0	0.0	450.0	1.0000000
5	18650.0000	22650.000	153.54567	0.0	0.0	450.0	1.0000000
5	18650.0000	23150.000	153.43578	0.0	0.0	450.0	1.0000000
5	18650.0000	23650.000	152.33098	0.0	0.0	450.0	1.0000000
5	18150.0000	23650.000	157.37059	0.0	0.0	450.0	1.0000000
9	18658.2734	23000.094	130.69785	0.0	0.0	270.0	1.0000000
9	18669.0527	22786.990	143.88658	0.0	0.0	270.0	1.0000000
9	18650.0449	22498.740	128.08591	0.0	0.0	270.0	1.0000000
9	18297.0898	23650.746	127.09303	0.0	0.0	360.0	1.0000000
9	18499.8164	23647.504	128.97620	0.0	0.0	360.0	1.0000000
9	18000.6250	23649.188	148.26273	0.0	0.0	360.0	1.0000000
9	17798.4902	23646.750	152.53763	0.0	0.0	360.0	1.0000000
9	17651.0918	23405.432	136.16382	0.0	0.0	450.0	1.0000000
9	17649.2949	23102.258	131.69714	0.0	0.0	90.0	1.0000000
9	17655.1895	22897.105	137.59685	0.0	0.0	90.0	1.0000000
28	19189.5723	23040.078	162.37498	0.0	0.0	390.0	1.0000000
29	19180.5273	23335.264	162.37495	0.0	0.0	360.0	1.0000000
9	18639.3320	23514.148	138.65492	0.0	0.0	270.0	1.0000000
28	18086.2988	22993.258	96.20919	350.0	0.0	5730.0	1.0000000
1	17750.0000	25150.000	169.49995	0.0	0.0	0.0	1.0000000
1	18050.0000	25150.000	169.50000	0.0	0.0	0.0	1.0000000
1	18350.0000	25150.000	169.50000	0.0	0.0	0.0	1.0000000
1	18650.0000	25150.000	169.50000	0.0	0.0	0.0	1.0000000
1	18950.0000	25150.000	169.49998	0.0	0.0	0.0	1.0000000
3	17950.0000	24150.000	169.50003	0.0	0.0	0.0	1.0000000
3	18350.0000	24150.000	169.50000	0.0	0.0	0.0	1.0000000
3	18750.0000	24150.000	169.49998	0.0	0.0	0.0	1.0000000
4	18950.0000	24150.000	169.49997	0.0	0.0	90.0	1.0000000
4	18550.0000	24150.000	169.49998	0.0	0.0	90.0	1.0000000
4	18150.0000	24150.000	169.50003	0.0	0.0	90.0	1.0000000
4	17750.0000	24150.000	169.49997	0.0	0.0	90.0	1.0000000
5	18950.0000	24550.000	169.50002	0.0	0.0	450.0	1.0000000
5	18150.0000	24550.000	169.50000	0.0	0.0	450.0	1.0000000
1	20650.0000	350.000	169.50003	0.0	0.0	0.0	1.0000000
1	20050.0000	350.000	169.49998	0.0	0.0	0.0	1.0000000
1	19750.0000	350.000	169.50005	0.0	0.0	0.0	1.0000000
1	19450.0000	350.000	169.50003	0.0	0.0	0.0	1.0000000
1	20550.0000	1150.000	169.49998	0.0	0.0	0.0	1.0000000
1	20250.0000	1150.000	169.50002	0.0	0.0	0.0	1.0000000
1	19950.0000	1150.000	169.49998	0.0	0.0	0.0	1.0000000
1	19650.0000	1150.000	169.49997	0.0	0.0	0.0	1.0000000
1	19350.0000	1150.000	169.50000	0.0	0.0	0.0	1.0000000
23	19450.0000	950.000	169.50002	0.0	0.0	90.0	1.0000000
23	19850.0000	950.000	169.50003	0.0	0.0	90.0	1.0000000
23	20250.0000	950.000	169.50002	0.0	0.0	90.0	1.0000000
1	20350.0000	350.000	169.50003	0.0	0.0	0.0	1.0000000
23	20250.0000	550.000	169.50003	0.0	0.0	90.0	1.0000000
23	19850.0000	550.000	169.50000	0.0	0.0	90.0	1.0000000
23	19450.0000	550.000	169.50005	0.0	0.0	90.0	1.0000000
27	19850.8574	1020.648	283.10696	545.0	0.0	4680.0	1.4999995
27	19427.4863	1031.142	303.10693	545.0	0.0	4680.0	1.5199995
27	19437.1445	495.122	303.10693	545.0	0.0	4860.0	1.2399998
27	19847.0566	473.295	303.10699	545.0	0.0	4860.0	1.3199997
27	20257.7266	971.897	303.10693	545.0	0.0	4860.0	1.0000000
27	20252.9023	538.387	303.10690	545.0	0.0	5040.0	1.0000000
1	19850.0000	1850.000	169.49998	0.0	0.0	-180.0	1.0000000
1	20150.0000	1850.000	169.50002	0.0	0.0	-180.0	1.0000000
1	20450.0000	1850.000	169.49997	0.0	0.0	-180.0	1.0000000
1	20750.0000	1850.000	169.49998	0.0	0.0	-180.0	1.0000000
5	19650.0000	1850.000	169.50003	0.0	0.0	-180.0	1.0000000
9	20000.0000	2950.000	169.49998	-5.0	0.0	0.0	1.0000000
9	20200.0000	2950.000	169.50002	-5.0	0.0	0.0	1.0000000
9	20500.0000	2950.000	169.50000	-5.0	0.0	0.0	1.0000000
9	20700.0000	2950.000	169.50003	-5.0	0.0	0.0	1.0000000
8	20350.0000	2950.000	169.50003	-5.0	0.0	0.0	1.0000000
8	19850.0000	2950.000	169.49998	-5.0	0.0	0.0	1.0000000
9	19850.0000	3100.000	169.49997	-5.0	0.0	-90.0	1.0000000
23	20350.0000	2950.000	183.33385	0.0	0.0	0.0	1.0000000
23	19850.0000	2950.000	187.73738	0.0	0.0	0.0	1.0000000
27	19652.4004	1827.557	383.16901	545.0	0.0	5040.0	1.0000000
27	19673.1816	1886.287	298.10690	385.0	0.0	5400.0	1.0000000
9	19850.0000	3300.000	169.49997	-5.0	0.0	-90.0	1.0000000
9	19850.0000	3600.000	169.49998	-5.0	0.0	-90.0	1.0000000
9	19850.0000	3800.000	169.50002	-5.0	0.0	-90.0	1.0000000
9	19850.0000	4100.000	169.50000	-5.0	0.0	-90.0	1.0000000
9	19850.0000	4300.000	169.49998	-5.0	0.0	-90.0	1.0000000
9	19850.0000	4600.000	169.49998	-5.0	0.0	-90.0	1.0000000
8	19850.0000	3450.000	169.50003	-5.0	0.0	-90.0	1.0000000
8	19850.0000	3950.000	169.50002	-5.0	0.0	-90.0	1.0000000
8	19850.0000	4450.000	169.49998	-5.0	0.0	-90.0	1.0000000
4	20650.0000	4450.000	210.00000	0.0	0.0	0.0	1.0000000
4	20650.0000	3950.000	210.00003	0.0	0.0	0.0	1.0000000
4	20650.0000	3450.000	210.00000	0.0	0.0	0.0	1.0000000
23	19850.0000	3450.000	187.24220	0.0	0.0	0.0	1.0000000
23	19850.0000	3950.000	186.44716	0.0	0.0	0.0	1.0000000
23	19850.0000	4450.000	205.91632	0.0	0.0	0.0	1.0000000
25	20250.0000	4550.000	209.99998	0.0	0.0	90.0	1.0000000
25	20250.0000	4650.000	209.99998	0.0	0.0	90.0	1.0000000
25	20250.0000	4750.000	209.99998	0.0	0.0	90.0	1.0000000
9	19200.0000	5450.000	169.49997	-5.0	0.0	0.0	1.0000000
9	19850.0000	4800.000	169.49997	-5.0	0.0	-90.0	1.0000000
9	19700.0000	4950.000	169.49997	-5.0	0.0	0.0	1.0000000
9	19500.0000	4950.000	169.49997	-5.0	0.0	0.0	1.0000000
9	19350.0000	5100.000	169.49997	-5.0	0.0	-90.0	1.0000000
9	19350.0000	5300.000	169.49997	-5.0	0.0	-90.0	1.0000000
8	19850.0000	4950.000	169.50002	-5.0	0.0	-90.0	1.0000000
8	19350.0000	4950.000	169.49998	-5.0	0.0	0.0	1.0000000
8	19350.0000	5450.000	169.50003	-5.0	0.0	0.0	1.0000000
4	20650.0000	4950.000	210.00003	0.0	0.0	0.0	1.0000000
4	20650.0000	5450.000	210.00003	0.0	0.0	0.0	1.0000000
4	20650.0000	5950.000	210.00003	0.0	0.0	0.0	1.0000000
4	20150.0000	5950.000	209.99998	0.0	0.0	0.0	1.0000000
4	20150.0000	5450.000	210.00000	0.0	0.0	0.0	1.0000000
4	19450.0000	5950.000	209.99997	0.0	0.0	0.0	1.0000000
23	19850.0000	4950.000	204.49174	0.0	0.0	0.0	1.0000000
23	19350.0000	4950.000	189.83791	0.0	0.0	0.0	1.0000000
23	19350.0000	5450.000	193.09352	0.0	0.0	0.0	1.0000000
25	19650.0000	6250.000	210.00002	0.0	0.0	90.0	1.0000000
25	19850.0000	6250.000	210.00003	0.0	0.0	90.0	1.0000000
25	19750.0000	6250.000	209.99998	0.0	0.0	90.0	1.0000000
25	19950.0000	6250.000	210.00002	0.0	0.0	90.0	1.0000000
25	19650.0000	5850.000	209.99998	0.0	0.0	90.0	1.0000000
25	19650.0000	5750.000	209.99997	0.0	0.0	90.0	1.0000000
25	19650.0000	5650.000	209.99997	0.0	0.0	90.0	1.0000000
25	20250.0000	4850.000	210.00000	0.0	0.0	90.0	1.0000000
4	20650.0000	6450.000	210.00002	0.0	0.0	0.0	1.0000000
4	20150.0000	6450.000	210.00002	0.0	0.0	0.0	1.0000000
4	19436.5938	7573.906	164.99997	-45.0	0.0	120.0	1.0000000
27	19619.5547	7930.199	162.87874	5.0	0.0	-180.0	1.0000000
26	19565.0000	7534.388	230.65514	-30.0	0.0	330.0	1.0000000
29	19632.3262	7726.038	221.80667	40.0	0.0	330.0	0.8000002
28	19615.5234	7940.332	383.13928	-20.0	0.0	570.0	0.7400002
30	19791.9707	7889.710	290.66962	-5.0	0.0	510.0	0.6800003
30	19942.9551	7981.106	244.91524	-85.0	0.0	510.0	1.0000000
30	19821.4648	7936.708	389.00769	-165.0	0.0	390.0	1.0000000
32	20044.4512	7853.178	248.67244	-395.0	0.0	720.0	1.0000000
32	19471.5508	7732.412	226.03036	-420.0	0.0	690.0	1.0000000
33	19216.5762	7935.174	195.13048	-420.0	0.0	690.0	1.0000000
10	19849.8457	7937.487	218.90334	-375.0	0.0	1440.0	1.0000000
10	19217.6973	7988.994	238.83156	-370.0	0.0	1590.0	1.0000000
11	19657.4902	7391.376	252.63486	-390.0	0.0	1680.0	1.0000000
12	19461.8398	7566.810	203.90239	-370.0	0.0	1530.0	1.0000000
23	20750.0000	6950.000	210.00003	-360.0	0.0	1800.0	1.0000000
23	20550.0000	6950.000	210.00002	-360.0	0.0	1800.0	1.0000000
23	20450.0000	6950.000	210.00002	-360.0	0.0	1800.0	1.0000000
23	20350.0000	6950.000	210.00003	-360.0	0.0	1800.0	1.0000000
23	20250.0000	6950.000	211.24368	-360.0	0.0	1800.0	1.0000000
23	20050.0000	6950.000	211.34842	-360.0	0.0	1800.0	1.0000000
23	19950.0000	6950.000	209.99997	-360.0	0.0	1800.0	1.0000000
23	19850.0000	6950.000	209.99998	-360.0	0.0	1800.0	1.0000000
23	19750.0000	6950.000	209.99998	-360.0	0.0	1800.0	1.0000000
23	19650.0000	6950.000	210.00003	-360.0	0.0	1800.0	1.0000000
23	19550.0000	6950.000	211.69563	-360.0	0.0	1800.0	1.0000000
23	19350.0000	6950.000	213.19171	-360.0	0.0	1800.0	1.0000000
23	19450.0000	6950.000	217.24286	-360.0	0.0	1800.0	1.0000000
23	20150.0000	6950.000	214.18141	-360.0	0.0	1800.0	1.0000000
23	20650.0000	6950.000	210.00003	360.0	0.0	3600.0	1.0000000
8	20600.0000	6950.000	209.99998	360.0	0.0	3600.0	1.0000000
8	20400.0000	6950.000	210.00002	360.0	0.0	3600.0	1.0000000
8	20200.0000	6950.000	217.33023	360.0	0.0	3600.0	1.0000000
8	20000.0000	6950.000	212.04753	360.0	0.0	3600.0	1.0000000
8	19800.0000	6950.000	209.99998	360.0	0.0	3600.0	1.0000000
8	19600.0000	6950.000	210.00003	360.0	0.0	3600.0	1.0000000
8	19350.0000	6750.000	209.99998	360.0	0.0	3690.0	1.0000000
7	19395.1328	6902.642	207.02194	360.0	0.0	3870.0	1.0000000
23	19350.0000	6700.000	209.99997	360.0	0.0	3870.0	1.0000000
1	20150.0000	9250.000	169.49997	0.0	0.0	-180.0	1.0000000
5	20550.0000	9250.000	169.50000	0.0	0.0	-90.0	1.0000000
1	20350.0000	9250.000	169.50003	0.0	0.0	-180.0	1.0000000
9	19300.0000	8450.000	169.49997	-5.0	0.0	-180.0	1.0000000
9	19500.0000	8450.000	169.49997	-5.0	0.0	-180.0	1.0000000
9	19800.0000	8450.000	169.49997	-5.0	0.0	-180.0	1.0000000
9	20000.0000	8450.000	169.49997	-5.0	0.0	-180.0	1.0000000
9	20300.0000	8450.000	169.49997	-5.0	0.0	-180.0	1.0000000
9	20500.0000	8450.000	169.49997	-5.0	0.0	-180.0	1.0000000
8	20150.0000	8450.000	169.50003	-5.0	0.0	-180.0	1.0000000
8	20650.0000	8450.000	169.50002	-5.0	0.0	-180.0	1.0000000
23	20150.0000	8450.000	189.99225	0.0	0.0	0.0	1.0000000
23	20650.0000	8450.000	196.71140	0.0	0.0	0.0	1.0000000
27	20621.4980	9450.721	316.12497	210.0	0.0	3690.0	1.0000000
27	20540.4785	9170.901	280.55426	335.0	0.0	3600.0	1.0000000
27	19620.7656	8085.487	167.84877	25.0	0.0	-180.0	1.1399999
27	19650.6992	8316.408	141.65460	0.0	0.0	-30.0	1.0000000
27	19742.5430	8477.518	131.09705	0.0	0.0	-30.0	0.7400002
29	19837.4062	8628.699	154.73573	0.0	0.0	-30.0	1.0000000
28	19626.9434	8109.793	407.63797	-5.0	0.0	720.0	0.7800002
28	19725.5859	8378.857	310.03339	-5.0	0.0	690.0	0.7600002
4	20121.5977	8134.375	174.99997	-55.0	0.0	180.0	1.0000000
31	20030.6543	8006.600	343.67242	-165.0	0.0	390.0	1.0000000
33	20188.9863	8208.616	298.67242	-670.0	0.0	690.0	1.0000000
33	20032.6445	8234.029	284.78375	-670.0	0.0	750.0	1.0000000
33	19259.4844	8047.274	314.50256	-565.0	0.0	870.0	1.0000000
27	19967.3027	9216.242	305.94495	360.0	0.0	3930.0	1.0000000
5	19946.1348	9256.872	168.21301	360.0	0.0	4590.0	1.0000000
27	19936.9922	9165.228	345.60858	550.0	0.0	4470.0	1.0000000
27	19279.3906	9247.576	361.56165	550.0	0.0	4080.0	1.0000000
26	20652.4043	8420.269	288.96762	410.0	0.0	5400.0	1.0000000
26	20159.2207	8406.110	292.96695	410.0	0.0	5400.0	1.0000000
26	19947.4707	9197.401	543.43427	365.0	0.0	5400.0	0.6600003
26	19222.1621	9221.064	526.16260	365.0	0.0	5400.0	0.5800004
1	20550.0000	11150.000	169.50002	0.0	0.0	-90.0	1.0000000
1	20550.0000	10850.000	169.49998	0.0	0.0	-90.0	1.0000000
1	20550.0000	10550.000	169.50003	0.0	0.0	-90.0	1.0000000
1	20550.0000	10250.000	169.49998	0.0	0.0	-90.0	1.0000000
1	20550.0000	9950.000	169.50003	0.0	0.0	-90.0	1.0000000
22	19550.0000	9950.000	202.01949	-10.0	0.0	480.0	1.0000000
22	20050.0000	9950.000	181.76956	-10.0	0.0	480.0	1.0000000
22	20050.0000	10050.000	186.59520	-10.0	0.0	480.0	1.0000000
22	19523.4023	9848.382	178.30415	-10.0	0.0	600.0	1.0000000
22	19571.1074	9896.088	178.11816	-10.0	0.0	480.0	1.0000000
22	20109.1387	9986.036	174.08028	-10.0	0.0	570.0	1.0000000
5	20550.0000	9750.000	182.21562	360.0	0.0	3690.0	1.0000000
27	20691.3809	9640.596	317.34293	210.0	0.0	3690.0	1.0000000
27	20612.1133	9759.707	282.84406	335.0	0.0	3690.0	1.0000000
1	20750.0000	12250.000	169.50000	0.0	0.0	-180.0	1.0000000
1	20550.0000	12050.000	169.49997	0.0	0.0	-90.0	1.0000000
4	20550.0000	12750.000	169.50002	0.0	0.0	-270.0	1.0000000
4	20550.0000	12350.000	169.50002	0.0	0.0	-270.0	1.0000000
1	19850.0000	11950.000	169.49997	0.0	0.0	180.0	1.0000000
1	20150.0000	11950.000	169.50000	0.0	0.0	180.0	1.0000000
1	20400.0000	11950.000	169.50002	0.0	0.0	180.0	1.0000000
5	20550.0000	12250.000	169.50002	0.0	0.0	-270.0	1.0000000
4	20050.0000	12750.000	169.50003	0.0	0.0	-270.0	1.0000000
1	19550.0000	11950.000	169.50003	0.0	0.0	180.0	1.0000000
27	20743.3965	12094.040	167.37634	335.0	0.0	3720.0	1.0000000
27	20600.3359	11863.413	50.73521	370.0	0.0	4500.0	1.0000000
30	20730.6074	11905.039	181.72537	355.0	0.0	4800.0	1.0000000
30	20500.8086	11911.539	276.79309	295.0	0.0	4500.0	1.0000000
32	20257.9844	11850.895	93.17656	350.0	0.0	5400.0	1.0000000
31	20691.4199	11989.186	218.65584	365.0	0.0	5730.0	1.0000000
31	20247.5508	11764.551	246.72531	300.0	0.0	5640.0	1.0000000
31	20279.6797	11846.013	237.07817	305.0	0.0	5610.0	1.0000000
21	20750.0000	11450.000	169.50005	355.0	0.0	5610.0	1.0000000
21	20700.0000	11550.000	169.50000	355.0	0.0	5760.0	1.0000000
29	20574.8398	11686.733	165.11295	355.0	0.0	4830.0	1.0000000
14	20779.3340	12475.053	134.49998	360.0	0.0	4740.0	1.0000000
14	20379.1953	11740.821	115.49751	340.0	0.0	4740.0	1.0000000
5	20550.0000	11350.000	181.26044	360.0	0.0	5490.0	1.0000000
5	20554.9551	11932.449	201.45842	360.0	0.0	5430.0	1.0000000
26	20591.2090	11461.315	145.31914	350.0	0.0	4710.0	1.2399998
27	19485.7441	11955.755	281.74210	720.0	0.0	4410.0	0.8000002
1	20650.0000	13950.000	169.50003	0.0	0.0	0.0	1.0000000
1	20350.0000	13950.000	169.50000	0.0	0.0	0.0	1.0000000
1	20050.0000	13950.000	169.50002	0.0	0.0	0.0	1.0000000
1	19750.0000	13950.000	169.50000	0.0	0.0	0.0	1.0000000
1	19450.0000	13950.000	169.50000	0.0	0.0	0.0	1.0000000
1	20750.0000	13150.000	169.50000	0.0	0.0	0.0	1.0000000
5	19950.0000	13850.000	169.50002	0.0	0.0	0.0	1.0000000
5	19350.0000	13850.000	169.49997	0.0	0.0	90.0	1.0000000
4	20550.0000	13150.000	169.50000	0.0	0.0	-270.0	1.0000000
1	19200.0000	16250.000	111.96993	0.0	0.0	0.0	1.0000000
1	20700.0000	16250.000	115.50732	0.0	0.0	0.0	1.0000000
1	20400.0000	16250.000	112.79151	0.0	0.0	0.0	1.0000000
1	20100.0000	16250.000	111.88605	0.0	0.0	0.0	1.0000000
1	19800.0000	16250.000	109.95234	0.0	0.0	0.0	1.0000000
1	19500.0000	16250.000	111.16083	0.0	0.0	0.0	1.0000000
3	20450.0000	17050.000	169.50000	0.0	0.0	90.0	1.0000000
3	20450.0000	17450.000	169.49997	0.0	0.0	90.0	1.0000000
3	20250.0000	16850.000	169.50002	0.0	0.0	0.0	1.0000000
3	19450.0000	16850.000	169.50003	0.0	0.0	0.0	1.0000000
4	19250.0000	16850.000	169.49998	0.0	0.0	90.0	1.0000000
4	19650.0000	16850.000	169.49997	0.0	0.0	90.0	1.0000000
4	20050.0000	16850.000	169.49998	0.0	0.0	90.0	1.0000000
4	20450.0000	16850.000	169.49998	0.0	0.0	90.0	1.0000000
4	20450.0000	17250.000	169.50002	0.0	0.0	90.0	1.0000000
4	20050.0000	17250.000	169.49998	0.0	0.0	0.0	1.0000000
8	19950.0000	17250.000	169.49997	0.0	0.0	0.0	1.0000000
8	20050.0000	17350.000	169.50000	0.0	0.0	90.0	1.0000000
39	20729.7852	17078.359	169.49995	553.2	-606.4	-1770.0	1.0000000
39	20657.1777	17044.406	169.49995	0.0	0.0	-1740.0	1.0000000
39	20625.6270	17103.973	169.49994	-174.8	-431.6	-1830.0	1.0000000
39	20789.7109	17219.174	169.49997	1470.0	-187.0	-1740.0	1.0000000
3	20450.0000	17850.000	169.50002	0.0	0.0	90.0	1.0000000
3	20450.0000	18650.000	169.50002	0.0	0.0	90.0	1.0000000
3	20450.0000	19050.000	169.50000	0.0	0.0	90.0	1.0000000
4	20450.0000	17650.000	169.50000	0.0	0.0	90.0	1.0000000
4	20450.0000	18050.000	169.49998	0.0	0.0	90.0	1.0000000
4	20450.0000	18450.000	169.50005	0.0	0.0	90.0	1.0000000
4	20450.0000	18850.000	169.50002	0.0	0.0	90.0	1.0000000
4	20050.0000	18050.000	169.50003	0.0	0.0	0.0	1.0000000
8	19950.0000	18850.000	169.49997	0.0	0.0	0.0	1.0000000
4	19250.0000	18850.000	169.50003	0.0	0.0	0.0	1.0000000
4	19650.0000	18850.000	169.50003	0.0	0.0	0.0	1.0000000
4	20050.0000	18850.000	169.50003	0.0	0.0	0.0	1.0000000
8	20050.0000	18750.000	169.50003	0.0	0.0	90.0	1.0000000
8	20050.0000	18150.000	169.50003	0.0	0.0	90.0	1.0000000
8	20050.0000	17950.000	169.49997	0.0	0.0	90.0	1.0000000
4	19450.0000	18050.000	169.49998	0.0	0.0	0.0	1.0000000
22	20050.0000	18550.000	169.50000	20.0	0.0	930.0	1.0000000
22	19950.0000	18650.000	184.13623	20.0	0.0	930.0	1.0000000
22	20031.5762	18651.535	182.09183	20.0	0.0	1050.0	1.0000000
22	20009.3105	18598.777	169.49998	20.0	0.0	990.0	1.0000000
22	20098.8457	18650.990	184.03204	20.0	0.0	930.0	1.0000000
3	20450.0000	19450.000	169.49997	0.0	0.0	90.0	1.0000000
4	20450.0000	19250.000	169.50002	0.0	0.0	90.0	1.0000000
4	20450.0000	19650.000	169.49998	0.0	0.0	90.0	1.0000000
4	20050.0000	19650.000	169.50002	0.0	0.0	90.0	1.0000000
4	19650.0000	19650.000	169.49997	0.0	0.0	90.0	1.0000000
4	19250.0000	19650.000	169.50002	0.0	0.0	90.0	1.0000000
3	19450.0000	19650.000	169.50003	0.0	0.0	0.0	1.0000000
3	19850.0000	19650.000	169.50000	0.0	0.0	0.0	1.0000000
3	20250.0000	19650.000	169.50003	0.0	0.0	0.0	1.0000000
5	19550.0000	20350.000	169.50003	0.0	0.0	450.0	1.0000000
5	20050.0000	20350.000	169.50002	0.0	0.0	450.0	1.0000000
30	20179.2949	20297.760	143.77480	350.0	0.0	5490.0	1.0000000
31	20170.1973	20368.145	74.05180	360.0	0.0	5730.0	1.0000000
3	19550.0000	22250.000	169.50005	0.0	0.0	90.0	1.0000000
4	19550.0000	22050.000	169.50000	0.0	0.0	90.0	1.0000000
9	20650.0000	21800.000	169.50002	0.0	0.0	-90.0	1.0000000
9	20650.0000	21600.000	169.50002	0.0	0.0	-90.0	1.0000000
9	20650.0000	21300.000	169.49997	0.0	0.0	-90.0	1.0000000
9	20650.0000	21100.000	169.50003	0.0	0.0	-90.0	1.0000000
5	20650.0000	20950.000	169.50002	0.0	0.0	0.0	1.0000000
5	20650.0000	21450.000	169.49997	0.0	0.0	0.0	1.0000000
5	20050.0000	21450.000	169.49997	0.0	0.0	450.0	1.0000000
5	20050.0000	20950.000	169.50000	0.0	0.0	450.0	1.0000000
5	19550.0000	21050.000	169.49997	0.0	0.0	450.0	1.0000000
5	20050.0000	21950.000	169.50000	0.0	0.0	450.0	1.0000000
5	20650.0000	21950.000	169.49998	0.0	0.0	90.0	1.0000000
29	19226.7363	22399.812	162.37495	0.0	0.0	510.0	1.0000000
26	19250.4199	22156.934	162.37502	0.0	0.0	360.0	1.0000000
3	19750.0000	23250.000	169.50000	0.0	0.0	0.0	1.0000000
4	20750.0000	23250.000	169.50000	0.0	0.0	90.0	1.0000000
4	19950.0000	23250.000	169.50000	0.0	0.0	90.0	1.0000000
3	19550.0000	22650.000	169.50003	0.0	0.0	90.0	1.0000000
3	19550.0000	23050.000	169.49997	0.0	0.0	90.0	1.0000000
4	19550.0000	23250.000	169.50003	0.0	0.0	90.0	1.0000000
4	19550.0000	22450.000	169.50000	0.0	0.0	90.0	1.0000000
4	19550.0000	22850.000	169.49997	0.0	0.0	90.0	1.0000000
5	20650.0000	22550.000	169.49998	0.0	0.0	450.0	1.0000000
5	20050.0000	22550.000	169.49998	0.0	0.0	450.0	1.0000000
5	20650.0000	23950.000	169.50003	0.0	0.0	360.0	1.0000000
5	20050.0000	23249.777	173.62500	0.0	0.0	360.0	1.0000000
5	20651.0449	23256.418	162.37500	0.0	0.0	360.0	1.0000000
27	19255.8730	22705.604	162.37498	0.0	0.0	360.0	1.0000000
27	19251.7871	22548.961	162.37497	0.0	0.0	540.0	1.0000000
29	19620.5605	23952.316	128.05490	-25.0	0.0	540.0	1.0000000
26	19502.4805	23817.658	169.86482	-25.0	0.0	330.0	1.0000000
31	19829.9570	23909.850	77.50665	-15.0	0.0	300.0	1.0000000
32	19917.0000	23765.312	132.00002	-45.0	0.0	390.0	1.0000000
1	19250.0000	25150.000	169.50003	0.0	0.0	0.0	1.0000000
1	19550.0000	25150.000	169.50000	0.0	0.0	0.0	1.0000000
1	19850.0000	25150.000	169.50003	0.0	0.0	0.0	1.0000000
1	20150.0000	25150.000	169.50003	0.0	0.0	0.0	1.0000000
3	20550.0000	24050.000	169.50003	0.0	0.0	0.0	1.0000000
4	20350.0000	24050.000	169.50003	0.0	0.0	90.0	1.0000000
4	20750.0000	24050.000	169.49998	0.0	0.0	90.0	1.0000000
4	20013.1426	24046.875	85.76562	-35.0	0.0	120.0	1.0000000
27	19823.5859	24093.264	163.87497	-35.0	0.0	120.0	1.0000000
27	19790.9941	24131.320	138.87494	5.0	0.0	300.0	1.0000000
27	19960.8125	24230.490	118.87497	5.0	0.0	300.0	0.7800002
27	20110.8691	24325.062	118.87498	5.0	0.0	330.0	0.6400003
27	20210.3398	24466.586	85.19676	10.0	0.0	330.0	0.6000004
29	19760.4102	24063.879	349.69623	-20.0	0.0	840.0	1.0000000
29	19843.9824	24161.650	344.69617	-15.0	0.0	630.0	1.0000000
28	20182.1016	24332.727	279.69623	-15.0	0.0	720.0	0.4400004
28	20041.7812	24274.809	279.69620	-5.0	0.0	690.0	0.5200005
5	20243.1348	24580.902	66.94769	-45.0	0.0	480.0	1.0000000
5	19583.9492	24557.248	86.92433	-25.0	0.0	450.0	1.0000000
3	20212.0254	24160.797	99.76216	-55.0	0.0	150.0	1.0000000
28	20243.9629	24659.051	98.44286	-15.0	0.0	360.0	1.0000000
31	20149.7930	24161.682	84.94443	-15.0	0.0	300.0	1.0000000
31	20071.2617	24198.775	74.40044	-15.0	0.0	330.0	1.0000000
31	20248.9102	24282.191	101.21808	-5.0	0.0	390.0	1.0000000
5	20359.5547	25157.598	157.27086	-15.0	0.0	480.0	1.0000000
13	20231.9844	25072.686	217.46231	-50.0	0.0	600.0	1.0000000
13	20699.2188	25099.680	162.99153	-50.0	0.0	480.0	1.0000000
13	20551.7109	25115.967	97.80548	-50.0	0.0	450.0	1.0000000
1	22150.0000	350.000	169.49998	0.0	0.0	0.0	1.0000000
1	21850.0000	350.000	169.49998	0.0	0.0	0.0	1.0000000
1	21550.0000	350.000	169.50003	0.0	0.0	0.0	1.0000000
1	21250.0000	350.000	169.49997	0.0	0.0	0.0	1.0000000
1	20950.0000	350.000	169.49997	0.0	0.0	0.0	1.0000000
1	22350.0000	1150.000	169.50002	0.0	0.0	0.0	1.0000000
1	22050.0000	1150.000	169.50003	0.0	0.0	0.0	1.0000000
1	21750.0000	1150.000	169.49997	0.0	0.0	0.0	1.0000000
1	21450.0000	1150.000	169.50003	0.0	0.0	0.0	1.0000000
1	21150.0000	1150.000	169.50005	0.0	0.0	0.0	1.0000000
1	20850.0000	1150.000	169.50000	0.0	0.0	0.0	1.0000000
1	21050.0000	1850.000	169.49998	0.0	0.0	-180.0	1.0000000
1	21350.0000	1850.000	169.50003	0.0	0.0	-180.0	1.0000000
1	21650.0000	1850.000	169.49998	0.0	0.0	-180.0	1.0000000
1	21950.0000	1850.000	169.50003	0.0	0.0	-180.0	1.0000000
1	22250.0000	1850.000	169.49995	0.0	0.0	-180.0	1.0000000
1	21550.0000	3150.000	169.50000	0.0	0.0	-90.0	1.0000000
1	21950.0000	2750.000	169.50002	0.0	0.0	-180.0	1.0000000
1	22250.0000	2750.000	169.50003	0.0	0.0	-180.0	1.0000000
1	22350.0000	3150.000	169.50003	0.0	0.0	-90.0	1.0000000
1	22350.0000	2900.000	169.49997	0.0	0.0	-90.0	1.0000000
5	22350.0000	2750.000	169.49998	0.0	0.0	-90.0	1.0000000
1	21550.0000	2900.000	169.50002	0.0	0.0	-90.0	1.0000000
5	21550.0000	2750.000	169.50005	0.0	0.0	-180.0	1.0000000
1	21750.0000	2750.000	169.49997	0.0	0.0	-180.0	1.0000000
8	20850.0000	2950.000	169.49997	-5.0	0.0	0.0	1.0000000
9	21000.0000	2950.000	169.50002	-5.0	0.0	0.0	1.0000000
9	21200.0000	2950.000	169.50000	-5.0	0.0	0.0	1.0000000
8	21350.0000	2950.000	169.50000	-5.0	0.0	0.0	1.0000000
8	21450.0000	2950.000	169.50002	-5.0	0.0	-180.0	1.0000000
23	20850.0000	2950.000	181.28938	0.0	0.0	0.0	1.0000000
1	21550.0000	4650.000	169.50000	0.0	0.0	-90.0	1.0000000
1	21550.0000	4350.000	169.49997	0.0	0.0	-90.0	1.0000000
1	21550.0000	4050.000	169.50005	0.0	0.0	-90.0	1.0000000
1	21550.0000	3750.000	169.50000	0.0	0.0	-90.0	1.0000000
1	21550.0000	3450.000	169.49998	0.0	0.0	-90.0	1.0000000
1	22350.0000	3450.000	169.49997	0.0	0.0	-90.0	1.0000000
1	22350.0000	3750.000	169.50000	0.0	0.0	-90.0	1.0000000
1	22350.0000	4050.000	169.50002	0.0	0.0	-90.0	1.0000000
1	22350.0000	4350.000	169.49997	0.0	0.0	-90.0	1.0000000
1	22350.0000	4650.000	169.49998	0.0	0.0	-90.0	1.0000000
4	21250.0000	3450.000	210.00005	0.0	0.0	0.0	1.0000000
4	21250.0000	3950.000	210.00002	0.0	0.0	0.0	1.0000000
4	21250.0000	4450.000	210.00003	0.0	0.0	0.0	1.0000000
1	21550.0000	6150.000	169.50002	0.0	0.0	-90.0	1.0000000
1	21550.0000	5850.000	169.49997	0.0	0.0	-90.0	1.0000000
1	21550.0000	5550.000	169.50002	0.0	0.0	-90.0	1.0000000
1	21550.0000	5250.000	169.50002	0.0	0.0	-90.0	1.0000000
1	21550.0000	4950.000	169.49998	0.0	0.0	-90.0	1.0000000
1	22350.0000	4950.000	169.49998	0.0	0.0	-90.0	1.0000000
1	22350.0000	5250.000	169.49998	0.0	0.0	-90.0	1.0000000
1	22350.0000	5550.000	169.49998	0.0	0.0	-90.0	1.0000000
1	22350.0000	5850.000	169.49998	0.0	0.0	-90.0	1.0000000
1	22350.0000	6150.000	169.50002	0.0	0.0	-90.0	1.0000000
4	21250.0000	4950.000	210.00003	0.0	0.0	0.0	1.0000000
4	21250.0000	5450.000	210.00003	0.0	0.0	0.0	1.0000000
4	21250.0000	5950.000	210.00003	0.0	0.0	0.0	1.0000000
27	21597.8145	6272.929	278.99191	390.0	0.0	5370.0	1.0000000
26	21564.1348	6048.392	402.63177	345.0	0.0	5400.0	1.0000000
8	20800.0000	6950.000	210.00002	360.0	0.0	3780.0	1.0000000
1	22350.0000	6450.000	169.49998	0.0	0.0	-90.0	1.0000000
1	22350.0000	6750.000	169.49997	0.0	0.0	-90.0	1.0000000
1	22350.0000	7050.000	169.50002	0.0	0.0	-90.0	1.0000000
1	22350.0000	7350.000	169.50000	0.0	0.0	-90.0	1.0000000
1	22350.0000	7650.000	169.50002	0.0	0.0	-90.0	1.0000000
1	22350.0000	7950.000	169.50002	0.0	0.0	-90.0	1.0000000
23	20850.0000	6950.000	210.00000	-360.0	0.0	1800.0	1.0000000
23	20950.0000	6950.000	210.00002	-360.0	0.0	1800.0	1.0000000
23	21050.0000	6950.000	210.00000	-360.0	0.0	1800.0	1.0000000
23	21150.0000	6950.000	210.00002	-360.0	0.0	1800.0	1.0000000
23	21350.0000	6950.000	209.99998	-360.0	0.0	1800.0	1.0000000
23	21450.0000	6950.000	209.99998	-360.0	0.0	1800.0	1.0000000
8	21000.0000	6950.000	210.00003	360.0	0.0	3780.0	1.0000000
23	21250.0000	6950.000	209.99995	360.0	0.0	3780.0	1.0000000
8	21200.0000	6950.000	209.99997	360.0	0.0	3780.0	1.0000000
23	21550.0000	7950.000	202.30812	360.0	0.0	3780.0	1.0000000
23	21550.0000	7850.000	202.49518	360.0	0.0	3780.0	1.0000000
23	21550.0000	7750.000	195.39767	360.0	0.0	3780.0	1.0000000
23	21550.0000	7650.000	183.11185	360.0	0.0	3780.0	1.0000000
23	21550.0000	7550.000	187.76738	360.0	0.0	3780.0	1.0000000
23	21550.0000	7450.000	185.21071	360.0	0.0	3780.0	1.0000000
23	21550.0000	7350.000	186.21225	360.0	0.0	3780.0	1.0000000
23	21550.0000	7250.000	185.86418	360.0	0.0	3780.0	1.0000000
23	21550.0000	7150.000	186.39769	360.0	0.0	3780.0	1.0000000
23	21550.0000	7050.000	203.02422	360.0	0.0	3780.0	1.0000000
23	21550.0000	6950.000	202.56003	360.0	0.0	3780.0	1.0000000
8	21550.0000	7200.000	174.30873	360.0	0.0	3870.0	1.0000000
8	21550.0000	7400.000	179.66086	360.0	0.0	3870.0	1.0000000
8	21550.0000	7600.000	178.19493	360.0	0.0	3870.0	1.0000000
8	21550.0000	7800.000	201.23439	360.0	0.0	3870.0	1.0000000
7	21500.0000	7000.000	211.62360	0.0	0.0	450.0	1.0000000
27	21676.1777	6836.007	257.19678	365.0	0.0	6060.0	1.0200000
27	21599.0000	6745.375	299.61151	390.0	0.0	5370.0	1.0000000
9	20800.0000	8450.000	169.49997	-5.0	0.0	-180.0	1.0000000
8	21550.0000	8000.000	198.03790	360.0	0.0	3870.0	1.0000000
1	21550.0000	9450.000	169.49997	0.0	0.0	-90.0	1.0000000
1	21550.0000	9150.000	169.49998	0.0	0.0	-90.0	1.0000000
1	22350.0000	8250.000	169.50002	0.0	0.0	-90.0	1.0000000
1	22350.0000	8550.000	169.50002	0.0	0.0	-90.0	1.0000000
1	22350.0000	8850.000	169.50002	0.0	0.0	-90.0	1.0000000
1	22350.0000	9150.000	169.50003	0.0	0.0	-90.0	1.0000000
1	22350.0000	9450.000	169.50002	0.0	0.0	-90.0	1.0000000
8	21150.0000	8450.000	169.49997	-5.0	0.0	-180.0	1.0000000
9	21000.0000	8450.000	169.49998	-5.0	0.0	-180.0	1.0000000
9	21300.0000	8450.000	169.49997	-5.0	0.0	-180.0	1.0000000
23	21150.0000	8450.000	195.31041	0.0	0.0	0.0	1.0000000
23	21450.0000	8450.000	195.44093	0.0	0.0	0.0	1.0000000
23	21550.0000	8350.000	185.46338	360.0	0.0	3780.0	1.0000000
23	21550.0000	8250.000	181.66655	360.0	0.0	3780.0	1.0000000
23	21550.0000	8150.000	193.11180	360.0	0.0	3780.0	1.0000000
23	21550.0000	8050.000	201.15689	360.0	0.0	3780.0	1.0000000
23	21550.0000	8450.000	177.60735	360.0	0.0	3780.0	1.0000000
8	21550.0000	8200.000	182.10565	360.0	0.0	3870.0	1.0000000
5	21550.0000	8950.000	169.50002	360.0	0.0	3780.0	1.0000000
7	21500.0000	8400.000	205.81430	0.0	0.0	540.0	1.0000000
27	21598.9512	8942.536	278.10690	720.0	0.0	4410.0	1.0000000
27	21736.4316	8992.223	168.10692	365.0	0.0	5370.0	1.0000000
27	21787.7148	9180.658	168.10695	365.0	0.0	5400.0	0.7200003
26	21155.2461	8417.007	287.73935	410.0	0.0	5400.0	1.0000000
1	21550.0000	10950.000	169.50000	0.0	0.0	-90.0	1.0000000
1	21550.0000	10650.000	169.50002	0.0	0.0	-90.0	1.0000000
1	21550.0000	10350.000	169.50002	0.0	0.0	-90.0	1.0000000
1	21550.0000	10050.000	169.50000	0.0	0.0	-90.0	1.0000000
1	21550.0000	9750.000	169.50003	0.0	0.0	-90.0	1.0000000
1	22350.0000	9750.000	169.49998	0.0	0.0	-90.0	1.0000000
1	22350.0000	10050.000	169.50002	0.0	0.0	-90.0	1.0000000
1	22350.0000	10350.000	169.49998	0.0	0.0	-90.0	1.0000000
5	22350.0000	10550.000	169.50003	0.0	0.0	-90.0	1.0000000
9	21800.0000	10550.000	169.50002	0.0	0.0	720.0	1.0000000
9	22000.0000	10550.000	169.50003	0.0	0.0	720.0	1.0000000
10	22150.0000	10550.000	169.49995	0.0	0.0	720.0	1.0000000
4	21646.9141	10550.144	165.11893	0.0	0.0	0.0	1.0000000
4	22243.7891	10549.660	165.25623	0.0	0.0	0.0	1.0000000
21	21750.0000	10550.000	200.80803	0.0	0.0	0.0	1.0000000
21	21850.0000	10650.000	217.49998	0.0	0.0	0.0	1.0000000
21	21750.0000	10650.000	217.18306	0.0	0.0	0.0	1.0000000
21	21650.0000	10750.000	228.29370	0.0	0.0	0.0	1.0000000
21	21650.0000	10850.000	220.02431	0.0	0.0	0.0	1.0000000
22	22150.0000	10450.000	169.50000	0.0	0.0	0.0	1.0000000
22	22150.0000	10550.000	186.30060	0.0	0.0	0.0	1.0000000
22	22150.0000	10500.000	176.98180	0.0	0.0	60.0	1.0000000
22	22150.0000	10350.000	169.50000	0.0	0.0	90.0	1.0000000
21	21700.0000	10450.000	172.98294	0.0	0.0	0.0	1.0000000
21	21650.0000	10950.000	217.50003	0.0	0.0	90.0	1.0000000
21	21650.0000	10700.000	221.25928	0.0	0.0	120.0	1.0000000
1	22250.0000	12250.000	169.50000	0.0	0.0	-180.0	1.0000000
1	21950.0000	12250.000	169.50000	0.0	0.0	-180.0	1.0000000
1	21650.0000	12250.000	169.50003	0.0	0.0	-180.0	1.0000000
1	22250.0000	11350.000	169.50002	0.0	0.0	-180.0	1.0000000
1	21950.0000	11350.000	169.50000	0.0	0.0	-180.0	1.0000000
1	21550.0000	11250.000	169.50000	0.0	0.0	-90.0	1.0000000
4	22350.0000	12750.000	169.50002	0.0	0.0	-270.0	1.0000000
4	22350.0000	12350.000	169.50003	0.0	0.0	-270.0	1.0000000
4	21450.0000	12750.000	169.50002	0.0	0.0	-270.0	1.0000000
4	21450.0000	12350.000	169.50000	0.0	0.0	-270.0	1.0000000
1	21700.0000	11350.000	169.50003	0.0	0.0	-180.0	1.0000000
5	21550.0000	11350.000	169.50003	0.0	0.0	-180.0	1.0000000
27	20805.3691	12120.533	172.84537	370.0	0.0	3900.0	1.0000000
28	20925.6211	12148.709	164.56650	370.0	0.0	4560.0	0.5800004
27	20982.1758	12196.028	115.54756	370.0	0.0	4590.0	1.0000000
27	21171.9219	12180.010	131.84929	375.0	0.0	3840.0	0.6600003
27	21337.2188	12201.963	130.99998	375.0	0.0	3870.0	0.4400004
29	21506.9609	12192.579	143.91795	370.0	0.0	4560.0	1.0000000
30	21053.1738	11962.576	221.72539	500.0	0.0	4890.0	0.5000005
30	21429.2520	12280.348	241.72539	355.0	0.0	5160.0	0.4400004
31	20916.2188	11781.173	81.72539	355.0	0.0	5400.0	1.0000000
31	20997.8516	11844.546	126.72534	310.0	0.0	5310.0	0.6600003
32	21027.2656	11677.510	146.72534	310.0	0.0	5400.0	1.0000000
32	21247.8164	12056.563	121.72539	385.0	0.0	5340.0	1.0000000
32	21202.9199	12366.367	111.72539	325.0	0.0	5250.0	1.0000000
33	21266.8164	11946.209	186.72534	410.0	0.0	5340.0	1.0000000
33	21094.8672	12039.974	206.72537	420.0	0.0	5430.0	1.0000000
33	21330.2148	11943.832	136.72533	390.0	0.0	5340.0	1.0000000
21	21100.0000	11750.000	169.50000	355.0	0.0	5820.0	1.0000000
5	20884.8965	12255.339	197.72844	355.0	0.0	5490.0	1.0000000
1	21850.0000	13950.000	169.50000	0.0	0.0	0.0	1.0000000
1	21550.0000	13950.000	169.49997	0.0	0.0	0.0	1.0000000
1	20950.0000	13950.000	169.50003	0.0	0.0	0.0	1.0000000
1	22250.0000	13150.000	169.49998	0.0	0.0	0.0	1.0000000
1	21950.0000	13150.000	169.50000	0.0	0.0	0.0	1.0000000
1	21650.0000	13150.000	169.49998	0.0	0.0	0.0	1.0000000
1	21350.0000	13150.000	169.49998	0.0	0.0	0.0	1.0000000
1	21050.0000	13150.000	169.50002	0.0	0.0	0.0	1.0000000
4	22350.0000	13050.000	169.49997	0.0	0.0	-270.0	1.0000000
4	21450.0000	13050.000	169.50002	0.0	0.0	-270.0	1.0000000
5	22350.0000	13850.000	169.50003	0.0	0.0	0.0	1.0000000
5	21650.0000	13850.000	169.49997	0.0	0.0	0.0	1.0000000
5	20850.0000	13850.000	169.50002	0.0	0.0	0.0	1.0000000
18	22150.0000	13950.000	174.33237	0.0	0.0	360.0	1.0000000
18	21250.0000	13950.000	169.66258	0.0	0.0	360.0	1.0000000
39	20831.6855	16934.736	169.49997	249.8	422.5	-1620.0	1.0000000
1	22200.0000	16250.000	121.16454	0.0	0.0	0.0	1.0000000
1	21900.0000	16250.000	121.75584	0.0	0.0	0.0	1.0000000
1	21600.0000	16250.000	119.68667	0.0	0.0	0.0	1.0000000
1	21300.0000	16250.000	116.24426	0.0	0.0	0.0	1.0000000
1	21000.0000	16250.000	116.25908	0.0	0.0	0.0	1.0000000
9	21400.0000	16850.000	169.49997	0.0	0.0	0.0	1.0000000
9	21600.0000	16850.000	169.50000	0.0	0.0	0.0	1.0000000
7	21200.0000	16900.000	169.50000	0.0	0.0	360.0	1.0000000
9	21150.0000	17100.000	169.50002	0.0	0.0	270.0	1.0000000
9	21150.0000	17300.000	169.49997	0.0	0.0	270.0	1.0000000
8	21750.0000	16850.000	169.50000	0.0	0.0	-900.0	1.0000000
8	21150.0000	17450.000	169.49997	0.0	0.0	-810.0	1.0000000
9	21900.0000	16850.000	169.49997	0.0	0.0	-720.0	1.0000000
9	22100.0000	16850.000	169.49998	0.0	0.0	-720.0	1.0000000
7	22300.0000	16900.000	169.50003	0.0	0.0	450.0	1.0000000
8	22350.0000	17050.000	169.49995	0.0	0.0	630.0	1.0000000
39	21414.0254	17591.836	209.99995	0.0	0.0	-570.0	1.0000000
39	21500.1250	17521.162	209.99997	204.2	125.3	-390.0	1.0000000
39	21468.3398	17482.336	209.99994	217.8	165.2	-510.0	1.0000000
39	21404.4141	17504.328	210.00000	0.0	0.0	-660.0	1.0000000
39	21592.3789	17399.676	209.99995	-165.3	-226.3	-840.0	1.0000000
39	21531.7695	17457.627	209.99994	0.0	0.0	-960.0	1.0000000
39	21461.0332	17562.484	209.99997	164.7	-450.7	-1080.0	1.0000000
39	21381.0938	17568.973	210.00000	0.0	0.0	-1170.0	1.0000000
39	21738.3047	17455.875	209.99995	0.0	0.0	-1500.0	1.0000000
39	21641.3340	17543.371	209.99997	246.8	261.1	-1590.0	1.0000000
39	20825.1875	16927.463	169.49994	713.7	-817.8	-1590.0	1.0000000
39	21008.2305	16679.117	170.52650	-536.8	398.1	-1650.0	1.0000000
39	20894.5664	16823.838	169.49994	213.3	103.5	-1530.0	1.0000000
39	20907.4453	17037.594	169.49994	1006.3	-77.7	-1680.0	1.0000000
39	20858.8848	16867.938	169.49994	-122.5	4.4	-1530.0	1.0000000
39	21009.0898	16865.059	170.09818	273.2	314.8	-1650.0	1.0000000
39	20999.5938	16903.740	169.49997	49.4	302.2	-1500.0	1.0000000
39	20844.6426	17035.770	169.50000	826.9	-71.1	-1650.0	1.0000000
39	20871.2246	17081.836	169.49995	532.8	-433.8	-1650.0	1.0000000
39	21690.6621	17288.426	209.99994	0.0	0.0	-1830.0	1.0000000
39	21569.8535	17264.895	210.00000	0.0	0.0	-1770.0	1.0000000
39	21552.6113	17351.740	209.99995	0.0	0.0	-1650.0	1.0000000
39	21394.2656	17283.490	210.00000	0.0	0.0	-1770.0	1.0000000
39	21571.0781	17195.553	209.99998	0.0	0.0	-1650.0	1.0000000
39	21483.0137	17340.459	209.99995	0.0	0.0	-1770.0	1.0000000
39	21674.7363	17095.875	209.99998	0.0	0.0	-1590.0	1.0000000
39	21560.8066	17115.131	210.00000	0.0	0.0	-1710.0	1.0000000
39	21717.1855	17215.385	209.99995	165.0	-708.8	-1830.0	1.0000000
39	21461.3477	17191.363	209.99997	0.0	0.0	-1920.0	1.0000000
39	21703.3027	17246.266	209.99998	0.0	0.0	-2040.0	1.0000000
39	21647.7422	17207.783	209.99997	0.0	0.0	-1950.0	1.0000000
39	21433.1797	17212.240	210.00000	0.0	0.0	-1830.0	1.0000000
27	22338.6016	16854.682	171.87624	365.0	0.0	5370.0	1.0000000
27	21240.4219	16899.004	196.09660	365.0	0.0	5490.0	1.0000000
39	21561.0273	17646.805	209.99997	589.0	198.1	-540.0	1.0000000
9	21150.0000	17600.000	169.50002	0.0	0.0	630.0	1.0000000
4	22150.0000	18150.000	169.49997	0.0	0.0	0.0	1.0000000
4	22150.0000	17750.000	169.49997	0.0	0.0	0.0	1.0000000
4	22150.0000	18850.000	169.49997	0.0	0.0	0.0	1.0000000
3	22350.0000	18850.000	169.50002	0.0	0.0	0.0	1.0000000
3	22350.0000	18150.000	169.50002	0.0	0.0	0.0	1.0000000
3	22350.0000	17750.000	169.50002	0.0	0.0	0.0	1.0000000
3	22150.0000	17950.000	169.49998	0.0	0.0	90.0	1.0000000
3	22150.0000	19050.000	169.50003	0.0	0.0	90.0	1.0000000
9	21150.0000	17800.000	169.49998	0.0	0.0	630.0	1.0000000
7	21200.0000	18000.000	169.50003	0.0	0.0	630.0	1.0000000
9	21400.0000	18050.000	169.49998	0.0	0.0	540.0	1.0000000
9	21600.0000	18050.000	169.50003	0.0	0.0	540.0	1.0000000
9	21900.0000	18050.000	169.50000	0.0	0.0	540.0	1.0000000
10	22050.0000	18050.000	169.49995	0.0	0.0	540.0	1.0000000
8	21750.0000	18050.000	169.50000	0.0	0.0	540.0	1.0000000
39	21576.3672	17658.340	194.99997	281.1	-26.3	-660.0	1.0000000
39	21437.2305	17600.078	209.99998	0.0	0.0	-450.0	1.0000000
39	21354.1250	17697.086	209.99998	0.0	0.0	-450.0	1.0000000
39	21352.5488	17766.033	209.99997	4.8	-385.7	-540.0	1.0000000
39	21339.8242	17640.975	209.99998	0.0	0.0	-1320.0	1.0000000
39	21385.3633	17648.264	209.99997	17.7	-681.9	-1410.0	1.0000000
39	21556.0391	17777.176	209.99998	0.0	0.0	-1500.0	1.0000000
39	21473.0293	17831.922	209.99997	179.1	190.6	-1620.0	1.0000000
27	22374.0391	18883.572	261.00006	365.0	0.0	5490.0	1.0000000
27	22397.0684	17752.334	301.60126	365.0	0.0	5730.0	1.0000000
27	22347.1289	17908.369	516.79297	230.0	0.0	5400.0	1.0000000
3	22350.0000	20650.000	169.50003	0.0	0.0	90.0	1.0000000
4	22350.0000	20450.000	169.49998	0.0	0.0	90.0	1.0000000
4	22150.0000	19250.000	169.49997	0.0	0.0	0.0	1.0000000
3	22350.0000	19250.000	169.50003	0.0	0.0	0.0	1.0000000
9	21950.0000	20600.000	169.50000	0.0	0.0	90.0	1.0000000
9	21600.0000	20450.000	169.49998	0.0	0.0	0.0	1.0000000
9	21800.0000	20450.000	169.49998	0.0	0.0	0.0	1.0000000
9	21300.0000	20450.000	169.50005	0.0	0.0	0.0	1.0000000
9	21100.0000	20450.000	169.49998	0.0	0.0	0.0	1.0000000
9	20950.0000	20600.000	169.49997	0.0	0.0	-90.0	1.0000000
5	20950.0000	20450.000	169.49998	0.0	0.0	0.0	1.0000000
5	21950.0000	20450.000	177.79538	0.0	0.0	90.0	1.0000000
5	21450.0000	20450.000	201.33688	0.0	0.0	0.0	1.0000000
39	21255.9980	20765.398	210.00003	0.0	0.0	-90.0	1.0000000
9	20800.0000	21950.000	169.50000	0.0	0.0	-180.0	1.0000000
9	20800.0000	20950.000	169.49995	0.0	0.0	0.0	1.0000000
9	21950.0000	20800.000	169.49997	0.0	0.0	90.0	1.0000000
9	20950.0000	20800.000	169.50002	0.0	0.0	-90.0	1.0000000
3	22350.0000	22250.000	169.49997	0.0	0.0	90.0	1.0000000
3	22350.0000	21850.000	169.49995	0.0	0.0	90.0	1.0000000
3	22350.0000	21450.000	169.49997	0.0	0.0	90.0	1.0000000
3	22350.0000	21050.000	169.50000	0.0	0.0	90.0	1.0000000
4	22350.0000	22050.000	169.49998	0.0	0.0	90.0	1.0000000
4	22350.0000	21650.000	169.50000	0.0	0.0	90.0	1.0000000
4	22350.0000	21250.000	169.50003	0.0	0.0	90.0	1.0000000
4	22350.0000	20850.000	169.50003	0.0	0.0	90.0	1.0000000
9	21950.0000	21100.000	169.49997	0.0	0.0	90.0	1.0000000
9	21950.0000	21300.000	169.49998	0.0	0.0	90.0	1.0000000
9	21950.0000	21600.000	169.49998	0.0	0.0	90.0	1.0000000
9	21950.0000	21800.000	169.49997	0.0	0.0	90.0	1.0000000
9	21800.0000	21950.000	169.49998	0.0	0.0	180.0	1.0000000
9	21600.0000	21950.000	169.50000	0.0	0.0	180.0	1.0000000
9	21300.0000	21950.000	169.50000	0.0	0.0	180.0	1.0000000
5	20950.0000	20950.000	169.50002	0.0	0.0	0.0	1.0000000
9	21000.0000	21950.000	169.49998	0.0	0.0	180.0	1.0000000
5	21450.0000	21950.000	192.61534	0.0	0.0	90.0	1.0000000
5	21950.0000	21950.000	181.24031	0.0	0.0	90.0	1.0000000
5	21950.0000	21450.000	185.95914	0.0	0.0	90.0	1.0000000
5	21950.0000	20950.000	195.68445	0.0	0.0	90.0	1.0000000
5	21150.0000	21950.000	196.95354	0.0	0.0	90.0	1.0000000
39	21250.0000	20950.000	210.00000	0.0	0.0	0.0	1.0000000
39	21350.0000	20850.000	209.99998	0.0	0.0	0.0	1.0000000
39	21150.0000	20850.000	210.00000	0.0	0.0	0.0	1.0000000
39	21250.0000	20950.000	210.00002	0.0	0.0	0.0	1.0000000
39	21275.4648	20868.408	210.00000	0.0	0.0	0.0	1.0000000
39	21111.0352	20908.799	209.99997	0.0	0.0	60.0	1.0000000
39	21184.2480	20874.455	210.00002	0.0	0.0	120.0	1.0000000
39	21154.8965	20964.469	209.99998	0.0	0.0	60.0	1.0000000
39	21228.6074	21089.477	209.99997	0.0	0.0	-30.0	1.0000000
39	21332.3691	21039.021	210.00002	0.0	0.0	-90.0	1.0000000
39	21121.2168	21064.156	209.99997	0.0	0.0	0.0	1.0000000
39	21145.7832	21095.227	210.00000	0.0	0.0	90.0	1.0000000
39	21160.3438	21036.648	209.99997	0.0	0.0	30.0	1.0000000
39	21052.5781	21103.049	210.00002	0.0	0.0	-30.0	1.0000000
39	21163.6973	21322.170	209.99998	0.0	0.0	60.0	1.0000000
39	21161.1055	21173.760	209.99997	0.0	0.0	120.0	1.0000000
39	21068.8574	21172.414	210.00000	0.0	0.0	240.0	1.0000000
39	21058.0488	20986.166	210.82997	0.0	0.0	330.0	1.0000000
39	21107.3809	21225.396	210.00002	0.0	0.0	240.0	1.0000000
39	20977.9160	21095.932	210.00002	0.0	0.0	150.0	1.0000000
3	22150.0000	23250.000	169.50002	0.0	0.0	0.0	1.0000000
3	21750.0000	23250.000	169.49997	0.0	0.0	0.0	1.0000000
3	21350.0000	23250.000	169.49998	0.0	0.0	0.0	1.0000000
3	20950.0000	23250.000	169.50000	0.0	0.0	0.0	1.0000000
3	22350.0000	23050.000	169.50003	0.0	0.0	90.0	1.0000000
3	22350.0000	22650.000	169.50003	0.0	0.0	90.0	1.0000000
4	22350.0000	22450.000	169.50002	0.0	0.0	90.0	1.0000000
4	22350.0000	22850.000	169.50002	0.0	0.0	90.0	1.0000000
4	21950.0000	23250.000	169.50002	0.0	0.0	90.0	1.0000000
4	22350.0000	23250.000	169.49995	0.0	0.0	90.0	1.0000000
4	21550.0000	23250.000	169.50002	0.0	0.0	90.0	1.0000000
4	21150.0000	23250.000	169.49997	0.0	0.0	90.0	1.0000000
5	21450.0000	23150.000	169.49997	0.0	0.0	360.0	1.0000000
5	21950.0000	22550.000	169.50000	0.0	0.0	450.0	1.0000000
5	21450.0000	22550.000	169.50000	0.0	0.0	450.0	1.0000000
5	21450.0000	23950.000	169.50000	0.0	0.0	360.0	1.0000000
25	21950.0000	23450.000	169.50000	0.0	0.0	360.0	1.0000000
25	21950.0000	23550.000	169.50003	0.0	0.0	360.0	1.0000000
25	21950.0000	23650.000	169.50002	0.0	0.0	360.0	1.0000000
25	21950.0000	23750.000	169.49998	0.0	0.0	360.0	1.0000000
1	21050.0000	25150.000	169.49995	0.0	0.0	0.0	1.0000000
1	21350.0000	25150.000	169.50002	0.0	0.0	0.0	1.0000000
1	21950.0000	25150.000	169.49995	0.0	0.0	0.0	1.0000000
1	22250.0000	25150.000	169.49997	0.0	0.0	0.0	1.0000000
3	22150.0000	24050.000	169.49997	0.0	0.0	0.0	1.0000000
3	21750.0000	24050.000	169.49998	0.0	0.0	0.0	1.0000000
3	21350.0000	24050.000	169.49997	0.0	0.0	0.0	1.0000000
3	20950.0000	24050.000	169.49997	0.0	0.0	0.0	1.0000000
4	21150.0000	24050.000	169.49998	0.0	0.0	90.0	1.0000000
4	21550.0000	24050.000	169.50002	0.0	0.0	90.0	1.0000000
4	21950.0000	24050.000	169.49997	0.0	0.0	90.0	1.0000000
4	22350.0000	24050.000	169.49995	0.0	0.0	90.0	1.0000000
5	20950.0000	24550.000	169.50003	0.0	0.0	450.0	1.0000000
5	21750.0000	24550.000	169.50000	0.0	0.0	450.0	1.0000000
18	21650.0000	25150.000	169.49997	0.0	0.0	360.0	1.0000000
5	20977.0254	25138.105	95.34709	-50.0	0.0	450.0	1.0000000
14	20827.1230	25033.742	151.45683	-50.0	0.0	450.0	1.0000000
1	23950.0000	350.000	169.49997	0.0	0.0	0.0	1.0000000
1	23650.0000	350.000	169.49997	0.0	0.0	0.0	1.0000000
1	23350.0000	350.000	169.50003	0.0	0.0	0.0	1.0000000
1	23050.0000	350.000	169.50002	0.0	0.0	0.0	1.0000000
1	22750.0000	350.000	169.50003	0.0	0.0	0.0	1.0000000
1	22450.0000	350.000	169.50003	0.0	0.0	0.0	1.0000000
1	23950.0000	1550.000	169.49997	0.0	0.0	90.0	1.0000000
1	23550.0000	1150.000	169.49998	0.0	0.0	0.0	1.0000000
1	23250.0000	1150.000	169.49998	0.0	0.0	0.0	1.0000000
1	22950.0000	1150.000	169.50002	0.0	0.0	0.0	1.0000000
1	22650.0000	1150.000	169.50002	0.0	0.0	0.0	1.0000000
5	23950.0000	1150.000	169.50000	0.0	0.0	0.0	1.0000000
1	23950.0000	1350.000	169.49997	0.0	0.0	90.0	1.0000000
1	23750.0000	1150.000	169.50002	0.0	0.0	0.0	1.0000000
1	23950.0000	1850.000	169.50003	0.0	0.0	90.0	1.0000000
1	23950.0000	2150.000	169.49998	0.0	0.0	90.0	1.0000000
1	23950.0000	2450.000	169.50003	0.0	0.0	90.0	1.0000000
1	23950.0000	2750.000	169.49997	0.0	0.0	90.0	1.0000000
1	23950.0000	3050.000	169.50003	0.0	0.0	90.0	1.0000000
1	22550.0000	1850.000	169.49998	0.0	0.0	-180.0	1.0000000
1	22850.0000	1850.000	169.50000	0.0	0.0	-180.0	1.0000000
1	23250.0000	2250.000	169.49998	0.0	0.0	-90.0	1.0000000
1	23250.0000	2550.000	169.49998	0.0	0.0	-90.0	1.0000000
1	23250.0000	2850.000	169.50003	0.0	0.0	-90.0	1.0000000
1	23250.0000	3150.000	169.49997	0.0	0.0	-90.0	1.0000000
5	23250.0000	1850.000	169.50003	0.0	0.0	0.0	1.0000000
1	23250.0000	2050.000	169.49997	0.0	0.0	-90.0	1.0000000
1	23100.0000	1850.000	169.50002	0.0	0.0	-180.0	1.0000000
1	23950.0000	3350.000	169.50000	0.0	0.0	90.0	1.0000000
1	23950.0000	3650.000	169.50003	0.0	0.0	90.0	1.0000000
1	23950.0000	3950.000	169.49998	0.0	0.0	90.0	1.0000000
1	23950.0000	4250.000	169.50003	0.0	0.0	90.0	1.0000000
1	23950.0000	4550.000	169.50002	0.0	0.0	90.0	1.0000000
1	23250.0000	3450.000	169.49998	0.0	0.0	-90.0	1.0000000
1	23250.0000	3750.000	169.50002	0.0	0.0	-90.0	1.0000000
1	23250.0000	4050.000	169.49997	0.0	0.0	-90.0	1.0000000
1	23250.0000	4350.000	169.49998	0.0	0.0	-90.0	1.0000000
1	23250.0000	4650.000	169.49998	0.0	0.0	-90.0	1.0000000
1	23950.0000	4850.000	169.50002	0.0	0.0	90.0	1.0000000
1	23950.0000	5150.000	169.50002	0.0	0.0	90.0	1.0000000
1	23950.0000	5450.000	169.50003	0.0	0.0	90.0	1.0000000
1	23950.0000	5750.000	169.50003	0.0	0.0	90.0	1.0000000
1	23950.0000	6050.000	169.50002	0.0	0.0	90.0	1.0000000
1	23950.0000	6350.000	169.50003	0.0	0.0	90.0	1.0000000
1	23250.0000	4950.000	169.50000	0.0	0.0	-90.0	1.0000000
1	23250.0000	5250.000	169.50002	0.0	0.0	-90.0	1.0000000
1	23250.0000	5550.000	169.49998	0.0	0.0	-90.0	1.0000000
1	23250.0000	5850.000	169.49997	0.0	0.0	-90.0	1.0000000
1	23250.0000	6150.000	169.49997	0.0	0.0	-90.0	1.0000000
9	22600.0000	6250.000	169.49995	0.0	0.0	360.0	1.0000000
9	22800.0000	6250.000	169.49997	0.0	0.0	360.0	1.0000000
9	23000.0000	6250.000	169.49997	0.0	0.0	360.0	1.0000000
4	23144.4805	6247.327	164.10484	0.0	0.0	0.0	1.0000000
4	22447.6914	6247.824	164.59518	0.0	0.0	0.0	1.0000000
1	23950.0000	6650.000	169.50000	0.0	0.0	90.0	1.0000000
1	23950.0000	6950.000	169.49997	0.0	0.0	90.0	1.0000000
1	23950.0000	7250.000	169.50000	0.0	0.0	90.0	1.0000000
1	23950.0000	7550.000	169.49997	0.0	0.0	90.0	1.0000000
1	23950.0000	7850.000	169.49995	0.0	0.0	90.0	1.0000000
1	23250.0000	6450.000	169.49998	0.0	0.0	-90.0	1.0000000
1	23250.0000	6750.000	169.49998	0.0	0.0	-90.0	1.0000000
1	23250.0000	7050.000	169.49998	0.0	0.0	-90.0	1.0000000
1	23250.0000	7350.000	169.50003	0.0	0.0	-90.0	1.0000000
1	23250.0000	7650.000	169.50000	0.0	0.0	-90.0	1.0000000
1	23250.0000	7950.000	169.50000	0.0	0.0	-90.0	1.0000000
1	23950.0000	8150.000	169.50000	0.0	0.0	90.0	1.0000000
1	23950.0000	8450.000	169.50003	0.0	0.0	90.0	1.0000000
1	23950.0000	8750.000	169.50000	0.0	0.0	90.0	1.0000000
1	23950.0000	9050.000	169.49998	0.0	0.0	90.0	1.0000000
1	23950.0000	9350.000	169.50000	0.0	0.0	90.0	1.0000000
1	23250.0000	8250.000	169.50003	0.0	0.0	-90.0	1.0000000
1	23250.0000	8550.000	169.50002	0.0	0.0	-90.0	1.0000000
1	23250.0000	8850.000	169.49997	0.0	0.0	-90.0	1.0000000
1	23250.0000	9150.000	169.50003	0.0	0.0	-90.0	1.0000000
1	23250.0000	9450.000	169.50003	0.0	0.0	-90.0	1.0000000
9	23000.0000	8750.000	169.50000	0.0	0.0	540.0	1.0000000
9	22600.0000	8750.000	169.50002	0.0	0.0	540.0	1.0000000
9	22800.0000	8750.000	169.50003	0.0	0.0	540.0	1.0000000
4	22437.8574	8750.616	164.84535	0.0	0.0	0.0	1.0000000
4	23141.8262	8738.703	169.13408	0.0	0.0	0.0	1.0000000
1	23950.0000	9650.000	169.49998	0.0	0.0	90.0	1.0000000
1	23950.0000	9950.000	169.50002	0.0	0.0	90.0	1.0000000
1	23950.0000	10250.000	169.49995	0.0	0.0	90.0	1.0000000
1	23950.0000	10550.000	169.49997	0.0	0.0	90.0	1.0000000
1	23950.0000	10850.000	169.50002	0.0	0.0	90.0	1.0000000
1	23950.0000	11150.000	169.50002	0.0	0.0	90.0	1.0000000
1	23250.0000	9750.000	169.50000	0.0	0.0	-90.0	1.0000000
1	23250.0000	10050.000	169.49998	0.0	0.0	-90.0	1.0000000
1	23250.0000	10350.000	169.49998	0.0	0.0	-90.0	1.0000000
1	23250.0000	10650.000	169.49997	0.0	0.0	-90.0	1.0000000
1	23250.0000	10950.000	169.49997	0.0	0.0	-90.0	1.0000000
1	23250.0000	11150.000	169.49995	0.0	0.0	-90.0	1.0000000
9	22800.0000	10550.000	169.50002	0.0	0.0	360.0	1.0000000
9	23000.0000	10550.000	169.50000	0.0	0.0	360.0	1.0000000
9	22600.0000	10550.000	169.49998	0.0	0.0	360.0	1.0000000
4	22448.0547	10549.688	164.95445	0.0	0.0	0.0	1.0000000
4	23144.9668	10549.459	165.18384	0.0	0.0	0.0	1.0000000
22	22550.0000	10350.000	177.21631	0.0	0.0	120.0	1.0000000
22	22550.0000	10550.000	209.18971	0.0	0.0	120.0	1.0000000
22	22550.0000	10650.000	218.99571	0.0	0.0	120.0	1.0000000
22	23050.0000	10550.000	185.74911	0.0	0.0	120.0	1.0000000
21	22450.0000	10550.000	185.25793	0.0	0.0	120.0	1.0000000
21	22550.0000	10450.000	182.47937	0.0	0.0	120.0	1.0000000
27	22535.6680	10361.764	171.81412	335.0	0.0	3660.0	1.0000000
27	23036.9453	11124.913	226.68356	335.0	0.0	3540.0	1.0000000
1	23950.0000	11450.000	169.49997	0.0	0.0	90.0	1.0000000
1	23950.0000	11750.000	169.49998	0.0	0.0	90.0	1.0000000
1	23950.0000	12050.000	169.49997	0.0	0.0	90.0	1.0000000
1	23450.0000	12250.000	169.50002	0.0	0.0	-180.0	1.0000000
1	23150.0000	12250.000	169.50003	0.0	0.0	-180.0	1.0000000
1	22850.0000	12250.000	169.49997	0.0	0.0	-180.0	1.0000000
1	22550.0000	12250.000	169.50002	0.0	0.0	-180.0	1.0000000
1	23150.0000	11350.000	169.50003	0.0	0.0	-180.0	1.0000000
1	22850.0000	11350.000	169.50002	0.0	0.0	-180.0	1.0000000
1	22550.0000	11350.000	169.50003	0.0	0.0	-180.0	1.0000000
4	23250.0000	12750.000	169.50002	0.0	0.0	-270.0	1.0000000
4	23250.0000	12350.000	169.50005	0.0	0.0	-270.0	1.0000000
1	23750.0000	12250.000	169.49997	0.0	0.0	-180.0	1.0000000
5	23950.0000	12250.000	169.50000	0.0	0.0	-90.0	1.0000000
5	23250.0000	11350.000	169.49998	0.0	0.0	-90.0	1.0000000
25	22650.0000	11550.000	169.50000	0.0	0.0	90.0	1.0000000
25	22650.0000	11650.000	169.50002	0.0	0.0	90.0	1.0000000
25	22650.0000	11750.000	169.50002	0.0	0.0	90.0	1.0000000
1	23950.0000	13950.000	169.49997	0.0	0.0	0.0	1.0000000
1	23650.0000	13950.000	169.50003	0.0	0.0	0.0	1.0000000
1	23350.0000	13950.000	169.50000	0.0	0.0	0.0	1.0000000
1	23050.0000	13950.000	169.50000	0.0	0.0	0.0	1.0000000
1	22750.0000	13950.000	169.50002	0.0	0.0	0.0	1.0000000
1	22450.0000	13950.000	169.50000	0.0	0.0	0.0	1.0000000
1	23750.0000	13150.000	169.50000	0.0	0.0	0.0	1.0000000
1	23450.0000	13150.000	169.49998	0.0	0.0	0.0	1.0000000
1	23150.0000	13150.000	169.49998	0.0	0.0	0.0	1.0000000
1	22850.0000	13150.000	169.50000	0.0	0.0	0.0	1.0000000
1	22550.0000	13150.000	169.50003	0.0	0.0	0.0	1.0000000
4	23250.0000	13050.000	169.50003	0.0	0.0	-270.0	1.0000000
5	23150.0000	13850.000	169.49995	0.0	0.0	0.0	1.0000000
21	22450.0000	13050.000	195.04282	0.0	0.0	120.0	1.0000000
1	23700.0000	16250.000	142.75224	0.0	0.0	0.0	1.0000000
1	23400.0000	16250.000	130.01898	0.0	0.0	0.0	1.0000000
1	23100.0000	16250.000	125.30596	0.0	0.0	0.0	1.0000000
1	22800.0000	16250.000	122.10825	0.0	0.0	0.0	1.0000000
1	22500.0000	16250.000	119.79419	0.0	0.0	0.0	1.0000000
3	23650.0000	17050.000	169.49997	0.0	0.0	0.0	1.0000000
3	23250.0000	17050.000	169.50003	0.0	0.0	0.0	1.0000000
3	22850.0000	17050.000	169.49998	0.0	0.0	0.0	1.0000000
4	23050.0000	17050.000	169.49997	0.0	0.0	0.0	1.0000000
4	23450.0000	17050.000	169.50003	0.0	0.0	0.0	1.0000000
4	23850.0000	17050.000	169.50005	0.0	0.0	0.0	1.0000000
9	22600.0000	17050.000	169.50005	0.0	0.0	360.0	1.0000000
9	23350.0000	17200.000	169.50000	0.0	0.0	450.0	1.0000000
9	23350.0000	17400.000	169.49998	0.0	0.0	450.0	1.0000000
27	22588.5137	16962.207	156.00003	365.0	0.0	5400.0	1.4399996
9	23350.0000	17600.000	169.50003	0.0	0.0	450.0	1.0000000
3	23750.0000	17950.000	169.50000	0.0	0.0	90.0	1.0000000
3	23550.0000	17750.000	169.50003	0.0	0.0	0.0	1.0000000
3	23350.0000	17950.000	169.50003	0.0	0.0	90.0	1.0000000
3	23550.0000	18150.000	169.50003	0.0	0.0	0.0	1.0000000
4	23750.0000	17750.000	169.49997	0.0	0.0	0.0	1.0000000
4	23750.0000	18150.000	169.50000	0.0	0.0	0.0	1.0000000
4	23350.0000	17750.000	169.50000	0.0	0.0	0.0	1.0000000
4	23350.0000	18150.000	169.49998	0.0	0.0	0.0	1.0000000
4	22550.0000	17750.000	169.49998	0.0	0.0	0.0	1.0000000
4	22550.0000	18150.000	169.49997	0.0	0.0	0.0	1.0000000
4	22550.0000	18850.000	169.49997	0.0	0.0	0.0	1.0000000
4	23350.0000	18850.000	169.49997	0.0	0.0	0.0	1.0000000
4	23750.0000	18850.000	169.49997	0.0	0.0	0.0	1.0000000
3	23550.0000	18850.000	169.50000	0.0	0.0	0.0	1.0000000
3	22550.0000	17950.000	169.50003	0.0	0.0	90.0	1.0000000
3	22550.0000	19050.000	169.49997	0.0	0.0	90.0	1.0000000
3	23750.0000	19050.000	169.49997	0.0	0.0	90.0	1.0000000
3	23350.0000	19050.000	169.49997	0.0	0.0	90.0	1.0000000
9	22700.0000	18150.000	169.49998	0.0	0.0	540.0	1.0000000
9	23200.0000	18150.000	169.50000	0.0	0.0	540.0	1.0000000
9	23000.0000	18150.000	169.50000	0.0	0.0	540.0	1.0000000
22	22850.0000	18050.000	221.00008	20.0	0.0	810.0	1.0000000
22	22750.0000	18150.000	203.00337	20.0	0.0	810.0	1.0000000
22	22650.0000	18150.000	206.54153	20.0	0.0	810.0	1.0000000
22	23150.0000	18150.000	205.83974	20.0	0.0	810.0	1.0000000
22	22650.0000	18850.000	177.50760	20.0	0.0	930.0	1.0000000
22	22664.7422	18941.578	178.66057	20.0	0.0	1080.0	1.0000000
21	22670.2109	18897.191	179.25546	20.0	0.0	1080.0	1.0000000
27	22415.2383	19046.168	261.00006	365.0	0.0	5400.0	1.0000000
27	22503.7305	17940.338	267.67783	365.0	0.0	5400.0	1.0000000
27	22453.8828	18993.965	516.00000	230.0	0.0	5490.0	1.0000000
27	23722.3047	18963.756	523.69543	230.0	0.0	5490.0	1.0000000
27	23631.2109	18978.311	516.00000	255.0	0.0	5400.0	1.0000000
27	23628.1465	17846.080	516.00000	255.0	0.0	5400.0	1.0000000
27	23478.7344	17900.742	516.00000	255.0	0.0	5280.0	1.0000000
27	23123.6113	18908.744	156.89183	365.0	0.0	5400.0	1.7199993
3	23150.0000	20650.000	169.50000	0.0	0.0	90.0	1.0000000
4	23150.0000	20450.000	169.49997	0.0	0.0	90.0	1.0000000
4	23550.0000	20450.000	169.49998	0.0	0.0	90.0	1.0000000
4	23950.0000	20450.000	169.50000	0.0	0.0	90.0	1.0000000
3	23350.0000	20450.000	169.49997	0.0	0.0	0.0	1.0000000
3	23750.0000	20450.000	169.50000	0.0	0.0	0.0	1.0000000
4	22450.0000	20450.000	169.49998	0.0	0.0	90.0	1.0000000
4	23050.0000	20450.000	169.49997	0.0	0.0	90.0	1.0000000
4	22550.0000	19250.000	169.49997	0.0	0.0	0.0	1.0000000
4	23350.0000	19250.000	169.49997	0.0	0.0	0.0	1.0000000
4	23750.0000	19250.000	169.49997	0.0	0.0	0.0	1.0000000
3	23550.0000	19250.000	169.49997	0.0	0.0	0.0	1.0000000
3	23150.0000	22250.000	169.50000	0.0	0.0	90.0	1.0000000
3	23150.0000	21850.000	169.50003	0.0	0.0	90.0	1.0000000
3	23150.0000	21450.000	169.49995	0.0	0.0	90.0	1.0000000
3	23150.0000	21050.000	169.49997	0.0	0.0	90.0	1.0000000
4	23150.0000	21250.000	169.50000	0.0	0.0	90.0	1.0000000
4	23150.0000	21650.000	169.49998	0.0	0.0	90.0	1.0000000
4	23150.0000	22050.000	169.49998	0.0	0.0	90.0	1.0000000
4	23150.0000	20850.000	169.50003	0.0	0.0	90.0	1.0000000
3	23750.0000	23250.000	169.50003	0.0	0.0	0.0	1.0000000
3	23350.0000	23250.000	169.49998	0.0	0.0	0.0	1.0000000
3	23150.0000	23450.000	169.49998	0.0	0.0	90.0	1.0000000
3	23150.0000	23850.000	169.50003	0.0	0.0	90.0	1.0000000
4	23150.0000	23650.000	169.50003	0.0	0.0	90.0	1.0000000
4	23150.0000	23250.000	169.50003	0.0	0.0	90.0	1.0000000
4	23550.0000	23250.000	169.49995	0.0	0.0	90.0	1.0000000
4	23950.0000	23250.000	169.49997	0.0	0.0	90.0	1.0000000
4	23150.0000	22450.000	169.50003	0.0	0.0	90.0	1.0000000
4	22750.0000	22450.000	169.50002	0.0	0.0	90.0	1.0000000
3	22550.0000	22450.000	169.50000	0.0	0.0	0.0	1.0000000
3	22950.0000	22450.000	169.50000	0.0	0.0	0.0	1.0000000
21	23250.0000	23850.000	169.50000	0.0	0.0	0.0	1.0000000
21	23350.0000	23950.000	187.18141	0.0	0.0	0.0	1.0000000
39	23962.6172	23739.535	170.07191	327.5	-331.5	-150.0	1.0000000
23	23960.7930	23741.439	164.29308	0.0	0.0	-180.0	1.0000000
25	22650.0000	23350.000	169.50000	0.0	0.0	360.0	1.0000000
25	22750.0000	23350.000	169.50002	0.0	0.0	360.0	1.0000000
25	22850.0000	23350.000	169.50002	0.0	0.0	360.0	1.0000000
39	23956.9043	23584.891	169.50003	-1367.8	-881.0	30.0	1.0000000
39	23975.7520	23572.295	169.49998	-494.8	-300.6	210.0	1.0000000
39	23974.3281	23802.600	169.50002	213.6	-411.3	-240.0	1.0000000
1	22550.0000	25150.000	169.50002	0.0	0.0	0.0	1.0000000
1	22850.0000	25150.000	169.49995	0.0	0.0	0.0	1.0000000
1	23150.0000	25150.000	169.50003	0.0	0.0	0.0	1.0000000
1	23750.0000	25150.000	169.49998	0.0	0.0	0.0	1.0000000
3	22950.0000	24050.000	169.49997	0.0	0.0	0.0	1.0000000
3	22550.0000	24050.000	169.50000	0.0	0.0	0.0	1.0000000
4	22750.0000	24050.000	169.50002	0.0	0.0	90.0	1.0000000
4	23150.0000	24050.000	169.50002	0.0	0.0	90.0	1.0000000
5	23150.0000	24550.000	169.50000	0.0	0.0	450.0	1.0000000
5	22450.0000	24550.000	169.50002	0.0	0.0	450.0	1.0000000
18	23450.0000	25150.000	173.80663	0.0	0.0	360.0	1.0000000
23	23850.0000	24250.000	169.49998	0.0	0.0	0.0	1.0000000
21	23250.0000	24050.000	194.94148	0.0	0.0	0.0	1.0000000
21	23350.0000	24050.000	198.24666	0.0	0.0	0.0	1.0000000
21	23250.0000	24650.000	170.57941	0.0	0.0	0.0	1.0000000
21	23250.0000	24550.000	184.83392	0.0	0.0	0.0	1.0000000
21	23250.0000	24450.000	173.41541	0.0	0.0	0.0	1.0000000
21	23250.0000	24450.000	189.29761	0.0	0.0	0.0	1.0000000
22	23250.0000	24550.000	179.79324	0.0	0.0	0.0	1.0000000
22	23950.0000	24150.000	180.51135	0.0	0.0	0.0	1.0000000
22	23850.0000	24150.000	174.85847	0.0	0.0	0.0	1.0000000
22	23950.0000	24250.000	181.28783	0.0	0.0	0.0	1.0000000
1	24950.0000	1550.000	169.49997	0.0	0.0	90.0	1.0000000
1	24950.0000	1250.000	169.50000	0.0	0.0	90.0	1.0000000
1	24950.0000	950.000	169.49998	0.0	0.0	90.0	1.0000000
1	24950.0000	650.000	169.49997	0.0	0.0	90.0	1.0000000
1	24550.0000	350.000	169.49998	0.0	0.0	0.0	1.0000000
1	24250.0000	350.000	169.50002	0.0	0.0	0.0	1.0000000
5	24450.0000	1150.000	169.50000	0.0	0.0	0.0	1.0000000
5	24850.0000	1150.000	169.49998	0.0	0.0	0.0	1.0000000
5	24950.0000	350.000	169.49998	0.0	0.0	0.0	1.0000000
1	24949.2656	543.013	175.29051	0.0	0.0	90.0	1.0000000
1	24757.1738	350.957	164.54147	0.0	0.0	0.0	1.0000000
1	24950.0000	3050.000	169.50002	0.0	0.0	90.0	1.0000000
1	24950.0000	2750.000	169.49998	0.0	0.0	90.0	1.0000000
1	24950.0000	2450.000	169.49998	0.0	0.0	90.0	1.0000000
1	24950.0000	2150.000	169.50002	0.0	0.0	90.0	1.0000000
1	24950.0000	1850.000	169.50003	0.0	0.0	90.0	1.0000000
4	24050.0000	2950.000	169.50000	0.0	0.0	-270.0	1.0000000
4	24450.0000	2950.000	169.49997	0.0	0.0	-270.0	1.0000000
4	24850.0000	2950.000	169.49997	0.0	0.0	-270.0	1.0000000
4	24050.0000	2050.000	169.50002	0.0	0.0	-270.0	1.0000000
4	24450.0000	2050.000	169.50000	0.0	0.0	-270.0	1.0000000
4	24850.0000	2050.000	169.49998	0.0	0.0	-270.0	1.0000000
1	24950.0000	4550.000	169.50000	0.0	0.0	90.0	1.0000000
1	24950.0000	4250.000	169.49997	0.0	0.0	90.0	1.0000000
1	24950.0000	3950.000	169.50000	0.0	0.0	90.0	1.0000000
1	24950.0000	3650.000	169.50003	0.0	0.0	90.0	1.0000000
1	24950.0000	3350.000	169.50003	0.0	0.0	90.0	1.0000000
4	24050.0000	4150.000	169.50002	0.0	0.0	-270.0	1.0000000
4	24450.0000	4150.000	169.50002	0.0	0.0	-270.0	1.0000000
4	24850.0000	4150.000	169.50005	0.0	0.0	-270.0	1.0000000
1	24950.0000	6350.000	169.50003	0.0	0.0	90.0	1.0000000
1	24950.0000	6050.000	169.49997	0.0	0.0	90.0	1.0000000
1	24950.0000	5750.000	169.50003	0.0	0.0	90.0	1.0000000
1	24950.0000	5450.000	169.49998	0.0	0.0	90.0	1.0000000
1	24950.0000	5150.000	169.50003	0.0	0.0	90.0	1.0000000
1	24950.0000	4850.000	169.50000	0.0	0.0	90.0	1.0000000
4	24450.0000	5950.000	169.50003	0.0	0.0	-270.0	1.0000000
4	24050.0000	5950.000	169.50000	0.0	0.0	-270.0	1.0000000
4	24850.0000	5950.000	169.49997	0.0	0.0	-270.0	1.0000000
4	24050.0000	5050.000	169.50002	0.0	0.0	-270.0	1.0000000
4	24450.0000	5050.000	169.49997	0.0	0.0	-270.0	1.0000000
4	24850.0000	5050.000	169.49998	0.0	0.0	-270.0	1.0000000
21	24650.0000	6350.000	169.49998	0.0	0.0	180.0	1.0000000
21	24750.0000	6250.000	169.50002	0.0	0.0	180.0	1.0000000
21	24750.0000	6350.000	169.50002	0.0	0.0	180.0	1.0000000
1	24950.0000	7850.000	169.50000	0.0	0.0	90.0	1.0000000
1	24950.0000	7550.000	169.49998	0.0	0.0	90.0	1.0000000
1	24950.0000	7250.000	169.49995	0.0	0.0	90.0	1.0000000
1	24950.0000	6950.000	169.49998	0.0	0.0	90.0	1.0000000
1	24950.0000	6650.000	169.50003	0.0	0.0	90.0	1.0000000
4	24050.0000	6850.000	169.50002	0.0	0.0	-270.0	1.0000000
4	24850.0000	6850.000	169.49997	0.0	0.0	-270.0	1.0000000
4	24450.0000	6850.000	169.50000	0.0	0.0	-270.0	1.0000000
4	24050.0000	7750.000	169.50000	0.0	0.0	-270.0	1.0000000
4	24450.0000	7750.000	169.49997	0.0	0.0	-270.0	1.0000000
4	24850.0000	7750.000	169.50003	0.0	0.0	-270.0	1.0000000
21	24600.0000	6550.000	169.50002	0.0	0.0	180.0	1.0000000
21	24700.0000	6450.000	169.50003	0.0	0.0	180.0	1.0000000
21	24650.0000	6450.000	169.50002	0.0	0.0	180.0	1.0000000
21	24750.0000	6550.000	169.49997	0.0	0.0	180.0	1.0000000
21	24650.0000	6500.000	169.49995	0.0	0.0	180.0	1.0000000
22	24700.0000	6550.000	169.49998	0.0	0.0	240.0	1.0000000
22	24649.3828	6401.839	184.50005	-10.0	0.0	480.0	1.0000000
1	24950.0000	9350.000	169.49997	0.0	0.0	90.0	1.0000000
1	24950.0000	9050.000	169.50000	0.0	0.0	90.0	1.0000000
1	24950.0000	8750.000	169.50003	0.0	0.0	90.0	1.0000000
1	24950.0000	8450.000	169.49998	0.0	0.0	90.0	1.0000000
1	24950.0000	8150.000	169.50002	0.0	0.0	90.0	1.0000000
4	24050.0000	8650.000	169.50000	0.0	0.0	-270.0	1.0000000
4	24450.0000	8650.000	169.50003	0.0	0.0	-270.0	1.0000000
4	24850.0000	8650.000	169.50003	0.0	0.0	-270.0	1.0000000
4	24050.0000	9550.000	169.50003	0.0	0.0	-270.0	1.0000000
4	24450.0000	9550.000	169.49997	0.0	0.0	-270.0	1.0000000
4	24850.0000	9550.000	169.50003	0.0	0.0	-270.0	1.0000000
9	24200.0000	8650.000	169.50003	0.0	0.0	0.0	1.0000000
9	24600.0000	8650.000	169.50003	0.0	0.0	0.0	1.0000000
9	24200.0000	9550.000	169.50000	0.0	0.0	180.0	1.0000000
9	24600.0000	9550.000	169.49998	0.0	0.0	180.0	1.0000000
21	24150.0000	8750.000	223.59665	0.0	0.0	120.0	1.0000000
21	24050.0000	8850.000	231.46677	0.0	0.0	120.0	1.0000000
21	24050.0000	9450.000	222.87096	0.0	0.0	120.0	1.0000000
1	24950.0000	11150.000	169.50003	0.0	0.0	90.0	1.0000000
1	24950.0000	10850.000	169.50005	0.0	0.0	90.0	1.0000000
1	24950.0000	10550.000	169.49997	0.0	0.0	90.0	1.0000000
1	24950.0000	10250.000	169.49995	0.0	0.0	90.0	1.0000000
1	24950.0000	9950.000	169.50002	0.0	0.0	90.0	1.0000000
1	24950.0000	9650.000	169.49998	0.0	0.0	90.0	1.0000000
4	24450.0000	10450.000	169.50002	0.0	0.0	-270.0	1.0000000
4	24850.0000	10450.000	169.49998	0.0	0.0	-270.0	1.0000000
9	24200.0000	10450.000	169.50000	0.0	0.0	360.0	1.0000000
9	24600.0000	10450.000	169.50003	0.0	0.0	360.0	1.0000000
21	24150.0000	10350.000	177.27209	0.0	0.0	120.0	1.0000000
21	24050.0000	10350.000	190.87982	0.0	0.0	120.0	1.0000000
4	24050.0000	10450.000	215.70445	0.0	0.0	-270.0	1.0000000
21	24100.0000	10400.000	207.83234	0.0	0.0	120.0	1.0000000
21	24550.0000	10450.000	215.27823	0.0	0.0	120.0	1.0000000
21	24550.0000	10350.000	175.60576	0.0	0.0	120.0	1.0000000
1	24950.0000	12650.000	169.49997	0.0	0.0	90.0	1.0000000
1	24950.0000	12350.000	169.49998	0.0	0.0	90.0	1.0000000
1	24950.0000	12050.000	169.50000	0.0	0.0	90.0	1.0000000
1	24950.0000	11750.000	169.50000	0.0	0.0	90.0	1.0000000
1	24950.0000	11450.000	169.50003	0.0	0.0	90.0	1.0000000
4	24050.0000	11350.000	169.49998	0.0	0.0	-270.0	1.0000000
4	24450.0000	11350.000	169.49997	0.0	0.0	-270.0	1.0000000
4	24850.0000	11350.000	169.49998	0.0	0.0	-270.0	1.0000000
4	24050.0000	12150.000	169.49998	0.0	0.0	-270.0	1.0000000
4	24450.0000	12150.000	169.50002	0.0	0.0	-270.0	1.0000000
4	24850.0000	12150.000	169.50002	0.0	0.0	-270.0	1.0000000
4	24050.0000	12650.000	169.49998	0.0	0.0	-270.0	1.0000000
9	24200.0000	12150.000	169.50005	0.0	0.0	540.0	1.0000000
9	24600.0000	12150.000	169.50000	0.0	0.0	540.0	1.0000000
21	24150.0000	11350.000	226.09018	0.0	0.0	120.0	1.0000000
21	24050.0000	11250.000	226.84277	0.0	0.0	120.0	1.0000000
21	24550.0000	11250.000	230.43663	0.0	0.0	120.0	1.0000000
21	24150.0000	12150.000	211.23184	0.0	0.0	120.0	1.0000000
21	24050.0000	12350.000	169.50000	0.0	0.0	120.0	1.0000000
21	24450.0000	12150.000	201.46039	0.0	0.0	120.0	1.0000000
21	24550.0000	12050.000	227.45602	0.0	0.0	120.0	1.0000000
21	24550.0000	12150.000	212.66650	0.0	0.0	120.0	1.0000000
21	24750.0000	12050.000	215.44115	0.0	0.0	120.0	1.0000000
1	24950.0000	13550.000	169.50002	0.0	0.0	90.0	1.0000000
1	24950.0000	13250.000	169.50003	0.0	0.0	90.0	1.0000000
1	24950.0000	12950.000	169.50003	0.0	0.0	90.0	1.0000000
1	24800.0000	13950.000	169.50000	0.0	0.0	0.0	1.0000000
1	24550.0000	13950.000	169.50002	0.0	0.0	0.0	1.0000000
1	24250.0000	13950.000	169.50002	0.0	0.0	0.0	1.0000000
1	24050.0000	13150.000	169.49995	0.0	0.0	0.0	1.0000000
1	24350.0000	13150.000	169.49998	0.0	0.0	0.0	1.0000000
1	24650.0000	13150.000	169.49997	0.0	0.0	0.0	1.0000000
5	24850.0000	13150.000	169.50000	0.0	0.0	0.0	1.0000000
4	24050.0000	13050.000	169.50000	0.0	0.0	-270.0	1.0000000
5	24950.0000	13950.000	186.36612	0.0	0.0	90.0	1.0000000
1	24950.3887	13757.885	167.82776	0.0	0.0	90.0	1.0000000
5	24050.0000	13850.000	169.50000	0.0	0.0	0.0	1.0000000
21	24150.0000	13050.000	185.91626	0.0	0.0	120.0	1.0000000
33	24613.5254	13070.290	286.27835	310.0	0.0	5610.0	1.0000000
11	24680.5059	12959.867	159.26628	0.0	0.0	5310.0	1.0000000
1	24000.0000	16250.000	146.15839	0.0	0.0	0.0	1.0000000
1	25000.0000	17550.000	167.65768	0.0	0.0	90.0	1.0000000
1	25000.0000	17250.000	167.55132	0.0	0.0	90.0	1.0000000
1	25000.0000	16950.000	167.24498	0.0	0.0	90.0	1.0000000
1	25002.6250	16650.771	152.36945	0.0	0.0	90.0	1.0200000
1	25000.0000	16350.000	163.59137	0.0	0.0	90.0	1.0000000
1	24600.0000	16250.000	158.43669	0.0	0.0	0.0	1.0000000
1	24300.0000	16250.000	154.58145	0.0	0.0	0.0	1.0000000
1	24900.0000	16250.000	160.13364	0.0	0.0	0.0	1.0000000
3	24050.0000	17050.000	169.49997	0.0	0.0	0.0	1.0000000
4	24250.0000	17050.000	169.50000	0.0	0.0	0.0	1.0000000
3	24350.0000	17250.000	169.49998	0.0	0.0	90.0	1.0000000
4	24350.0000	17050.000	169.49997	0.0	0.0	90.0	1.0000000
4	24350.0000	17450.000	169.50002	0.0	0.0	90.0	1.0000000
27	24319.3652	17314.242	308.46054	280.0	0.0	5370.0	1.0000000
27	24401.5723	17379.273	278.76025	365.0	0.0	5430.0	1.0000000
1	25000.0000	19050.000	166.54521	0.0	0.0	90.0	1.0000000
1	25000.0000	18750.000	169.03154	0.0	0.0	90.0	1.0000000
1	25000.0000	18450.000	151.37311	0.0	0.0	90.0	1.0599999
1	25000.0000	18150.000	165.08469	0.0	0.0	90.0	1.0000000
1	25002.4336	17843.404	169.29190	0.0	0.0	90.0	1.0200000
3	24250.0000	19050.000	169.49998	0.0	0.0	90.0	1.0000000
3	24250.0000	18650.000	169.50002	0.0	0.0	90.0	1.0000000
3	24250.0000	18250.000	169.50003	0.0	0.0	90.0	1.0000000
4	24250.0000	18050.000	169.50000	0.0	0.0	90.0	1.0000000
4	24350.0000	18050.000	169.49998	0.0	0.0	90.0	1.0000000
4	24250.0000	18450.000	169.50002	0.0	0.0	90.0	1.0000000
4	24250.0000	18850.000	169.49998	0.0	0.0	90.0	1.0000000
27	24276.2656	18062.398	323.05591	280.0	0.0	5280.0	1.0000000
27	24375.3047	18059.029	319.21021	280.0	0.0	5490.0	1.0000000
1	25000.0000	20550.000	162.71068	0.0	0.0	90.0	1.0000000
1	25000.0000	20250.000	163.59070	0.0	0.0	90.0	1.0000000
1	25000.0000	19950.000	163.66589	0.0	0.0	90.0	1.0000000
1	25000.0000	19650.000	165.36095	0.0	0.0	90.0	1.0000000
1	25000.0000	19350.000	165.08627	0.0	0.0	90.0	1.0000000
4	24350.0000	20450.000	169.49995	0.0	0.0	90.0	1.0000000
3	24150.0000	20450.000	169.50002	0.0	0.0	0.0	1.0000000
3	24350.0000	20650.000	169.49998	0.0	0.0	90.0	1.0000000
3	24250.0000	19450.000	169.50000	0.0	0.0	90.0	1.0000000
4	24250.0000	19250.000	169.49997	0.0	0.0	90.0	1.0000000
4	24250.0000	19650.000	169.49997	0.0	0.0	90.0	1.0000000
1	25000.0000	22350.000	166.00146	0.0	0.0	90.0	1.0000000
1	25000.0000	22050.000	167.21919	0.0	0.0	90.0	1.0000000
1	25000.0000	21750.000	166.71426	0.0	0.0	90.0	1.0000000
1	25003.2578	21441.191	162.36299	0.0	0.0	90.0	1.0400000
1	25000.0000	21150.000	164.04677	0.0	0.0	90.0	1.0000000
1	25000.0000	20850.000	163.88980	0.0	0.0	90.0	1.0000000
3	24350.0000	21050.000	169.50003	0.0	0.0	90.0	1.0000000
3	24350.0000	21450.000	169.50002	0.0	0.0	90.0	1.0000000
3	24350.0000	21850.000	169.50002	0.0	0.0	90.0	1.0000000
4	24350.0000	20850.000	169.50005	0.0	0.0	90.0	1.0000000
4	24350.0000	21250.000	169.49998	0.0	0.0	90.0	1.0000000
4	24350.0000	21650.000	169.50003	0.0	0.0	90.0	1.0000000
4	24350.0000	22050.000	169.49998	0.0	0.0	90.0	1.0000000
3	24350.0000	22250.000	169.50000	0.0	0.0	90.0	1.0000000
1	25000.0000	23850.000	154.04562	0.0	0.0	90.0	1.0000000
1	25000.0000	23550.000	157.95107	0.0	0.0	90.0	1.0000000
1	25000.0000	23250.000	157.49092	0.0	0.0	90.0	1.0000000
1	25000.0000	22950.000	164.29843	0.0	0.0	90.0	1.0000000
1	25000.0000	22650.000	165.40381	0.0	0.0	90.0	1.0000000
3	24150.0000	23250.000	169.50000	0.0	0.0	0.0	1.0000000
3	24550.0000	23250.000	169.49998	0.0	0.0	0.0	1.0000000
4	24350.0000	23250.000	169.50005	0.0	0.0	90.0	1.0000000
4	24750.0000	23250.000	169.49997	0.0	0.0	90.0	1.0000000
4	24850.0000	23250.000	169.50005	0.0	0.0	90.0	1.0000000
4	24950.0000	23250.000	169.49998	0.0	0.0	90.0	1.0000000
4	24350.0000	22450.000	169.49997	0.0	0.0	90.0	1.0000000
23	24650.0000	23750.000	169.50002	0.0	0.0	0.0	1.0000000
22	24350.0000	23150.000	195.15292	0.0	0.0	90.0	1.0000000
22	24250.0000	23150.000	195.49309	0.0	0.0	90.0	1.0000000
39	24179.2930	23668.244	169.50000	-494.6	394.1	-90.0	1.0000000
39	24075.0469	23574.299	169.50002	-267.7	-118.5	360.0	1.0000000
39	24114.0488	23619.848	169.50003	-327.2	493.6	510.0	1.0000000
39	24160.2773	23595.553	169.50003	-188.0	201.1	330.0	1.0000000
39	24204.0391	23662.018	169.49998	-100.4	533.3	210.0	1.0000000
39	24122.4707	23675.008	169.50002	-167.1	237.1	60.0	1.0000000
39	24066.8711	23789.168	169.50003	265.5	-190.9	0.0	1.0000000
39	24226.2188	23592.711	169.49998	-405.3	17.2	150.0	1.0000000
39	24222.4902	23566.980	169.50000	0.0	0.0	330.0	1.0000000
39	24301.1797	23569.115	169.49998	-245.5	69.6	90.0	1.0000000
39	24553.0137	23623.953	173.09311	0.0	0.0	-420.0	1.0000000
39	24495.1719	23609.322	159.00005	0.0	0.0	-240.0	1.0000000
39	24478.0059	23659.061	159.00006	0.0	0.0	-360.0	1.0000000
39	24445.5723	23626.629	159.00006	0.0	0.0	-360.0	1.0000000
39	24562.4004	23552.443	159.00005	0.0	0.0	-180.0	1.0000000
39	24513.5566	23698.004	159.00000	-202.4	207.8	-300.0	1.0000000
39	24531.6523	23544.758	159.00006	0.0	0.0	-180.0	1.0000000
39	24426.2676	23688.131	159.00005	0.0	0.0	-330.0	1.0000000
39	24608.4609	23586.412	159.00003	0.0	0.0	-480.0	1.0000000
39	24526.2422	23664.465	162.93631	0.0	0.0	-360.0	1.0000000
39	24554.8965	23588.410	159.00000	0.0	0.0	-210.0	1.0000000
39	24486.7051	23863.752	159.00002	189.4	-322.5	-330.0	1.0000000
39	24354.6367	23634.154	159.00005	0.0	0.0	-480.0	1.0000000
39	24309.4336	23514.322	159.00006	0.0	0.0	-510.0	1.0000000
39	24404.3945	23507.660	159.00002	-136.6	161.8	-690.0	1.0000000
39	24452.8008	23553.367	159.00002	0.0	0.0	-810.0	1.0000000
39	24466.6602	23510.527	159.00003	166.1	126.1	-660.0	1.0000000
1	25000.0000	24150.000	145.93666	0.0	0.0	90.0	1.0000000
1	25000.0000	24450.000	149.60797	0.0	0.0	90.0	1.0000000
1	25000.0000	24750.000	148.52786	0.0	0.0	90.0	1.0000000
1	25000.0000	25050.000	147.00291	0.0	0.0	90.0	1.0000000
1	24050.0000	25150.000	169.49997	0.0	0.0	0.0	1.0000000
1	24600.0000	25150.000	169.50005	0.0	0.0	0.0	1.0000000
1	24850.0000	25150.000	169.49997	0.0	0.0	0.0	1.0000000
4	24450.0000	24450.000	169.49998	0.0	0.0	90.0	1.0000000
4	24050.0000	24450.000	169.50003	0.0	0.0	90.0	1.0000000
3	24250.0000	24450.000	169.50000	0.0	0.0	0.0	1.0000000
18	24300.0000	25150.000	171.81357	0.0	0.0	360.0	1.0000000
19	24300.0000	24150.000	169.49998	0.0	0.0	0.0	1.0000000
23	24650.0000	24250.000	169.50000	0.0	0.0	0.0	1.0000000
22	24550.0000	24450.000	187.74271	0.0	0.0	0.0	1.0000000
22	24450.0000	24350.000	181.46051	0.0	0.0	0.0	1.0000000
22	24350.0000	24350.000	169.50000	0.0	0.0	0.0	1.0000000
